objectname,objectid,rating,numplays,weight,own,fortrade,want,wanttobuy,wanttoplay,prevowned,preordered,wishlist,wishlistpriority,wishlistcomment,comment,conditiontext,haspartslist,wantpartslist,collid,baverage,average,avgweight,rank,numowned,objecttype,originalname,minplayers,maxplayers,playingtime,maxplaytime,minplaytime,yearpublished,bggrecplayers,bggbestplayers,bggrecagerange,bgglanguagedependence,publisherid,imageid,year,language,other,itemtype,barcode,pricepaid,pp_currency,currvalue,cv_currency,acquisitiondate,acquiredfrom,quantity,privatecomment,invlocation,invdate,version_publishers,version_languages,version_yearpublished,version_nickname
"10 Gallon Tank","292487","7","1","0","0","0","0","0","0","1","0","0","3","Listed $5 OctoCon; Free to @XADocs","","Opened.  Played Once","","","68059533","5.55811","6.58212","1.5","12383","362","thing","10 Gallon Tank","2","5","20","20","15","2020","2,3,4,5","4,5","","","","","","","","standalone","","28","USD","","","2020-01-21","KS","1","PM DONE 28 Feb 2020
One copy of 10 Gallon Tank for yourself + Stretch Goals.
One copy of 10 Gallon Tank donated to Toys for Tots + Stretch Goals.
(Only pay shipping for your copy)

INCLUDES:
10 Gallon Tank - Physical Copy
10 Gallon Tank - Donated to Toys for Tots
10 Gallon Tank - Print and Play
All Unlocked Stretch Goals

Free to @XADocs at OctoCon 2022","Sold","","Winsmith Games","English","2020","English edition"
"12 Rivers","447649","6","1","2","0","0","0","0","0","0","0","0","3","GenCon 2025
Marbles - gimmicky","","","","","134479282","5.81618","7.14001","1.9444","4629","1248","thing","12 Rivers","2","4","75","75","45","2025","3,4","4","12+","Some necessary text - easily memorized or small crib sheet","","","","","","standalone","","","","","","","","","","","","","","",""
"1960: The Making of the President","27708","0","0","0","0","0","0","0","0","0","0","0","4","","","","","","44364904","7.16766","7.61434","3.2032","333","11494","thing","1960: The Making of the President","2","2","120","120","90","2007","2","2","14+","Extensive use of text - massive conversion needed to be playable","","","","","","standalone","","","","","","","","","","","","","","",""
"1961","323871","0","0","0","1","0","0","0","1","0","0","0","3","","","","","","145226007","5.50551","7.8125","1.6667","24226","70","thing","1961","2","6","20","20","5","2022","1,2,3,4,5,6","4,5,6","12+","Extensive use of text - massive conversion needed to be playable","","","","","Tier 3","standalone","","3","USD","","","2026-05-05","Indy Spiel","","[4-Evaluate]
Indy Spiel May 2026 (Michael Sullivan) $3","","2026-05-15","House Fish Balloon, LLC","English","2022","English edition"
"1980 Sixtina","421281","0","0","0","0","0","0","1","0","0","0","0","3","Joey Evans DT 2024 Essen Preview","","","","","123412014","5.62596","7.02816","2.0909","8262","714","thing","1980 Sixtina","2","4","45","45","45","2024","2,3,4","3,4","8+","No necessary in-game text","","","","","","standalone","","","","","","","","","","","","","","",""
"25 Words or Less","441658","6","1","1","1","0","0","0","0","0","0","0","3","","","","","","145060154","0","6.48235","1","0","45","thing","25 Words or Less","4","99","35","35","20","2025","","","","","","","","","","standalone","","5","USD","","","2026-04-30","Indy Spiel","","[3-Transient]
Indy Spiel May 2026 from Tim Aberli $5","","2026-05-15","","","",""
"3 of a Kind","416027","0","0","0","0","0","0","0","0","0","0","0","3","GenCon 2024. Looks like a decent party game","","","","","120329402","5.5654","6.81496","1","11738","243","thing","3 of a Kind","2","8","25","25","25","2024","4,5,6,7,8","6","","","","","","","","standalone","","","","","","","","","","","","","","",""
"3-2-1 Countdown","436590","5","1","2","1","1","0","0","0","0","0","0","3","GenCon 2025
High player
Weird company Paul G told me about","","","","","132949226","5.54924","6.50952","1.5","13389","376","thing","3-2-1 Countdown","2","8","30","30","16","2025","","","6+","","","","","","","standalone","","20","USD","","","2025-07-31","GenCon","","[5-Exiting]","","2025-07-31","","","",""
"300: Earth & Water","267058","0","0","0","0","0","0","0","0","0","0","0","3","GenCon 2021","","","","","83394530","6.14653","7.35673","2.3846","2445","2685","thing","300: Earth & Water","2","2","40","40","40","2018","2","2","12+","Extensive use of text - massive conversion needed to be playable","","","","","","standalone","","","","","","","","","","","","","","",""
"52 Realms: Adventures","432250","0","0","0","1","0","0","0","0","0","0","0","3","","","","","","126148496","5.74082","7.48856","1.9167","5576","1235","thing","52 Realms: Adventures","1","1","20","20","10","2024","1","1","10+","","","","","","","standalone","","7","USD","","","2024-12-03","Kickstarter","1","[2-Resident]","Print n Play","","","","",""
"5211","271512","8","7","1","1","0","0","0","0","0","0","0","3","Played at IndyCon 2020.  Fun, quick wish decent amount of strategic thinking/guessing!","","","","","69494541","5.86193","6.29555","1.2553","4182","4688","thing","5211","2","5","30","30","20","2019","2,3,4,5","4","6+","No necessary in-game text","","","","","","standalone","","9","USD","","","2020-03-08","Cardhaus","1","[3-Transient]","Lakehouse","","","","",""
"7 Fortunes","309822","0","0","0","0","0","0","0","0","0","0","0","3","KS June 2020
Looks like a game I’d like, but cards are very text heavy..","","","","","71772475","0","6.94633","2.25","0","38","thing","7 Fortunes","2","6","60","60","20","2020","2,3,4,5,6","4,5,6","","","","","","","","standalone","","","","","","","","","","","","","","",""
"7 Wonders","68448","9","8","0","1","0","0","0","0","0","0","0","1","","","","","","32034704","7.5484","7.66223","2.3143","117","156057","thing","7 Wonders","2","7","30","30","30","2010","3,4,5,6,7","4,5","10+","No necessary in-game text","","","","","","standalone","","45","USD","","","2015-12-26","","","[1-Permanent]
PP Estimate","","","","","",""
"7 Wonders Duel","173346","8","4","2","1","0","0","0","0","0","0","0","3","","","","","","73179593","7.9518","8.07661","2.2269","24","184446","thing","7 Wonders Duel","2","2","30","30","30","2015","2","2","10+","No necessary in-game text","","","","","","standalone","","30","USD","","","2020-12-25","Christmas Gift","","[1-Permanent]
PP Estimate","","","","","",""
"7 Wonders Duel: Agora","309116","0","0","0","0","0","0","0","0","0","0","0","1","","","","","","77926016","7.26067","8.05681","2.8657","0","24018","thing","7 Wonders Duel: Agora","2","2","30","30","30","2020","2","2","12+","No necessary in-game text","","","","","","expansion","","","","","","","","","","","","","","",""
"7 Wonders Duel: Pantheon","202976","0","0","0","0","0","0","0","0","0","0","0","1","","","","","","77926015","7.6235","7.99443","2.31","0","51285","thing","7 Wonders Duel: Pantheon","2","2","30","30","30","2016","2","2","10+","No necessary in-game text","","","","","","expansion","","","","","","","","","","","","","","",""
"8Bit Box","240892","0","0","0","0","0","0","0","0","1","0","0","3","","","New, never played.  ","","","69492147","5.61753","6.15074","1.6","8594","1670","thing","8Bit Box","3","6","40","40","15","2018","3,4,5,6","6","8+","No necessary in-game text","","","","","","standalone","","0.00001","USD","10","USD","2020-03-07","IndyCon Raffle (Angie)","1","Won in Raffle
Sold for $10 GenCon 2024 Store","GenCon 2024 Auction / Store","2024-07-31","","","",""
"Abyss","155987","7","1","2","1","0","0","0","0","0","0","0","3","2021 DT Too 100 both Zee and Mike D speak highly of this one","","","","","79125908","7.05688","7.32182","2.3199","442","21884","thing","Abyss","2","4","60","60","30","2014","2,3,4","4","10+","Moderate in-game text - needs crib sheet or paste ups","","","","","","standalone","","35","USD","","","2026-04-30","Indy Spiel","","[2-Resident]
$35 from Brad Rider Indy Spiel May 2026","","2026-05-15","","","",""
"Ace of Spades","429861","8","2","2","1","0","0","0","0","0","0","0","1","","","","","","123876212","5.9251","7.51499","2.25","3668","1700","thing","Ace of Spades","1","2","45","45","40","2025","1,2","1","10+","Moderate in-game text - needs crib sheet or paste ups","","","","","","standalone","","30","","","","2025-07-31","GenCon","","[1-Permanent]
Includes Sleeves and GenCon 2025 Promos","","2025-07-31","","","",""
"Ada's Dream","413469","8","1","3","1","0","0","0","1","0","0","0","3","","","","","","120387787","6.22801","8.03616","3.9091","2129","1895","thing","Ada's Dream","1","4","120","120","90","2025","1,2,3,4","3","14+","Some necessary text - easily memorized or small crib sheet","","","","","","standalone","","100","USD","","","2024-06-19","Kickstarter","","[3-Transient]
Collectors edition includes coins and neoprene mat","","2025-11-06","","","",""
"Advanced Squad Leader: Starter Kit #1","9823","0","0","0","0","0","0","0","0","0","0","0","3","","","","","","74046150","6.68633","7.84418","3.7636","941","6187","thing","Advanced Squad Leader: Starter Kit #1","2","2","120","120","120","2004","1,2","2","14+","No necessary in-game text","","","","","","standalone","","","","","","","","","","","","","","",""
"Adventure Land","183231","0","0","0","1","0","0","0","1","0","0","0","3","","","","","","132290465","6.27064","6.89093","1.85","1976","5039","thing","Adventure Land","2","4","45","45","45","2015","2,3,4","3","8+","No necessary in-game text","","","","","","standalone","","5","USD","","","2025-05-14","Indy Spiel","","[4-Evaluate]","","2025-05-16","","","",""
"Adventuring Letty","377895","0","0","0","0","0","0","0","0","0","1","0","3","","","","","","116863881","0","6.8","0","0","6","thing","Adventuring Letty","2","8","30","30","10","2022","","","","","","","","","","standalone","","20","USD","","","2024-03-01","BackerKit","","","","2026-04-10","","","",""
"After Us","369548","7","2","2","0","0","0","0","0","1","0","0","2","2023 GenCon Preview
Unique deckbuilding / programming","","Only played a couple times","","","107119974","6.21061","6.77576","2.0435","2198","4157","thing","After Us","1","6","60","60","40","2023","2,3,4,5","3","10+","No necessary in-game text","","","","","","standalone","","37.96","USD","20","USD","2023-07-23","Cardhaus","","Sold $20 Indy Spiel Fall (John Hines)

Expected Aug 18
Listed for $25 in Geekmarket on 2025-07-08","Sold - Geekmarket","2025-09-21","","","",""
"An Age Contrived","357890","7","1","4","1","0","0","0","1","0","0","0","3","","","","","","104085034","5.75257","6.78226","3.5","5411","1954","thing","An Age Contrived","1","5","120","120","90","2024","1,2,3,4","3","12+","No necessary in-game text","","","","","","standalone","","119","USD","","","2023-03-01","KS","1","[3-Transient]
Founders Edition","","2024-04-20","","","",""
"The Age of Atlantis","305462","8","1","4","0","0","0","0","0","1","0","0","1","June 2020 KS
This game looks amazing!
Love the Designer's 2 player game play video
Can't wait for this one!","","","","","72325242","5.99172","7.31785","3.3673","3225","1864","thing","The Age of Atlantis","1","4","90","90","90","2022","1,2,3,4","3","14+","Unplayable in another language","","","","","","standalone","","59","USD","60","USD","2020-06-28","KS","1","Sold for $60 at Indy Spiel 2025 (Tim Aberli)

Pledge Manager a complete 2029-08-04

Upgraded to painted minis and large metal statue


The Age of Atlantis
Hide details
One copy of The Age of Atlantis (KS Edition) plus all unlocked stretch goals.

Shipping will be charged after the campaign through the pledge manager. See shipping estimates in Section 10.

INCLUDES:
The Age of Atlantis
All Unlocked Stretch Goals","Indy Spiel","2025-05-14","","","",""
"Age of Innovation","383179","0","0","0","0","0","0","0","0","0","0","0","2","Terra Mystica / Gaia Project","","","","","105534643","7.7536","8.44771","4.2683","56","11304","thing","Age of Innovation","1","5","200","200","40","2023","1,2,3,4,5","4","14+","No necessary in-game text","","","","","","standalone","","","","","","","","","","","","","","",""
"Agility","179933","8","1","0","1","0","0","0","0","0","0","0","3","","Good two player game.  Like the game pieces. Love the theme and the fact that the Mighty Mutt looks like our Mighty Mutt!","","","","36079825","5.81049","6.91854","2.08","4691","1304","thing","Agility","2","2","45","45","30","2016","2","2","8+","No necessary in-game text","","","","","","standalone","","29","USD","","","2015-10-25","KS","","[2-Resident]","Angie Game","","","","",""
"Agree to Disagree","388659","0","0","0","0","0","0","0","0","0","0","0","3","DT Winter Spectacular looked interesting
Took a look at GenCon 2024.  Seems like it would start arguments","","","","","113466849","5.50905","5.94805","1.5","23023","173","thing","Agree to Disagree","2","8","25","25","10","2024","2,3,4,5,6,7,8","2,3,5,6,7,8","6–10","","","","","","","standalone","","","","","","","","","","","","","","",""
"Águeda: City of Umbrellas","317515","0","0","0","0","0","0","0","0","0","0","0","3","","","","","","120702616","5.73558","6.87276","1.6875","5660","1382","thing","Águeda: City of Umbrellas","1","5","40","40","20","2024","2,3,4,5","2,3,4","","Some necessary text - easily memorized or small crib sheet","","","","","","standalone","","","","","","","","","","","","","","",""
"Ahau: Rulers of Yucatán","321140","0","0","0","0","0","0","0","0","0","0","0","3","GenCon 2023 
Components and artwork look awesome
Game play seems a little complex.
Looks fun but can definitely wait for this one","","","","","106144297","5.62165","6.93747","3.6","8444","810","thing","Ahau: Rulers of Yucatán","1","5","120","120","90","2023","2,3,4,5","3","14–2","","","","","","","standalone","","","","","","","","","","","","","","",""
"Ahoy","359402","7","1","3","0","0","0","0","0","1","0","0","2","Leder Games","","","","","95638629","6.50192","7.24187","2.8957","1323","7798","thing","Ahoy","2","4","75","75","45","2022","2,3,4","3,4","10+","Moderate in-game text - needs crib sheet or paste ups","","","","","","standalone","","40","USD","10","USD","2022-08-12","Leder Games Pre-Order","","Sold for $10 GenCon 2024 Auction","GenCon 2024 Auction / Store","2024-07-31","","","",""
"Akropolis","357563","8","5","2","1","0","0","0","0","0","0","0","3","","","","","","94846649","7.04625","7.44526","1.8007","452","14966","thing","Akropolis","1","4","30","30","20","2022","2,3,4","3","8+","No necessary in-game text","","","","","","standalone","","25","USD","","","2023-02-27","GeekMarket racinrod","1","[3-Transient]","","","","","",""
"Aldebaran Duel","383175","0","0","0","0","0","0","0","0","1","0","0","3","Suchy
Essen 23","","","","","110582336","5.64643","6.99078","2.7857","7616","534","thing","Aldebaran Duel","1","2","90","90","60","2023","1,2","2","","","","","","","","standalone","","","","","","2024-05-25","MayCon Raffle Prize","","$25 Geekmarket 2025-07-08","GenCon Store / Auction 2025","2025-07-08","","","",""
"Alien Frontiers","48726","7","1","0","1","0","0","0","0","0","0","0","3","","Fun dice placement game, but it seems a little slow with too much downtime (first play at 3 players). Would like to try at 2 player to see if that helps with slowness feeling","Trade interest very low.  This was from the KS that delivered in April 2020.

This contains the Base Game PLUS the Factions Definitive Edition ($99 level from the Aug 2018 KS)","","","70317800","7.07955","7.33907","2.5647","410","15906","thing","Alien Frontiers","2","4","90","90","90","2017","2,3,4","3,4","10+","Moderate in-game text - needs crib sheet or paste ups","","","","","","standalone","","99","USD","","","2020-04-04","KS","1","[2-Resident]
Includes Alien Factions Definitive Edition all in Base Box
Take $75","Office","2025-07-08","Game Salute","English","2017","English fifth edition"
"Alien Frontiers Factions: Definitive Edition","258319","0","1","0","1","0","0","0","0","0","0","0","3","","","Trade interest very low.  Package deal with Base Game only","","","54237535","5.57837","7.76067","0","0","518","thing","Alien Frontiers Factions: Definitive Edition","2","4","60","60","60","2020","","","","","","","","","","expansion","","99","USD","","","2018-08-30","KS ","","[2-Resident]
with core game and the expansion","Office","2025-07-08","","","",""
"Alma Mater","299960","0","0","0","0","0","0","0","0","0","0","0","3","Game play looks kinda interesting (MvM overview)
Theme... meh?","","","","","72347455","6.53394","7.261","3.7413","1242","7618","thing","Alma Mater","2","4","150","150","90","2020","2,3,4","4","14+","Some necessary text - easily memorized or small crib sheet","","","","","","standalone","","","","","","","","","","","","","","",""
"The Alpha","307832","0","0","0","0","0","0","0","0","1","0","0","3","","","","","","99034465","5.70278","6.63878","1.4286","6256","1378","thing","The Alpha","3","6","45","45","20","2020","3,4,5,6","4,5,6","6+","Some necessary text - easily memorized or small crib sheet","","","","","","standalone","","0.001","USD","3","USD","2022-10-22","OctoCon","","Sold to Katrina for $3 at Indy Spiel 2024

Won in Raffle","Sold - Indy Spiel","","","","",""
"Amalfi: Repubblica Marinara","428194","0","0","0","0","0","0","1","0","0","0","0","3","Essen 2025 
6 player bluffing and moving ships","","","","","137729873","0","7.06667","0","0","47","thing","Amalfi: Repubblica Marinara","2","6","40","40","20","2024","3,4","3,4","","No necessary in-game text","","","","","","standalone","","","","","","","","","","","","","","",""
"America's Main Street","344269","0","0","0","0","0","0","0","0","1","0","0","3","","","","","","85035654","5.50544","5.78987","1","24261","154","thing","America's Main Street","1","5","20","20","10","2022","1,2","1","","","","","","","","standalone","","10","USD","5","USD","2021-08-25","KS","","Sold at Indy Spiel 2025 for $5

Price Paid is estamiated from

6 for the Road Bundle was $49 and contains:

The Mother Road, Route 66
America's Main Street -- 2 new Travel-Size Route 66 Family Games
Sixes, The Portable Party Game for 6-106 Players and Ages
Dead Man's Chest, the Pint-Sized party game
The Pink Cadillac Expansion to Route 66, The Mother Road
The Great Races, an original roll and write game by Sid Sackson","Indy Spiel","2025-05-14","","","",""
"Amun-Re: The Card Game","232303","6","1","2","0","0","0","0","0","1","0","0","4","2018 Gen Con
Never got to play","","","","","53155583","5.73865","6.53323","2.3714","5610","1667","thing","Amun-Re: The Card Game","2","5","45","45","45","2017","2,3,4,5","3","12+","No necessary in-game text","","","","","","standalone","","17.79","USD","","","2018-10-02","Miniature Market","","Traded for Win, Place, Show","Traded","","","","",""
"Amygdala","360879","0","0","0","0","0","0","0","0","0","0","0","3","","","","","","93803165","5.62254","6.66598","2.9091","8394","713","thing","Amygdala","2","4","90","90","60","2023","2,3,4","2,3","12+","No necessary in-game text","","","","","","standalone","","","","","","","","","","","","","","",""
"Anchorman: The Game – Improper Teleprompter","305564","7","1","0","1","0","0","0","0","0","0","0","3","","","","","","72325516","5.52001","6.24365","1","19388","452","thing","Anchorman: The Game – Improper Teleprompter","2","8","0","0","0","2020","","","","","","","","","","standalone","","36","USD","","","2020-06-28","KS","1","[3-Transient]
PM DONE 13 April 2020
 
KICKSTARTER EXCLUSIVE DELUXE EDITION
Get the retail version PLUS lots of fun bonus goodies. This won't be on store shelves!

•2 Sex Panther timers! Includes the exclusive Red Collar Panther. Perfect for the office, kitchen, or Oscar display shelf.

•2 new Score Magnet designs

•Blank magnets to make your own damn words

•Ron Burgundy's Vocal Warm-Up Guide (To Go!)

•all stretch goals","Lakehouse","","","","",""
"Ancient Knowledge","338093","7","3","2","1","0","0","0","0","0","0","0","2","DT Top 10 2023 reviews have me intrigued","","","","","113568523","6.46312","7.12238","2.7132","1415","5370","thing","Ancient Knowledge","2","4","75","75","75","2023","2,3","2","12+","Extensive use of text - massive conversion needed to be playable","","","","","","standalone","","15","USD","","","2026-05-05","Indy Spiel","","[2-Resident]
Erik Angelotti $15 Indy Spiel May 2026","","2026-05-15","","","",""
"Andean Abyss","91080","0","0","0","0","0","0","0","0","0","0","0","3","","","","","","73912076","6.46842","7.58869","3.8047","1402","3750","thing","Andean Abyss","1","4","360","360","360","2012","1,2,3,4","4","14+","Extensive use of text - massive conversion needed to be playable","","","","","","standalone","","","","","","","","","","","","","","",""
"Android: Netrunner","124742","7","3","0","1","1","0","0","0","0","0","0","3","","Mechanics are somewhat difficult to learn. But concept is fun!  Rating will likely go up when I learn.","","","","29662090","7.65282","7.89246","3.4154","83","47372","thing","Android: Netrunner","2","2","45","45","45","2012","2","2","12+","Extensive use of text - massive conversion needed to be playable","","","","","","standalone","","29","USD","","","2015-08-06","Amazon","","[5-Exiting]","Office","2025-07-08","","","",""
"Andromeda's Edge","358661","10","2","4","1","0","0","0","0","0","0","0","1","Luke Laurie Dwelling of Eldervale but BETTER!","","","","","96537336","7.40285","8.24995","3.7467","174","10668","thing","Andromeda's Edge","2","4","160","160","80","2024","1,2,3,4","3","14+","Extensive use of text - massive conversion needed to be playable","","","","","","standalone","","189","USD","","","2023-01-31","Gamefound","","[1-Permanent]
All In!","","2024-09-13","","","",""
"Andromeda's Edge: Genesis","452835","0","0","0","0","0","0","0","0","0","1","0","3","","","","","","136284414","0","8.08591","0","0","196","thing","Andromeda's Edge: Genesis","2","4","160","160","80","2026","","","","","","","","","","expansion","","174","USD","","","2025-09-09","Gamefound","","Andromeda's Edge: Genesis
$29.00
AE Dice Tower Event Cards Promo
$5.00
Andromeda's Edge Epic Accessories
$129.00
AE Sleeves Pack (GENESIS ONLY)
$4.00
AE Genesis Coaster Set
$3.00
AE Jumbo Raider Dice
$4.00","","","","","",""
"Ankh: Gods of Egypt","285967","0","0","0","0","0","0","0","0","0","0","0","1","Eric Lang
KS April 2020
Cancelled KS due to CMON BS going on right now, Will Buy Retail","","","","","62733102","7.27013","7.7268","3.1321","254","19621","thing","Ankh: Gods of Egypt","2","5","90","90","90","2021","2,3,4,5","2,4","12+","Moderate in-game text - needs crib sheet or paste ups","","","","","","standalone","","100","USD","","","2020-04-14","KS","1","","Heavy","","","","",""
"Ants","446699","0","0","0","0","0","0","0","0","0","0","0","3","Essen 2025
Italian Designers

Rats of Wistar look","","","","","135497697","6.17896","7.78523","3.7143","2313","1706","thing","Ants","2","4","90","90","90","2025","2,3,4","3","12+","No necessary in-game text","","","","","","standalone","","","","","","","","","","","","","","",""
"Anunnaki: Dawn of the Gods","344105","7","1","3","1","0","0","0","1","0","0","0","2","GenCon 2022
Luciani","","Trade interest is VERY LOW for this one.  Would have to be the right offer for a trade to happen.  Like New played twice. Kickstarter Base Game only.","","","96081581","6.00671","7.37549","3.549","3137","1682","thing","Anunnaki: Dawn of the Gods","1","4","120","120","60","2023","2,3,4","3","14+","Some necessary text - easily memorized or small crib sheet","","","","","","standalone","","60","USD","","","2023-10-22","BGG Marketplace Chad Pemroe","","[3-Transient]
KS Base game only","","2023-10-25","","","",""
"Apiary","400314","9","4","3","1","0","0","0","0","0","0","0","3","","","","","","110447138","7.18136","7.66181","3.0139","320","15039","thing","Apiary","1","5","90","90","60","2023","1,2,3,4,5","3","12+","Moderate in-game text - needs crib sheet or paste ups","","","","","","standalone","","47","USD","","","2023-10-04","Stonemaier","","[1-Permanent]","","2023-10-20","","","",""
"Apiary: Expanding the Hive","427705","0","0","0","1","0","0","0","0","0","0","0","3","","","","","","122890514","6.00361","8.26843","2.7778","0","3493","thing","Apiary: Expanding the Hive","1","5","90","90","60","2024","1,2,3,4","4","10+","","","","","","","expansion","","15","USD","","","2024-09-04","Stonemaier","1","","","2024-09-07","","","",""
"Apples to Apples","74","5","1","0","1","0","0","0","0","0","0","0","3","","Sort of fun with the family. Easy to play","","","","21292664","5.62735","5.73908","1.1526","8218","31477","thing","Apples to Apples","4","10","30","30","20","1999","4,5,6,7,8,9,10","6,7,8","8+","Extensive use of text - massive conversion needed to be playable","","","","","","standalone","","18","USD","","","2013-11-30","","","[2-Resident]
PP Estimate","Mamaws","","","","",""
"Aquamarine","360471","7","1","0","1","0","0","0","0","0","0","0","3","PnP Roll n Write from same designers / company as Voyages","","","","","95972643","5.93443","7.30646","1.8","3616","2385","thing","Aquamarine","1","100","30","30","20","2022","1,2,3,4,5,6,7,8","2,3","8+","Some necessary text - easily memorized or small crib sheet","","","","","","standalone","","5","USD","","","2022-07-19","KS","","[2-Resident]
https://www.dropbox.com/sh/p7f4p6jj0d29qi0/AADFbMmlkk8YlUxsLoXqap7Da?dl=0","Print n Play","","","","",""
"Aquaria","443932","0","0","0","0","0","0","1","0","0","0","1","3","Essen 2025
Holek","","","","","135497214","5.83897","7.18441","3.0789","4410","1276","thing","Aquaria","1","4","120","120","45","2025","1,2,3,4","2","12+","No necessary in-game text","","","","","","standalone","","","","","","","","","","","","","","",""
"Arboretum","140934","8","3","2","1","0","0","0","0","0","0","0","3","","Love the simple rules and deeper strategy of this game.  So much fun!","","","","100294861","7.05942","7.24223","2.1118","437","43149","thing","Arboretum","2","4","30","30","30","2015","2,3,4","2","10+","No necessary in-game text","","","","","","standalone","","10","USD","","","2022-11-28","Amazon Black Friday Deal","","[3-Transient]","Lakehouse","2025-08-23","","","",""
"Arcana Rising","309408","7","3","2","1","0","0","0","0","0","0","0","3","","","","","","90835959","5.88557","6.81018","2.1176","3994","2161","thing","Arcana Rising","1","6","60","60","20","2021","1,2,3,4,5,6","4","10+","Some necessary text - easily memorized or small crib sheet","","","","","","standalone","","5","USD","","","2025-09-14","Indy Spiel Flea Market -  Erik Angelotti","","[2-Resident]
Deluxe components - wood resource tokens, abacus scoring apparatuses","","2025-10-03","Grey Fox Games","English","2021","English edition"
"ArcheOlogic","386148","0","0","0","0","0","0","0","0","0","0","0","3","Turing Machine guy","","","","","110446813","5.87225","7.02381","2.4444","4106","2020","thing","ArcheOlogic","1","4","45","45","45","2023","1,2,3,4","1","12+","No necessary in-game text","","","","","","standalone","","","","","","","","","","","","","","",""
"Archeos Society","380938","0","0","0","0","0","0","0","0","0","0","0","3","Reimplementation of Ethnos","","","","","103972846","6.12054","7.07652","1.9773","2566","2806","thing","Archeos Society","2","6","60","60","60","2023","2,3,4,5,6","4","8+","No necessary in-game text","","","","","","standalone","","","","","","","","","","","","","","",""
"Archer: Once You Go Blackmail...","198522","8","6","0","1","0","0","0","0","0","0","0","1","","Simple, fun filler game.  Phrasing...","","","","36079531","5.92486","7.09253","1.2632","3671","2222","thing","Archer: Once You Go Blackmail...","2","4","30","30","20","2016","2,3,4","4","12+","Some necessary text - easily memorized or small crib sheet","","","","","","standalone","","10","USD","","","2018-09-10","Amazon","","[1-Permanent]","","","","","",""
"Architectura","256390","0","0","0","0","0","0","0","0","0","0","0","3","Saw this on Arcane Wonders site on sale for $5","","","","","113409832","5.62084","6.02598","1.8182","8474","1924","thing","Architectura","2","4","45","45","30","2018","2,3,4","2,3","8+","Moderate in-game text - needs crib sheet or paste ups","","","","","","standalone","","","","","","","","","","","","","","",""
"Arcs","359871","8","2","3","1","0","0","0","0","0","0","0","3","Does not allow for 2P… :(
Changed to allow for 2P, so I late pledged!","","","","","92871237","7.59469","8.0091","3.445","101","29473","thing","Arcs","2","4","120","120","60","2024","2,3,4","3,4","14+","Extensive use of text - massive conversion needed to be playable","","","","","","standalone","","60","USD","","","2023-03-18","BackerKit","","2-Resident]
Late Pledge via Backerkit for the Base Game
No miniatures and no campaign mode","","2024-06-19","Leder Games","English","2024","English edition"
"Arcs: Leaders & Lore Pack","419279","0","0","0","1","0","0","0","0","0","0","0","3","","","","","","120384975","6.65357","8.55806","3.2632","0","10641","thing","Arcs: Leaders & Lore Pack","2","4","120","120","60","2024","2,3,4","3","14+","Extensive use of text - massive conversion needed to be playable","","","","","","expansion","","","","","","","","","","","","","","",""
"Arena: Roma II","56931","0","0","0","0","0","0","0","0","0","0","0","3","See Top 10 Middle category from Zee
Card and dice placement. Feld","","","","","84954666","6.15052","6.86281","1.9355","2425","2986","thing","Arena: Roma II","2","2","45","45","30","2009","2","2","10+","Moderate in-game text - needs crib sheet or paste ups","","","","","","standalone","","","","","","","","","","","","","","",""
"Ark Nova","342942","8","3","3","0","0","0","0","0","1","0","0","2","","","","","","92159949","8.35411","8.54034","3.7968","2","89065","thing","Ark Nova","1","4","150","150","90","2021","1,2,3","2","14+","Extensive use of text - massive conversion needed to be playable","","","","","","standalone","","60","USD","40","USD","2022-07-23","Cardhaus","","Sold via Indy Spiel Flea Market to Tyler Herschberger ","Sold - Indy Spiel","2025-10-03","","","",""
"Ark Nova: Marine Worlds","368966","0","0","0","0","0","0","0","0","0","0","0","3","","","","","","108557773","8.03033","8.9123","3.8571","0","27609","thing","Ark Nova: Marine Worlds","1","4","150","150","90","2023","1,2,3,4","2","14+","Extensive use of text - massive conversion needed to be playable","","","","","","expansion","","","","","","","","","","","","","","",""
"The Artemis Odyssey","329128","6","1","2","0","0","0","0","0","1","0","0","1","","","Like New.  Punched and played once.  Odyssey Kickstarter edition - miniatures, Game Trayz, and spot-coated box","","","82797069","5.64412","7.03566","2.8333","7689","972","thing","The Artemis Odyssey","1","5","90","90","60","2023","1,2,3,4","2,3","","Moderate in-game text - needs crib sheet or paste ups","","","","","","standalone","","65","USD","70","USD","2021-09-22","KS","1","Sold to ToxicTexan via BGG Marketplace for $70 on 2 Aug 2023","Sold","2023-07-17","","","",""
"The Artemis Project","254713","8","4","3","1","0","0","0","0","0","0","0","4","2018 Gen Con DEMO
2019 Gen Con FOR SALE","","","","","52553203","6.35905","7.20244","2.8526","1689","4325","thing","The Artemis Project","1","5","75","75","60","2019","1,2,3,4,5","3,4","12+","Some necessary text - easily memorized or small crib sheet","","","","","","standalone","","65","USD","","","2018-10-05","KS","","[2-Resident]","","","Grand Gamers Guild","English","2019","English first edition"
"The Artemis Project: Directives","283059","0","0","0","1","0","0","0","0","0","0","0","1","2019 Gen Con
Included in the KS version","","","","","61538498","5.54214","6.68313","3","0","690","thing","The Artemis Project: Directives","1","5","75","75","60","2019","1,3,4,5","3","","","","","","","","expansion","","0.0001","USD","","","2019-08-03","Kickstarter","","Included with Base game","","","","","",""
"The Artemis Project: Satellites & Commanders","356578","0","0","0","1","0","0","0","0","0","0","0","3","","","","","","94633820","5.54963","7.50738","3","0","754","thing","The Artemis Project: Satellites & Commanders","1","5","75","75","60","2023","3,4,5","4","14","","","","","","","expansion","","30","USD","","","2022-06-03","KS","","","","2023-07-17","","","",""
"Atlantis Rising (Second Edition)","248490","0","0","0","0","0","0","0","0","0","0","0","4","Kickstarter
Origins / Gencon 2019 - DEMO
Worker Placement / Cooperative","","","","","58127057","6.85436","7.47881","2.4718","681","9963","thing","Atlantis Rising (Second Edition)","1","7","120","120","60","2019","1,2,3,4,5,6","4","10+","Moderate in-game text - needs crib sheet or paste ups","","","","","","standalone","","","","","","","","","","","","","","",""
"Avignon: A Clash of Popes","188181","7","1","0","1","0","0","0","0","0","0","0","3","","","","","","53005911","5.62085","6.14521","1.48","8473","1890","thing","Avignon: A Clash of Popes","2","2","20","20","10","2016","2","2","8+","","","","","","","standalone","","8","USD","","","2016-01-16","KS","","[3-Transient]","Lakehouse","","","","",""
"Axis & Allies Miniatures","17970","6","1","0","1","0","0","0","0","0","0","0","3","","My son is very much in to WW1&2 history, so we both like to play this game","","","","18133826","5.77442","6.51536","2.3068","5106","1786","thing","Axis & Allies Miniatures","2","2","60","60","60","2005","2","2","10+","Extensive use of text - massive conversion needed to be playable","","","","","","standalone","","","","","","2013-01-24","","","[1-Permanent]","","","","","",""
"Axis & Allies: 1941","123185","0","0","0","0","0","0","0","0","1","0","0","3","$5 OctoCon","","New, never played","","","68499458","5.75321","6.38625","2.7723","5401","4542","thing","Axis & Allies: 1941","2","5","180","180","60","2012","2,3,4,5","2","12+","No necessary in-game text","","","","","","standalone","","7","USD","7","USD","2020-02-04","Indy Con Flea Market","","","Sold to Magnus Maximus via Geekmarket $7","2024-06-21","","","",""
"Ayar: Children of the Sun","429438","0","0","0","0","0","1","1","0","0","0","0","3","Jon Gets games overview.  Looks good, along with Merv","","","","","136963408","6.10409","7.89142","3.2593","2634","1557","thing","Ayar: Children of the Sun","1","4","90","90","60","2025","2,3,4","3","14+","No necessary in-game text","","","","","","standalone","","","","","","","","","","","","","","",""
"Azul","230802","7","12","2","1","0","0","0","0","0","0","0","4","","","","","","51846410","7.6053","7.7144","1.7729","99","184051","thing","Azul","2","4","45","45","30","2017","2,3,4","2","8+","No necessary in-game text","","","","","","standalone","","32","USD","","","2018-12-25","Christmas Gift","","[2-Resident]
PP Estimate","Angie Game","","","","",""
"Azul: Queen's Garden","346965","8","2","3","1","0","0","0","0","0","0","0","2","","","","","","99034568","6.86141","7.43821","2.9254","670","13891","thing","Azul: Queen's Garden","2","4","60","60","45","2021","2,3,4","2","12+","No necessary in-game text","","","","","","standalone","","36","USD","","","2022-10-24","Cardhaus","","[2-Resident]","Angie Game","","","","",""
"Azul: Stained Glass of Sintra","256226","8","2","2","1","0","0","0","0","0","0","0","3","","","","","","67012558","6.99242","7.28193","2.0129","511","25303","thing","Azul: Stained Glass of Sintra","2","4","45","45","30","2018","2,3,4","3","8+","No necessary in-game text","","","","","","standalone","","32.5","USD","","","2019-12-25","Angies Christmas Gift","","[2-Resident]","Angie Game","","","","",""
"Azul: Summer Pavilion","287954","8","3","2","1","0","0","0","0","0","0","0","3","","","","","","67012546","7.2966","7.56508","2.0762","240","33301","thing","Azul: Summer Pavilion","2","4","45","45","30","2019","2,3,4","2,3","8+","No necessary in-game text","","","","","","standalone","","36","USD","","","2019-12-25","Angies Christmas Gift","","[2-Resident]","Angie Game / Lakehouse","","","","",""
"Bad Bones","199223","0","0","0","0","0","0","0","0","0","0","0","4","2019 GenCon - FOR SALE
Tower Defense with skeletons.  Looks simple and fun

Saw at GenCon. Looked ok but not worth $60
Worth about $20","","","","","61508834","5.87885","6.69256","2.1034","4043","2028","thing","Bad Bones","1","6","45","45","30","2019","1,2,3,4,5,6","4","8+","No necessary in-game text","","","","","","standalone","","","","","","","","","","","","","","",""
"Bagh Chal","315","6","2","0","1","1","0","0","0","0","0","0","3","","","","","","95713222","5.62182","6.20865","2.2692","8436","1377","thing","Bagh Chal","2","2","20","20","20","1000","2","2","6+","No necessary in-game text","","","","","","standalone","","15","USD","","","2022-07-08","KS","","[5-Exiting]","","","","","",""
"Baghdad: The City of Peace","425630","0","0","0","0","0","0","1","0","0","0","0","3","Essen 2025
Looks interesting but also gives Paris vibes which we did not like","","","","","134989790","5.81825","7.65345","3.3448","4605","826","thing","Baghdad: The City of Peace","1","4","120","120","90","2025","2,3,4","3","12+","No necessary in-game text","","","","","","standalone","","","","","","","","","","","","","","",""
"Balancing Act","363902","7","1","1","1","0","0","0","0","0","0","0","3","","","","","","106820336","0","6.33333","1","0","6","thing","Balancing Act","2","4","30","30","15","2023","","","","","","","","","","standalone","","20.99","USD","","","2023-01-24","Game Crafter","","[3-Transient]","","","","","",""
"Barcelona","383607","8","2","3","0","0","0","0","0","1","0","0","3","","","","","","107688818","6.94639","7.72052","3.3614","562","7864","thing","Barcelona","1","4","90","90","60","2023","1,2,3,4","3","12+","No necessary in-game text","","","","","","standalone","","39.85","USD","25","USD","2023-07-23","Cardhaus","","Expected AUg 11

Sold Geekmarket $25 2026-01-13","Sold - Geekmarket","2026-01-13","","","",""
"Bark Avenue","343684","0","0","0","1","0","0","0","1","0","0","0","3","","","","","","145534349","5.76357","7.04352","2.2083","5255","1353","thing","Bark Avenue","1","5","60","60","45","2023","2,3,4,5","3","8+","","","","","","","standalone","","5","USD","","","2026-04-29","Indy Spiel","","[4-Evaluate]","Angie Game","2026-05-15","","","",""
"Barrage","251247","6","1","4","0","0","0","0","0","0","0","0","4","Kickstarter
Origins / Gencon 2019 - DEMO
Not sure I would like this or not, but am intrigued. Check it out first.","In my single play of this, I spent a lot of brain power and felt a lot of pain in return.  Always one resource or one dollar or one worker short…. I would play again now that I know how it works, but not sure I see why this is so highly touted.","","","","52963719","7.83732","8.13602","4.1141","40","26612","thing","Barrage","1","4","180","180","90","2019","2,3,4","4","14+","No necessary in-game text","","","","","","standalone","","","","","","","","","","","","","","",""
"Battle Card: Market Garden","377068","7","3","0","1","0","0","0","0","0","0","0","3","","","","","","109793395","5.54945","6.36013","1.0714","13365","370","thing","Battle Card: Market Garden","1","1","5","5","3","2023","1","1","12+","Some necessary text - easily memorized or small crib sheet","","","","","","standalone","","","","","","","","","[2-Resident]","Print n Play","","","","",""
"Battle Card: Series 1","398947","0","1","0","1","0","0","0","0","0","0","0","3","","","","","","110370165","5.57063","6.56165","1.3636","11313","685","thing","Battle Card: Series 1","1","1","10","10","5","2023","1","1","12+","Moderate in-game text - needs crib sheet or paste ups","","","","","","standalone","","5","USD","","","2023-09-19","KS","","[2-Resident]
https://www.dropbox.com/scl/fo/1pdzmj6dvfdldvo8gji8y/h?rlkey=xzybtob76y2x83yeck4sr0lc0&dl=0","Print n Play","2023-10-04","","","",""
"The Battle of Armageddon: Deluxe Edition","334012","7","1","0","1","0","0","0","0","0","0","0","3","","","","","","83207537","5.53353","7.14262","1.75","15909","183","thing","The Battle of Armageddon: Deluxe Edition","2","6","240","240","120","2021","3,4,5,6","4,5,6","16+","Extensive use of text - massive conversion needed to be playable","","","","","","standalone","","52","USD","","","2021-06-19","KS","1","[2-Resident]","Office","","","","",""
"Battle of the Bards","254992","7","1","2","0","0","0","0","0","1","0","0","3","Listed $15 OctoCon","","Played once. 

This is the Veteran Bard edition ($39) from the Feb 2019 KS","","","58101879","5.59284","6.91699","2.2222","9799","476","thing","Battle of the Bards","2","4","60","60","20","2019","2,3,4","2","10+","","","","","","","standalone","","39","USD","15","USD","2019-02-02","Kickstarter","","Veteran Bard edition

Sold for $15 to johnweldy at OctoCon
NOT Paid","Sold","","","","",""
"BattleForge: Berserker","447090","0","0","0","0","0","0","0","0","0","0","0","3","Gen Con 2026
Looks like Crusaders Thy Will be Done
Co-op","","","","","145183478","5.51174","9.4881","3","22123","26","thing","BattleForge: Berserker","1","4","120","120","60","2026","","","","","","","","","","standalone","","","","","","","","","","","","","","",""
"Beer Mug Dice","148531","0","0","0","0","0","0","0","0","0","0","0","3","GenCon2025
Drinking / Party Game","","","","","133618145","5.6751","6.40463","1.5769","6886","829","thing","Beer Mug Dice","3","6","20","20","20","2013","3,4,5,6","4,5","8+","No necessary in-game text","","","","","","standalone","","","","","","","","","","","","","","",""
"The Belgian Beers Race","299838","7","2","0","1","0","0","0","0","0","0","0","3","Game looks great but price seems way too high for what is included","First play at 2P was fun as we drank a couple beers to enhance the theme.  Reviews made it seem meh, but it was a decent, fun game!  I wonder about replayability so we will see how the rating changes over time","","","","85698395","5.68233","7.10989","2.7143","6707","958","thing","The Belgian Beers Race","2","4","150","150","60","2021","2,3,4","3,4","10+","No necessary in-game text","","","","","","standalone","","25","USD","","","2022-07-20","GeekMarket Beta","","[3-Transient]
Purchased from https://market.boardgamegeek.com/u/mkemp217 On the GeekMarket","","","","","",""
"The Belgian Beers Race Dice","369803","0","0","0","1","0","0","0","1","0","0","0","3","","","","","","110256576","5.51561","6.50262","1","20791","185","thing","The Belgian Beers Race Dice","1","4","60","60","30","2023","2,3,4","2","8+","","","","","","","standalone","","30","USD","","","2024-12-02","Grand Gamer’s Guild - Add On to Tir na Nog Pledge","1","[4-Evaluate]","","2025-12-24","","","",""
"Bemused","217974","7","1","0","1","0","0","0","0","0","0","0","4","Gen Con 2017","","","","","43565628","5.56447","6.73876","2.125","11811","366","thing","Bemused","4","6","30","30","15","2017","4,5,6","6","","","","","","","","standalone","","0.0001","USD","","","2019-07-11","Jim Felli - Gift","","[3-Transient]","","","","","",""
"The Best of TV and Movies","167669","5","1","0","0","0","0","0","0","1","0","0","3","","","Very Good","","","100262666","5.49251","5.53109","1","27493","600","thing","The Best of TV and Movies","2","6","60","60","60","2012","","","","","","","","","","standalone","","","","","","2022-11-27","","","","GenCon Store / Auction 2025","2025-07-08","","","",""
"Beyond Balderdash","1544","8","1","0","1","0","0","0","0","0","0","0","3","","","","","","39977837","6.25166","6.82895","1.4714","2030","5294","thing","Beyond Balderdash","2","6","45","45","45","1993","4,5,6","6","12+","Unplayable in another language","","","","","","standalone","","","","","","2017-01-21","","","[1-Permanent]
","","","","","",""
"Beyond the Sun","317985","9","3","3","1","0","0","0","0","0","0","0","3","Keep an eye on this.  Sep-Oct Geekpreview list
Zee Top 10 Surprises of 2020
Tom Top 10 of 2020","","","","","74356522","7.5572","7.86251","3.1536","112","19847","thing","Beyond the Sun","2","4","120","120","60","2020","2,3,4","3","12+","Moderate in-game text - needs crib sheet or paste ups","","","","","","standalone","","58","USD","","","2022-12-25","Christmas Gift from Angie","","[2-Resident]","","","","","",""
"Beyond the Sun: Leaders of the New Dawn","378291","0","0","0","1","0","0","0","0","0","0","0","3","","","","","","105000079","6.0699","7.77652","2.8667","0","4925","thing","Beyond the Sun: Leaders of the New Dawn","1","4","90","90","45","2023","1,2,3,4","3","12+","Moderate in-game text - needs crib sheet or paste ups","","","","","","expansion","","26.49","USD","","","2023-03-27","CoolStuffInc","1","","","","","","",""
"Biergarten","178335","5","1","2","0","0","0","0","0","1","0","0","3","Listed $5 OctoCon","","KS.  Played once","","","56679721","5.53426","6.00371","2","15768","471","thing","Biergarten","2","5","20","20","15","2016","2,3,4","3,4","10+","No necessary in-game text","","","","","","standalone","","15","USD","5","USD","2018-02-10","KS","","Sold for $5 to bryanspellman at MayCon 2024","Sold at MayCon 2024","","","","",""
"Big Sur","414174","6","1","2","0","0","0","0","0","0","0","0","3","GenCon 2025 
Looks like a simple card game","","","","","132113787","5.74381","7.00177","1.9333","5532","1278","thing","Big Sur","2","4","30","30","15","2025","2,3,4","2","8+","Some necessary text - easily memorized or small crib sheet","","","","","","standalone","","","","","","","","","","","","","","",""
"Big Time Hockey","407577","7","2","0","1","0","0","0","0","0","0","0","2","Asked for Christmas 2025, Worthington Sale $15","","","","","138739396","0","7.20714","2","0","55","thing","Big Time Hockey","2","2","60","60","30","2024","2","2","","","","","","","","standalone","","","","","","2025-12-25","Christmas Gift","","[2-Resident]","","2025-12-25","","","",""
"Big Top","369899","7","1","0","0","0","0","0","0","0","0","0","3","","","","","","137027383","5.8977","6.97974","1.8947","3899","1857","thing","Big Top","3","4","40","40","40","2023","3,4","4","10+","No necessary in-game text","","","","","","standalone","","","","","","","","","","","","","","",""
"Blitzkrieg!: World War Two in 20 Minutes","258210","8","3","0","1","1","0","0","0","0","0","0","2","Tom V recommended in Top 100 
Small Twilight Struggle","","","","","67716667","6.99869","7.53043","1.907","506","10466","thing","Blitzkrieg!: World War Two in 20 Minutes","1","2","45","45","20","2019","1,2","2","12+","No necessary in-game text","","","","","","standalone","","38","USD","","","2020-10-14","EBay","","[5-Exiting]","","","","","",""
"Blood Rage","170216","8","6","3","1","0","0","0","0","0","0","0","2","","","","","","56446798","7.72184","7.89683","2.8821","65","61972","thing","Blood Rage","2","4","90","90","60","2015","3,4","4","12+","Moderate in-game text - needs crib sheet or paste ups","","","","","","standalone","","63","USD","","","2018-12-07","Amazon","","[1-Permanent]
","","","","","",""
"Blood Rage: Deluxe Gods of Asgard","174801","0","0","0","1","0","0","0","0","0","0","0","3","","","","","","56471013","6.65228","7.646","2.5682","0","14073","thing","Blood Rage: Gods of Ásgard","2","4","90","90","60","2020","3,4","4","10+","Some necessary text - easily memorized or small crib sheet","","","","","","expansion","","123","USD","","","2018-12-10","KS","","Digital, promos, Golden Gods of Asgard, Stag Clan, game mat, and sculpted tokens","","","CMON Global Limited","English","2020","English edition"
"Blood Rage: Mystics of Midgard","175100","0","0","0","1","0","0","0","0","0","0","0","3","","","","","","56470984","6.83422","7.88869","2.7442","0","14300","thing","Blood Rage: Mystics of Midgard","2","4","90","90","60","2015","3,4","4","12+","Moderate in-game text - needs crib sheet or paste ups","","","","","","expansion","","21","USD","","","2018-12-08","Amazon","","","","","","","",""
"Blood Rage: Promos Box","286883","0","0","0","1","0","0","0","0","0","0","0","3","","","","","","68430972","6.11637","8.55078","3","0","3200","thing","Blood Rage: Promos Box","2","5","90","90","60","2019","3,4,5","4","12+","Some necessary text - easily memorized or small crib sheet","","","","","","expansion","","0.0001","USD","","","2020-02-01","KS","","Included in KS Digital Deluxe","","","","","",""
"Blood Rage: Valhalla","449472","0","0","0","0","0","0","0","0","0","0","0","3","New Bloodrage?
Keep an eye on it.  Does Eric Lang still have it?","","","","","134025924","5.44703","3.42","0","30182","54","thing","Blood Rage: Valhalla","3","5","90","90","60","2026","","","","","","","","","","standalone","","","","","","","","","","","","","","",""
"Blue Lagoon","244331","8","5","1","1","0","0","0","0","0","0","0","3","2018 Gen Con","This game feels very unique in our collection.  It has a nice blend of area majority and set collection. While we don’t play it often, we do enjoy it when it makes it to the table.","","","","53036458","6.70374","7.20503","2.0353","914","8173","thing","Blue Lagoon","2","4","45","45","30","2018","2,3,4","4","8+","No necessary in-game text","","","","","","standalone","","33","USD","","","2018-08-02","Gen Con","","[2-Resident]
PP Estimate","","","","","",""
"Blue Moon City","21882","7","1","2","1","1","0","0","0","0","0","0","3","DT Top 100
Mike Dilisio Top10","","","","","68186657","6.70146","7.03783","2.2852","917","10513","thing","Blue Moon City","2","4","50","50","30","2006","2,3,4","3,4","8+","No necessary in-game text","","","","","","standalone","","0.001","USD","","","2020-03-07","IndyCon Raffle","1","[5-Exiting]
Won in Raffle","","2020-03-07","","","",""
"Bog Hollow Brigade","446065","0","1","0","0","0","0","1","0","0","0","1","1","","","","","","132141423","0","0","0","0","0","thing","Bog Hollow Brigade","2","4","45","45","30","2026","","","","","","","","","","standalone","","","","","","","","","","","","","","",""
"Bonfire","304420","9","4","3","1","0","0","0","0","0","0","0","2","Feld.  Board looks pretty cool too","","","","","73855485","7.07375","7.5984","3.6299","415","13241","thing","Bonfire","1","4","100","100","70","2020","1,2,3,4","3","12+","No necessary in-game text","","","","","","standalone","","45","USD","","","2020-12-20","Christmas Gift","","[2-Resident]
PP Estimate","","","","","",""
"boop.","355433","8","5","2","1","0","0","0","0","0","0","0","3","","","","","","134915314","6.50175","7.0369","1.3868","1325","8910","thing","boop.","2","2","30","30","20","2022","2","2","8+","No necessary in-game text","","","","","","standalone","","42","USD","","","2025-08-02","GenCon","","[2-Resident]
Includes a Kitten Kaboodle set (Noodle and Wiggle) - $12","Angie Game","2025-08-02","","","",""
"Boots on the Ground","68876","0","0","0","0","0","0","1","0","0","0","0","3","Worthington Holiday Sale 2025 sparked my interest
If I can find the Deluxe 2024 edition for $25 or less, buy it

Solo or 2P coop","","","","","138739269","5.56279","6.40029","1.9048","11975","506","thing","Boots on the Ground","1","3","90","90","30","2010","1,2","2","12+","Some necessary text - easily memorized or small crib sheet","","","","","","standalone","","","","","","","","","","","","","","",""
"Bora Bora","127060","8","2","3","1","0","0","0","0","0","0","0","3","Played with Adam and Ellen.  Really enjoyed the point salad of this game!","","","","","72360921","7.17075","7.55787","3.7255","327","13100","thing","Bora Bora","2","4","120","120","60","2013","2,3,4","4","14+","No necessary in-game text","","","","","","standalone","","35","USD","","","2020-07-15","BGG Auction Sorrelbo","","[2-Resident]","Lakehouse","","","","",""
"Borgata","269036","8","2","2","0","0","0","0","0","1","0","0","4","Kickstarter","","Kickstarter Edition; only played twice","","","59837839","0","7.74206","2.75","0","54","thing","Borgata","2","5","90","90","60","2019","3,4,5","4","10+","Some necessary text - easily memorized or small crib sheet","","","","","","standalone","","35","USD","","","2019-12-13","KS","1","GenCon 2024 Auction - DID NOT SELL","GenCon 2024 Auction / Store","2024-07-31","","","",""
"Brass: Pittsburgh","452264","0","0","0","0","0","0","1","0","0","0","0","3","Need more info","","","","","135350277","5.71257","7.23918","3.6857","6066","499","thing","Brass: Pittsburgh","1","4","120","120","60","2027","1,2,3,4","4","12+","No necessary in-game text","","","","","","standalone","","","","","","","","","","","","","","",""
"Brew","332386","0","0","0","0","0","0","0","0","0","0","0","3","GenCon 2021","","","","","83231609","6.45419","7.01851","2.4519","1441","9282","thing","Brew","2","4","90","90","45","2021","2,3,4","3","8+","Moderate in-game text - needs crib sheet or paste ups","","","","","","standalone","","","","","","","","","","","","","","",""
"Brick Like This!","439310","6","2","0","1","0","0","0","0","0","0","0","3","","","","","","134842584","5.69144","6.65645","1.25","6504","1760","thing","Brick Like This!","2","8","15","0","15","2025","4,6,8","4","6+","No necessary in-game text","","","","","","standalone","","20","USD","","","2025-07-31","GenCon","","[2-Resident]
Angie Game","Angie Game","2025-07-31","","","",""
"Brief Border Wars","285193","0","0","0","0","0","0","0","0","0","0","0","3","","","","","","74082430","5.57419","7.23348","2.4545","11031","282","thing","Brief Border Wars","2","2","120","120","60","2020","1,2","2","16+","Extensive use of text - massive conversion needed to be playable","","","","","","standalone","","","","","","","","","","","","","","",""
"Burgle Bros.","172081","8","1","0","0","0","0","0","0","0","0","0","3","","","","","","135244614","7.07328","7.40096","2.3134","416","19644","thing","Burgle Bros.","1","4","90","90","45","2015","1,2,3,4","3","10+","Moderate in-game text - needs crib sheet or paste ups","","","","","","standalone","","","","","","","","","","","","","","",""
"Caesar!: Seize Rome in 20 Minutes!","338957","0","0","0","0","0","0","0","0","0","0","0","3","Blitzkrieg designer","","","","","84118840","6.76456","7.5025","1.9435","811","7549","thing","Caesar!: Seize Rome in 20 Minutes!","1","2","20","20","20","2021","1,2","2","10+","No necessary in-game text","","","","","","standalone","","","","","","","","","","","","","","",""
"Caesar's Empire","341496","0","0","0","0","0","0","0","0","0","0","0","3","Tom Top 10 Surprises 2022.  Fast playing game with a lot of points","","","","","100796810","6.18933","7.16855","1.5636","2275","2567","thing","Caesar's Empire","2","5","60","60","30","2022","2,3,4,5","4","6+","No necessary in-game text","","","","","","standalone","","","","","","","","","","","","","","",""
"Calimala","199383","0","0","0","0","0","0","0","0","0","0","0","3","KS Nov 2023
Game looks cool
New 2 player mode… but makes me wonder if it really plays well at 2?  
Might wait to see","","","","","112378795","6.53117","7.30377","2.798","1252","4255","thing","Calimala","2","5","75","75","75","2017","3,4,5","4","12+","No necessary in-game text","","","","","","standalone","","","","","","","","","","","","","","",""
"Call of Duty: The Board Game","386403","0","0","0","0","0","0","0","0","0","0","0","3","GenCon 2023 videos etc didnt really draw me in","","","","","105873054","5.50787","6.33696","3.3333","23436","47","thing","Call of Duty: The Board Game","2","2","90","90","45","2026","","","","Extensive use of text - massive conversion needed to be playable","","","","","","standalone","","","","","","","","","","","","","","",""
"Call to Adventure","238992","7","1","2","0","0","0","0","0","1","0","0","3","","","Very Good.  Played a few times.  Includes Name of the Wind Expansion","","","54237582","6.59287","7.04673","2.0059","1118","14271","thing","Call to Adventure","1","4","60","60","30","2019","1,2,3,4","3","10+","Moderate in-game text - needs crib sheet or paste ups","","","","","","standalone","","75","USD","15","USD","2018-08-13","KS ","","Sold at MayCon 2024 to earthlindz Lidsay Grossman for $15

with Name of the Wind Expansion and Playmat","Sold at MayCon 2024","2019-03-06","","","",""
"Call to Adventure: The Name of the Wind","259162","0","0","0","0","0","0","0","0","1","0","0","3","","","Included with base game only","","","54383026","5.91289","7.16313","2.375","0","4757","thing","Call to Adventure: The Name of the Wind","2","4","60","60","30","2019","1,2,3","2","","","","","","","","expansion","","0.0001","USD","","","2018-08-13","KS","","Sold With Base Game","Sold at MayCon 2024","","","","",""
"Camel Up Cards","192947","6","1","0","0","0","0","0","0","0","0","0","3","","","","","","77422942","5.91277","6.66242","1.7273","3767","3027","thing","Camel Up Cards","2","6","60","60","30","2016","2,3,4,5,6","4","6+","No necessary in-game text","","","","","","standalone","","","","","","","","","","","","","","",""
"Can't Stop","41","6","1","1","0","0","0","0","0","0","0","0","3","","","","","","139781694","6.78965","6.94581","1.1429","768","22751","thing","Can't Stop","2","4","30","30","30","1980","2,3,4","3","8+","No necessary in-game text","","","","","","standalone","","","","","","","","","","","","","","",""
"Canopy","295607","7","1","2","0","0","0","0","0","1","0","0","3","KS June 2020
2 Player card drafting and set collection
Didn;t see a need to back on KS, but game might be fun.","","Only Played a couple times.","","","72472999","6.56718","7.23171","2.0069","1167","10035","thing","Canopy","1","4","30","30","30","2021","1,2,3","2","10+","Moderate in-game text - needs crib sheet or paste ups","","","","","","standalone","","20","USD","15","USD","2023-02-27","GeekMarket racinrod","","Sold to DBendit for $15 via GeekMarket on 2025-01-14","Sold via GeekMarket","2025-01-14","","","",""
"Cape May","281248","8","1","2","1","0","0","0","1","0","0","0","3","Very different feel and gameplay from anything I have.","","","","","90657900","5.99424","7.19873","2.4146","3217","1974","thing","Cape May","1","4","120","120","60","2021","1,2,3,4","4","10+","Moderate in-game text - needs crib sheet or paste ups","","","","","","standalone","","30","USD","","","2023-05-30","Game Preserve","","[3-Transient]","","","","","",""
"Carcassonne","822","7","1","0","1","0","0","0","0","0","0","0","3","","","","","","56045546","7.29872","7.41628","1.8848","238","223786","thing","Carcassonne","2","5","45","45","30","2000","2,3,4,5","2","8+","No necessary in-game text","","","","","","standalone","","33","USD","","","2018-12-25","Christmas Gift","","[2-Resident]","","","","","",""
"Cards Against Humanity","50381","8","1","0","1","0","0","0","0","0","0","0","3","","This is stupid fun, drink some beers, etc...","","","","31974989","5.53366","5.70367","1.1714","15887","56622","thing","Cards Against Humanity","4","30","30","30","30","2009","4,5,6,7,8,9,10","6,7,8","16+","Extensive use of text - massive conversion needed to be playable","","","","","","standalone","","25","USD","","","2014-05-31","Amazon","","[1-Permanent]","","","","","",""
"Carrooka","341489","9","2","1","0","0","0","0","0","0","0","0","3","","","","","","123668327","5.75975","8.20415","1.1","5312","370","thing","Carrooka","2","4","60","60","20","2021","2,4","2","6+","","","","","","","standalone","","","","","","","","","","","","","","",""
"Carson City: The Card Game","248117","6","2","2","1","0","0","0","0","0","0","0","3","","","","","","53369175","5.90205","6.81362","2.2069","3860","1681","thing","Carson City: The Card Game","1","6","45","45","30","2018","1,2,3,4,5,6","4","12+","No necessary in-game text","","","","","","standalone","","25","USD","","","2018-08-05","Gen Con","","[2-Resident]
PP Estimate","Angie Game","","","","",""
"Cascadero","401216","0","0","0","0","0","0","0","0","0","0","0","3","Origins 2024 Preview.  Watched the Monique and Naveen video and it seems interesting enough","","","","","119763427","6.3036","7.26666","2.5652","1857","3085","thing","Cascadero","2","4","60","60","45","2024","2,3,4","3,4","10+","No necessary in-game text","","","","","","standalone","","","","","","","","","","","","","","",""
"Cascadia","295947","9","5","2","1","0","0","0","0","0","0","0","3","","","","","","119572399","7.73522","7.889","1.8418","60","93085","thing","Cascadia","1","4","45","45","30","2021","1,2,3,4","2,3","8+","Some necessary text - easily memorized or small crib sheet","","","","","","standalone","","32","USD","","","2024-05-27","Cardhaus","1","[1-Permanent]","","2024-05-29","","","",""
"Cascadia: Alpine Lakes","446815","0","0","0","0","0","0","1","0","0","0","0","3","GenCon 2025
Cascadia… imagine Angie will want it","","","","","132948231","5.53805","7.78509","2","15048","157","thing","Cascadia: Alpine Lakes","1","4","45","45","30","2026","2,3","2","","","","","","","","standalone","","","","","","","","","","","","","","",""
"Cascadia: Landmarks","385318","0","0","0","1","0","0","0","0","0","0","0","3","","","","","","119572403","6.8109","7.73787","2.2405","0","17539","thing","Cascadia: Landmarks","1","6","45","45","30","2023","1,2,3,4,5,6","2","8+","Some necessary text - easily memorized or small crib sheet","","","","","","expansion","","28","USD","","","2024-05-27","Cardhaus","1","","","2024-05-29","","","",""
"Cascadia: Rolling Hills","407317","6","1","2","1","0","0","0","0","0","0","0","3","","","","","","121778774","6.03202","7.1319","1.9615","3012","5487","thing","Cascadia: Rolling Hills","1","4","30","30","15","2024","1,2,3,4","1","10+","Some necessary text - easily memorized or small crib sheet","","","","","","standalone","","25","USD","","","2024-08-02","GenCon 2024","1","[3-Transient]","","2024-08-02","","","",""
"Cascadia: Rolling Hills – Summits Mini-Expansion","425651","0","0","0","1","0","0","0","0","0","0","0","3","","","","","","121778752","5.52637","7.74194","0","0","547","thing","Cascadia: Rolling Hills – Summits Mini-Expansion","1","4","30","30","15","2024","","","","","","","","","","expansion","","10","USD","","","2024-08-02","GenCon 2024","","In base game box","","2024-08-02","","","",""
"Cascadia: Rolling Rivers","407318","6","1","2","1","0","0","0","0","0","0","0","3","","","","","","121778723","6.1248","7.16998","1.96","2550","6046","thing","Cascadia: Rolling Rivers","1","4","30","30","15","2024","1,2,3,4","1,2","8+","Some necessary text - easily memorized or small crib sheet","","","","","","standalone","","25","USD","","","2024-08-02","GenCon 2024","1","[3-Transient]","","2024-08-02","","","",""
"Cascadia: Rolling Rivers – Forces of Nature Mini-Expansion","425652","0","0","0","1","0","0","0","0","0","0","0","3","","","","","","121778743","5.52503","7.51562","0","0","570","thing","Cascadia: Rolling Rivers – Forces of Nature Mini-Expansion","1","4","30","30","15","2024","","","","","","","","","","expansion","","10","USD","","","2024-08-02","GenCon 2024","1","In base game box","","2024-08-02","","","",""
"Castle Combo","416851","8","1","0","0","0","0","1","0","0","0","1","2","","","","","","145695177","7.32646","7.67678","1.738","224","24505","thing","Castle Combo","2","5","25","25","10","2024","2,3,4","2","8+","Some necessary text - easily memorized or small crib sheet","","","","","","standalone","","","","","","","","","","","","","","",""
"Castles by the Sea","357841","0","0","0","0","0","0","0","0","0","0","0","3","Looks different.. maybe like Expancity though","","","","","94845017","5.71041","6.88887","2.1538","6107","1298","thing","Castles by the Sea","1","4","60","60","30","2023","1,2,3,4","2,3","10+","Moderate in-game text - needs crib sheet or paste ups","","","","","","standalone","","","","","","","","","","","","","","",""
"The Castles of Burgundy","84876","9","2","3","1","0","0","0","0","0","0","0","3","","","","","","70572897","8.03198","8.16115","2.9709","15","84305","thing","The Castles of Burgundy","2","4","90","90","30","2011","2,3,4","2","12+","No necessary in-game text","","","","","","standalone","","15","USD","","","2020-04-20","BGG Trade","","[1-Permanent]
Trade with snake05015 for Villainous
Price Paid based on price paid for Disney Villainous","","","","","",""
"Cat in the Box: Deluxe Edition","345972","7","1","0","0","0","0","0","0","0","0","0","3","","Played one time at 4P and enjoyed the novelty of this game.  Not sure if it will be as good at 2P and I think it will only work with groups that really know trick taking games","","","","103972671","7.11372","7.43136","2.0418","374","24625","thing","Cat in the Box: Deluxe Edition","2","5","40","40","20","2022","3,4,5","4","10+","No necessary in-game text","","","","","","standalone","","","","","","","","","","","","","","",""
"Catalyst","254894","7","3","2","0","0","0","0","0","1","0","0","2","Listed in Geekmarket on 11/20/2022 for $15","","Very Good.  Played a few times","","","52946044","5.61879","6.62199","2","8548","488","thing","Catalyst","2","4","40","40","20","2018","2,3,4","2,3,4","10+","No necessary in-game text","","","","","","standalone","","25","USD","15","USD","2018-08-04","Gen Con","","Sold for $15 to MetaGames via BGG Marketplace on 2023-12-13
PP Estimate","Sold","","","","",""
"Catan","13","7","2","4","1","0","0","0","0","0","0","0","3","","","","","","26673755","6.90355","7.09052","2.2821","620","240633","thing","Catan","3","4","120","120","60","1995","3,4","4","8+","Some necessary text - easily memorized or small crib sheet","","","","","","standalone","","45","USD","","","2015-01-18","","","[1-Permanent]
PP Estimate","","","","","",""
"Celtae","374200","0","0","0","0","0","0","1","0","0","0","0","2","Box Cover art","","","","","107363405","5.81107","7.11201","2.6786","4684","1309","thing","Celtae","1","4","100","100","50","2023","1,2,3,4","2,4","10+","No necessary in-game text","","","","","","standalone","","","","","","","","","","","","","","",""
"Celtic","299928","0","0","0","0","0","0","0","0","0","0","0","3","Don't have (m)any p/u & deliver games, so this might be something different.  Artwork looks nice.  Check it out... maybe play it first.","","","","","69671068","5.53746","6.03436","1.3333","15150","379","thing","Celtic","2","4","60","60","40","2020","2,3,4","4","8+","No necessary in-game text","","","","","","standalone","","","","","","","","","","","","","","",""
"Century: A New World","270970","7","3","2","0","0","0","0","0","1","0","0","1","Listed $10 OctoCon","Great intro worker placement game","","","","58026424","6.72039","7.2721","2.1101","878","12494","thing","Century: A New World","2","4","45","45","30","2019","2,3,4","3","8+","No necessary in-game text","","","","","","standalone","","","","10","USD","2019-07-28","Birthday Gift","","Sold for $10 to @Xadocs at Octo-Con 2022","Sold","","","","",""
"Century: Eastern Wonders","242574","5","2","0","0","0","0","0","0","1","0","0","1","Listed $10 OctoCon","After second play, I lowered my rating from 8 to 5. This game takes a while to set up; and with 2 players it ends quickly with no player interaction.  It was not fun at 2 players.  

 Original thoughts:  I love the familiarity of the set building mechanic coupled with the new pick up and deliver mechanic. This is our first pick up and delivery game.","","","","48799201","6.7054","7.09753","2.1081","909","15857","thing","Century: Eastern Wonders","2","4","45","45","30","2018","2,3,4","4","8+","No necessary in-game text","","","","","","standalone","","27.99","USD","10","USD","2018-06-25","Miniature Market","","Sold for $10 to @Xadocs at Octo-Con 2022","Sold","","","","",""
"Century: Spice Road","209685","9","9","0","1","0","0","0","0","0","0","0","2","Gen Con 2017","","","","","43573853","7.10389","7.28976","1.7986","387","35320","thing","Century: Spice Road","2","5","45","45","30","2017","2,3,4,5","3,4","8+","No necessary in-game text","","","","","","standalone","","32.5","USD","","","2017-08-17","Gen Con","","[1-Permanent]
PP Estimate","","","","","",""
"Champions of Midgard","172287","8","1","0","1","1","0","0","1","0","0","0","2","","","","","","55870808","7.41449","7.70277","2.6208","165","26348","thing","Champions of Midgard","2","4","90","90","60","2015","2,3,4","4","10+","Some necessary text - easily memorized or small crib sheet","","","","","","standalone","","48","USD","","","2018-12-23","Christmas gift","","[3-Transient]
PP Estimate","","","","","",""
"Cheaty Mages!","38194","0","0","0","0","0","0","0","0","1","0","0","3","Listed FREE OctoCon","","","","","85724211","5.84557","6.25043","1.6075","4349","3811","thing","Cheaty Mages!","3","6","30","30","30","2008","3,4,5,6","4","8+","Some necessary text - easily memorized or small crib sheet","","","","","","standalone","","","","","","2021-09-17","AEG Big Game Night GenCon 2021","1","Free to @BC Indy at Octo-Con 2022","Sold","","","","",""
"Chili Mafia","329588","7","3","1","0","0","0","0","0","1","0","0","3","Looks like a good party/filler game similar to rummy with a fun theme","","Deluxe Edition. Base Game + Goodfellas Expansion including Hot Property Deck PLUS KSE Yatsufusa, Taste Me, and Rumble Hot Card Promo packs. Does NOT include Playmat.  Only played a couple times.","","","85035425","5.56773","6.94982","1.8333","11560","504","thing","Chili Mafia","2","8","40","40","20","2022","2,3,4,5,6,7,8","5,6","10+","","","","","","","standalone","","54","USD","","","2021-08-25","KS","","$39 Hot Pledge plus 3 x $5 Add On card packs

Listed Geekmarket on 2024-09-22 for $25

lowered to $10","GenCon Store / Auction 2025","2025-07-08","","","",""
"Chimera Station","163642","8","3","4","1","0","0","0","0","0","0","0","3","Looked cool on Rahdo’s Top 10 WP Games pt2.  Build workers","I can’t decide if I like the slow start (hard to do a lot in early rounds)... but I love the big time turns in the last couple rounds!  Wonder if this needs some specific starting modules to help the ramp up???","","","","63695475","6.4554","7.18235","3.1429","1433","4825","thing","Chimera Station","2","4","90","90","60","2017","2,3,4","3","12+","Moderate in-game text - needs crib sheet or paste ups","","","","","","standalone","","20","USD","","","2019-09-26","BGG Auction","","[1-Permanent]","","","","","",""
"A Christmas Story: A MAJOR Card Game","319292","0","0","0","0","0","0","0","0","0","0","0","3","","","","","","74532056","5.49367","5.35","1","27265","343","thing","A Christmas Story: A MAJOR Card Game","3","6","15","15","15","2020","","","","","","","","","","standalone","","","","","","","","","","","","","","",""
"Chu Han","288558","7","1","0","1","1","0","0","0","0","0","0","2","Keep an eye.  Lehmann, trick taking, shedding","","","","","121810853","5.89091","6.99758","2.1667","3947","1921","thing","Chu Han","2","2","25","25","25","2024","2","2","10+","Some necessary text - easily memorized or small crib sheet","","","","","","standalone","","28","USD","","","2025-07-16","Amazon","","[5-Exiting]","","2025-07-18","","","",""
"Cinque Terre","124052","0","0","0","0","0","0","0","0","0","0","0","3","","","","","","109543883","6.10893","7.06479","2.3523","2618","1598","thing","Cinque Terre","2","5","60","60","60","2013","2,3,4","2","8+","No necessary in-game text","","","","","","standalone","","","","","","","","","","","","","","",""
"Cities","402676","0","0","0","0","0","0","0","0","0","0","0","3","GenCon 2024 - worth checking out","","","","","120842548","6.66412","7.28869","1.8857","983","9173","thing","Cities","2","4","45","45","45","2024","2,3,4","4","10+","Some necessary text - easily memorized or small crib sheet","","","","","","standalone","","","","","","","","","","","","","","",""
"Cities of Venus: Lost Contact","369116","0","0","0","1","0","0","0","1","0","0","0","3","","","","","","106898415","5.52492","6.5163","1.7143","17931","313","thing","Cities of Venus: Lost Contact","2","6","90","90","45","2025","2,3,4,5,6","2","","","","","","","","standalone","","103","USD","","","2023-05-29","KS","","[4-Evaluate]
KS Base plus 6 player expansion and First Player AddOn","","2025-02-05","","","",""
"Città-Stato","282707","7","1","2","0","0","0","0","0","1","0","0","3","","","Very Good or better.  Kickstarter edition Base game plus 5th Player Expansion.  Only Played once","","","77375453","5.679","6.96679","3.4783","6791","693","thing","Città-Stato","1","4","90","90","60","2022","1,2,3,4","3","12+","Moderate in-game text - needs crib sheet or paste ups","","","","","","standalone","","36","USD","25","USD","2020-12-20","KS","1","Sold for $25 on BGG Marketplace to shannan_north on 2024-05-05

Listed for sale on BGG market place for $25 on 2023-01-02

Venezia Early Bird
Base game plus 5th Player Expansion","Sold","","Giochix.it","English","2022","English edition"
"Claim","233961","8","3","0","1","0","0","0","0","0","0","0","2","2 player trick taking. Zee recommendation","","","","","56010093","6.45981","6.89685","1.6471","1424","12870","thing","Claim","2","2","25","25","25","2017","2","2","8+","No necessary in-game text","","","","","","standalone","","10.49","USD","","","2019-07-01","Cardhaus","","[2-Resident]
2019 GenCon pre-purchase","","","","","",""
"Claim 2","249763","7","1","2","1","0","0","0","0","0","0","0","2","2019 Gen Con - DEMO
Love Claim","","","","","61655565","6.17231","6.92663","1.5957","2332","6886","thing","Claim 2","2","2","25","25","25","2018","2","2","10+","No necessary in-game text","","","","","","standalone","","15","USD","","","2020-02-14","Deepwater Games Store","1","[2-Resident]
","","","","","",""
"Claim: Reinforcements – Magic","287199","0","0","0","0","0","0","0","0","0","0","0","2","Love Claim base game","","","","","63473024","5.67667","7.26","1.8571","0","1942","thing","Claim: Reinforcements – Magic","2","2","25","25","25","2019","2","2","10+","","","","","","","expansion","","","","","","","","","","","","","","",""
"Claim: Reinforcements – Maps","287202","0","0","0","0","0","0","0","0","0","0","0","2","Love CLaim base game","","","","","63473034","5.64949","7.15608","1.5","0","1724","thing","Claim: Reinforcements – Maps","2","2","25","25","25","2019","2","2","","","","","","","","expansion","","","","","","","","","","","","","","",""
"Claim: Reinforcements – Mercenaries","287201","0","0","0","0","0","0","0","0","0","0","0","2","Love Claim bas game","","","","","63473039","5.63555","7.26416","1.6667","0","1652","thing","Claim: Reinforcements – Mercenaries","2","2","25","25","25","2019","2","2","10+","","","","","","","expansion","","","","","","","","","","","","","","",""
"Clank!: A Deck-Building Adventure","201808","9","1","0","0","0","0","0","0","0","0","0","3","","","","","","98128030","7.59476","7.76036","2.2317","100","62310","thing","Clank!: A Deck-Building Adventure","2","4","60","60","30","2016","2,3,4","3","8+","Moderate in-game text - needs crib sheet or paste ups","","","","","","standalone","","","","","","","","","","","","","","",""
"Clank!: Catacombs","365717","9","5","3","1","0","0","0","0","0","0","0","2","","This game seems to get better each time we play it.  I love the tension when you are trying to make it out!  I don’t get this feeling playing any other game.","","","","95425680","7.77362","8.22867","2.4887","52","24862","thing","Clank!: Catacombs","2","4","90","90","45","2022","2,3,4","3","10+","Moderate in-game text - needs crib sheet or paste ups","","","","","","standalone","","47","USD","","","2022-12-28","Time Well Spent","","[2-Resident]
","","","","","",""
"Clank!: Catacombs – Lairs and Lost Chambers","422869","0","0","0","1","0","0","0","0","0","0","0","2","","","","","","120369422","6.25286","8.27101","2.5","0","5434","thing","Clank!: Catacombs – Lairs and Lost Chambers","2","4","90","90","45","2024","2,3,4","3","12+","Moderate in-game text - needs crib sheet or paste ups","","","","","","expansion","","30","USD","","","2024-08-01","GenCon 2024","1","Base Game Box","","2024-08-01","","","",""
"Clank!: Catacombs – Underworld","447586","0","0","0","1","0","0","0","0","0","0","0","2","","","","","","132976608","5.80797","8.29643","2.9167","0","2691","thing","Clank!: Catacombs – Underworld","2","4","90","90","45","2025","2,3","3","","Unplayable in another language","","","","","","expansion","","35","USD","","","2025-08-03","KS","","","","2025-10-30","","","",""
"Clash of Rage","158753","0","0","0","0","0","0","0","0","0","0","0","2","La Boîte de Jeu","","","","","66323354","5.71441","7.26159","2.3158","6038","931","thing","Clash of Rage","1","4","90","90","45","2018","2,3,4","3,4","8+","Moderate in-game text - needs crib sheet or paste ups","","","","","","standalone","","","","","","","","","","","","","","",""
"Class of '89","442093","0","0","0","0","0","1","1","0","0","0","1","3","GenCon 2025
Theme must be awesome!","","","","","132394681","0","7.54545","3","0","1","thing","Class of '89","1","4","90","90","60","2026","","","","","","","","","","standalone","","","","","","","","","","","","","","",""
"Claustrophobia 1643","257518","8","1","0","0","0","0","0","0","1","0","0","4","Kickstarter","","Trade interest is low for this one.  Would entertain significant offers only.

This is the Nov 2018 KS Collectors Edition","","","55770005","6.44322","7.97479","2.7407","1464","4113","thing","Claustrophobia 1643","2","2","90","90","45","2019","2","2","12+","Moderate in-game text - needs crib sheet or paste ups","","","","","","standalone","","98","USD","","","2018-11-16","KS","","Want $100 
Take $80
BGG trade with U is for Unicron for Labyrinth plus expansion and Trick Shot KS edition with painted minis","Traded","","","","",""
"The Climbers: Family Edition","287658","0","0","0","0","0","0","1","0","0","0","0","3","Zach Bart recommendation
Cool spatial game","","","","","138771866","5.51357","6.4878","1","21503","158","thing","The Climbers: Family Edition","2","5","30","30","20","2019","","","","","","","","","","standalone","","","","","","","","","","","","","","",""
"Clue","1294","5","1","0","1","0","0","0","0","0","0","0","3","","","","","","104777383","5.57322","5.6855","1.6419","11099","42832","thing","Clue","2","6","45","45","45","2009","3,4,5,6","4,5","8+","Some necessary text - easily memorized or small crib sheet","","","","","","standalone","","","","","","2000-01-01","","","[2-Resident]","Lakehouse","","Hasbro; Parker Brothers","English","2009","Parker Brothers Vintage Collection wooden box edition  2009"
"Codenames: Duet","224037","5","2","0","0","0","0","0","0","0","0","0","3","","","","","","77422943","7.23314","7.40674","1.3601","275","56190","thing","Codenames: Duet","2","2","30","30","15","2017","2","2","12+","Unplayable in another language","","","","","","standalone","","","","","","","","","","","","","","",""
"Codenames: Pictures","198773","5","0","0","0","0","0","0","0","1","0","0","3","","","","","","44680880","6.99843","7.17559","1.2382","507","45430","thing","Codenames: Pictures","2","8","15","15","15","2016","4,5,6,7,8","6","8+","No necessary in-game text","","","","","Like New Played Once","standalone","","","","10","USD","2017-08-19","Gen Con","","","Gianna","","","","",""
"Coldwater Crown","200934","6","1","2","0","0","0","0","0","1","0","0","2","Listed in Geekmarket on 11/20/2022 for $20","","Purchased Used.  Played once","","","59448495","6.02675","7.18862","2.2273","3039","1879","thing","Coldwater Crown","1","4","90","90","40","2017","1,2,3,4","2,3","10+","No necessary in-game text","","","","","","standalone","","20","USD","20","USD","2019-04-07","BGG Auction","","Purchased from PanzersEast via BGG Auction

Sold BGG Marketplace $20 on 2023-09-15","Sold","","","","",""
"Collect!","453893","8","1","0","0","0","0","1","0","0","0","1","3","Played at Indy Spiel.  Fun, but max of 5 players","","","","","137026982","5.73194","6.81253","1.2308","5725","1050","thing","Collect!","2","5","30","30","15","2025","2,3,4,5","3,4","8+","No necessary in-game text","","","","","","standalone","","","","","","","","","","","","","","",""
"The Colonists","192836","0","0","0","0","0","0","0","0","1","0","0","3","","","","","","115051885","6.80755","7.53073","4.0635","747","8387","thing","The Colonists","1","4","360","360","30","2016","1,2,3","2","12+","Moderate in-game text - needs crib sheet or paste ups","","","","","","standalone","","35","USD","14","USD","2024-01-14","Traded from jiggity with The Colonists for Venice and Ragusa","1","Price estimated from trade values
9434636105536137092294

Sold for $14 GenCon 2024 Auction","GenCon 2024 Auction / Store","2024-07-31","","","",""
"Commander-In-Chief","96949","5","1","0","1","0","0","0","0","0","0","0","3","","Picked this up at GenCon 2012. It's like a modern war version of chess.  Ok... Not great. ","","","","18134001","0","6.05556","2.75","0","70","thing","Commander-In-Chief","2","4","30","30","30","2011","2","2","","No necessary in-game text","","","","","","standalone","","40","USD","","","2012-08-19","Gen Con","","[2-Resident]
PP Estimate","Wet Bar","","","","",""
"Compile: Main 1","406652","6","1","0","0","0","0","0","0","0","0","0","3","GenCon 2024.  Theme sounds cool.  WEM review didn’t do it for me.  Another card battler.  Might as well keep Sanctuary if I want a game like this

Was just OK…. Played at GenCon 2024 in BGG Hot games Room.  Almost too simple of a battler… maybe the protocols we chose that didn;t give much interaction","","","","","120031394","6.90902","7.80969","2.3636","608","11169","thing","Compile: Main 1","2","2","30","30","20","2024","2","2","12+","Moderate in-game text - needs crib sheet or paste ups","","","","","","standalone","","","","","","","","","","","","","","",""
"Compounded","118174","6","2","0","0","0","0","0","0","1","0","0","3","","One of, if not the first games I ever Kickstarted","Original KS edition from 2013.  Very Good.  Played a few times ","","","36682576","6.13097","6.68559","2.4435","2512","6260","thing","Compounded","2","5","90","90","30","2013","3,4,5","4","12+","Some necessary text - easily memorized or small crib sheet","","","","","","standalone","","42","USD","","","2013-02-17","KS","","Lowered to $10 Geekmarket 2025-07-08
","GenCon Store / Auction 2025","2025-07-08","","","",""
"Compounded: Geiger Expansion","163257","0","0","0","0","0","0","0","0","1","0","0","3","","","Included with base game only","","","31974953","5.60835","6.87553","2.375","0","2011","thing","Compounded: Geiger Expansion","1","5","90","90","30","2015","3,4","4","","Some necessary text - easily memorized or small crib sheet","","","","","","expansion","","20","USD","","","2014-08-31","KS","","In Base Box","GenCon Store / Auction 2025","2025-07-08","","","",""
"Compounded: The Peer-Reviewed Edition","365084","0","1","0","1","0","0","0","0","0","0","0","3","","","","","","95621222","5.53265","6.96102","2","16105","409","thing","Compounded: The Peer-Reviewed Edition","2","5","70","70","45","2023","2,3,4,5","4","10+","","","","","","","standalone","","35","USD","","","2022-10-12","Greater Than Games / Backerkit","","[2-Resident]","","2023-09-15","","","",""
"Comuni","37231","0","0","0","1","1","0","0","0","0","0","0","3","","","","","","123366690","5.86355","6.67652","3.3095","4167","1267","thing","Comuni","2","5","90","90","90","2008","2,3,4,5","4","12+","No necessary in-game text","","","","","","standalone","","1","USD","","","2024-09-18","Indy Spiel","","[5-Exiting]","","2024-09-28","","","",""
"Coral Islands","244305","0","0","0","0","0","0","0","0","0","0","0","4","GenCon 2019 - DEMO
Looks cool. Dice stacking.  Neat colors","","","","","61417478","5.52978","5.94278","2","16748","512","thing","Coral Islands","1","4","45","45","15","2019","1,2,3,4","2","8+","","","","","","","standalone","","","","","","","","","","","","","","",""
"Corgi Pileup","436935","0","0","0","0","0","0","0","0","0","0","0","3","GenCon 2025
Trick Taking with Corgis
BGG Hot Games on Friday","","","","","132948467","5.50859","5.79725","1","23182","233","thing","Corgi Pileup","2","7","20","20","20","2025","3,4,5,6,7","5,6","","","","","","","","standalone","","","","","","","","","","","","","","",""
"La Cosa Nostra","151771","0","0","0","0","0","0","0","0","1","0","0","3","Listed in Geekmarket on 11/20/2022 for $20","","New in Shrink","","","53369149","6.39411","7.54558","2.5833","1606","3880","thing","La Cosa Nostra","3","5","90","90","90","2014","3,4,5","4","16+","Moderate in-game text - needs crib sheet or paste ups","","","","","","standalone","","","","20","USD","2018-08-05","Gen Con","","Sold $20 to TPanzyo via GeekMarket on 12/4/2022","Sold","","","","",""
"Cosmic Encounter Duel","298572","0","0","0","1","0","0","0","1","0","0","0","3","","","","","","114110014","5.8367","6.54796","2.381","4434","4238","thing","Cosmic Encounter Duel","2","2","30","30","30","2020","2","2","12+","Extensive use of text - massive conversion needed to be playable","","","","","","standalone","","6","USD","","","2023-12-28","Miniature Market","","[4-Evaluate]","","2024-01-03","","","",""
"Cosmic Frog","295905","10","6","3","1","0","0","0","0","0","0","0","1","","","","","","66704015","6.27651","7.19742","2.9857","1957","3993","thing","Cosmic Frog","2","6","90","90","45","2020","3,4,5,6","4,5","12+","Moderate in-game text - needs crib sheet or paste ups","","","","","","standalone","","75","USD","","","2020-07-15","Devious Weasel","","[1-Permanent]","","","","","",""
"Cosmic Frog: Devious Pack","419217","0","0","0","1","0","0","0","0","0","0","0","3","","","","","","120678534","0","7.95","0","0","239","thing","Cosmic Frog: Devious Pack","2","6","0","0","0","2024","","","","","","","","","","expansion","","","","","","2024-08-01","GenCon 2024","1","","","2024-08-01","","","",""
"Cosmic Frog: Find Muck","378028","0","0","0","1","0","0","0","0","0","0","0","1","","","","","","107119853","5.54292","7.52857","0","0","740","thing","Cosmic Frog: Find Muck","2","6","90","90","45","2023","","","","Moderate in-game text - needs crib sheet or paste ups","","","","","","expansion","","35","USD","","","2023-08-03","GenCon 2023 Devious Weasal","","","","2023-08-18","","","",""
"Cosmic Frog: Gluttony Pack","419218","0","0","0","0","0","0","0","0","0","0","0","3","","","","","","120678533","0","7.71429","0","0","269","thing","Cosmic Frog: Gluttony Pack","2","6","0","0","0","2024","","","","","","","","","","expansion","","","","","","","","","","","","","","",""
"Cosmoctopus","362020","6","1","2","0","0","0","0","0","0","0","0","3","","","","","","109191949","6.30768","7.17068","2.2456","1844","4987","thing","Cosmoctopus","1","4","90","90","60","2023","2,3,4","2","10+","Some necessary text - easily memorized or small crib sheet","","","","","","standalone","","","","","","","","","","","","","","",""
"Coup","131357","7","3","1","1","0","0","0","0","0","0","0","3","","Fun, quick game to play with the family.  I like the simplicity with the ability to bluff your way to a strategic win. ","","","","29648909","6.83151","6.97518","1.4156","716","93581","thing","Coup","2","6","15","15","15","2012","3,4,5,6","5","10+","Some necessary text - easily memorized or small crib sheet","","","","","","standalone","","11","USD","","","2015-08-06","Amazon","","[2-Resident]
Stored in Coup Rebellion G54 Box","","","","","",""
"Coup: Rebellion G54","148943","8","2","0","1","0","0","0","0","0","0","0","1","","Adds a lot of depth to a previously fun game that got boring with time. The random draw makes so many different combinations that games will be different all the time!  It will take some time to learn all these roles in order to bluff consistently and successfully","","","","30031043","6.29529","6.98159","1.9529","1889","7830","thing","Coup: Rebellion G54","3","6","15","15","15","2014","3,4,5,6","5,6","12+","Moderate in-game text - needs crib sheet or paste ups","","","","","","standalone","","26","USD","","","2015-08-31","","","[2-Resident]
PP Estimate
Stored in Coup Rebellion G54 Box","","","","","",""
"Coup: Reformation","148931","0","0","0","1","0","0","0","0","0","0","0","3","","Not very impressed with this expansion. It doesn't add much to the game","","","","30784508","6.71131","7.25276","1.6025","0","21530","thing","Coup: Reformation","2","10","15","15","15","2013","4,5,6,7,8","6","12+","Some necessary text - easily memorized or small crib sheet","","","","","","expansion","","12","USD","","","2015-10-16","","","PP Estimate
Stored in Coup Rebellion G54 Box","","","","","",""
"Court of the Dead: Mourners Call","248918","0","0","0","0","0","0","0","0","1","0","0","4","
Area control with cool minis and cards; a little scythe, a little Blood Rage","","New in shrink. Trade interest somewhat low.  Would need a significant offer for consideration.","","","61464855","6.11106","7.58212","2.9333","2611","2225","thing","Court of the Dead: Mourners Call","2","5","90","90","90","2019","3,4,5","4","10+","Moderate in-game text - needs crib sheet or paste ups","","","","","","standalone","","65","USD","40","USD","2020-02-08","IndyCon Flea Market","","Sold at May Con 2024 to Tim Aberli timb0t for $40

Listed for Sale on BGG Marketplace for $100 on 2023-01-02

Purchased from Mark Burke (The Chubby Meeple)
(bloominoctober)","Sold to Tim Aberli at MayCon 2024","","The Op Games; Project Raygun","English","2019","Faction of Flesh edition"
"Courtisans","402283","0","0","0","0","0","0","0","0","0","0","0","3","2024 GenCon. Looks interesting and simple
Only plays up to 5.  Seems like others and wouldn;t play much","","","","","120080994","6.61699","7.26065","1.3061","1071","8616","thing","Courtisans","2","5","30","30","20","2024","2,3,4,5","4","8+","Some necessary text - easily memorized or small crib sheet","","","","","","standalone","","","","","","","","","","","","","","",""
"Covenant","429863","0","0","0","0","0","1","1","0","0","0","0","3","2025 Essential 
MvM Preview looked good.  Action Selection.  Dwarves.  
Artwork is meh","","","","","137262372","6.37034","7.70847","3.7156","1667","3301","thing","Covenant","1","4","100","100","100","2025","1,2,3,4","3","14+","No necessary in-game text","","","","","","standalone","","","","","","","","","","","","","","",""
"Craps","10815","10","1","0","0","0","0","0","0","0","0","0","3","","","","","","145754344","5.4326","5.02249","1.7907","30316","240","thing","Craps","1","16","60","60","20","1125","3,4,5,6,7,8,9,10,11,12,13,14,15,16","7,11","10+","Some necessary text - easily memorized or small crib sheet","","","","","","standalone","","","","","","","","","","","","","","",""
"The Crew: Mission Deep Sea","324856","0","0","0","0","0","0","0","0","0","0","0","2","","","","","","88765538","7.80523","8.04624","2.0499","45","51640","thing","The Crew: Mission Deep Sea","2","5","20","20","20","2021","3,4,5","4","10+","Moderate in-game text - needs crib sheet or paste ups","","","","","","standalone","","","","","","","","","","","","","","",""
"The Crew: The Quest for Planet Nine","284083","8","10","0","1","0","0","0","0","0","0","0","3","","","","","","77422949","7.61615","7.75501","1.969","94","93630","thing","The Crew: The Quest for Planet Nine","2","5","20","20","20","2019","3,4,5","4","10+","No necessary in-game text","","","","","","standalone","","10","USD","","","2021-11-05","Trade with Board Game Co","","[3-Transient]
Game(s) From BoardGameCo
-----------------------
1. The Crew: The Quest for Planet Nine
2. Five Tribes

Game(s) From Indywiseguy
-----------------------
1. Rise of Tribes
2. The Grimm Forest
3. Planet
4. Paris
5. Dice Forge","","","","","",""
"Criss Cross","220988","5","2","0","1","0","0","0","0","0","0","0","3","","","","","","107118449","5.72639","6.51808","1.2941","5818","1739","thing","Criss Cross","1","6","10","10","10","2017","1,2,3,4,5,6","2,6","6+","No necessary in-game text","","","","","","standalone","","4","USD","","","2023-06-05","Miniature Market","","[3-Transient]","Lakehouse ","","","","",""
"Crits & Tricks","436907","0","0","0","0","0","0","1","0","0","0","0","3","GenCon 2025 Demo Only
Trick taker with cool D&D Theme

Need to see more info","","","","","133140714","5.58069","7.55947","2","10550","223","thing","Crits & Tricks","1","4","45","45","20","2026","1,2,3,4","3,4","","","","","","","","standalone","","","","","","","","","","","","","","",""
"Crokinole","521","9","1","0","0","0","0","0","0","0","0","0","3","","","","","","77422948","7.79996","8.06616","1.2256","46","20514","thing","Crokinole","2","4","30","30","30","1876","2,4","2,4","6+","No necessary in-game text","","","","","","standalone","","","","","","","","","","","","","","",""
"Crown of Emara","256570","0","0","0","0","0","0","0","0","0","0","0","4","Origins / GenCon 2019 - FOR SALE
Looks ok... worth checking out","","","","","61101909","6.67464","7.34865","3.0481","961","6241","thing","Crown of Emara","1","4","75","75","45","2018","1,2,3,4","3","12+","No necessary in-game text","","","","","","standalone","","","","","","","","","","","","","","",""
"Crusader Kings","253574","0","0","0","0","0","0","0","0","0","0","0","3","Interesting looking mechanisms.  Tokens in bags, card driven, area control, minis.  Board game Kaptain video","","","","","63695453","5.81007","6.81846","3.34","4696","2004","thing","Crusader Kings","1","5","180","180","180","2019","3,4,5","5","14+","Moderate in-game text - needs crib sheet or paste ups","","","","","","standalone","","","","","","","","","","","","","","",""
"Crusaders: Thy Will Be Done","170624","9","3","2","1","0","0","0","0","0","0","0","2","Origins / GenCon 2019 - FOR SALE
Look for deluxe edition with very cool shaped metal coins","","","","","60607548","6.87101","7.47697","2.4771","654","7864","thing","Crusaders: Thy Will Be Done","2","4","60","60","40","2018","2,3,4","3,4","10+","Some necessary text - easily memorized or small crib sheet","","","","","","standalone","","70","USD","","","2019-07-15","BGG Auction (Brian Lewis verballyinsane)","","[2-Resident]","","","Tasty Minstrel Games","English","2018","English deluxified first edition"
"Crusaders: Thy Will Be Done – Divine Influence","289240","0","0","0","0","0","0","0","0","0","0","0","3","Love the base game. Do we need the expansion?","","","","","95223348","5.88224","7.9022","2.75","0","1989","thing","Crusaders: Thy Will Be Done – Divine Influence","2","4","60","60","45","2022","3,4","4","","No necessary in-game text","","","","","","expansion","","","","","","","","","","","","","","",""
"Cry Havoc","192457","0","0","0","0","0","0","0","0","0","0","0","4","Recommended by guy from Texas at Gen Con 2018","","","","","53290925","6.64808","7.08543","3.2972","1012","11110","thing","Cry Havoc","2","4","120","120","60","2016","2,3,4","4","12+","Moderate in-game text - needs crib sheet or paste ups","","","","","","standalone","","","","","","","","","","","","","","",""
"Cryo","330608","7","1","3","0","0","0","0","0","1","0","0","3","Luke Laurie","","","","","81717436","6.32934","7.19125","2.7791","1776","4147","thing","Cryo","2","4","90","90","60","2021","2,3,4","3","12+","Moderate in-game text - needs crib sheet or paste ups","","","","","","standalone","","30","USD","10","USD","2023-05-30","Game Preserve","","Sold for $10 GenCon 2024 Store","GenCon 2024 Auction / Store","2024-07-31","","","",""
"The Cube: Area 51","358460","0","0","0","0","0","0","0","0","0","0","0","3","","","","","","95425715","0","4.40278","0","0","65","thing","The Cube: Area 51","2","4","0","0","0","2022","","","","","","","","","","standalone","","","","","","","","","","","","","","",""
"Cubitos","298069","7","1","2","0","0","0","0","0","0","0","0","3","","","","","","83646607","6.9932","7.35731","2.1682","510","17846","thing","Cubitos","2","4","60","60","30","2021","2,3,4","3,4","8+","Moderate in-game text - needs crib sheet or paste ups","","","","","","standalone","","","","","","","","","","","","","","",""
"Curios","275973","6","1","0","1","0","0","0","0","0","0","0","3","","","","","","77422951","5.70372","6.5406","1.2","6237","1081","thing","Curios","2","5","20","20","15","2019","2,3,4,5","4","8+","No necessary in-game text","","","","","","standalone","","","","","","2024-05-25","May Con Raffle","","[5-Exiting]","","2024-05-25","Alderac Entertainment Group","English","2019","English edition"
"Cuzco","249411","0","0","0","0","0","0","0","0","0","0","0","4","Gencon 2019 - FOR SALE
Place tiles, build temples","","","","","60978949","6.14385","7.41391","2.6462","2455","3240","thing","Cuzco","2","4","90","90","90","2018","2,3,4","3","12+","No necessary in-game text","","","","","","standalone","","","","","","","","","","","","","","",""
"Daimyo: Rebirth of the Empire","237145","7","1","0","0","0","0","0","0","1","0","0","3","KS July 2020
LeBoite de Jeu
Looks like Scythe plus something...","","Very good or better.  Only played once.  Kickstarter edition with miniatures.","","","71822358","5.9788","7.27811","3.2174","3313","2560","thing","Daimyo: Rebirth of the Empire","1","4","90","90","60","2021","1,2,3,4","4","14+","Moderate in-game text - needs crib sheet or paste ups","","","","","","standalone","","79","USD","40","USD","2020-07-20","KS","1","Sold at MayCon 2024 to fury00 Scott McColgin for $25 plus trade for Ubongo Duel for GB

Listed on BGG Marketplace on 2023-01-02 for $70","Sold to Scott McColgin at MayCon 2024","","La Boîte de Jeu","English","2021","English edition"
"The Danes","450923","0","0","0","0","0","0","1","0","0","0","0","3","Crowdfunding in 2026
Feast for Odin Setting

Need more info","","","","","134961793","0","7.96","4","0","9","thing","The Danes","1","4","180","180","90","2027","1,2,3","1,2","12+","","","","","","","standalone","","","","","","","","","","","","","","",""
"DANTE: Inferno","368309","0","0","0","0","0","0","0","0","0","0","0","3","Keep an eye. 
Theme 
Co-op…","","","","","108411087","5.58512","7.51291","3.3","10277","708","thing","DANTE: Inferno","1","4","120","120","90","2025","1,2,3,4","1","","","","","","","","standalone","","","","","","","","","","","","","","",""
"Dark Ages: Heritage of Charlemagne","295535","0","0","0","0","0","0","0","0","0","0","0","3","KS March 2020.  A big 4X game!  WOuld love to play this, but not sure I need to own it...","","","","","69855683","5.96785","7.7867","3.5152","3387","1497","thing","Dark Ages: Heritage of Charlemagne","1","4","180","180","120","2021","1,2,3,4","3,4","12+","Moderate in-game text - needs crib sheet or paste ups","","","","","","standalone","","","","","","","","","","","","","","",""
"Dark Domains","166854","9","1","4","1","0","0","0","0","0","0","0","3","","","","","","54683912","5.80228","7.50975","2.9583","4784","973","thing","Dark Domains","2","5","120","120","120","2019","2,3,4,5","3,4","12+","Moderate in-game text - needs crib sheet or paste ups","","","","","","standalone","","65","USD","","","2018-09-30","KS","","[2-Resident]","","","","","",""
"Dark Domains: Lotus District","395479","0","0","0","0","0","0","0","0","0","1","0","3","","","","","","110010225","0","0","0","0","9","thing","Dark Domains: Lotus District","2","5","120","120","90","2024","","","","","","","","","","expansion","","38","USD","","","2023-09-07","KS","","Backed the v1 Conversion Kit + Lotus Expansion + Tracker Mats (set of 5)","","","","","",""
"Darwin's Journey","322289","0","0","0","1","0","0","0","1","0","0","0","3","","","","","","111347445","7.63167","8.09333","3.8921","89","16968","thing","Darwin's Journey","1","4","120","120","60","2023","1,2,3,4","3","14+","No necessary in-game text","","","","","","standalone","","25","USD","","","2026-04-27","Indy Spiel (Jeff Williams @ScrappedHeap)","","[3-Transient]","","2026-05-15","","","",""
"Darwin's Journey: Collector's Edition","328413","0","0","0","0","0","0","0","0","0","0","0","2","","","","","","110485068","6.69047","8.55675","3.8431","0","4565","thing","Darwin's Journey: Collector's Edition","1","4","120","120","60","2023","1,2,3,4","3","12+","No necessary in-game text","","","","","","standalone","","","","","","","","","","","","","","",""
"Dawn of Mankind","266564","7","1","2","0","0","0","0","0","1","0","0","2","Listed on Geekmarket on 11/20/2022 for $15","","Played Once","","","68823388","5.68294","6.72593","2.25","6689","769","thing","Dawn of Mankind","2","5","60","60","45","2019","2,3,4,5","4,5","10+","Extensive use of text - massive conversion needed to be playable","","","","","","standalone","","26.99","USD","15","USD","2020-03-08","Cardhaus","1","$10 Geekmarket","GenCon Store / Auction 2025 ","2025-07-08","","","",""
"Dead Man's Chest","172837","0","0","0","1","0","0","0","0","0","0","0","3","","","","","","85035675","5.52546","5.84315","1.2143","17796","808","thing","Dead Man's Chest","3","8","30","30","20","2015","3,4,5,6,7,8","4,5,6","12+","No necessary in-game text","","","","","","standalone","","5","USD","","","2021-08-25","KS","","[3-Transient]
Price Paid is estamiated from

6 for the Road Bundle was $49 and contains:

The Mother Road, Route 66
America's Main Street -- 2 new Travel-Size Route 66 Family Games
Sixes, The Portable Party Game for 6-106 Players and Ages
Dead Man's Chest, the Pint-Sized party game
The Pink Cadillac Expansion to Route 66, The Mother Road
The Great Races, an original roll and write game by Sid Sackson","","","","","",""
"Dead Reckoning","276182","0","0","0","0","0","0","0","0","0","0","0","3","John D Clair.  Mechanics look cool.
Set up time?","","","","","72727619","7.13082","8.14271","3.4358","362","7219","thing","Dead Reckoning","1","4","150","150","90","2022","1,2,3,4","3","12+","Moderate in-game text - needs crib sheet or paste ups","","","","","","standalone","","","","","","","","","","","","","","",""
"Dealt!","243430","7","3","1","1","0","0","0","0","0","0","0","3","2020 Summer Preview
Zee Garcia review was lukewarm, but game looks straightforward and fun","","","","","72281783","6.1975","7.02232","1.44","2245","3705","thing","Dealt!","3","5","30","30","30","2018","3,4","4","8+","No necessary in-game text","","","","","","standalone","","10","USD","","","2025-11-03","Geekmarket - Casarmom","","[3-Transent]","","2025-11-07","","","",""
"Deckers","443306","0","0","0","0","0","0","1","0","0","0","1","3","Looks pretty cool.  Essen 2025. Look for some gameplay videos

Co-op","","","","","137466990","6.0917","8.15045","3.7879","2701","2299","thing","Deckers","1","4","90","90","60","2025","1,2,3","1","12+","Moderate in-game text - needs crib sheet or paste ups","","","","","","standalone","","","","","","","","","","","","","","",""
"Decrypto","225694","5","3","2","0","0","0","0","0","0","0","0","3","","","","","","108662321","7.54918","7.76638","1.8268","116","45984","thing","Decrypto","3","8","45","45","15","2018","4,5,6,7,8","4,6","10+","Unplayable in another language","","","","","","standalone","","","","","","","","","","","","","","",""
"Decrypto: 5th Anniversary Edition","225694","5","3","2","1","1","0","0","0","0","0","0","3","","","","","","108491355","7.54918","7.76638","1.8268","116","45984","thing","Decrypto","3","8","45","45","15","2023","4,5,6,7,8","4,6","10+","Unplayable in another language","","","","","","standalone","","24.99","USD","","","2023-07-24","Hachette","","[5-Exiting]","","","Hachette Boardgames USA; Scorpion Masqué","English","2023","English 5th Anniversary edition 2023"
"Deep Regrets","397931","0","0","0","0","0","0","0","0","0","0","0","3","Tom Vasel Most Anticipated 2025 #4
Fishing theme
Karl, Adam D and others have said this is not great","","","","","127643066","6.48036","7.31688","2.3208","1374","8447","thing","Deep Regrets","1","5","150","150","30","2025","1,2,3,4","3","12+","Moderate in-game text - needs crib sheet or paste ups","","","","","","standalone","","","","","","","","","","","","","","",""
"Deep Sea Adventure Boost","427866","6","1","1","1","1","0","0","0","0","0","0","3","","","","","","135007962","5.82871","7.15008","1.0952","0","2034","thing","Deep Sea Adventure Boost","2","6","30","30","30","2024","2,3,4,5,6","4,5","6+","No necessary in-game text","","","","","","standalone","","20","USD","","","2025-07-31","GenCon","","[5-Exiting]","","2025-07-31","","","",""
"DEFCON 1","322354","0","0","0","0","0","0","0","0","0","0","0","3","","","","","","107119787","5.57088","7.55515","3.5789","11291","349","thing","DEFCON 1","2","5","180","180","90","2023","2,3,4,5","5","8–14","Moderate in-game text - needs crib sheet or paste ups","","","","","","standalone","","","","","","","","","","","","","","",""
"Deliverance","273814","0","0","0","0","0","0","0","0","0","0","0","3","KS June 21
Great, different theme 
Not sure I want to back a first time creator
Co-operative… but looks cool.  Gonna pass","","","","","83204542","6.06956","8.33683","3.1091","2820","1476","thing","Deliverance","1","4","120","120","60","2023","1,2,3,4","2,3","12+","Extensive use of text - massive conversion needed to be playable","","","","","","standalone","","","","","","","","","","","","","","",""
"Destinies","285192","0","0","0","0","0","0","0","0","0","0","0","3","KS October 2019
App driven competitive D&D like adventeure. Seems OKish...  Will keep an eye on this over time
TRIAGE","","","","","64452884","7.08155","7.6469","1.919","408","18693","thing","Destinies","1","3","150","150","90","2021","1,2,3","2","10+","Extensive use of text - massive conversion needed to be playable","","","","","","standalone","","","","","","","","","","","","","","",""
"Detective: A Modern Crime Board Game","223321","6","1","0","0","0","0","0","0","1","0","0","2","$10 OctoCon","","","","","52960182","7.16148","7.6071","2.7438","339","24511","thing","Detective: A Modern Crime Board Game","1","5","180","180","120","2018","1,2,3,4","2","16+","Extensive use of text - massive conversion needed to be playable","","","","","","standalone","","","","","","2018-08-02","Gen Con","","Gave to Katelyn and Keegan ","Katelyn","","","","",""
"Dewan","439742","0","0","0","0","0","0","1","0","0","0","0","3","Board Game Ramblings nice review

Surprise of the year 

Light game 4P","","","","","139691844","6.21743","7.36393","2.098","2177","2225","thing","Dewan","2","4","40","40","40","2025","2,3,4","3","10+","No necessary in-game text","","","","","","standalone","","","","","","","","","","","","","","",""
"Diamonds","152162","7","6","2","1","0","0","0","0","0","0","0","3","","","","","","124116762","6.45212","6.85048","1.5611","1446","8367","thing","Diamonds","2","6","30","30","20","2014","3,4,5,6","4,5","6+","No necessary in-game text","","","","","","standalone","","15","USD","","","2024-11-29","Game Preserve","","[2-Resident]","","2024-11-29","","","",""
"Dice Conquest","354866","0","0","0","0","0","0","0","0","0","0","0","3","","","","","","96202626","5.6781","6.90516","1.3571","6817","827","thing","Dice Conquest","1","4","30","30","30","2022","1,2,3","1","","Some necessary text - easily memorized or small crib sheet","","","","","","standalone","","","","","","","","","","","","","","",""
"Dice Flick","299933","0","0","0","0","0","0","0","0","0","0","0","3","Dice flicking...  looks like a quick different game","","","","","77837998","5.57889","6.18278","1.1667","10680","674","thing","Dice Flick","2","4","20","20","10","2021","2,3,4","4","6–16","","","","","","","standalone","","","","","","","","","","","","","","",""
"Dice Forge","194594","6","1","2","0","0","0","0","0","1","0","0","3","","","Only played once.","","","70468654","7.00559","7.2125","1.9724","499","38806","thing","Dice Forge","2","4","45","45","45","2017","2,3,4","4","8+","No necessary in-game text","","","","","","standalone","","35","USD","20","USD","2020-04-16","Cardhaus","1","","Sold","2020-04-16","","","",""
"Dice Miner","310632","7","5","1","1","0","0","0","0","0","0","0","3","KS June 2020
Wait for retail release to see if it looks good
Dice drafting with neat mountain gimmick.","This game is much more fun that it should be!  Really enjoy it.","","","","71771776","6.49157","7.28541","1.625","1355","5798","thing","Dice Miner","1","4","30","30","20","2021","1,2,3,4","2,3","8+","No necessary in-game text","","","","","","standalone","","20","USD","","","2023-02-27","GeekMarket racinrod","","[2-Resident]","","","","","",""
"Dice Realms","288080","0","0","0","0","0","0","0","0","0","0","0","2","Tom Lehman
Worth checking out","","","","","68211248","6.07795","7.10079","2.3889","2777","2317","thing","Dice Realms","1","4","60","60","45","2022","2,3,4","2","8+","Some necessary text - easily memorized or small crib sheet","","","","","","standalone","","","","","","","","","","","","","","",""
"Dice Town","40793","7","2","0","1","0","0","0","0","0","0","0","3","","","","","","142574307","6.5497","6.8748","1.6865","1199","10340","thing","Dice Town","2","5","45","45","45","2009","3,4,5","4,5","8+","Some necessary text - easily memorized or small crib sheet","","","","","","standalone","","","","","","2026-02-12","Gift from Angie’s Pilates Teacher","","[2-Resident]","","2026-02-12","","","",""
"Die Hard: The Nakatomi Heist Board Game","275785","0","0","0","0","0","0","0","0","1","0","0","2","Listed $20 OctoCon (hard to find)","","NIS","","","60978972","5.60129","6.47224","2.25","9356","1210","thing","Die Hard: The Nakatomi Heist Board Game","2","4","90","90","60","2019","2,3,4","4","14+","","","","","","","standalone","","","","35","USD","2019-08-01","GenCon","","Sold via GeekMarket for $35 on 11/11/2022 to timepieces141","Sold","","","","",""
"Disney Villainous: The Worst Takes it All","256382","6","1","0","0","0","0","0","0","1","0","0","1","2018 Gen Con
Reviews really have me intrigued","","","","","53521636","6.67863","6.90872","2.4808","951","54536","thing","Disney Villainous: The Worst Takes it All","2","6","120","120","45","2018","2,3,4","3","10+","Extensive use of text - massive conversion needed to be playable","","","","","Like New Played Once","standalone","","","","15","USD","2018-12-25","Christmas Gift","","Traded on BGG for Castles of Burgundy with snake01515
https://boardgamegeek.com/user/Snake01515","Traded","","","","",""
"A Distant Plain","127518","0","0","0","1","0","0","0","0","0","0","0","3","","","","","","73686628","6.48775","7.79461","3.8766","1359","4810","thing","A Distant Plain","1","4","300","300","180","2013","1,2,3,4","4","14+","Extensive use of text - massive conversion needed to be playable","","","","","","standalone","","55","USD","","","2024-01-15","BGG Marketplace csm916","1","[2-Resident]","","2024-01-20","","","",""
"Distilled","295895","9","3","3","1","0","0","0","0","0","0","0","2","Reviews so far hav been great","","","","","105029443","7.23228","7.75515","3.0313","276","14798","thing","Distilled","1","5","150","150","30","2023","1,2,3,4","3","12+","Moderate in-game text - needs crib sheet or paste ups","","","","","","standalone","","52","USD","","","2025-01-07","GeekMarket - MayberryNut","1","[1-Permanent]
","","2025-01-14","","","",""
"Distilled: Africa & Middle East Expansion","342219","0","0","0","1","0","0","0","0","0","0","0","1","","","","","","136777325","6.16929","8.14466","2.8333","0","6104","thing","Distilled: Africa & Middle East Expansion","1","5","120","120","30","2023","1,2,3,4","2,3","","Extensive use of text - massive conversion needed to be playable","","","","","","expansion","","14","USD","","","2025-10-12","Paverson","","","","2025-10-16","","","",""
"Distilled: Cask Strength","410381","0","0","0","1","0","0","0","0","0","0","0","1","","","","","","136777332","5.85281","8.39771","2.8571","0","2892","thing","Distilled: Cask Strength","1","5","150","150","30","2024","1,2,3,4","3,4","","","","","","","","expansion","","10","USD","","","2025-10-12","Paverson","","","","2025-10-16","","","",""
"Distilled: Cocktails","431123","0","0","0","0","0","0","0","0","0","1","0","3","","","","","","136807253","0","7.13333","0","0","117","thing","Distilled: Cocktails","1","5","150","150","45","2026","","","","","","","","","","expansion","","149","USD","","","2025-09-26","Kickstarter","","Collector's Cask (contains Distilled: Cocktails)
Dice Cocktail Shaker
Metal Player Keys
Acrylic Mixer Tokens
Enamel Metal Washback Tokens
Metal Cocktail Glass Minis
Stainless Steel Cocktail Shaker
Cocktail Umbrellas
Year One Promo Pack","","","","","",""
"Distilled: Promo Pack 1","376295","0","0","0","1","0","0","0","0","0","0","0","1","","","","","","136777334","5.79058","8.11902","3","0","2794","thing","Distilled: Promo Pack 1","1","5","0","0","0","2023","","","","Moderate in-game text - needs crib sheet or paste ups","","","","","","expansion","","5","USD","","","2025-10-12","Paverson","","","","2025-10-16","","","",""
"Djinn","384150","0","0","0","0","0","0","1","0","0","0","0","3","Essen 23","","","","","110582531","5.98904","7.24216","2.9524","3250","1894","thing","Djinn","1","4","90","90","60","2023","1,2,3,4","3","12+","Some necessary text - easily memorized or small crib sheet","","","","","","standalone","","","","","","","","","","","","","","",""
"DNUP","432456","7","1","2","0","0","0","0","0","0","0","0","3","","","","","","139781687","5.84168","7.12853","1.4286","4383","1111","thing","DNUP","2","5","20","20","15","2025","3,4,5","4","8+","No necessary in-game text","","","","","","standalone","","","","","","","","","","","","","","",""
"Dog Park","331401","8","2","2","1","0","0","0","0","0","0","0","3","","","","","","85918188","6.31232","6.87324","2.1618","1825","8850","thing","Dog Park","1","4","80","80","40","2022","1,2,3,4","3,4","10+","Moderate in-game text - needs crib sheet or paste ups","","","","","","standalone","","65","USD","","","2021-09-24","KS","1","[2-Resident]
KS Edition with Famous Dogs and European Dogs add-ons","Angie Game","","","","",""
"Dog Park: European Dogs Expansion","346847","0","0","0","1","0","0","0","0","0","0","0","3","","","","","","107516189","5.67579","7.35803","2","0","2330","thing","Dog Park: European Dogs Expansion","1","4","80","80","40","2022","1,2,3,4","3","8+","Moderate in-game text - needs crib sheet or paste ups","","","","","","expansion","","","","","","2021-09-24","","","","","","","","",""
"Dog Park: Famous Dogs Expansion","346845","0","0","0","1","0","0","0","0","0","0","0","3","","","","","","107516190","5.6735","7.45018","2","0","2320","thing","Dog Park: Famous Dogs Expansion","1","4","80","80","40","2022","1,2,3,4","3","8+","Moderate in-game text - needs crib sheet or paste ups","","","","","","expansion","","","","","","2021-09-24","","","","","","","","",""
"Dog Park: New Tricks","381242","0","0","0","1","0","0","0","0","0","0","0","3","","","","","","107516188","5.61549","7.4384","2.2857","0","1749","thing","Dog Park: New Tricks","1","5","90","90","50","2024","1,3,4,5","1,3","8+","Moderate in-game text - needs crib sheet or paste ups","","","","","","expansion","","35","USD","","","2023-06-20","KS","","","","2024-04-08","","","",""
"Dogs","148083","7","1","2","1","0","0","0","0","0","0","0","3","Dog theme.  Worth checking out if really cheap","","","","","70157546","5.71508","6.85805","2.375","6019","1037","thing","Dogs","2","4","60","60","60","2013","2,3,4","3,4","12+","No necessary in-game text","","","","","","standalone","","20","USD","","","2020-09-18","BGG Trade","","[3-Transient]
Traded Nagaraja for this and Times Square

PP Estimate from trade value

PP Estimate based on price for NagaRaja","Lakehouse","","","","",""
"Dogs With Jobs","422685","8","2","2","1","0","0","0","0","0","0","0","3","","","","","","121962698","5.56237","8.13794","2","12007","583","thing","Dogs With Jobs","2","5","30","30","15","2025","2,3,4,5","4,5","8+","","","","","","","standalone","","45","USD","","","2024-08-07","Kickstarter","","[3-Transient]
Base Game + Utility Board + Gears Expansion + Odd Jobs Expansion + All Stretch Goals","","2025-09-03","","","",""
"Dogs With Jobs","422685","8","2","2","0","0","0","0","0","1","0","0","3","","","","","","134915410","5.56237","8.13794","2","12007","583","thing","Dogs With Jobs","2","5","30","30","15","2025","2,3,4,5","4,5","8+","","","","","","","standalone","","","","","","2025-08-02","GenCon","","Gift from the publisher since the game had delayed delivery to GenCon.  They gave backers a copy since they had some to sell at GenCon and asked that they donate the copy when their reward arrives.

Gifted to Tim Aberli (Board Game Rundown) in the hopes he will do a review","Sold - Indy Spiel","2025-08-02","","","",""
"Dogs With Jobs: Gear","426273","0","0","0","1","0","0","0","0","0","0","0","3","","","","","","121962704","0","9.41667","0","0","232","thing","Dogs With Jobs: Gear","2","5","30","30","15","2025","","","","","","","","","","expansion","","","","","","","","","","","","","","",""
"Dogs With Jobs: Odd Jobs","426271","0","0","0","1","0","0","0","0","0","0","0","3","","","","","","121962707","0","8.75","0","0","237","thing","Dogs With Jobs: Odd Jobs","2","5","30","30","15","2025","","","","","","","","","","expansion","","","","","","","","","","","","","","",""
"Dollars to Donuts","307862","0","0","0","0","0","0","0","0","0","0","0","3","KS July 2020
Looks mildly interesting... would like to play it to see if its a sleeper like Point Salad","","","","","72727134","5.7386","6.93818","1.8","5611","1059","thing","Dollars to Donuts","1","4","45","45","30","2021","1,2,3,4","3","8+","No necessary in-game text","","","","","","standalone","","","","","","","","","","","","","","",""
"Dominion","36218","10","36","3","1","0","0","0","0","0","0","0","3","","By far our favorite family game!  Working on getting the expansions","","","","29473103","7.47427","7.59769","2.3444","145","130595","thing","Dominion","2","4","30","30","30","2008","2,3,4","3","10+","Moderate in-game text - needs crib sheet or paste ups","","","","","","standalone","","28","USD","","","2015-08-06","Amazon","","[1-Permanent]","Art Box","","","","",""
"Dominion: Adventures","171915","0","0","0","0","0","0","0","0","0","0","0","4","","","","","","36079778","7.00013","8.09868","2.7209","0","11682","thing","Dominion: Adventures","2","4","30","30","30","2015","2,3,4","2,3","10+","Extensive use of text - massive conversion needed to be playable","","","","","","expansion","","","","","","","","","","","","","","",""
"Dominion: Alchemy","66098","0","0","0","1","0","0","0","0","0","0","0","4","Erik Angelotti
(airsocgoxcoun)","","","","","32034723","6.58453","6.92128","2.4461","0","21268","thing","Dominion: Alchemy","2","4","30","30","30","2010","2,3,4","3","10+","Extensive use of text - massive conversion needed to be playable","","","","","","expansion","","10","USD","","","2020-02-08","Indy Con Flea Market","","","Art Box","","","","",""
"Dominion: Allies","347307","0","0","0","0","0","0","0","0","0","0","0","3","","","","","","86459247","6.05013","8.21079","2.25","0","3048","thing","Dominion: Allies","2","4","60","60","30","2022","2,3,4","2","10+","Moderate in-game text - needs crib sheet or paste ups","","","","","","expansion","","","","","","","","","","","","","","",""
"Dominion: Cornucopia","90850","0","0","0","0","0","0","0","0","0","0","0","4","","","","","","32034728","7.03439","7.67214","2.3862","0","15547","thing","Dominion: Cornucopia","2","4","30","30","30","2011","2,3,4","3","10+","Extensive use of text - massive conversion needed to be playable","","","","","","expansion","","","","","","","","","","","","","","",""
"Dominion: Dark Ages","125403","0","0","0","0","0","0","0","0","0","0","0","4","","","","","","32034738","7.29012","7.98011","2.7","0","18704","thing","Dominion: Dark Ages","2","4","30","30","30","2012","2,3,4","2,3","10+","Extensive use of text - massive conversion needed to be playable","","","","","","expansion","","","","","","","","","","","","","","",""
"Dominion: Empires","192951","0","0","0","1","0","0","0","0","0","0","0","1","","","","","","36079763","6.99085","8.34641","2.7674","0","9299","thing","Dominion: Empires","2","4","30","30","30","2016","2,3,4","2,3","10+","Moderate in-game text - needs crib sheet or paste ups","","","","","","expansion","","36","USD","","","","","","PP Estimate","Art Box","","","","",""
"Dominion: Guilds","137166","0","0","0","0","0","0","0","0","0","0","0","4","","","","","","72456759","6.83058","7.84782","2.479","0","9863","thing","Dominion: Guilds","2","4","30","30","30","2013","2,3,4","3","10+","Moderate in-game text - needs crib sheet or paste ups","","","","","","expansion","","","","","","","","","","","","","","",""
"Dominion: Hinterlands","104557","0","0","0","0","0","0","0","0","0","0","0","4","","","","","","32034745","7.24581","7.93023","2.5381","0","17744","thing","Dominion: Hinterlands","2","4","30","30","30","2011","2,3,4","3","10+","Moderate in-game text - needs crib sheet or paste ups","","","","","","expansion","","","","","","","","","","","","","","",""
"Dominion: Intrigue","40834","8","1","0","1","0","0","0","0","0","0","0","3","","This definitely takes longer to think through the options on each card. ","","","","32024681","7.501","7.68586","2.4108","133","51405","thing","Dominion: Intrigue","2","6","30","30","30","2009","2,3,4","3","10+","Moderate in-game text - needs crib sheet or paste ups","","","","","","standalone","","24.99","USD","","","","","","[1-Permanent]
PP Estimate","Art Box","","","","",""
"Dominion: Menagerie","298055","0","0","0","0","0","0","0","0","0","0","0","2","","","","","","70915709","6.3702","8.27813","2.6957","0","4519","thing","Dominion: Menagerie","2","4","30","30","30","2020","2,3,4","3","10+","Some necessary text - easily memorized or small crib sheet","","","","","","expansion","","","","","","","","","","","","","","",""
"Dominion: Nocturne","232452","0","0","0","0","0","0","0","0","0","0","0","4","","","","","","72456720","6.44023","7.86561","2.875","0","6295","thing","Dominion: Nocturne","2","4","30","30","30","2017","2,3,4","2","10+","Some necessary text - easily memorized or small crib sheet","","","","","","expansion","","","","","","","","","","","","","","",""
"Dominion: Plunder","369536","0","0","0","0","0","0","0","0","0","0","0","1","","","","","","103447232","6.05073","8.38412","2.5","0","2720","thing","Dominion: Plunder","2","4","30","30","30","2022","2,3,4","2","12+","Extensive use of text - massive conversion needed to be playable","","","","","","expansion","","","","","","","","","","","","","","",""
"Dominion: Prosperity","66690","0","0","3","1","0","0","0","0","0","0","0","3","","","","","","30780136","7.81669","8.22105","2.4724","0","35074","thing","Dominion: Prosperity","2","4","30","30","30","2010","2,3,4","3","10+","Extensive use of text - massive conversion needed to be playable","","","","","","expansion","","31.99","USD","","","","","","","Art Box","","","","",""
"Dominion: Renaissance","257673","0","0","2","1","0","0","0","0","0","0","0","3","","","","","","56856656","6.58939","8.27497","2.4444","0","6283","thing","Dominion: Renaissance","2","4","30","30","30","2018","2,3,4","3","10+","Extensive use of text - massive conversion needed to be playable","","","","","","expansion","","32.95","USD","","","2018-12-25","Christmas Gift","","PP Estimate

Angie’s game","Art Box","","","","",""
"Dominion: Seaside","51811","0","0","0","1","0","0","0","0","0","0","0","3","","Great expansion!  The action-duration cards make the player think!!","","","","32024697","7.65117","8.01358","2.4912","0","35820","thing","Dominion: Seaside","2","4","30","30","30","2009","2,3,4","3","10+","Moderate in-game text - needs crib sheet or paste ups","","","","","","expansion","","42","USD","","","","","","PP Estimate","Art Box","","","","",""
"Don't L.L.A.M.A. Dice","325853","7","3","0","1","0","0","0","0","0","0","0","3","","","","","","77837371","5.94457","6.56733","1.1176","3539","3841","thing","Don't L.L.A.M.A. Dice","2","6","20","20","20","2022","2,3,4,5,6","4","6+","No necessary in-game text","","","","","","standalone","","11.99","USD","","","2022-09-21","CoolStuffInc","","[3-Transient]","","","AMIGO","English","2022","English edition"
"Doomlings","324413","0","0","0","0","0","0","0","0","0","0","0","3","Recommend to me by AC","","","","","99882144","6.03238","6.76587","1.6","3010","8040","thing","Doomlings","2","6","45","45","20","2022","2,3,4,5,6","4","8+","Moderate in-game text - needs crib sheet or paste ups","","","","","","standalone","","","","","","","","","","","","","","",""
"Double Crossing","1654","0","0","0","0","0","0","0","0","1","0","0","3","","","Recevied from an estate auction","","","120278428","5.49726","5.56295","1.2857","26499","302","thing","Double Crossing","2","6","90","60","90","1988","","","5+","Some necessary text - easily memorized or small crib sheet","","","","","","standalone","","","","","","","","","","GenCon Store / Auction 2025","2025-07-08","","","",""
"Downfall","193981","0","0","0","0","0","0","0","0","1","0","0","4","Listed Geekmarket $15 (24 July 2023)","","Acquired via trade.  In Excellent / Like New condition.","","","61051959","5.56391","6.38958","3.8","11865","880","thing","Downfall","3","6","180","180","90","2019","3,4,6","3,4","","Extensive use of text - massive conversion needed to be playable","","","","","Tasty Minstrel Games","standalone","","10","USD","","","2020-01-28","IndyCon Flea Market","1","GenCon 2024 Store - DID NOT SELL","GenCon 2024 Auction / Store","2024-07-31","Tasty Minstrel Games","English","2019","English first edition"
"Downforce","215311","7","2","0","1","0","0","0","0","0","0","0","3","Gen Con 2017","","","","","43574170","6.99215","7.25449","1.7354","513","20454","thing","Downforce","2","6","40","40","20","2017","2,3,4,5,6","3,6","8+","Some necessary text - easily memorized or small crib sheet","","","","","","standalone","","32","USD","","","2017-08-17","Gen Con","","[2-Resident]
PP Estimate","","","","","",""
"Dr. Science","458433","9","1","0","1","0","0","0","0","0","0","0","1","","","","","","138725662","0","7.5","0","0","14","thing","Dr. Science","2","4","30","30","30","2026","","","","","","","","","","standalone","","75","USD","","","2026-02-24","KS","","[1-Permanent]
Early Delivery Tier","","2026-05-16","","","",""
"Draftosaurus","264055","7","1","0","0","0","0","0","0","0","0","0","3","","","","","","77422958","6.8556","7.08125","1.2423","680","27771","thing","Draftosaurus","2","5","15","15","15","2019","2,3,4,5","4","6+","No necessary in-game text","","","","","","standalone","","","","","","","","","","","","","","",""
"Dragon Scrolls","449349","0","0","0","0","0","0","1","0","0","0","1","3","Board Game Rundown - Bob","","","","","145715352","0","7.05714","0","0","8","thing","Dragon Scrolls","2","5","10","10","5","2026","","","","","","","","","","standalone","","","","","","","","","","","","","","",""
"Dragonrealm","272993","7","1","0","0","0","0","0","0","0","0","0","3","","","","","","77422959","5.87975","6.95795","1.6071","4039","3285","thing","Dragonrealm","2","4","30","30","20","2019","2,3,4","4","6+","Moderate in-game text - needs crib sheet or paste ups","","","","","","standalone","","","","","","","","","","","","","","",""
"Dreamworld: An Unconscious Mind Card Game","375215","6","1","2","0","0","0","0","0","1","0","0","3","","","","","","104048569","5.5782","6.62635","1.8333","10729","952","thing","Dreamworld: An Unconscious Mind Card Game","1","4","30","30","20","2024","2,3,4","4","8+","No necessary in-game text","","","","","","standalone","","15","USD","5","USD","2023-02-27","Gamefound Late Pledge","","Sold to John Hines Indy Spiel May 2026
AddOn to Unconscious Mind","Sold - Indy Spiel","2026-05-08","","","",""
"Drinks With Frenemies: Original Edition","259388","0","0","0","1","0","0","0","1","0","0","0","3","","","","","","85724133","0","7.0625","1","0","96","thing","Drinks With Frenemies: Original Edition","3","20","60","60","10","2017","3,4,5,6,7,8,9,10","6,7,8,9,10","","","","","","","","standalone","","20","USD","","","2021-09-16","GenCon 2021","","[4-Evaluate]","Lakehouse","","","","",""
"The Druids of Edora","440007","0","0","0","1","0","0","0","1","0","0","0","3","Feld
Dice Placement","","","","","137353475","6.49787","7.89004","3.0874","1338","3420","thing","The Druids of Edora","2","4","90","90","60","2025","2,3,4","3,4","12+","No necessary in-game text","","","","","","standalone","","36","USD","","","2025-11-21","Ravensburger","","[4-Evaluate]","","2025-11-29","","","",""
"Drunk Stoned or Stupid: A Party Game","193295","0","0","0","0","0","0","0","0","1","0","0","3","","","New in Shrink","","","101013723","5.33256","4.30293","1","30569","1809","thing","Drunk Stoned or Stupid: A Party Game","4","99","30","30","15","2014","4,5,6,7,8,9,10,11","6","16+","Extensive use of text - massive conversion needed to be playable","","","","","","standalone","","0.0001","USD","","","2022-12-19","Christmas Gift from Abby","","$5 Geekmarket","GenCon Store / Auction 2025","2025-07-08","","","",""
"Dry Gulch","1122","0","0","0","0","0","0","0","0","0","0","0","3","","","","","","76565856","5.49459","5.32836","1.875","27086","131","thing","Dry Gulch","3","6","150","150","150","1999","3,4","3,4","","Extensive use of text - massive conversion needed to be playable","","","","","","standalone","","","","","","","","","","","","","","",""
"Duel for Cardia","447243","0","0","0","0","0","0","1","0","0","0","0","3","Looks like a fun, quick 2 player simple battle","","","","","139795443","6.7297","7.51589","1.7692","863","9055","thing","Duel for Cardia","2","2","15","15","15","2025","2","2","10+","Moderate in-game text - needs crib sheet or paste ups","","","","","","standalone","","","","","","","","","","","","","","",""
"Dȗhr: The Lesser Houses","246508","9","1","0","1","0","0","0","0","0","0","0","1","2018 Gen Con","","","","","51169978","5.54177","6.40779","2.6","14440","377","thing","Dȗhr: The Lesser Houses","4","6","30","30","30","2018","4,5,6","6","","","","","","","","standalone","","25","USD","","","2018-08-02","Gen Con","","[2-Resident]","","","","","",""
"Dune: Imperium","316554","9","3","3","1","0","0","0","0","0","0","0","2","","","","","","77251407","8.22132","8.41105","3.0781","6","78048","thing","Dune: Imperium","1","4","120","120","60","2020","1,2,3,4","3,4","12+","Moderate in-game text - needs crib sheet or paste ups","","","","","","standalone","","50","USD","","","2020-12-29","Cardhaus","1","[1-Permanent]","","","","","",""
"Dune: Imperium – Immortality","367466","0","0","0","0","0","0","1","0","0","0","0","2","","","","","","96096593","7.51034","8.54018","3.3265","0","19368","thing","Dune: Imperium – Immortality","1","4","120","120","60","2022","1,2,3,4","3,4","12+","Moderate in-game text - needs crib sheet or paste ups","","","","","","expansion","","","","","","","","","","","","","","",""
"Dune: Imperium – Rise of Ix","342031","0","0","0","1","0","0","0","0","0","0","0","3","Expansion… sure… why not?","","","","","83824006","8.09296","8.80189","3.2337","0","29127","thing","Dune: Imperium – Rise of Ix","1","4","120","120","60","2022","1,2,3,4","3,4","12+","Moderate in-game text - needs crib sheet or paste ups","","","","","","expansion","","40","USD","","","2022-02-11","Cardhaus","","","","","","","",""
"Dungeon Mayhem","260300","6","1","0","1","0","0","0","0","0","0","0","3","GB Recommendation","","","","","74247710","6.3031","6.86407","1.1504","1859","13118","thing","Dungeon Mayhem","2","4","10","10","10","2018","2,3,4","4","6+","Some necessary text - easily memorized or small crib sheet","","","","","","standalone","","9.99","USD","","","2020-09-06","Amazon","","[3-Transient]","","","","","",""
"Dungeons & Dragons Computer Labyrinth Game","4746","0","0","0","0","0","0","1","0","1","0","1","3","","","","","","87809359","5.56621","6.12196","1.7027","11663","834","thing","Dungeons & Dragons Computer Labyrinth Game","1","2","20","20","20","1980","1,2","1","8+","Some necessary text - easily memorized or small crib sheet","","","","","","standalone","","","","","","","","","","","","","","",""
"Dungeons & Dragons: Onslaught","359835","0","0","0","0","0","0","0","0","0","0","0","3","","","","","","95415673","5.61381","7.48975","3","8750","638","thing","Dungeons & Dragons: Onslaught","2","2","90","0","90","2023","2","2","8+","Extensive use of text - massive conversion needed to be playable","","","","","","standalone","","","","","","","","","","","","","","",""
"Dungeons of Infinity","193715","8","1","3","1","0","0","0","0","0","0","0","3","","","","","","59278957","5.65309","7.26923","2.8182","7423","1088","thing","Dungeons of Infinity","1","5","120","120","60","2021","1,2,3,4,5","2","14+","Extensive use of text - massive conversion needed to be playable","","","","","","standalone","","49","USD","","","2019-03-20","Kickstarter","","[2-Resident]
Deep Dungeon
Hide details
One copy of Dungeons of Infinity and all unlocked stretch goals! The game will sell for $59 on the Infinity and More web site after the Kick Starter. Shipping will be charged after the campaign ends when your game is very close to being shipped.","","","","","",""
"DVONN","2346","7","1","0","1","0","0","0","0","0","0","0","2","David Schuth
(mrteacherusa)","","","","","53158394","6.85658","7.44418","2.6491","677","7804","thing","DVONN","2","2","30","30","30","2001","2","2","10+","No necessary in-game text","","","","","","standalone","","10","USD","","","2020-02-23","BGG Trade at IndyCon","1","[1-Permanent]","","","","","",""
"Dwarf","233783","0","0","0","0","0","0","0","0","0","0","0","3","2020 Summer Preview
Very Targi like WP Game, Looks fun
Wouldn’t spend too much on this one though","","","","","71938831","5.5432","6.54919","2","14239","320","thing","Dwarf","1","3","60","60","30","2017","1,2,3","1,2,3","10+","Some necessary text - easily memorized or small crib sheet","","","","","","standalone","","","","","","","","","","","","","","",""
"Dwellings of Eldervale","271055","9","5","3","1","0","0","0","0","0","0","0","1","Kickstarter planned for June 2019","","","","","60430578","7.52096","8.10746","3.2354","128","12787","thing","Dwellings of Eldervale","1","5","150","150","60","2020","1,2,3,4,5","3","12+","Moderate in-game text - needs crib sheet or paste ups","","","","","","standalone","","139","USD","","","","KS","1","[1-Permanent]
PM DONE 2 Oct 2019
Tales will be told of the day you acquired this limited edition and special copy of Dwellings of Eldervale, an epic fantasy worker placement game designed by Luke Laurie. Includes everything in the standard and deluxe editions, plus the limited Legendary Echoes box with 8 more elemental minis and the exciting roars from our minis sound fx - adding a whole new level of fun on your tabletop. Includes all stretch goals. Shipping will be charged after the campaign, please see the shipping section for more details.

INCLUDES:
Dwellings of Eldervale Game
Fearsome Beasts Miniatures Set
Legendary Echoes Miniatures Set
GameTrayz Inside
Custom Wooden Meeples
All Standard Stretch Goals
All Deluxe Stretch Goals
All Legendary Stretch Goals","","","Breaking Games","English","2020","English Legendary edition"
"Earth","350184","0","0","0","0","0","0","0","0","0","0","0","3","","","","","","103974224","7.35566","7.61808","2.9114","210","34932","thing","Earth","1","5","90","90","45","2023","1,2,3,4","2,3","12+","Moderate in-game text - needs crib sheet or paste ups","","","","","","standalone","","","","","","","","","","","","","","",""
"Earth 2053: Tipping Point","367911","0","0","0","0","0","0","1","0","0","0","0","3","Cool balancing board (gimmick?)
But looks different to me.  Keep an eye out for this","","","","","137519794","5.51813","6.19319","3","19966","193","thing","Earth 2053: Tipping Point","1","4","75","75","45","2025","1","1","","","","","","","","standalone","","","","","","","","","","","","","","",""
"Echoes of Time","441850","6","1","2","0","0","0","0","0","1","0","0","2","2025 Essen
Luciani
Card game with sliding tile mechanism","","","","","134197649","6.033","7.21692","2.4722","3008","2209","thing","Echoes of Time","2","4","60","60","30","2025","2,3,4","2","12+","Moderate in-game text - needs crib sheet or paste ups","","","","","","standalone","","60","USD","20","USD","2025-11-01","Geekmarket - posterchild21","","Sold to Tim Aberli $20","Sold - Indy Spiel","2026-05-01","","","",""
"Edge of Darkness","229491","8","2","3","1","0","0","0","0","0","0","0","2","2019 GenCon - FOR SALE
Game is HUGE... card building looks cool, but game is HUGE","","","","","61913817","6.40921","7.45859","3.4694","1563","4711","thing","Edge of Darkness","1","4","120","120","120","2019","1,2,3,4","3","12+","Moderate in-game text - needs crib sheet or paste ups","","","","","","standalone","","120","USD","","","","KS","1","[2-Resident]
Sold extra copy to stealthcobalt for $95","","","","","",""
"Edo","113636","0","0","0","0","0","0","0","0","0","0","0","3","Same designers as Valpo","","","","","107118603","6.15687","7.0159","2.9643","2395","2868","thing","Edo","2","4","60","60","60","2012","2,3,4","4","12+","No necessary in-game text","","","","","","standalone","","","","","","","","","","","","","","",""
"Einstein: His Amazing Life and Incomparable Science","205185","0","0","0","0","0","0","0","0","1","0","0","3","$5 OctoCon","","New.  Never Played","","","52879060","5.6966","6.55567","1.5714","6376","1372","thing","Einstein: His Amazing Life and Incomparable Science","2","4","30","30","15","2017","2,3,4","2","8+","Some necessary text - easily memorized or small crib sheet","","","","","","standalone","","15","USD","","","2018-07-08","Miniature Market","","$7 Geekmarket","GenCon Store / Auction 2025","2025-07-08","","","",""
"Elawa","379625","0","0","0","0","0","1","1","0","0","0","0","3","Goupy - looks like simple set up and play
Essen 23","","","","","110583183","5.83825","6.84372","1.6522","4418","1124","thing","Elawa","2","4","30","30","30","2023","2,3,4","2,3","8+","No necessary in-game text","","","","","","standalone","","","","","","","","","","","","","","",""
"The Emerald Flame","299371","7","3","0","1","0","0","0","1","0","0","0","3","KS June 2020
Clever looking puzzle game.  Puzzles on the KS page pulled me in!","","","","","71776622","5.95313","8.314","3.5385","3475","1693","thing","The Emerald Flame","1","4","540","540","270","2021","1,2,3","2","12+","Unplayable in another language","","","","","","standalone","","86","USD","","","2020-06-06","KS","1","[3-Transient]
PM DONE 29 June 2020 and shipping paid on 14 July 2020

Master alchemists can show off their brilliant skills with a copy of The Emerald Flame, an Apprentice pack, and thank you credit on the Koschei Society website.

INCLUDES:
A copy of The Emerald Flame
Illustrated puzzle postcard
Illustrated prequel puzzle
Enamel pin
Thank you credit on the Koschei Society website
All unlocked stretch goals","","","","","",""
"Emerald Skulls","421762","7","1","2","1","1","0","0","0","0","0","0","2","6 Player
Roll Player Universe","","","","","128050284","5.71488","6.91883","1.9231","6023","1232","thing","Emerald Skulls","1","6","45","45","30","2025","4,5,6","5","12+","Some necessary text - easily memorized or small crib sheet","","","","","","standalone","","20","USD","","","2025-07-11","Cardhaus","","[5-Exiting]
2025 GenCon Pre-Purchase","","2025-07-15","","","",""
"Emerge","387201","0","0","0","0","0","0","0","0","0","0","0","3","Game boy Geek GenCon 23 Preview
Game looks cool… WP, first time designer, Pandasaurus
Adam says it is just OK","","","","","108535324","5.74501","6.83894","2.1333","5518","1186","thing","Emerge","2","4","75","75","75","2023","2,3,4","3","","Some necessary text - easily memorized or small crib sheet","","","","","","standalone","","","","","","","","","","","","","","",""
"Empire of the Stars","279581","10","4","0","1","0","0","0","0","0","0","0","1","","","","","","60429191","5.55669","6.94069","2.8","12519","289","thing","Empire of the Stars","2","4","90","90","60","2021","1,2,3,4","2,3","16+","Moderate in-game text - needs crib sheet or paste ups","","","","","","standalone","","79","USD","","","2020-03-13","KS","1","[1-Permanent]

PM DONE 19 March 2020 
GET IT ALL! Everything you want from a 4X board game - blazing fast play where everyone is involved every turn, all-in combat system, amazing miniatures, 75 technologies, 30 player powers in a beautiful package.

PLUS get ALL of the add-ons at a REDUCED price! That means 50 METAL COINS, ADDITIONAL CUSTOM MINIATURES plus EVERYTHING to add in a 5th player, AND a custom deck for SOLO EVENTS!

INCLUDES:
EMPIRE of the STARS Board Game
70 Custom Spaceship Miniatures
PLUS 5th Player Components
PLUS 50 Metal Coins
PLUS Solo/Event Deck
PLUS ALL KICKSTARTER STRETCH GOALS","","","","","",""
"Empire's End","356952","7","1","2","0","0","0","0","0","1","0","0","3","John Clair.  Interesting reverse bidding mechanism?","","Only played once.  Deluxe edition from Kickstarter with wooden tokens","","","94845055","6.20833","6.92523","2.4177","2205","4397","thing","Empire's End","2","4","60","60","45","2023","2,3,4","3,4","10+","Some necessary text - easily memorized or small crib sheet","","","","","","standalone","","55","USD","40","USD","2022-11-30","KS","","Deluxe edition plus wooden tokens

Listed BGG Marketplace on 2024-08-20 for $40","GeekMarket","2023-10-20","","","",""
"Endeavor: Deep Sea","367966","7","1","4","0","0","0","0","0","0","0","0","3","","","","","","123698855","7.66798","8.21852","2.9275","78","15654","thing","Endeavor: Deep Sea","1","4","120","120","60","2024","1,2,3,4","3","12+","Some necessary text - easily memorized or small crib sheet","","","","","","standalone","","","","","","","","","","","","","","",""
"Endless Winter: Paleoamericans","305096","0","0","0","0","0","0","0","0","0","0","0","3","KS Nov 2020
Looks cool, first time creator","","","","","75840035","7.16083","7.6215","3.3262","340","18200","thing","Endless Winter: Paleoamericans","1","4","120","120","60","2022","1,2,3,4","3","12+","No necessary in-game text","","","","","","standalone","","","","","","","","","","","","","","",""
"Endogenesis: 2nd Edition","301728","0","0","0","0","0","0","0","0","0","0","0","3","KS Reprint March 2020. Passing on the KS, but might keep an eye on this one.  Artwork looks phenomenal.

A lot of rule changes in the 2nd edition... makes me wonder if they rushed an incomplete game to market with first edition?","","","","","69855496","5.5792","7.21387","2","10647","435","thing","Endogenesis: 2nd Edition","1","5","120","120","45","2021","","1,2","","","","","","","","standalone","","","","","","","","","","","","","","",""
"Entropy","462941","0","0","0","0","0","0","1","0","0","0","0","3","2026 GenCon?
Luciani","","","","","145181342","5.55538","7.73433","3.5","12669","32","thing","Entropy","1","4","150","150","90","2026","1,2,3,4","1,3","","","","","","","","standalone","","","","","","","","","","","","","","",""
"Etherstone","412086","0","0","0","0","0","1","1","0","0","0","1","2","Zee says it is Res Arcana like","","","","","136888710","6.21315","7.63614","2.4242","2191","2687","thing","Etherstone","2","4","60","60","30","2025","2,3,4","2","10+","Extensive use of text - massive conversion needed to be playable","","","","","","standalone","","","","","","","","","","","","","","",""
"Ethnos","206718","7","1","2","1","0","0","0","0","0","0","0","3","","","","","","103972818","7.16622","7.45684","2.1091","335","16718","thing","Ethnos","2","6","60","60","45","2017","2,3,4,5,6","4","10+","Some necessary text - easily memorized or small crib sheet","","","","","","standalone","","30","USD","","","2023-03-01","BGG Marketplace dong1343@gmail.com","1","[3-Transient]","","","","","",""
"Euchre","6901","10","2","0","0","0","0","0","0","0","0","0","3","","","","","","135244603","6.23085","6.86975","1.6932","2118","2504","thing","Euchre","2","7","45","45","45","1848","4","4","10+","No necessary in-game text","","","","","","standalone","","","","","","","","","","","","","","",""
"Europe Divided","260147","0","0","0","0","0","0","0","0","0","0","0","3","Almost like TS in Europe after the fall of the Soviet Union
Game to play with Bub","","","","","72299502","5.6979","6.89337","2.7917","6359","973","thing","Europe Divided","2","2","75","75","60","2020","2","2","12+","Moderate in-game text - needs crib sheet or paste ups","","","","","","standalone","","","","","","","","","","","","","","",""
"Europe Engulfed: WWII European Theatre Block Game","6205","0","0","0","0","0","0","0","0","0","0","0","3","blocks and counters... HUGE!","","","","","74043839","6.13955","7.44946","3.745","2476","2387","thing","Europe Engulfed: WWII European Theatre Block Game","2","3","720","720","720","2003","2,3","2,3","16+","Moderate in-game text - needs crib sheet or paste ups","","","","","","standalone","","","","","","","","","","","","","","",""
"Evacuation","382843","0","0","0","0","0","0","0","0","0","0","0","3","Essen 23","","","","","110581944","6.7063","7.47954","3.9761","906","7565","thing","Evacuation","1","4","150","150","60","2023","1,2,3,4","2,3","14+","Some necessary text - easily memorized or small crib sheet","","","","","","standalone","","","","","","","","","","","","","","",""
"Evenfall","396989","0","0","0","0","0","0","0","0","0","0","0","3","MvM Review Essen 23","","","","","110613175","6.62457","7.60783","3.1081","1060","5286","thing","Evenfall","1","4","120","120","60","2023","1,2,3,4","2,3","12+","Extensive use of text - massive conversion needed to be playable","","","","","","standalone","","","","","","","","","","","","","","",""
"Evil Corp","238908","0","0","0","0","0","0","0","0","1","0","0","3","Geekmarket 11/20/2022 for $50","","“Thoroughly Evil Core Edition”. Kickstarter.  Opened but never played","","","52871849","5.4989","6.45","2","26101","81","thing","Evil Corp","2","6","120","120","40","2021","","","","Moderate in-game text - needs crib sheet or paste ups","","","","","","standalone","","63","USD","25","USD","2018-07-14","KS","","Sold to Wesley Pomroy GeekMarket $25 2024-09-05

PM DONE 23 July 2018 
""Thoroughly Evil"" Core Edition
Hide details
Kickstarter special price - worldwide delivery included.

The beautiful and distinctive trapezium-boxed Core Edition of Evil Corp - everything you need to 'Save the World'.

INCLUDES:
Core game
All unlocked stretch goals
Special Funder's early access to future expansions
""Thoroughly Evil Funder"" citation in the Evil Corp Hall of Fame","Sold GeekMarket","2024-09-05","","","",""
"Excalibur","434172","10","3","0","0","0","0","0","0","0","0","0","3","2026 Gen Con?
Deduction game, plays 6
Swords","","","","","145182994","5.84538","7.37712","1.0833","4351","2028","thing","Excalibur","2","8","25","25","15","2026","4,5,6,7,8","6","5–10","","","","","","","standalone","","","","","","","","","","","","","","",""
"Excalibur","434172","10","3","0","1","0","0","0","0","0","0","0","3","","","","","","145534323","5.84538","7.37712","1.0833","4351","2028","thing","Excalibur","2","8","25","25","15","2026","4,5,6,7,8","6","5–10","","","","","","","standalone","","90","USD","","","2026-05-15","Geekmarket","","[1-Permanent]","","2026-05-22","Roxley","English","2026","English Collector's edition"
"Excavation Earth","292126","0","0","0","0","0","0","0","0","0","0","0","3","KS April 2020
Looks interesting.  Would like to play sometime, but don;t think we would play it much at 2 players.","","","","","70353604","6.13717","7.10915","3.8077","2490","3830","thing","Excavation Earth","1","4","120","120","30","2021","1,2,3,4","3,4","12+","Some necessary text - easily memorized or small crib sheet","","","","","","standalone","","","","","","","","","","","","","","",""
"EXIT: The Game – The Forgotten Island","215841","0","0","0","0","0","0","0","0","1","0","0","3","","","","","","119602441","6.34677","6.86347","2.625","1719","7757","thing","EXIT: The Game – The Forgotten Island","1","4","90","90","45","2017","1,2,3","2","12+","Unplayable in another language","","","","","","standalone","","","","","","2024-05-25","MayCon Raffle Prize","","Gave to Gianna","Gave to Gianna","2024-05-27","","","",""
"Expancity","201846","7","2","0","0","0","0","0","0","1","0","0","4","2018 Gen Con
GB might like this","","Only played twice.  In Like New Condtion. Purchased at GenCon 2018","","","52716944","5.78469","6.89445","2","4987","960","thing","Expancity","2","4","90","90","60","2018","2,3,4","3","8+","","","","","","","standalone","","60","USD","20","USD","2018-08-02","Gen Con","","Sold to Brian Current Indy Spiele 2024 for $20
PP Estimate
Listed on BGG Marketplace on 2024-08-20 for $50","Sold - Indy Spiel","2024-09-27","","","",""
"The Expanse Board Game","220792","8","1","0","1","0","0","0","0","0","0","0","2","","","","","","52624115","6.22248","7.16129","2.8182","2159","3246","thing","The Expanse Board Game","2","4","60","60","60","2017","3,4","4","12+","Extensive use of text - massive conversion needed to be playable","","","","","","standalone","","41.56","USD","","","2018-07-05","Amazon","","[2-Resident]","","","","","",""
"The Expanse Boardgame: Doors and Corners","262112","0","0","0","1","0","0","0","0","0","0","0","1","","","","","","55461379","5.66932","7.7033","3","0","1164","thing","The Expanse Boardgame: Doors and Corners","2","4","60","60","60","2019","3,4","4","12+","Extensive use of text - massive conversion needed to be playable","","","","","","expansion","","35","USD","","","2020-10-12","BGG Trade with Scott Srpurgeon","","Traded Oceans for this and LotR FotR Deck Builder

PP Estimate","","","","","",""
"Expeditions","379078","8","2","3","1","0","0","0","0","0","0","0","3","","","","","","103408759","7.10929","7.62437","3.0621","378","16230","thing","Expeditions","1","5","90","90","60","2023","1,2,3","3","12+","Moderate in-game text - needs crib sheet or paste ups","","","","","","standalone","","69","USD","","","2023-02-10","Stonemaier","1","[2-Resident]
Ordered plastic Mech edition with metal coins","","2023-07-11","Stonemaier Games","English","2023","English standard edition"
"Expeditions: Around the World","223","0","0","0","0","0","0","0","0","0","0","0","3","TtR vibe to it but different enough","","","","","119827100","6.02975","6.72879","1.9774","3028","2539","thing","Expeditions: Around the World","2","6","45","45","30","1996","2,3,4,5","3","8+","Some necessary text - easily memorized or small crib sheet","","","","","","standalone","","","","","","","","","","","","","","",""
"Exploding Kittens","172225","7","3","0","1","0","0","0","0","0","0","0","3","","","","","","44876240","5.88572","6.06963","1.0804","3992","93484","thing","Exploding Kittens","2","5","15","15","15","2015","3,4,5","4,5","8+","Some necessary text - easily memorized or small crib sheet","","","","","","standalone","","12","USD","","","","Gen Con","","[2-Resident]
PP Estimate","","","","","",""
"Exploding Kittens: Imploding Kittens","204053","4","1","0","1","0","0","0","0","0","0","0","3","","","","","","45062598","6.40745","6.97574","1.1017","0","22868","thing","Exploding Kittens: Imploding Kittens","2","6","15","0","15","2016","3,4,5,6","4,5","8+","Some necessary text - easily memorized or small crib sheet","","","","","","expansion","","12","USD","","","","Amazon","","PP Estimate","","","","","",""
"Explorers of Navoria","371932","7","1","2","1","0","0","0","1","0","0","0","3","","","","","","114870373","6.49449","7.48584","2.2637","1348","5365","thing","Explorers of Navoria","2","4","80","80","40","2024","2,3,4","3","10+","No necessary in-game text","","","","","","standalone","","69","USD","","","2024-01-11","Kickstarter","","[3-Transient]
Backed the Explorer Pledge
Base Game plus Expansion","","2024-10-08","","","",""
"Explorers of Navoria: Forgotten Lands","411026","0","0","0","1","0","0","0","0","0","0","0","3","","","","","","114870390","5.83111","7.70483","2.7143","0","2825","thing","Explorers of Navoria: Forgotten Lands","1","5","80","80","40","2024","1,2,3,4,5","3","10+","No necessary in-game text","","","","","","expansion","","","","","","2024-01-11","Kickstarter","","Backed the Explorer Pledge
Base Game plus Expansion","","2024-10-08","","","",""
"Ezra and Nehemiah","386368","8","1","0","0","0","0","0","0","0","0","0","3","","","","","","135244651","7.02436","8.14566","3.8447","476","6754","thing","Ezra and Nehemiah","1","4","120","120","90","2024","1,2,3,4","3","12+","No necessary in-game text","","","","","","standalone","","","","","","","","","","","","","","",""
"Fae","249670","8","3","0","0","0","0","0","0","1","0","0","5","Geekmrket 11/20/2022 $20","","","","","52780719","5.758","6.64375","1.8","5339","1181","thing","Fae","2","4","30","30","30","2018","2,3,4","3","8+","No necessary in-game text","","","","","Like New ","standalone","","","","15","USD","2018-08-03","Gen Con","","Gave to Katelyn and Keegan","Katelyn","","","","",""
"Faeries & Magical Creatures","385245","6","1","2","0","0","0","0","0","1","0","0","3","","","Kickstarter Faeries & Magical Creatures Premium Game including premium components. Premium components are: Plastic Faerie Kinship Tokens, XL Color-printed Wooden Starting Player Faerie Token, 3-D Miniature Faeries Player/Scoring tokens, Tarot sized Player Starting & Faerie Cards, and Silk Cinch Bag.","","","107332485","5.56796","6.57524","2","11537","481","thing","Faeries & Magical Creatures","2","4","60","60","30","2023","2,3,4","3","12+","","","","","","","standalone","","89","USD","55","USD","2023-06-13","KS","","Sold on BGG Marketplace for $55 2023-04-12

For Sale BGG Marketplace 2024-03-22 $55 
Kickstarter Edition","Sold","2024-03-22","Forbidden Games; University Games","English","2023","English edition"
"Fairy Trails","288775","0","0","0","0","0","0","0","0","0","0","0","3","2020 Summer Preview
Tile laying 2 player only","","","","","71938957","5.67519","6.10686","1.1935","6885","1788","thing","Fairy Trails","1","2","20","20","15","2020","2","2","6+","No necessary in-game text","","","","","","standalone","","","","","","","","","","","","","","",""
"Faiyum","318983","8","1","3","1","0","0","0","1","0","0","0","3","All You Can Board Top 50 made me interested in this

Artwork is awful","","","","","90432594","6.59105","7.46355","3.0687","1122","4779","thing","Faiyum","1","5","140","140","110","2020","2,3,4,5","4","12+","No necessary in-game text","","","","","","standalone","","30","USD","","","2023-05-30","Game Preserve","","[4-Evaluate]","","","","","",""
"The Fall of Kingdoms","419086","7","1","0","0","0","0","0","0","0","0","0","3","","","","","","145754347","5.51282","6.90062","2.1111","21757","187","thing","The Fall of Kingdoms","2","7","40","40","20","2024","2,3,4,5,6,7","4,5,6","10","","","","","","","standalone","","","","","","","","","","","","","","",""
"Fall of the Mountain King","334829","0","0","0","0","0","0","0","0","0","0","0","3","Heptarchy!  Fun game but doubt Angie and I would ever play.","","","","","82729414","5.89634","7.26614","3.4828","3906","2384","thing","Fall of the Mountain King","1","5","90","90","60","2022","1,2,3,4","3","12+","Moderate in-game text - needs crib sheet or paste ups","","","","","","standalone","","99","USD","","","2021-06-05","KS","1","","","","","","",""
"Fall of the Mountain King (Kickstarter Edition)","371956","0","0","0","1","0","0","0","1","0","0","0","3","","","","","","98777658","5.62637","7.40058","3.6667","0","802","thing","Fall of the Mountain King (Kickstarter Edition)","1","5","90","90","60","2022","2,3,4","3","12+","","","","","","","standalone","","99","USD","","","2022-06-05","KS","","[3-Transient]","","","","","",""
"Fallout Shelter: The Board Game","293889","0","0","0","0","0","0","0","0","0","0","0","3","Top 10 - Roy and Zee
All of DT guys hype this game","","","","","77250095","6.54107","7.22233","2.0278","1225","7870","thing","Fallout Shelter: The Board Game","2","4","90","90","60","2020","2,3,4","3","10+","Some necessary text - easily memorized or small crib sheet","","","","","","standalone","","","","","","","","","","","","","","",""
"La Famiglia: The Great Mafia War","367517","0","0","0","0","0","0","0","0","0","0","0","3","Interested but 4 players will limit me","","","","","96461654","6.52975","7.97319","3.9926","1255","3067","thing","La Famiglia: The Great Mafia War","4","4","180","180","120","2023","4","4","14+","Some necessary text - easily memorized or small crib sheet","","","","","","standalone","","","","","","","","","","","","","","",""
"Family Business","170","4","1","0","0","0","0","0","0","0","0","0","3","","","","","","83343444","5.83592","6.07677","1.3178","4438","6838","thing","Family Business","2","6","30","30","30","1982","3,4,5,6","5,6","8+","Some necessary text - easily memorized or small crib sheet","","","","","","standalone","","","","","","","","","","","","","","",""
"Family Guy: Mouth full of BLANKS","211895","0","0","0","1","0","0","0","0","0","0","0","1","","","","","","59735742","0","1.5","0","0","31","thing","Family Guy: Mouth full of BLANKS","4","99","30","0","30","2016","","","","","","","","","","expansion","","2.5","USD","","","2019-06-05","Miniature Market","","","Lakehouse","","","","",""
"Family Guy: Quagmire Card Pack","211897","0","0","0","1","0","0","0","0","0","0","0","1","","","","","","59735744","0","5","0","0","45","thing","Family Guy: Quagmire Card Pack","4","99","30","0","30","2016","","","","","","","","","","expansion","","2.5","USD","","","2019-06-05","Miniature Market","","","Lakehouse","","","","",""
"Family Guy: Stewie's Sexy Party Game","182834","5","1","0","1","0","0","0","0","0","0","0","1","","","","","","59735739","0","3.93529","0","0","91","thing","Family Guy: Stewie's Sexy Party Game","4","99","30","0","30","2016","","","","","","","","","","standalone","","10.5","USD","","","2019-06-05","Miniature Market","","[2-Resident]","Lakehouse","","","","",""
"Famous 500: The World's Smallest Car Racing Game","124759","0","0","0","1","0","0","0","0","0","0","0","2","","","","","","138092964","5.53211","6.38023","1.4545","16239","260","thing","Famous 500: The World's Smallest Car Racing Game","2","2","30","30","30","2012","2","2","","","","","","","","standalone","","5","USD","","","2025-11-03","Geekmarket - Casarmom","","[1-Permanent]","","2025-11-07","","","",""
"Fantasy Brewers","448371","0","0","0","0","0","0","1","0","0","0","1","3","Essen 2025 Stella and Tarrant
Brewing in Orctober Fest","","","","","137591563","0","6.30714","2","0","61","thing","Fantasy Brewers","2","4","90","90","60","2025","2,3","3","","","","","","","","standalone","","","","","","","","","","","","","","",""
"Faraway","385761","8","8","2","1","0","0","0","0","0","0","0","2","Zee Top 10 Big Games in Small boxes
Sounds like it has an interesting different scoring mechanism - score cards in reverse at the end","","","","","113981534","7.26458","7.5407","1.9387","259","32148","thing","Faraway","2","6","30","30","15","2023","2,3,4,5","3","10+","No necessary in-game text","","","","","","standalone","","20","USD","","","2024-05-27","Cardhaus","1","[2-Resident]","","2024-05-29","","","",""
"Faraway: People From Below","425029","0","0","0","1","0","0","0","0","0","0","0","3","","","","","","137704964","6.27936","7.82567","1.9091","0","7708","thing","Faraway: People From Below","2","7","25","25","25","2024","2,3,4,5,6","2,4","6+","No necessary in-game text","","","","","","expansion","","10","USD","","","2025-10-23","Geekmarket - Shannyn_north@yahoo.com","","Added to Base Game","","","","","",""
"Faux•Cabulary","89898","8","2","0","1","0","0","0","0","0","0","0","2","Roll dice to make a word to go with a definition. Looks fun","","","","","82949590","5.51414","5.77451","1.1111","21316","444","thing","Faux•Cabulary","3","7","30","30","20","2011","5,6,7","6","6+","Unplayable in another language","","","","","","standalone","","20","USD","","","2023-07-27","BGG atarilynx","","[1-Permanent]
","","2023-08-03","","","",""
"Faux•Cabulary: Expansion 1","112387","0","0","0","1","0","0","0","0","0","0","0","2","","","","","","108605134","0","6.40741","1","0","81","thing","Faux•Cabulary: Expansion 1","3","7","0","0","0","2012","","","","","","","","","","expansion","","5","USD","","","2023-07-27","BGG atarilynx","","","","2023-08-03","","","",""
"Faux•Cabulary: Expansion 2","112388","0","0","0","1","0","0","0","0","0","0","0","2","","","","","","108605136","0","6.34091","1","0","65","thing","Faux•Cabulary: Expansion 2","3","7","0","0","0","2012","","","","","","","","","","expansion","","5","USD","","","2023-07-27","BGG atarilynx","","","","2023-08-03","","","",""
"Federation","345868","0","0","0","0","0","0","0","0","0","0","0","3","Tom Top 10 of 2022.  Colorful Euro game.  Lots of tracks. Heavy euro.

Review videos have actually dropped this game for me","","","","","100869717","6.83434","7.82333","3.7485","714","4758","thing","Federation","2","4","120","120","60","2022","2,3,4","4","14+","No necessary in-game text","","","","","","standalone","","","","","","","","","","","","","","",""
"Feya's Swamp","438442","0","0","0","0","0","0","1","0","0","0","0","3","Essen 2025
Big complex game I think
Gaia Project Designers
Civ with some fishing theme","","","","","134197564","6.08057","7.60427","3.1569","2760","1919","thing","Feya's Swamp","2","4","100","100","80","2025","2,3,4","4","12+","No necessary in-game text","","","","","","standalone","","","","","","","","","","","","","","",""
"Fiction","380439","0","0","0","0","0","0","0","0","1","0","0","3","Wordle-like according to DT Reviews","","","","","113473627","5.80715","6.61267","1.7143","4719","2521","thing","Fiction","2","8","20","20","20","2023","2,3,4,5","3","10+","Extensive use of text - massive conversion needed to be playable","","","","","","standalone","","10","USD","","","2024-01-13","BGG Marketplace starwarsgirl ","1","1ZB8C753YW10392504
$4 Geekmarket 2025-07-08","GenCon Store / Auction 2025","2025-07-08","","","",""
"Fields of Arle","159675","0","0","0","0","0","0","0","0","0","0","0","3","","","","","","73486107","7.59222","8.02215","3.847","102","19034","thing","Fields of Arle","1","2","120","120","60","2014","1,2","2","12+","Some necessary text - easily memorized or small crib sheet","","","","","","standalone","","","","","","","","","","","","","","",""
"Fight 5","448488","5","1","1","0","0","0","0","0","1","0","0","3","","","","","","134842309","5.53265","6.26577","1","16106","377","thing","Fight 5","2","5","15","15","10","2025","3,4,5","4","8+","","","","","","","standalone","","25","USD","","","2025-07-31","GenCon","2","2 Copies for $25.  Gave deluxe to Bub and Rossella and Standard to G&Mikey","","","","","",""
"Finspan","436126","7","1","2","0","0","0","0","0","0","0","0","3","","","","","","139781638","7.04446","7.68058","2.3202","454","15356","thing","Finspan","1","5","60","60","45","2025","1,2,3,4","2,3","10+","Some necessary text - easily memorized or small crib sheet","","","","","","standalone","","","","","","","","","","","","","","",""
"First Empires","353304","0","0","0","0","0","0","0","0","0","0","0","3","Zee Top 10 surprises 2022 had me interested.  Sand Castle Games did Res Arcana

Does it play well at 2p?  Need to look into it","","","","","100793143","5.86811","6.81327","2.0667","4142","1811","thing","First Empires","2","5","60","60","45","2022","2,3,4,5","5","12+","Some necessary text - easily memorized or small crib sheet","","","","","","standalone","","","","","","","","","","","","","","",""
"First Rat","347703","0","0","0","0","0","0","0","0","0","0","0","3","Seems like some interesting worker placement mechanisms worth checking out","","","","","101075732","6.83842","7.51009","2.2721","708","7578","thing","First Rat","1","5","75","75","30","2022","1,2,3,4,5","3,4","10+","No necessary in-game text","","","","","","standalone","","","","","","","","","","","","","","",""
"Fish Flip","321835","8","2","1","1","0","0","0","0","0","0","0","3","","","","","","78343261","0","7.5","1","0","6","thing","Fish Flip","2","2","30","30","10","2021","","","","","","","","","","standalone","","17.99","USD","","","","Game Crafter","1","[2-Resident]","Lakehouse","","","","",""
"Fishing","419195","6","1","0","1","1","0","0","0","0","0","0","3","Trick taking… plays up to 5","","","","","126678617","6.53928","7.22835","1.8906","1228","7372","thing","Fishing","3","5","60","60","40","2024","3,4,5","4","8+","No necessary in-game text","","","","","","standalone","","16.49","USD","","","2025-01-03","Cardhaus","1","[5-Exiting]","","2025-01-10","","","",""
"Five Tribes: The Djinns of Naqala","157354","9","4","2","1","0","0","0","0","0","0","0","3","","","","","","79130798","7.60772","7.76418","2.839","97","59891","thing","Five Tribes: The Djinns of Naqala","2","4","80","80","40","2014","2,3,4","2","12+","No necessary in-game text","","","","","","standalone","","52","USD","","","2021-11-05","Trade with Board Game Co","","[2-Resident]
Game(s) From BoardGameCo
-----------------------
1. The Crew: The Quest for Planet Nine
2. Five Tribes

Game(s) From Indywiseguy
-----------------------
1. Rise of Tribes
2. The Grimm Forest
3. Planet
4. Paris
5. Dice Forge

PP Estimate","","","","","",""
"Flamecraft","336986","0","0","0","0","0","0","0","0","0","0","0","3","","","","","","97482630","7.0902","7.37104","2.184","398","45393","thing","Flamecraft","1","5","60","60","60","2022","1,2,3,4,5","3","8+","Moderate in-game text - needs crib sheet or paste ups","","","","","","standalone","","","","","","","","","","","","","","",""
"Flamme Rouge","199478","7","1","0","0","0","0","0","0","0","0","0","3","","","","","","77422877","7.21592","7.47669","1.7015","289","25698","thing","Flamme Rouge","2","4","45","45","30","2016","2,3,4","4","8+","No necessary in-game text","","","","","","standalone","","","","","","","","","","","","","","",""
"Flash!","138748","3","9","0","1","0","0","0","0","0","0","0","3","","","","","","21604653","5.50588","5.66353","1","24111","834","thing","Flash!","2","6","10","10","10","2013","2,3,4,5,6","4,5,6","6+","No necessary in-game text","","","","","","standalone","","15","USD","","","","","","[3-Transient]
PP Estimate","","","","","",""
"Flip 7","420087","8","11","0","1","0","0","0","0","0","0","0","3","","","","","","121743143","6.98436","7.21489","1.0255","520","50541","thing","Flip 7","3","18","20","20","20","2024","3,4,5,6,7,8","5,6","6+","Some necessary text - easily memorized or small crib sheet","","","","","","standalone","","","","","","2024-08-01","GenCon 2024","1","[1-Permanent]
Promotional Edition - Free with Purchase from The Op","","2024-08-01","The Op Games","English","2024","English Promotional edition"
"Flip 7","420087","8","11","0","1","0","0","0","0","0","0","0","3","","","","","","125976372","6.98436","7.21489","1.0255","520","50541","thing","Flip 7","3","18","20","20","20","2024","3,4,5,6,7,8","5,6","6+","Some necessary text - easily memorized or small crib sheet","","","","","","standalone","","14","USD","","","2024-11-29","Game Preserve","","[1-Permanent]
Big Box version","","2024-11-29","The Op Games","English","2024","English first edition"
"Flip Ships","223215","6","1","0","0","0","0","0","0","1","0","0","3","GenCon 2017","","","","","43565018","6.22982","6.97987","1.4211","2120","4054","thing","Flip Ships","1","4","45","45","30","2017","1,2,3,4","3,4","6+","Moderate in-game text - needs crib sheet or paste ups","","","","","Like New Played Once","standalone","","","","15","USD","2017-08-17","Gen Con","","Currently for Sale on IndyCon 2020 Flea Market $15

Sold for $10 to BGG User Jrtolf (Jerry Wilkinson)","Sold","","","","",""
"FLOE","363204","0","0","0","0","0","0","1","0","0","0","0","3","Gen Con 2026","","","","","145178108","5.54582","7.20103","2.963","13836","182","thing","FLOE","1","4","90","90","60","2026","2,3,4","3","","Moderate in-game text - needs crib sheet or paste ups","","","","","","standalone","","","","","","","","","","","","","","",""
"Florence","317411","0","0","0","0","0","0","0","0","0","0","0","3","Already have Ragusa and Venice (still unplayed), so...","","","","","79752650","5.66258","6.89673","3.0909","7182","1225","thing","Florence","1","5","80","80","40","2022","1,2,3,4,5","4","14+","Some necessary text - easily memorized or small crib sheet","","","","","","standalone","","","","","","","","","","","","","","",""
"The Fog: Escape from Paradise","298086","7","1","2","1","0","0","0","1","0","0","0","2","Looks different and straightforward.  2024 Origins","","","","","119794875","5.67733","7.39026","2.2857","6833","560","thing","The Fog: Escape from Paradise","1","4","75","75","45","2024","1,2,3,4","3,4","10+","No necessary in-game text","","","","","","standalone","","85","USD","","","2024-08-01","GenCon 2024","","[3-Transient]","","2024-08-01","Grand Gamers Guild; XOLLOX Games","English; German","2024","Grand Gamers Guild edition"
"The Fog: Escape from Paradise – Uncertainty Expansion","416831","0","0","0","1","0","0","0","0","0","0","0","3","","","","","","121742893","0","7.83333","0","0","224","thing","The Fog: Escape from Paradise – Uncertainty Expansion","0","0","0","0","0","2024","","","","","","","","","","expansion","","","","","","2024-08-01","GenCon 2024","","In Base Game Box","","2024-08-01","","","",""
"Foothills","270538","0","0","0","0","0","0","0","0","0","0","0","3","MeepleTown Top 50","","","","","73373832","5.91219","6.90942","2.8","3771","2608","thing","Foothills","2","2","30","30","30","2019","2","2","10+","Some necessary text - easily memorized or small crib sheet","","","","","","standalone","","","","","","","","","","","","","","",""
"Forbidden Island","65244","0","0","0","0","0","0","0","0","0","0","0","4","Removed from Wishlist - No Longer Interested","","","","","36079717","6.64096","6.7495","1.7402","1028","101170","thing","Forbidden Island","2","4","30","30","30","2010","1,2,3,4","4","8+","Some necessary text - easily memorized or small crib sheet","","","","","","standalone","","","","","","","","","","","","","","",""
"Forbidden Sky","245271","0","0","0","0","0","0","0","0","0","0","0","4","2018 Gen Con
Electrical circuits?
Removed from Wishlist - No Longer Interested","","","","","53003046","6.01183","6.36205","2.5231","3111","12217","thing","Forbidden Sky","2","5","60","60","60","2018","1,2,3,4,5","3,4","8+","Some necessary text - easily memorized or small crib sheet","","","","","","standalone","","","","","","","","","","","","","","",""
"Forest Shuffle","391163","7","5","2","1","0","0","0","0","0","0","0","3","","","","","","113097193","7.45468","7.72945","2.2113","153","39019","thing","Forest Shuffle","2","5","60","60","40","2023","2,3,4","2","10+","Moderate in-game text - needs crib sheet or paste ups","","","","","","standalone","","23.99","USD","","","2023-12-28","Miniature Market","","[2-Resident]","","2024-01-03","","","",""
"Forest Shuffle: Alpine","412576","0","0","0","1","0","0","0","0","0","0","0","1","","","","","","119897948","7.05083","8.19963","2.0612","0","15115","thing","Forest Shuffle: Alpine","2","5","60","60","60","2024","2,3,4","2","10+","Moderate in-game text - needs crib sheet or paste ups","","","","","","expansion","","12.99","USD","","","2024-06-28","Amazon","","","","2024-07-01","","","",""
"Forest Shuffle: Dartmoor","438402","7","2","2","1","0","0","0","0","0","0","0","3","GenCon 2025 Pre-Release","","","","","133624277","6.56979","7.69069","2.283","1164","5275","thing","Forest Shuffle: Dartmoor","2","5","60","60","60","2025","2,3,4","2,3","10+","Moderate in-game text - needs crib sheet or paste ups","","","","","","standalone","","28","","","","2025-07-31","GenCon","","[2-Resident]","","2025-07-31","","","",""
"Forever Home","385999","6","2","2","1","0","0","0","0","0","0","0","3","","","","","","105685173","5.83965","6.67288","1.8276","4402","1984","thing","Forever Home","1","5","45","45","20","2023","1,2,3,4,5","2","8+","No necessary in-game text","","","","","","standalone","","35","USD","","","2023-04-18","Birdwood Games Preorder","","[3-Transient]","Angie Game","2023-10-14","","","",""
"Forges of Ravenshire","367833","8","2","3","1","0","0","0","0","0","0","0","2","2023 Origins Preview.  Looks cool, but feels like Mechants of the Dark Road","","","","","107049435","5.83474","7.58526","2.8667","4446","1134","thing","Forges of Ravenshire","1","4","100","100","50","2024","1,2,3,4","2","10+","","","","","","","standalone","","60","USD","","","2024-08-07","Cardhaus","1","[2-Resident]","","2024-08-30","","","",""
"Formula D","37904","0","0","0","1","0","0","0","1","0","0","0","3","","","","","","145009923","6.78661","6.98445","1.9643","774","28248","thing","Formula D","2","10","60","60","60","2008","3,4,5,6,7,8,9,10","5,6,7,8","8+","No necessary in-game text","","","","","","standalone","","20","USD","","","2026-04-28","Indy Spiel","","[4-Evaluate]
Purchased Indy Spiel May 2026 from Chris R (Indyboi)","","2026-05-15","","","",""
"Formula Motor Racing","635","0","0","0","0","0","0","0","0","0","0","0","3","","","","","","97121778","5.91798","6.4097","1.1878","3734","2440","thing","Formula Motor Racing","3","6","20","20","20","1995","3,4,5,6","6","8+","Some necessary text - easily memorized or small crib sheet","","","","","","standalone","","","","","","","","","","","","","","",""
"Fort","296912","8","3","2","1","0","0","0","1","0","0","0","3","Leder Games. Nuff said","","","","","71144997","6.76003","7.05688","2.4456","818","22233","thing","Fort","2","4","40","40","20","2020","2,3,4","3","10+","Some necessary text - easily memorized or small crib sheet","","","","","","standalone","","30","USD","","","2020-07-21","Leder Games","1","[3-Transient]","","","","","",""
"Fort: Cats & Dogs Expansion","341066","0","0","0","1","0","0","0","0","0","0","0","1","","","","","","83545071","5.9953","7.47448","2.625","0","5370","thing","Fort: Cats & Dogs Expansion","2","4","40","40","20","2021","2,3,4","3,4","10+","Extensive use of text - massive conversion needed to be playable","","","","","","expansion","","10.5","USD","","","2021-12-24","Cardhaus","","","","","","","",""
"Foundations of Rome","284189","8","5","2","1","0","0","0","0","0","0","0","2","KS Jan 2020","","","","","67951976","7.20557","8.02837","2.02","300","7035","thing","Foundations of Rome","1","5","90","90","60","2022","2,3,4,5","4","10+","Moderate in-game text - needs crib sheet or paste ups","","","","","","standalone","","200","USD","","","2022-12-25","Christmas Gift","","[1-Permanent]
Angie bought from Patrick and Julia Olmsted and surprise me with a Christmas gift","","","","","",""
"Foundations of Rome: Monuments Expansion","357304","0","0","0","1","0","0","0","0","0","0","0","3","","","","","","102019472","5.87332","8.46527","2","0","2345","thing","Foundations of Rome: Monuments Expansion","1","5","90","90","60","2022","1,2,3,4,5","2,3,4,5","12+","","","","","","","expansion","","0.001","USD","","","","","","Included in Emporer Pledge","","","","","",""
"Foundations of Rome: Roads of Fortune","368342","0","0","0","1","0","0","0","0","0","0","0","3","","","","","","101888778","5.68782","8.07694","2","0","2230","thing","Foundations of Rome: Roads of Fortune","1","5","90","90","60","2024","3,4,5","4,5","14+","Moderate in-game text - needs crib sheet or paste ups","","","","","","expansion","","35","USD","","","2023-01-05","","","[1-Permanent]
Add-Ons:  Extra metal coins, Metal First Playe Marker, and Stacking Scoring Cubes","","","","","",""
"Fountains","440509","6","1","2","0","0","0","0","0","0","0","0","3","GenCon 2025
Looks like a clever little puzzly game
Played at GenCon 2025. Not a fan. Player colors suck balls. Too much work to put the fucking thing away.","","","","","132978821","5.84757","7.3942","2.1429","4322","1319","thing","Fountains","1","5","45","45","30","2025","2,3,4,5","3,4","10+","No necessary in-game text","","","","","","standalone","","","","","","","","","","","","","","",""
"The Four Doors","447687","0","0","0","0","0","0","0","0","0","0","0","3","GenCon 2025
Cooperative, but sounds kinda cool","","","","","132946600","5.59246","6.81553","1.8","9829","605","thing","The Four Doors","1","5","30","30","30","2025","2,3,4","1,2","","","","","","","","standalone","","","","","","","","","","","","","","",""
"Four Horsemen","368540","0","0","0","0","0","0","0","0","0","0","0","3","GenCon 2023 Demo only.  
Theme and art really looks awesome

Coop game…. ","","","","","108010576","5.559","7.89895","3","12303","183","thing","Four Horsemen","1","4","120","120","60","2025","1,2,3,4","3","12+","Moderate in-game text - needs crib sheet or paste ups","","","","","","standalone","","","","","","","","","","","","","","",""
"Four Humours","313093","0","0","0","0","0","0","0","0","0","0","0","3","GenCon 2023 - Zee Garcia review
Looks fun and different","","","","","107949541","5.72809","6.74395","2.1739","5790","1068","thing","Four Humours","1","6","60","60","45","2022","2,3,4,5","3,4","10+","No necessary in-game text","","","","","","standalone","","","","","","","","","","","","","","",""
"The Fox Experiment","368432","7","2","2","0","0","0","0","0","1","0","0","3","","Rating based on a couple plays at 2-player.  Rating is lower due to clunkiness of the automa required for 2-player.  Note that it got easier after the first play… but would prefer a simpler way to play 2-player.  Also, this game feels like it takes a lot of set up / tear down time for what the game is.  I want to experiment with different ways to store it to make this aspect easier.  It is fun though!","English KS Edition acquired directly from KS with 5/6 Player Expansion, neoprene mats, deluxe components all included in base game box","","","97666105","6.57235","7.31859","2.5784","1158","7399","thing","The Fox Experiment","1","4","60","60","60","2023","1,2,3,4","3,4","10+","Some necessary text - easily memorized or small crib sheet","","","","","","standalone","","100","USD","75","USD","2022-09-11","KS","1","All In Pledge includes 5/6 player expansion, deluxe components, and neoprene playmats.  All stored in base game box

Listed on BGG Marketplace for 2024-08-20 for $75

Sold to Leonard Spadavecchia GeekMarket on 2024-08-25 for $75","GeekMarket - Sold","2024-08-25","Pandasaurus Games","English","2023","English Kickstarter edition"
"The Fox Experiment: 5-6 Player Expansion","382069","0","0","0","0","0","0","0","0","1","0","0","3","","","","","","112936094","5.59811","7.62523","2","0","1380","thing","The Fox Experiment: 5-6 Player Expansion","5","6","60","60","60","2023","2,3,4,5,6","5","","Some necessary text - easily memorized or small crib sheet","","","","","","expansion","","","","","","2022-09-11","","","Deluxe KS components packed into base game box

Sold on GeekMarket with Base game","GeekMarket - Sold","2024-08-25","Pandasaurus Games","English","2023","English edition"
"Freaky Frogs From Outaspace","385833","6","4","2","1","1","0","0","0","0","0","0","3","","","","","","113736633","5.68676","7.02158","2.2","6610","1036","thing","Freaky Frogs From Outaspace","1","1","50","50","25","2023","1","1","12+","No necessary in-game text","","","","","","standalone","","","","","","2023-12-20","Gift from Ross","","[5-Exiting]","","2023-12-20","","","",""
"Frenzy Falls","463629","0","0","0","0","0","0","1","0","0","0","0","3","GenCon 2026
Monique and Naveen Preview
6 Players","","","","","145181033","0","6.03077","0","0","40","thing","Frenzy Falls","2","6","45","45","30","2026","","","","","","","","","","standalone","","","","","","","","","","","","","","",""
"Freshwater Fly","262540","7","1","2","1","0","0","0","1","0","0","0","3","","","","","","59448416","6.08273","7.1479","2.377","2745","2937","thing","Freshwater Fly","1","4","90","90","40","2019","1,2,3,4","1,2,3","10+","No necessary in-game text","","","","","","standalone","","69","USD","","","2019-09-06","","","[3-Transient]","","2019-09-06","","","",""
"Friend or Faux: A Game of Ridiculously Revealing Questions","227019","5","1","0","0","0","0","0","0","1","0","0","3","Listed $5 OctoCon","","Opened, never played","","","52403550","0","4.68","0","0","122","thing","Friend or Faux: A Game of Ridiculously Revealing Questions","2","99","90","90","30","2017","","","","","","","","","","standalone","","15.49","USD","","","2018-08-05","Gen Con","","PP Estimate
$7 Geekmarket 2025-07-08","Geekmarket","2025-07-08","","","",""
"From the Moon","353745","7","1","4","0","0","0","0","0","1","0","0","3","","","Deluxe KS Edition.  Only played once.","","","104337567","5.81323","7.40108","3.4667","4661","1214","thing","From the Moon","1","4","90","90","90","2024","2,3","3","10+","No necessary in-game text","","","","","","standalone","","70","USD","60","USD","2023-03-07","KS","","61290985572527714931

Sold Geekmarket 17 April 2026 Shane HD","Sold Geekmarket (Shane HD)","2026-04-17","La Boîte de Jeu","English","2024","English deluxe edition"
"Fromage","384213","6","4","2","0","0","0","0","0","1","0","0","3","","","KS Deluxe edition","","","110164496","7.07846","7.67987","2.375","411","10956","thing","Fromage","1","4","45","45","30","2024","1,2,3,4","4","12+","Some necessary text - easily memorized or small crib sheet","","","","","","standalone","","49","USD","","","2023-09-12","KS","1","Deluxe Edition
Sold $60 Geekmarket - Mauriciogdantas 12/17/2024 ","Sold","2024-11-14","","","",""
"Fun Facts","370164","6","2","0","0","0","0","0","0","1","0","0","3","","","","","","101013693","6.36664","7.0213","1.0339","1674","5747","thing","Fun Facts","4","8","30","30","30","2022","4,5,6,7,8","6,7,8","8+","Extensive use of text - massive conversion needed to be playable","","","","","","standalone","","20","USD","5","USD","2022-12-19","Christmas Gift from Abby","","Sold for $5 at Indy Spiel 2025","Sold - Indy Spiel","2025-05-14","","","",""
"Furnace","318084","7","2","0","0","0","0","0","0","1","0","0","3","DT Mike DeLisio Top 10 Surprises
Engine building","","","","","77221001","7.08104","7.38516","2.3213","409","19969","thing","Furnace","2","4","60","60","30","2020","2,3,4","3,4","10+","Some necessary text - easily memorized or small crib sheet","","","","","","standalone","","35","USD","15","USD","","GenCon 2021","","","Sold to Jon Bertelsman for Meetup at GenCon 2024","","","","",""
"Furnace Duel","435861","0","0","0","0","0","0","1","0","0","0","0","3","GenCon 2025
Liked the original, but didnt play well at 2... so duel!","","","","","133345337","5.57428","7.57172","2.5","11025","188","thing","Furnace Duel","2","2","60","60","30","2025","2","2","12+","No necessary in-game text","","","","","","standalone","","","","","","","","","","","","","","",""
"FUSE","171273","8","4","1","1","0","0","0","1","0","0","0","3","Real time dice roller","","","","","56454715","6.66175","6.98159","1.6628","987","13947","thing","FUSE","1","5","10","10","10","2015","1,2,3,4,5","4","8+","No necessary in-game text","","","","","","standalone","","22.5","USD","","","2019-06-05","Miniature Market","","[2-Resident]","","","","","",""
"FYFE","353150","7","4","2","1","0","0","0","0","0","0","0","3","Angie wants this","","","","","96556793","5.98199","6.96682","2.0889","3296","2559","thing","FYFE","2","5","45","45","30","2022","1,2,3,4,5","2,4","10+","No necessary in-game text","","","","","","standalone","","35.99","USD","","","2022-08-09","MM Preorder and Cardhaus Order","","[2-Resident]","Angie Game","","","","",""
"Gadget Builder","443547","0","0","0","0","0","0","0","0","0","0","0","3","Tom Lehman
Wish it played 6 instead of 5","","","","","133223483","5.53463","6.61221","1.6667","15686","173","thing","Gadget Builder","2","5","0","0","0","2025","2,3,4,5","4","10+","No necessary in-game text","","","","","","standalone","","","","","","","","","","","","","","",""
"Gaia Project","220308","9","1","4","0","0","0","0","0","0","0","0","3","","","","","","103900328","8.08816","8.3516","4.4018","13","38712","thing","Gaia Project","1","4","150","150","60","2017","1,2,3,4","3,4","14+","No necessary in-game text","","","","","","standalone","","","","","","","","","","","","","","",""
"Galactic Cruise","391137","10","2","4","1","0","0","0","0","0","0","0","3","","","Kickstarter Future CEO Edition (includes Base Game, Advancements and Accommodations Expansions, and Deluxe Bits)","","","117765402","7.54591","8.31173","3.9744","119","11109","thing","Galactic Cruise","1","4","150","150","90","2025","1,2,3,4","3","14+","Moderate in-game text - needs crib sheet or paste ups","","","","","","standalone","","129","USD","","","2024-03-28","KS","","[2-Resident]
Future CEO Level
-Base Game
-Advancements Expansion
-Accommodations Expansion
-Deluxe Bits","","2025-02-19","","","",""
"Galactic Cruise: Accommodations","414976","0","0","0","1","0","0","0","0","0","0","0","3","","","","","","117765405","5.85578","8.4489","4.1818","0","4027","thing","Galactic Cruise: Accommodations","1","4","150","150","90","2025","2,3,4","3","14+","No necessary in-game text","","","","","","expansion","","","","","","2024-03-28","KS","","Included with Base Game (Future CEO Pledge)","","2025-02-19","","","",""
"Galactic Cruise: Advancements","414974","0","0","0","1","0","0","0","0","0","0","0","3","","","","","","117765408","5.82331","8.29729","3.9","0","3908","thing","Galactic Cruise: Advancements","1","4","150","150","90","2025","2,3,4","3","14+","Moderate in-game text - needs crib sheet or paste ups","","","","","","expansion","","","","","","2024-03-28","KS","","Included with Base Game (Future CEO Pledge)","","2025-02-19","","","",""
"Galactic Emperor","27463","0","0","0","0","0","0","0","0","0","0","0","3","","","","","","63513902","5.91353","6.59376","2.9034","3760","1378","thing","Galactic Emperor","3","6","90","90","90","2008","3,4,5,6","4","12+","Some necessary text - easily memorized or small crib sheet","","","","","","standalone","","","","","","","","","","","","","","",""
"Galactic Warlords: Battle for Dominion","223767","0","0","0","0","0","0","0","0","0","0","0","4","Essen 2018 - Sam Healy Review has me intrigued","","","","","55461240","5.56038","7.1045","3","12201","263","thing","Galactic Warlords: Battle for Dominion","1","4","90","90","30","2018","2,3,4","2,3","12+","Some necessary text - easily memorized or small crib sheet","","","","","","standalone","","","","","","","","","","","","","","",""
"Galileo Galilei","393333","7","2","3","1","0","0","0","0","0","0","0","2","GenCon 2025
Tomas Holek - SETI","","","","","132915826","6.67387","7.63996","3.0224","964","5457","thing","Galileo Galilei","1","4","100","100","50","2024","1,2,3,4","3","12+","No necessary in-game text","","","","","","standalone","","48","USD","","","2025-07-11","Cardhaus","","[2-Resident]
2025 GenCon Pre-Purchase","","2025-07-15","","","",""
"Galileo Galilei: Luna","446834","0","0","0","0","0","0","1","0","0","0","1","3","","","","","","135097646","5.61424","8.02066","3","0","1057","thing","Galileo Galilei: Luna","1","4","60","60","60","2025","1,2,3,4","2","","","","","","","","expansion","","","","","","","","","","","","","","",""
"Galileo's Truth","451676","0","0","0","0","0","0","1","0","0","0","1","2","Brasini & Gigli
Deckbuilding and Worker Placement","","","","","137591533","0","8.13326","3.6667","0","2","thing","Galileo's Truth","1","4","120","120","90","2026","","","","","","","","","","standalone","","","","","","","","","","","","","","",""
"Gambler","4123","7","1","0","0","0","0","0","0","1","0","0","3","One of my favorite childhood games","","","","","72874756","5.51097","5.68263","1.1333","22385","771","thing","Gambler","2","4","45","45","45","1975","3,4","4","8+","Moderate in-game text - needs crib sheet or paste ups","","","","","","standalone","","0.00001","USD","","","","","","","","","","","",""
"The Game Makers","447776","0","0","0","0","0","0","1","0","0","0","0","3","GenCon / Essen 2025
Theme looks cool
Hahn gave a good review after GenCOn Demo","","","","","135097505","5.69195","7.04456","2.9048","6493","109","thing","The Game Makers","1","6","90","90","60","2026","2,3,4,5","3","10+","No necessary in-game text","","","","","","standalone","","","","","","","","","","","","","","",""
"A Game of Thrones: The Card Game (Second Edition)","169255","0","0","0","0","0","0","0","0","1","0","0","3","","","","","","98945053","6.77314","7.48406","3.5325","799","10083","thing","A Game of Thrones: The Card Game (Second Edition)","2","4","120","120","60","2015","2,3,4","2","14+","Extensive use of text - massive conversion needed to be playable","","","","","","standalone","","10","USD","15","USD","2022-10-21","Dave Koch at OctoCon","","Sold for $12 on GeekMarket (2023-07-15)","Sold","","","","",""
"The Gang","411567","7","9","0","1","0","0","0","0","0","0","0","2","GenCon 2024. Cooperative poker???  Could be interesting.","","","","","120207405","7.10799","7.56022","1.5924","382","16895","thing","The Gang","3","6","20","20","20","2024","4,5,6","5","12+","Some necessary text - easily memorized or small crib sheet","","","","","","standalone","","12.95","USD","","","2025-01-07","Amazon","1","[2-Resident]","","2025-01-15","","","",""
"GAP","370130","6","1","0","0","0","0","0","0","0","0","0","3","Looks ok. Would play it. But feels very light and boring","","","","","107951382","5.67387","6.24643","1.2","6916","1875","thing","GAP","2","6","10","10","10","2022","2,3,4,5,6","3","6+","No necessary in-game text","","","","","","standalone","","","","","","","","","","","","","","",""
"Genotype: A Mendelian Genetics Game","252752","0","0","0","0","0","0","0","0","1","0","0","3","","","Includes Deluxe components","","","88647556","6.50014","7.41071","2.7841","1329","6406","thing","Genotype: A Mendelian Genetics Game","1","5","90","90","45","2021","1,2,3,4,5","3,4","12+","No necessary in-game text","","","","","","standalone","","39.99","USD","15","USD","2023-10-10","Amazon Prime Day","","Sold Indy Spiel May 2026$15 John Hines

Deluxe component add on","Sold - Indy Spiel","2026-05-15","Genius Games","English","2021","English second standard edition"
"Gentes: Deluxified Edition","249703","0","0","0","0","0","0","0","0","0","0","0","4","Origins / GenCon 2019 - FOR SALE
Looks complex (3.36) - action selection / civ","","","","","61052019","6.46279","7.65677","3.2241","0","4035","thing","Gentes: Deluxified Edition","1","4","120","120","75","2018","1,2,3,4","3,4","14+","No necessary in-game text","","","","","Game Brewer, Spielworxx, Tasty Minstrel Games","standalone","","","","","","","","","","","","","","",""
"GG","188576","5","1","0","0","0","0","0","0","1","0","0","3","$10 OctoCon","Pretty mindless simple game of rock, paper, scissors with a twist of small, medium, and big rocks, papers, or scissors. Decent quick family game.","Wooden Box Deluxe KS edition","","","34763016","5.4802","5.06667","1.4","29006","243","thing","GG","2","6","0","0","0","2016","2,4","2","","No necessary in-game text","","","","","","standalone","","47","USD","7","USD","2016-01-10","KS","","Sold for $7 GenCon 2024 Auction","GenCon 2024 Auction / Store","2024-07-31","","","",""
"Ghost Star","262624","0","0","0","0","0","0","0","0","0","0","0","4","Kickstarter (KS has some controversy around it... so wait for retail!)
TRIAGE","","","","","59006850","5.46229","1.17742","1","29863","19","thing","Ghost Star","1","1","60","60","30","0","","","","","","","","","","standalone","","","","","","","","","","","","","","",""
"The Gilded Realms","397099","0","0","0","1","0","0","0","1","0","0","0","3","Looks cool.  Not sure what the gameplay is.
First time creator on KS????

Adam owned in previously and sold it.  He gave it a 7 rating.

Look to buy off of Geekmarket","","","","","112378295","5.63498","7.37035","3.1429","7961","551","thing","The Gilded Realms","1","4","120","120","90","2025","1,2,3,4","1","","","","","","","","standalone","","75","USD","","","2025-10-01","Indy Spiel","","[4-Evaluate]","","2025-10-03","","","",""
"GIPF","527","9","5","0","1","0","0","0","0","0","0","0","2","David Schuth
(mrteacherusa)","","","","","53158391","6.427","7.071","2.7555","1510","5851","thing","GIPF","2","2","60","60","30","1996","2","2","8+","No necessary in-game text","","","","","","standalone","","10","USD","","","2020-02-23","BGG Trade at IndyCon","","[1-Permanent]","","","","","",""
"Gladius","285232","6","2","0","0","0","0","0","0","1","0","0","3","Listed $10 OctoCon","","Like New.  Only played once","","","69692838","5.67815","6.87851","1.7143","6815","1203","thing","Gladius","2","5","30","30","20","2021","2,3,4,5","3,4","8+","Moderate in-game text - needs crib sheet or paste ups","","","","","","standalone","","25","USD","5","USD","2020-03-15","KS","1","Sold at Indy Spiel 2024 for $5 to Andrew Garrison

Listed on BGG Marketplace for $10 on 2024-01-27
PM DONE 20 April 2020 
Get a copy of Gladius and more!

? Shipping charged after the campaign ends - see shipping section for details.

INCLUDES:
Gladius - Kickstarter Edition
Kickstarter Promo Cards
Gladius - Print and Play
All Unlocked Stretch Goals","Sold - Indy Spiel","2024-09-27","","","",""
"Glen More II: Chronicles","265188","8","3","3","1","0","0","0","0","0","0","0","3","Video play throughs now have me very intrigued.
Enjoyed my first play at IndyCon... ","","","","","69103263","7.36065","7.85528","3.006","207","15089","thing","Glen More II: Chronicles","2","4","120","120","90","2019","2,3,4","3","12+","No necessary in-game text","","","","","","standalone","","44","USD","","","2020-07-06","Gamenerdz","1","[2-Resident]","","","","","",""
"Glen More II: Chronicles – Highland Games","313646","0","0","0","1","0","0","0","0","0","0","0","3","","","","","","73639528","6.01613","8.2796","3.2308","0","3987","thing","Glen More II: Chronicles – Highland Games","1","4","120","120","45","2021","1,2,3,4","3","12+","Some necessary text - easily memorized or small crib sheet","","","","","","expansion","","42","USD","","","2020-08-16","KS","","","","","","","",""
"Glitch Squad","358807","0","0","0","0","0","0","0","0","1","0","0","3","2023 GenCon
Very light Turing Machine-like game
Looks OK…ish","","","","","107120032","5.53937","6.61206","1.5","14821","236","thing","Glitch Squad","4","8","15","15","10","2023","4,6","4","","","","","","","","standalone","","10","USD","","","2024-01-13","BGG Marketplace starwarsgirl","1","1ZB8C753YW10392504
$7 Geekmarket 2025-07-08","GenCon Store / Auction 2025","2025-07-08","","","",""
"Glom","385415","0","0","0","0","0","0","0","0","0","0","0","3","Looks like a good team building game","","","","","106480559","5.5069","6.07593","2.6667","23780","122","thing","Glom","1","6","20","20","5","2023","","","","","","","","","","standalone","","","","","","","","","","","","","","",""
"Glory: A Game of Knights","206757","0","0","0","0","0","0","0","0","1","0","0","3","Listed on GeekMarket on July 28, 2023 ($60)
KS Dec 2019","","Like New. Opened, punched and never played. 

Kickstarter Deluxe version that includes the game, all unlocked stretch goals, exclusive phase marker and full set of 24 metal coins.","","","66516023","5.9883","7.46077","2.8235","3257","1506","thing","Glory: A Game of Knights","1","4","120","120","45","2021","1,2,3,4","4","12+","No necessary in-game text","","","","","","standalone","","69","USD","60","USD","2019-12-08","KS","1","Sold for $60 on 28 July 2023 to 	kubaman on BGG Marketplace

PM DONE 14 March 2020
Get Deluxe version of Glory.

Shipping not included - please check the shipping section for details

INCLUDES:
one copy of the game
all unlocked stretch goals
exclusive phase marker
full set of 24 metal coins","Sold","","","","",""
"Glow","275044","7","1","0","0","0","0","0","0","1","0","0","3","","","","","","111362701","6.3019","6.95476","2.0814","1864","6112","thing","Glow","2","4","45","45","45","2021","2,3,4","3","10+","No necessary in-game text","","","","","","standalone","","10","USD","","","2023-10-15","BGG Auction drAsher25","","$25 Geekmarket 2025-07-08","GenCon Store / Auction 2025","2025-07-08","","","",""
"Gnome Hollow","332885","5","1","0","0","0","0","0","0","1","0","0","2","","","Contains Deluxe Bits Upgrade
Only played once","","","120678519","6.02252","6.92672","2.4667","3063","3131","thing","Gnome Hollow","2","4","60","60","45","2024","2,3","3","10+","No necessary in-game text","","","","","","standalone","","75","USD","20","USD","2024-08-01","GenCon 2024","1","Sold $20 Indy Spiel Fall 2025 John Hines
Listed $40Indy Spiel 2025
Deluxe Bits Upgrade

$30 Geekmarket 2025-07-08","Sold - Geekmarket","2025-09-21","","","",""
"Go F**k Yourself","451638","4","1","1","1","0","0","0","0","0","0","0","3","","","","","","139091134","0","6.09762","1","0","143","thing","Go F**k Yourself","2","6","15","15","5","2025","","","","","","","","","","standalone","","","","","","2025-11-26","Gift from Rossella","","[3-Transient]","","2025-11-26","","","",""
"The Godfather: A New Don","195742","0","0","0","0","0","0","0","0","1","0","0","3","$5 OctoCon","","Opened, never played","","","54683774","5.562","6.48364","2","12049","282","thing","The Godfather: A New Don","3","6","45","45","45","2016","3,4","3","8+","","","","","","","standalone","","18","USD","5","USD","2018-10-02","Miniature Market","","Sold for $5 to bryanspellman at MayCon 2024","Sold at MayCon 2024","","","","",""
"The Godfather: An Offer You Can't Refuse","175219","0","0","0","0","0","0","0","0","1","0","0","3","$5 OctoCon","","Opened, never played","","","52357662","0","4.4225","2","0","187","thing","The Godfather: An Offer You Can't Refuse","5","20","60","60","60","2015","3,4,5,6,7,8,9,10,11,12,13,14,15,16,17,18,19,20","7,8,9,10","","","","","","","","standalone","","8","USD","5","USD","2018-05-28","Miniature Market","","Sold for $5 to bryanspellman at MayCon 2024","Sold at MayCon 2024","","","","",""
"The Godfather: Corleone's Empire","195539","9","2","0","1","0","0","0","0","0","0","0","1","","Love the theme and the game play mechanic!","","","","39977716","7.04407","7.53115","2.6438","456","12355","thing","The Godfather: Corleone's Empire","2","5","90","90","60","2017","2,3,4,5","4","14+","Moderate in-game text - needs crib sheet or paste ups","","","","","","standalone","","50","USD","","","","","","[1-Permanent]
PP Estimate","","","","","",""
"The Godfather: Last Family Standing","365634","0","0","0","1","0","0","0","1","0","0","0","3","","","","","","95400144","5.49788","5.79726","1.8","26344","511","thing","The Godfather: Last Family Standing","3","6","30","30","30","2022","3,4,5,6","5,6","","","","","","","","standalone","","4.99","USD","","","2023-06-05","Amazon","","[4-Evaluate]","Lakehouse ","","","","",""
"Godspeed","286160","0","0","0","0","0","0","0","0","0","0","0","3","Kickstarter September 2019
Worker Placement in alternate space exploration setting. Wrokers have mutliple abilities.  Bidding mechanism. Pandasaurus has made a bunch of games that I don't find interesting but are very popular... although I have never played any!","","","","","64074380","5.94096","6.99596","2.75","3565","2861","thing","Godspeed","2","5","90","90","45","2020","3,4,5","3","12+","Moderate in-game text - needs crib sheet or paste ups","","","","","","standalone","","","","","","","","","","","","","","",""
"Going Up? An Elevator Card Game","402450","6","2","0","0","0","0","0","0","0","0","0","3","","","","","","145754341","0","6.5","0","0","9","thing","Going Up? An Elevator Card Game","2","6","30","30","15","2023","","","","","","","","","","standalone","","","","","","","","","","","","","","",""
"Gold Country","461367","0","0","0","0","0","0","0","0","0","0","0","3","Gen Con 2026
Knizia / Bitewing

Feels a lot like Mines of Pekari","","","","","145177995","5.53885","7.66087","1.6667","14900","113","thing","Gold Country","2","4","60","60","30","2026","2,3,4","2","","","","","","","","standalone","","","","","","","","","","","","","","",""
"Gold River","297661","0","0","0","0","0","1","1","0","0","0","0","3","Zee had this at #38 on his Top 100 in 2021
Card art looks neat","","","","","79029417","5.57186","6.6737","1.8333","11203","441","thing","Gold River","2","5","35","35","35","2020","3,4,5","3,4","10+","Some necessary text - easily memorized or small crib sheet","","","","","","standalone","","","","","","","","","","","","","","",""
"Golden Cup","421299","0","0","0","0","0","0","0","0","0","0","0","3","Luciani","","","","","123562516","5.58866","6.48322","1.7143","10046","363","thing","Golden Cup","1","6","60","60","60","2024","2,4,6","4","8+","Some necessary text - easily memorized or small crib sheet","","","","","","standalone","","","","","","","","","","","","","","",""
"Golem","298383","9","1","4","1","0","0","0","0","0","0","0","3","Starting to get some hype on little info.  Keep an eye out for it.

Simone Luciani (Tiletum)","","","","","69305123","6.81444","7.50793","4.0062","742","8547","thing","Golem","1","4","120","120","90","2021","1,2,3,4","2,3","14+","No necessary in-game text","","","","","","standalone","","39.99","USD","","","2023-09-22","Atomic Empire","","[2-Resident]","","2023-09-28","","","",""
"Good Puppers!","295147","6","1","2","1","0","0","0","0","0","0","0","3","","","","","","134915354","5.6866","6.57703","1.8571","6615","1422","thing","Good Puppers!","2","5","30","30","15","2021","2,3,4","2,3","8+","Moderate in-game text - needs crib sheet or paste ups","","","","","","standalone","","15","USD","","","2025-08-02","GenCon","","[3-Transient]","","2025-08-02","","","",""
"GoodCritters","255615","7","1","2","1","0","0","0","1","0","0","0","3","High player count sounds interesting.","","","","","102763898","6.12955","6.98011","1.4286","2522","3456","thing","GoodCritters","4","8","45","45","30","2018","4,5,6,7,8","6,7,8","10+","No necessary in-game text","","","","","","standalone","","5","USD","","","2025-05-14","Indy Spiel","","[3-Transient]","","2025-05-16","","","",""
"Gorinto","270293","8","2","1","1","0","0","0","1","0","0","0","3","","","","","","68769514","6.03804","7.18673","1.9688","2978","3002","thing","Gorinto","1","4","60","60","30","2021","1,2,3,4","3","8+","Some necessary text - easily memorized or small crib sheet","","","","","","standalone","","45","USD","","","2020-02-12","KS","","[3-Transient]
PM DONE 14 March 2020
Seek balance and harmony with 1 copy of Gorinto KICKSTARTER editon. It is the most immersive experience of Gorinto.

In addition to everything on the Initiate level, the Kickstarter edition includes:

• Foil box
• 3D Gorinto miniature
• Metal coin start player marker
• Screen printed draw bag
• 5-tile Dragon mini-expansion","","","","","",""
"Gorus Maximus","253756","7","4","1","1","0","0","0","0","0","0","0","2","Origins / GenCon 2019 - FOR SALE
Trick taking","","","","","60975075","5.76198","6.34108","1.4091","5283","2480","thing","Gorus Maximus","1","8","45","45","20","2018","1,3,4,5,6,8","6","10+","No necessary in-game text","","","","","Inside Up Games","standalone","","30","USD","","","2019-08-01","GenCon","","[2-Resident]","","","Inside Up Games","English","2018","English premium edition"
"Grand Austria Hotel","182874","9","3","3","1","0","0","0","0","0","0","0","3","Luciani game (Tiletum).  Supposed to be great at 2P","","","","","102629651","7.71512","7.96324","3.1962","68","32765","thing","Grand Austria Hotel","2","4","120","120","60","2015","2,3","2","12+","No necessary in-game text","","","","","","standalone","","40","USD","","","2023-07-27","BGG atarilynx","","[2-Resident]","","2023-08-03","Mayfair Games","English","2015","English first edition"
"The Great Races","43144","6","1","0","1","0","0","0","0","0","0","0","3","","","","","","85035734","5.5151","6.68441","1.6667","20995","133","thing","The Great Races","2","4","30","30","30","1974","2,3","2,3","6+","No necessary in-game text","","","","","","standalone","","5","USD","","","2021-08-25","KS","","[3-Transient]
Price Paid is estamiated from

6 for the Road Bundle was $49 and contains:

The Mother Road, Route 66
America's Main Street -- 2 new Travel-Size Route 66 Family Games
Sixes, The Portable Party Game for 6-106 Players and Ages
Dead Man's Chest, the Pint-Sized party game
The Pink Cadillac Expansion to Route 66, The Mother Road
The Great Races, an original roll and write game by Sid Sackson","Print n Play","","","","",""
"Great Western Trail: Second Edition","341169","9","1","4","0","0","0","0","0","1","0","0","2","","","","","","85017043","7.90544","8.2631","3.7041","31","25543","thing","Great Western Trail: Second Edition","1","4","150","150","75","2021","1,2,3,4","3","12+","No necessary in-game text","","","","","","standalone","","80","USD","40","USD","2021-09-17","GenCon 2021","1","Listed BGG Marketplace 2024-08-20 for $40

Sold Indy Spiel Sep 2024 $40 (BigMike85)","Sold - indy Spiel","2024-09-27","","","",""
"Greed","151247","8","5","2","0","0","0","0","0","1","0","0","3","Listed $5 OctoCon","","Very Good.  Played a few times","","","54770449","6.06954","6.62036","2","2821","3686","thing","Greed","2","5","30","30","30","2014","2,3,4,5","4","14+","Moderate in-game text - needs crib sheet or paste ups","","","","","","standalone","","15","USD","","","2017-03-16","Miniature Market","","$7 Geekmarket","GenCon Store / Auction 2025","2025-07-08","","","",""
"The Grimm Forest","212402","7","2","0","0","0","0","0","0","1","0","0","2","","","","","","55037716","6.56642","7.05757","1.9225","1170","12391","thing","The Grimm Forest","2","4","60","60","45","2018","3,4","4","8+","Moderate in-game text - needs crib sheet or paste ups","","","","","","standalone","","","","","","2018-12-25","Christmas Gift","","","Sold","","","","",""
"The Grimm Masquerade","254513","6","2","0","0","0","0","0","0","1","0","0","4","Origins / GenCon 2019 - FOR SALE
Check this one out first...  ","","","","","59991413","6.01342","6.87736","1.6923","3103","3438","thing","The Grimm Masquerade","2","5","40","40","20","2019","3,4,5","4","8+","Some necessary text - easily memorized or small crib sheet","","","","","","standalone","","25","USD","","","2019-08-03","GenCon","","","Sold","","","","",""
"Guns & Steel","176334","0","0","0","0","0","0","0","0","1","0","0","3","Listed $5 OctoCon","","","","","52357633","5.73734","6.28423","2.4048","5626","2323","thing","Guns & Steel","2","4","60","60","45","2015","2,3","3","12+","Moderate in-game text - needs crib sheet or paste ups","","","","","","standalone","","5","USD","","","2018-05-28","Miniature Market","","Given to knykk75@gmail.com for free when he bought Windward","Sold","","","","",""
"Hadara","269144","6","1","2","0","0","0","0","0","0","0","0","4","So many games like 7 Wonders.  This one is OK...  not awesome.  But OK.

2019 GenCon FOR SALE 
Action Selection","","","","","62017624","6.93897","7.37957","2.2083","575","9696","thing","Hadara","2","5","60","60","45","2019","2,3,4,5","4,5","10+","No necessary in-game text","","","","","","standalone","","","","","","","","","","","","","","",""
"Half Truth","287158","7","4","0","1","0","0","0","0","0","0","0","3","KS Sept 2019
Ken Jennings and Ricahrd Garfield trivia game","","","","","63866271","5.92803","6.85707","1.3182","3657","2472","thing","Half Truth","2","6","45","45","30","2020","2,3,4,5,6","4,5,6","10+","Unplayable in another language","","","","","","standalone","","25","USD","","","2020-03-13","KS","1","[2-Resident]","","2020-03-13","","","",""
"Hamster Roll","903","0","0","0","0","0","0","0","0","0","0","0","3","GenCon 2024 Looks like an interesting dexterity game
Expensive!","","","","","120030396","6.22642","6.85437","1.0719","2137","3209","thing","Hamster Roll","2","4","40","40","30","2000","2,3,4","4","6+","No necessary in-game text","","","","","","standalone","","","","","","","","","","","","","","",""
"Hansa Teutonica","43015","8","1","3","0","0","0","0","0","0","0","0","3","","","","","","89222678","7.47203","7.75202","3.0892","146","14283","thing","Hansa Teutonica","2","5","90","90","45","2009","3,4,5","5","12+","No necessary in-game text","","","","","","standalone","","","","","","","","","","","","","","",""
"Healthy Heart Hospital","186721","7","1","3","1","0","0","0","0","0","0","0","3","","","","","","59693203","5.8736","7.159","2.8667","4088","1259","thing","Healthy Heart Hospital","1","5","90","90","60","2015","1,2,3","1","12+","Some necessary text - easily memorized or small crib sheet","","","","","","standalone","","15","USD","","","2019-04-07","BGG Auction","1","[2-Resident]
Purchased at BGG auction from PanzersEast","","","","","",""
"Healthy Heart Hospital: Nurses Expansion","240678","0","0","0","0","0","1","1","0","0","0","1","3","","","","","","73701280","0","7.925","3","0","126","thing","Healthy Heart Hospital: Nurses Expansion","1","5","90","90","60","2020","","","","","","","","","","expansion","","","","","","","","","","","","","","",""
"Heat: Heavy Rain","410291","0","0","0","1","0","0","0","0","0","0","0","1","","","","","","114747810","6.86325","8.12436","2.3922","0","16275","thing","Heat: Heavy Rain","1","7","60","0","60","2024","1,2,3,4,5,6,7","5,6","10+","No necessary in-game text","","","","","","expansion","","28","USD","","","2024-07-29","Cardhaus","","","","2024-07-31","","","",""
"Heat: Legends","463405","0","0","0","0","0","0","1","0","0","0","1","1","","","","","","145837125","5.65506","7.98984","2.3333","0","1814","thing","Heat: Legends","1","5","60","60","60","2026","1,2,3,4,5","1","10+","","","","","","","expansion","","","","","","","","","","","","","","",""
"Heat: Pedal to the Metal","366013","8","10","2","1","0","0","0","0","0","0","0","2","Look at this a little more.  Could this be better than Flamme Rouge and also replace Downforce?","","","","","100859156","7.79546","7.99638","2.2021","47","61509","thing","Heat: Pedal to the Metal","1","6","60","60","30","2022","1,2,3,4,5,6","5,6","8+","No necessary in-game text","","","","","","standalone","","75","USD","","","2023-07-16","BGG Marketplace","","[1-Permanent]
Purchased from nicho148 on BGG Marketplace (Like New.  Only Played once)

Added custom gear shifters from Etsy","","2023-07-21","","","",""
"Heat: Rocky Roads","459763","0","0","0","0","0","0","1","0","0","0","1","2","","","","","","145837145","5.79054","8.21364","2.3333","0","3573","thing","Heat: Rocky Roads","1","7","120","120","60","2026","1,2,3,4,5,6,7","5,6","10+","No necessary in-game text","","","","","","expansion","","","","","","","","","","","","","","",""
"Heat: Tunnel Vision","436904","0","0","0","1","0","0","0","0","0","0","0","3","","","","","","133468440","6.43273","8.20743","2.1538","0","10401","thing","Heat: Tunnel Vision","1","7","60","60","30","2025","1,2,3,4,5,6,7","5,6","10+","No necessary in-game text","","","","","","expansion","","35","USD","","","2025-06-20","Game Preserve","","","Main Game","2025-06-20","","","",""
"Hermagor Market","354610","0","0","0","1","0","0","0","0","0","0","0","3","","","","","","110915849","0","6.91148","2.4","0","80","thing","Hermagor Market","1","99","60","60","30","2022","1,2,3,4,5,6,7,8,9,10","1,5","10+","No necessary in-game text","","","","","","standalone","","4","USD","","","2022-01-22","KS","","[2-Resident]
https://mindthemoves.com/HermagorMarket/registration/login.php

indywiseguy@gmail.com
9Nrc-BTNV","Print n Play","2022-02-16","","","",""
"Hero Realms","198994","0","0","0","1","1","0","0","0","0","0","0","4","","","","","","55690963","7.19695","7.49422","1.8401","306","34522","thing","Hero Realms","2","4","20","20","20","2016","2,3,4","2","8+","Moderate in-game text - needs crib sheet or paste ups","","","","","","standalone","","18","USD","","","2018-12-25","Christmas Gift","","[5- Exiting]
PP Estimate","","","","","",""
"Hero Realms: Character Pack – Cleric","202103","0","0","0","1","0","0","0","0","0","0","0","1","","","","","","56875019","6.42667","7.65696","1.8182","0","10514","thing","Hero Realms: Character Pack – Cleric","2","4","20","0","20","2016","2,3,4","2","8+","Moderate in-game text - needs crib sheet or paste ups","","","","","","expansion","","5","USD","","","","","","PP Estimate","","","","","",""
"Hero Realms: Character Pack – Fighter","202104","0","0","0","1","0","0","0","0","0","0","0","1","","","","","","56875026","6.42951","7.687","1.8571","0","10453","thing","Hero Realms: Character Pack – Fighter","2","4","20","0","20","2016","2,3,4","2","10+","Moderate in-game text - needs crib sheet or paste ups","","","","","","expansion","","5","USD","","","","","","PP Estimate","","","","","",""
"Hero Realms: Character Pack – Ranger","202105","0","0","0","1","0","0","0","0","0","0","0","1","","","","","","56875028","6.42642","7.67625","1.8947","0","10388","thing","Hero Realms: Character Pack – Ranger","2","4","20","0","20","2016","2,3,4","2","6+","Moderate in-game text - needs crib sheet or paste ups","","","","","","expansion","","5","USD","","","","","","PP Estimate","","","","","",""
"Hero Realms: Character Pack – Thief","202106","0","0","0","1","0","0","0","0","0","0","0","1","","","","","","56875031","6.42925","7.69922","1.8636","0","10375","thing","Hero Realms: Character Pack – Thief","2","4","20","0","20","2016","2,3,4","2","10+","Moderate in-game text - needs crib sheet or paste ups","","","","","","expansion","","5","USD","","","","","","PP Estimate","","","","","",""
"Hero Realms: Character Pack – Wizard","202107","0","0","0","1","0","0","0","0","0","0","0","1","","","","","","56875022","6.4296","7.66985","1.9","0","10496","thing","Hero Realms: Character Pack – Wizard","2","4","20","0","20","2016","2,3,4","2","6+","Moderate in-game text - needs crib sheet or paste ups","","","","","","expansion","","5","USD","","","","","","PP Estimate","","","","","",""
"Herrlof","286081","9","3","1","1","0","0","0","0","0","0","0","3","KS Jan 2020
Looks like your standard trick taking game with some special power cards.  Not sure it give us anything different than Gorus or Claim","Great simplicity makes this a very smooth playing trick taking game!  It adds just enough over the standard trick takers","","","","67919270","5.70338","6.60132","1.35","6242","1196","thing","Herrlof","2","3","45","45","30","2020","2","2","10","No necessary in-game text","","","","","","standalone","","10","USD","","","","KS","1","[2-Resident]
PM DONE 18 March 2020
Get one copy of Herrlof including all unlocked stretchgoals
This option will have Herrlof delivered to your home

INCLUDES:
One copy - Herrlof","Lakehouse","","","","",""
"HexRoller","267568","0","0","0","0","0","0","0","0","0","0","0","4","2019 GenCon FOR SALE
Roll and Write.  Play at BGG Hot Games Room","","","","","61465741","5.68614","6.22275","1.3125","6626","1543","thing","HexRoller","1","8","15","15","10","2019","1,2,3,4","1","8+","No necessary in-game text","","","","","","standalone","","","","","","","","","","","","","","",""
"High Roller Horse Racing","294357","6","1","0","1","0","0","0","0","0","0","0","3","","","","","","69551532","0","8.1","0","0","6","thing","High Roller Horse Racing","4","8","90","90","30","2020","","","","","","","","","","standalone","","75","USD","","","2020-03-09","https://highrollerhorseracing.weebly.com/order.html","1","[1-Permanent]
Includes Standard Edition","","","","","",""
"High Season: Grand Hotel Roll & Write","398898","0","0","0","0","0","0","0","0","0","0","0","3","","","","","","110288249","5.72349","6.48169","2.45","5871","883","thing","High Season: Grand Hotel Roll & Write","2","4","90","90","45","2023","1,2,3,4","2","12+","No necessary in-game text","","","","","","standalone","","","","","","","","","","","","","","",""
"High Society","220","9","2","0","1","0","0","0","0","0","0","0","3","","","","","","72455704","6.97266","7.1992","1.4802","530","25163","thing","High Society","3","5","30","30","15","2018","3,4,5","4,5","10+","No necessary in-game text","","","","","","standalone","","5","USD","","","2025-11-17","Geekmarket - AMERICANBOYBAND","","[2-Resident]","","2025-11-22","Osprey Games","English","2018","Osprey English edition"
"Hippocrates","327971","0","0","0","0","0","0","0","0","0","0","0","3","","","","","","94845440","5.91978","6.785","2.9828","3716","3320","thing","Hippocrates","1","4","120","120","90","2022","1,2,3,4","4","12+","No necessary in-game text","","","","","","standalone","","","","","","","","","","","","","","",""
"Hive","2655","10","12","0","1","0","0","0","0","0","0","0","3","","","","","","70225946","7.1671","7.31523","2.313","334","58032","thing","Hive","2","2","20","20","20","2001","2","2","8+","No necessary in-game text","","","","","","standalone","","23.99","USD","","","2020-04-06","Cardhaus","1","[1-Permanent]","","","","","",""
"Hive Mind","201308","5","1","1","0","0","0","0","0","0","0","0","3","","","","","","77422935","5.86894","7.13816","1.0909","4136","1576","thing","Hive Mind","3","12","90","90","30","2016","4,5,6,7,8,9","6","10+","Moderate in-game text - needs crib sheet or paste ups","","","","","","standalone","","","","","","","","","","","","","","",""
"Hive Pocket","154597","9","2","2","0","0","0","0","0","0","0","0","3","","","","","","77422931","7.33803","7.68753","2.2054","0","36446","thing","Hive Pocket","2","2","20","20","20","2010","2","2","8+","No necessary in-game text","","","","","","standalone","","","","","","","","","","","","","","",""
"Hive: The Ladybug","70704","0","0","0","1","0","0","0","0","0","0","0","3","","","","","","71857976","6.62692","7.60724","2.1613","0","9882","thing","Hive: The Ladybug","2","2","20","20","20","2010","2","2","8+","No necessary in-game text","","","","","","expansion","","8","USD","","","2020-05-23","Miniature Market","","","","","","","",""
"Hive: The Mosquito","30323","0","0","0","1","0","0","0","0","0","0","0","3","","","","","","71857970","6.71922","7.56543","2.2342","0","11342","thing","Hive: The Mosquito","2","2","20","20","20","2007","2","2","8+","No necessary in-game text","","","","","","expansion","","8","USD","","","2020-05-23","Miniature Market","","","","","","","",""
"Hive: The Pillbug","139666","0","0","0","1","0","0","0","0","0","0","0","3","","","","","","71857962","6.72615","7.72292","2.3956","0","12834","thing","Hive: The Pillbug","2","2","20","20","20","2013","2","2","10+","No necessary in-game text","","","","","","expansion","","8","USD","","","2020-05-23","Miniature Market","","","","","","","",""
"The Hobbit: There and Back Again","436215","0","0","0","0","0","0","0","0","0","0","0","3","GenCon 2025 Demo Only
Knizia and Hobbit","","","","","134363944","6.50636","7.59619","1.8235","1314","6928","thing","The Hobbit: There and Back Again","1","4","30","30","30","2025","1,2,3,4","2","8+","Extensive use of text - massive conversion needed to be playable","","","","","","standalone","","","","","","","","","","","","","","",""
"Holi: Festival of Colors","295957","6","1","2","1","0","0","0","0","0","0","0","3","Kickstarter March 2020

3D, puzzle, tetris-like

Why it's different:  3D Board","","","","","69775175","5.81944","6.69746","2.05","4592","2414","thing","Holi: Festival of Colors","2","4","40","40","20","2020","2,3,4","3","8+","Some necessary text - easily memorized or small crib sheet","","","","","","standalone","","10","USD","","","2025-09-14","Indy Spiel Flea Market -  Erik Angelotti","","[3-Transient]","","2025-10-03","","","",""
"Hot Streak","446497","8","5","1","1","0","0","0","0","0","0","0","2","Played with Brian C and Ryan at Patrick & Julia’s.  Fun game.  Way better than Ready Set Bet","","","","","137843577","7.13849","7.85165","1.2121","356","10535","thing","Hot Streak","2","8","20","20","20","2025","3,4,5,6,7,8","5,6","6+","Some necessary text - easily memorized or small crib sheet","","","","","","standalone","","45","USD","","","2025-11-10","Geek market - blazealdrich","","[1-Permanent]","","2025-11-14","","","",""
"How Many What?!","440458","0","0","0","0","0","0","0","0","0","0","0","3","GenCon 2025
BGG Hot Games Room","","","","","134322696","5.52161","6.16053","0","18879","155","thing","How Many What?!","3","8","20","20","20","2025","","","","","","","","","","standalone","","","","","","","","","","","","","","",""
"HUND","143882","0","0","0","0","0","1","1","0","0","0","1","3","Trick taking with hounds
Essen 23","","","","","110581995","5.74078","6.70524","2.16","5578","785","thing","HUND","2","5","45","45","45","2013","3,4,5","4","10+","No necessary in-game text","","","","","","standalone","","","","","","","","","","","","","","",""
"Huns","233973","0","0","0","0","0","0","0","0","0","0","0","2","La Boîte de Jeu","","","","","66323561","5.77703","6.64698","2.0857","5078","1980","thing","Huns","2","4","45","45","30","2018","2,3,4","4","12+","Moderate in-game text - needs crib sheet or paste ups","","","","","","standalone","","","","","","","","","","","","","","",""
"Hurry'Cup!","38504","0","0","0","1","0","0","0","1","0","0","0","3","","","","","","145563772","5.49028","5.46064","1.3143","27856","740","thing","Hurry'Cup!","3","6","30","30","30","2008","3,4,5,6","4","8+","No necessary in-game text","","","","","","standalone","","","","","","2026-05-16","Indy Spiel","","[4-Evaluate]
Indy Spiel Raffle
NIS when we got it","","2026-05-16","","","",""
"I Made You a Mixtape","375557","7","1","0","1","1","0","0","0","0","0","0","3","Mike Delisio","","","","","124892722","5.76994","7.07731","1.3571","5170","1210","thing","I Made You a Mixtape","1","4","45","45","30","2025","1,2,3,4","1,4","10+","No necessary in-game text","","","","","","standalone","","25","USD","","","2024-10-28","Kickstarter","","[5-Exiting]","","2025-09-08","","","",""
"ICECOOL","177524","6","1","0","1","0","0","0","1","0","0","0","3","","","","","","132290478","6.55154","6.78219","1.057","1195","20587","thing","ICECOOL","2","4","30","30","30","2016","2,3,4","4","5+","No necessary in-game text","","","","","","standalone","","5","USD","","","2025-05-14","Indy Spiel","","[3-Transient]","","2025-05-16","","","",""
"Ichor","420915","0","0","0","0","0","0","0","0","0","0","0","3","Knizia 2 player chess battle like","","","","","132144248","5.89971","7.28062","1.9375","3879","1941","thing","Ichor","2","2","40","40","40","2025","2","2","8+","Some necessary text - easily memorized or small crib sheet","","","","","","standalone","","","","","","","","","","","","","","",""
"Ierusalem: Anno Domini","371972","0","0","0","0","0","0","0","0","0","0","0","3","","","","","","110583393","6.33848","7.47912","3.1441","1750","4682","thing","Ierusalem: Anno Domini","1","4","90","90","90","2023","2,3,4","4","12+","No necessary in-game text","","","","","","standalone","","","","","","","","","","","","","","",""
"Ignite","260934","0","0","0","0","0","0","0","0","0","0","0","4","Kickstarter - first time creator... wait for retail","","","","","60186958","5.59796","7.33118","3","9525","449","thing","Ignite","2","8","160","160","40","2021","2,3,4,5,6,7,8","4,5,6","8","","","","","","","standalone","","","","","","","","","","","","","","",""
"Iliad","420914","0","0","0","0","0","0","0","0","0","0","0","3","GenCon 2025
Knizia 2 Player","","","","","132900584","6.25534","7.64963","2.0571","2021","3041","thing","Iliad","2","2","30","30","30","2025","2","2","10+","No necessary in-game text","","","","","","standalone","","","","","","","","","","","","","","",""
"Imagine","191894","6","0","0","0","0","0","0","0","1","0","0","4","Listed $5 OctoCon","","","","","36079564","6.32362","6.80349","1.0606","1794","9140","thing","Imagine","3","8","20","20","20","2015","3,4,5,6,7,8","4,5,6","8+","Moderate in-game text - needs crib sheet or paste ups","","","","","Like New Played Once","standalone","","","","10","USD","","Gen Con","","","Sold","","","","",""
"Imhotep","191862","8","3","0","1","0","0","0","0","0","0","0","3","","","","","","96540513","6.89698","7.12398","2.0163","624","23513","thing","Imhotep","2","4","40","40","40","2016","2,3,4","4","10+","Some necessary text - easily memorized or small crib sheet","","","","","","standalone","","","","","","2023-09-20","Trade with UnderSaturn_Games For Whirling Witchcraft","","[2-Resident]
Value estimated based on getting Whirling Witchcraft for free","","2023-09-22","","","",""
"Imhotep: The Pharaoh's Favors – Mini Expansion","234423","0","0","0","1","0","0","0","0","0","0","0","3","","","","","","110417053","5.60416","7.16263","2","0","1075","thing","Imhotep: The Pharaoh's Favors – Mini Expansion","2","4","40","0","40","2017","3,4","4","10+","Some necessary text - easily memorized or small crib sheet","","","","","","expansion","","","","","","2023-09-20","Trade with UnderSaturn_Games For Whirling Witchcraft","","Included in trade with base game","","2023-09-22","","","",""
"Imhotep: The Stonemason's Wager – Mini Expansion","206442","0","0","0","1","0","0","0","0","0","0","0","3","","","","","","110417062","5.62295","6.99874","1.75","0","1337","thing","Imhotep: The Stonemason's Wager – Mini Expansion","2","4","40","40","40","2016","2,3,4","4","10+","No necessary in-game text","","","","","","expansion","","","","","","2023-09-20","Trade with UnderSaturn_Games For Whirling Witchcraft","","Included with base game","","2023-09-22","","","",""
"Imperial Struggle","206480","0","0","0","0","0","0","0","0","0","0","0","3","","","","","","73544540","7.02641","8.22089","4.072","473","8472","thing","Imperial Struggle","2","2","240","240","120","2020","2","2","14+","Extensive use of text - massive conversion needed to be playable","","","","","","standalone","","","","","","","","","","","","","","",""
"Imperium: Classics","318184","0","0","0","0","0","0","0","0","0","0","0","3","Looks like a very complex deck builder 
Already have a few deck builders","","","","","83984795","7.16302","7.68274","3.6205","336","17534","thing","Imperium: Classics","1","4","160","160","40","2021","1,2","1,2","14+","Extensive use of text - massive conversion needed to be playable","","","","","","standalone","","","","","","","","","","","","","","",""
"Imperium: The Contention","266448","9","1","2","1","0","0","0","0","0","0","0","2","","","","","","99619159","5.87225","7.84049","2.75","4105","686","thing","Imperium: The Contention","1","6","120","120","30","2021","1,2,3,4,5,6","2,4","12+","Moderate in-game text - needs crib sheet or paste ups","","","","","","standalone","","35.5","USD","","","2023-04-05","Le Crypte (Canada)","1","[2-Resident]
Retail Version","","","Contention Games","English","2021","English edition"
"In Vino Morte","212404","0","0","0","0","0","0","1","0","0","0","0","3","This is the wine or poison game","","","","","145715956","5.84594","6.60742","1.1667","4342","2872","thing","In Vino Morte","3","9","10","10","10","2016","4,5,6,7,8,9","6,7,8,9","8+","No necessary in-game text","","","","","","standalone","","","","","","","","","","","","","","",""
"Indian Ocean Region: South China Sea – Vol. II","258209","0","0","0","1","0","0","0","0","0","0","0","3","","","","","","76798014","5.5186","7.4619","3","19820","263","thing","Indian Ocean Region: South China Sea – Vol. II","1","3","240","240","120","2021","2","2","","Moderate in-game text - needs crib sheet or paste ups","","","","","","standalone","","62.5","USD","","","2020-12-01","KS","","[2-Resident]
Combined with South China Sea","Lakehouse","","","","",""
"Indulgence","215308","6","2","0","0","0","0","0","0","1","0","0","3","","","Vey Good.  Only played a few times.  Purcahsed NEW at GenCon 2017.","","","48163320","5.85906","6.76329","1.8333","4206","1834","thing","Indulgence","3","4","60","60","40","2017","3,4","4","12+","Some necessary text - easily memorized or small crib sheet","","","","","","standalone","","15","USD","","","","Gen Con 2017","","PP Estimate

Sold for $25 to kyper71 on GeekMarket 2023-03-21","GeekMarket","","","","",""
"Inferno","393165","9","3","3","1","0","0","0","0","0","0","0","2","GenCon 2025
Board looks like something I would like
Worker Placement with cool system in Hell","","","","","123561403","6.5951","7.86058","3.6196","1114","4369","thing","Inferno","1","4","120","120","45","2024","1,2,3,4","3,4","14+","No necessary in-game text","","","","","","standalone","","65","USD","","","2025-07-11","Cardhaus","","[1-Permanent]
2025 GenCon Pre-Purchase
Miniatures, metal coins, Papal Bulls and Plutos & Phlegyas expansions in base game box","","2025-07-15","","","",""
"Inferno: Papal Bulls – Mini Expansion","430092","0","0","0","1","0","0","0","0","0","0","0","3","","","","","","135417808","0","7.77931","3","0","389","thing","Inferno: Papal Bulls – Mini Expansion","1","4","120","120","45","2024","1,2,3,4","1,2,3,4","","No necessary in-game text","","","","","","expansion","","","","","","","","","","","","","","",""
"Inferno: Plutus & Phlegyas","444192","0","0","0","1","0","0","0","0","0","0","0","3","","","","","","135417805","0","8.39655","3","0","289","thing","Inferno: Plutus & Phlegyas","1","4","120","120","30","2025","","","12+","No necessary in-game text","","","","","","expansion","","","","","","","","","","","","","","",""
"Inner Compass","293728","0","0","0","0","0","0","0","0","1","0","0","3","Geekmarket 11/20/2022 $15","","NIS","","","85724187","5.54298","6.48897","1.6667","14270","427","thing","Inner Compass","2","4","60","60","60","2020","2,3,4","2","","","","","","","","standalone","","0.0001","USD","15","USD","2021-09-17","AEG Big Game Night GenCon 2021","1","Included with AEG Big Game Night","GenCon Store / Auction 2025","","","","",""
"Internal Affairs","183626","7","2","0","0","0","0","0","0","1","0","0","4","","Demo'd at GenCon 016 and really enjoyed it so we bought it!","","","","36095450","5.55164","6.36751","1.8333","13069","698","thing","Internal Affairs","2","8","35","35","20","2015","6,7,8","6,7","","","","","","","","standalone","","10","USD","","","","Gen Con","","PP Estimate","GenCon Store / Auction 2025","","","","",""
"Into the Black Forest","258783","0","0","0","0","0","0","0","0","0","0","0","3","Don’t know why this catches my eye","","","","","70157686","5.51127","6.03067","2","22286","287","thing","Into the Black Forest","2","4","45","45","30","2019","2,3,4","2","8+","No necessary in-game text","","","","","","standalone","","","","","","","","","","","","","","",""
"Intrepid","302461","0","0","0","0","0","0","0","0","1","0","0","3","KS June 2020
Coop save the space station
Trade interest is low","","KS Edition
INCLUDES:
Intrepid - Core Game
Intrepid: Mission Critical - Game Expansion
All unlocked stretch goals","","","72237948","5.84473","7.12043","3.2857","4356","2176","thing","Intrepid","1","4","90","90","60","2021","1,2,3,4","4","12+","Moderate in-game text - needs crib sheet or paste ups","","","","","","standalone","","60","USD","25","USD","2020-06-24","KS","1","Sold via Geekmarket $25 John Williams

 Pledge Manager Complete 31 Aug 2020

You Are Intrepid
Hide details
One physical copy of Intrepid plus one copy of the expansion, Intrepid: Mission Critical. All unlocked stretch goals will be included.

Discounted shipping worldwide, charged through the pledge manager - see Shipping for details.

INCLUDES:
Intrepid - Core Game - MSRP $60
Intrepid: Mission Critical - Game Expansion - MSRP $30
All unlocked stretch goals","Sold - Geekmarket","2026-05-08","","","",""
"Inuit: The Snow Folk","261009","0","0","0","0","0","0","0","0","0","0","0","4","Origins / Gencon 2019 - FOR SALE","","","","","61032970","5.81429","6.81607","1.9444","4650","1178","thing","Inuit: The Snow Folk","2","4","45","45","30","2019","2,3,4","3","8+","Some necessary text - easily memorized or small crib sheet","","","","","Board&Dice","standalone","","","","","","","","","","","","","","",""
"Istanbul","148949","9","7","3","1","0","0","0","0","0","0","0","2","","","","","","54154610","7.37157","7.53438","2.5837","191","38975","thing","Istanbul","2","5","60","60","40","2014","2,3,4,5","4","10+","No necessary in-game text","","","","","","standalone","","40","USD","","","2018-12-25","Christmas Gift","","[1-Permanent]
PP Estimate","Lakehouse","","","","",""
"Istanbul: Choose & Write","379037","7","2","2","1","0","0","0","0","0","0","0","3","","","","","","108541852","5.6205","6.57171","2.1429","8484","888","thing","Istanbul: Choose & Write","1","5","45","45","30","2023","1,2,3,4,5","3","","No necessary in-game text","","","","","","standalone","","24.39","USD","","","2023-07-24","Cardhaus","","[2-Resident]
Angie’s birthday gift","Angie Game","2023-08-06","","","",""
"Istanbul: Mocha & Baksheesh","172505","0","0","0","1","0","0","0","0","0","0","0","2","","","","","","59694507","6.88857","7.88462","2.7308","0","10270","thing","Istanbul: Mocha & Baksheesh","2","5","60","60","40","2015","2,3,4,5","4","10+","Some necessary text - easily memorized or small crib sheet","","","","","","expansion","","24","USD","","","2019-12-25","Christmas Gift","","PP Estimate

In Base Game Box","","","","","",""
"Istanbul: The Dice Game","235488","9","22","2","1","0","0","0","0","0","0","0","3","2018 Gen Con","","","","","53091192","6.61677","7.14431","1.7983","1072","8725","thing","Istanbul: The Dice Game","2","4","40","40","20","2017","2,3,4","3","8+","No necessary in-game text","","","","","","standalone","","21.99","USD","","","2018-08-08","Amazon","","[1-Permanent]","Lakehouse","","","","",""
"IT Startup","248385","8","2","0","1","0","0","0","0","0","0","0","3","KS June 2020","","","","","71954470","5.53056","6.34968","2","16561","381","thing","IT Startup","2","4","60","60","10","2018","2,3,4","4","8+","Extensive use of text - massive conversion needed to be playable","","","","","","standalone","","40","USD","","","2020-06-13","KS","1","[2-Resident]
2x Exclusive Card + Fancy Binary Dice!
Hide details
- The Basic Game (64 cards + necessary tokens)
- The first expansion pack (32 cards)
- 2x the Kickstarter Exclusive ""Backend Developers do Frontend"" card
- A fancy wooden binary dice (25 x 25 mm)

For multiple copies just multiply the pledge amount: 32£ for one, 64£ for two etc.

This pledge does not include shipping. You will be asked to pay it after Kickstarter ends, from the Pledge Manager level.

INCLUDES:
High Quality Print & Play Version
IT Startup - The Card Game (basic)
First Expansion Pack
2x Exclusive Card + Fancy Binary Dice!","","","","","",""
"It's a Wonderful Kingdom","327711","0","0","0","0","0","0","0","0","0","0","0","2","Will back this on Day 1. But I didn’t back it at all","","","","","78156584","6.43554","7.05618","2.5816","1496","9138","thing","It's a Wonderful Kingdom","1","2","45","45","45","2021","1,2","2","12+","No necessary in-game text","","","","","","standalone","","","","","","","","","","","","","","",""
"It's a Wonderful World: Corruption & Ascension","298851","0","0","0","1","0","0","0","0","0","0","0","3","","","","","","68769528","6.69509","8.11656","2.5909","0","9435","thing","It's a Wonderful World: Corruption & Ascension","1","7","45","45","45","2020","1,2,3,4,5,6,7","3,4,5","12+","No necessary in-game text","","","","","","expansion","","22","USD","","","2020-02-12","KS","1","PM DONE 12 March 2020
INCLUDES:
""Ascension"" expansion","","","","","",""
"It's a Wonderful World: Leisure & Decadence","334767","0","0","0","1","0","0","0","0","0","0","0","3","","","","","","102019480","5.82143","8.04284","2.4444","0","2605","thing","It's a Wonderful World: Leisure & Decadence","1","5","60","60","30","2020","1,2,3","2,3","10+","Some necessary text - easily memorized or small crib sheet","","","","","","expansion","","0.0001","USD","","","","","","Included with KS Heritage Edition","","","","","",""
"It's a Wonderful World: War or Peace","298752","0","0","0","1","0","0","0","0","0","0","0","3","","","","","","102019486","6.25797","7.74156","2.375","0","6527","thing","It's a Wonderful World: War or Peace","1","5","60","60","30","2020","1,2,3,4,5","4","12+","Moderate in-game text - needs crib sheet or paste ups","","","","","","expansion","","0.0001","USD","","","","","","Included with KS Heritage Edition","","","","","",""
"It’s a Wonderful World (Heritage Edition)","271324","8","10","2","1","0","0","0","0","0","0","0","3","","","","","","60879678","7.38599","7.62659","2.3242","185","30064","thing","It's a Wonderful World","1","5","45","45","45","2019","1,2,3,4,5","4","10+","No necessary in-game text","","","","","","standalone","","71","USD","","","2019-11-23","KS","1","[1-Permanent]
Heritage Box with War/Peace and Leisure/Decadence Campaign Expansions","","","","","",""
"Jackpot: Set the Reel","447589","0","0","0","0","0","0","0","0","0","1","0","3","","","","","","135263033","5.50756","6.15667","2.4286","23551","41","thing","Jackpot: Set the Reel","1","4","60","60","30","2026","2,3,4","3,4","12+","No necessary in-game text","","","","","","standalone","","45","USD","","","2025-08-11","Kickstarter","","Nudge Pledge Level
First Player Slot Machine
Expansions
Metal Coins","","","","","",""
"Jackpot: Set the Reel – Expansions","452132","0","0","0","0","0","0","0","0","0","1","0","3","","","","","","135263053","0","0","0","0","13","thing","Jackpot: Set the Reel – Expansions","1","4","45","45","30","2026","2","2","","","","","","","","expansion","","","","","","2025-08-11","","","Included in pledge","","","","","",""
"Jaipur","54043","8","3","2","1","0","0","0","0","0","0","0","3","","","","","","73179676","7.3614","7.47906","1.4635","203","95959","thing","Jaipur","2","2","30","30","30","2009","2","2","8+","No necessary in-game text","","","","","","standalone","","22","USD","","","","","","[2-Resident]
PP Estimate","","","","","",""
"Jaws","272738","0","0","0","0","0","0","0","0","0","0","0","4","2019 GenCon - FOR SALE","","","","","61806395","6.60522","7.06013","2.1778","1093","17848","thing","Jaws","2","4","60","60","60","2019","2,3,4","4","10+","Some necessary text - easily memorized or small crib sheet","","","","","","standalone","","","","","","","","","","","","","","",""
"Jenga","2452","7","1","0","1","0","0","0","0","0","0","0","1","","","","","","21292732","5.58219","5.66384","1.1005","10448","35525","thing","Jenga","1","8","20","20","20","2008","2,3,4,5,6","4","5+","No necessary in-game text","","","","","","standalone","","","","","","","","","[2-Resident]","Lakehouse","","Hasbro","English","2008","Hasbro vintage edition"
"Joan of Arc: Orléans Draw & Write","364641","0","0","0","0","0","0","0","0","0","0","0","3","","","","","","97153995","6.19512","7.1905","2.3953","2258","4005","thing","Joan of Arc: Orléans Draw & Write","1","5","45","45","30","2022","1,2,3,4","2,3","10+","No necessary in-game text","","","","","","standalone","","","","","","","","","","","","","","",""
"John Company: Second Edition","332686","7","1","5","0","0","0","0","0","0","0","0","3","","","","","","102453305","7.3402","8.23573","4.4586","215","10118","thing","John Company: Second Edition","1","6","240","240","90","2022","1,3,4,5,6","4,5","16+","Extensive use of text - massive conversion needed to be playable","","","","","","standalone","","","","","","","","","","","","","","",""
"Journey to Tír na nÓg","426349","0","0","0","1","0","0","0","0","0","0","0","3","","","","","","133766250","0","6.3","2","0","215","thing","Journey to Tír na nÓg","1","4","60","60","60","2025","","","","Unplayable in another language","","","","","","standalone","","10","USD","","","2024-08-20","KS","","[2-Resident]
In Base Game box with Blessings and Burdens Expansion","","2025-12-24","","","",""
"Juicy Fruits","325698","0","0","0","1","0","0","0","1","0","0","0","3","","","","","","134842277","6.32963","6.99081","2.0139","1774","7143","thing","Juicy Fruits","1","4","50","50","20","2021","1,2,3,4","3","8+","No necessary in-game text","","","","","","standalone","","","","","","2025-07-31","GenCon","","[4-Evaluate]
Free with purchase of other games","","2025-07-31","","","",""
"Jump Drive","205597","0","0","0","0","0","0","0","0","0","0","0","3","","","","","","105268568","6.53893","6.9993","2.0154","1229","7532","thing","Jump Drive","2","4","30","30","10","2017","1,2,3,4","3","10+","Some necessary text - easily memorized or small crib sheet","","","","","","standalone","","","","","","","","","","","","","","",""
"Jump Drive: Terminal Velocity","375115","0","0","0","0","0","0","0","0","0","0","0","3","","","","","","105268574","5.85301","8.05992","2.2308","0","1345","thing","Jump Drive: Terminal Velocity","1","5","30","30","30","2023","1,2,3,4,5","1","10+","Some necessary text - easily memorized or small crib sheet","","","","","","expansion","","","","","","","","","","","","","","",""
"Jungo","424816","6","1","2","0","0","0","0","0","1","0","0","2","GenCon 2025
From the makers of Trio
Only plays up to 5 players","","","","","132946624","6.16664","7.0883","1.1707","2352","4097","thing","Jungo","2","5","15","15","15","2025","3,4,5","4","6+","No necessary in-game text","","","","","","standalone","","15","USD","10","USD","2025-07-31","GenCon","","Sold Indy Spiel Flea Market - Chris R","Sold - Indy Spiel","2025-10-03","","","",""
"Junk Art","193042","6","4","0","0","0","0","0","0","1","0","0","3","","Very fun dexterity game. Can play with the family or with friends over a few beers!","This ia the wooden edition.","","","36682193","6.90736","7.34762","1.1947","613","12158","thing","Junk Art","2","6","30","30","30","2017","2,3,4,5,6","4,5","6+","No necessary in-game text","","","","","","standalone","","40","USD","75","USD","","","","PP Estimate
$75 Geekmarket 2025-07-08

Sold gabrielxz BGG Geekmarket for $75 on 2025-08-21","Sold GeekMarket","2025-08-21","Pretzel Games","Dutch; English; French; German","2017","Multilingual wooden edition"
"Just One","254640","8","10","1","0","0","0","0","0","1","0","0","3","Party Game","","","","","56799141","7.43764","7.59182","1.0337","157","60559","thing","Just One","3","7","60","60","20","2018","4,5,6,7","6,7","8+","Unplayable in another language","","","","","","standalone","","22","USD","","","2021-12-25","Christmas Gift","","PP Estimate","Bub & Rossella","","","","",""
"Kabuto Sumo","320390","6","4","0","0","0","0","0","0","1","0","0","3","KS Nov 2020
Wanted to back it but passed (loot of Lima creators)
Looks fun, but trying to be more selective in my collection","","","","","76083292","6.26442","6.71568","1.1757","1994","9640","thing","Kabuto Sumo","2","4","15","15","15","2021","2,3,4","2","6+","Some necessary text - easily memorized or small crib sheet","","","","","","standalone","","30","USD","20","USD","","GenCon 2021","","","Sold via BGG Marketplace on 2024-07-13 to amazedbygrace86","","","","",""
"Kabuto Sumo: Insect All-Stars","331736","0","0","0","0","0","0","0","0","1","0","0","3","","","In base game box","","","85678004","5.77466","7.21352","1.1667","0","3156","thing","Kabuto Sumo: Insect All-Stars","2","4","15","15","15","2021","2,3,4","2,4","5+","Some necessary text - easily memorized or small crib sheet","","","","","","expansion","","15","USD","","","","GenCon 2021","1","Included with Kabuto Sumo Base game","","","","","",""
"Katamino","6931","6","2","0","1","0","0","0","0","0","0","0","3","","","","","","53349650","5.82562","6.50783","1.7619","4532","3643","thing","Katamino","1","2","10","10","10","1992","1,2","1","3+","No necessary in-game text","","","","","","standalone","","25","USD","","","2018-08-03","Gen Con","","[1-Permanent]
PP Estimate","","","","","",""
"Katamino Tower","379555","0","0","0","0","0","0","0","0","1","0","0","3","GB game","","","","","116794757","5.51261","6.4575","2","21826","105","thing","Katamino Tower","1","2","0","0","0","2023","1,2","1","4","","","","","","","standalone","","38","USD","","","2024-08-09","Hachette","","","Gianna","2024-08-21","","","",""
"Kemet: Blood and Sand","297562","6","1","0","0","0","0","0","0","1","0","0","3","Listed $50 OctoCon; Sold for $50 to @BigMike85 at OctoCon 2022","","Played once.  Not sure I am ready to trade this yet, but added it to my For Trade lis because, ya never know…","","","71771746","7.19334","7.90092","3.1965","307","11493","thing","Kemet: Blood and Sand","2","5","180","180","90","2021","3,4,5","4","10+","No necessary in-game text","","","","","","standalone","","80","USD","50","USD","2020-06-06","KS","1","PM DONE 2 July 2020 Added Book of Dead Expansion and Great Old Ones Expansion

This is Kemet: Blood and Sand base pledge. You will be able to select your language in the pledge manager.

Content:
• Kemet: Blood and Sand base game - 5 players
• All unlocked stretch goals

Language availables:
English - French - German - Italian - Korean - Spanish

Sold for $50 to @BigMike85 at OctoCon 2022","Sold","","","","",""
"Kepler-3042","198190","8","1","4","0","0","0","0","0","1","0","0","3","","Tight... best way to describe this game!  Optimization is what it is all about.  Fun, if you like that sort of thing.  Definitely won’t be for everyone!","Acquired via trade.  Only played once.  Excellent / Like New condition.","","","64018234","6.15672","7.28936","3.3947","2396","2666","thing","Kepler-3042","1","4","120","120","60","2017","1,2,3,4","3","12+","Moderate in-game text - needs crib sheet or paste ups","","","","","","standalone","","20","USD","20","USD","2019-09-26","BGG Auction","","Sold to Garrett Sampson saytrsong@yahoo.com via GeekMarket for $20","Sold","","Placentia Games; Renegade Game Studios","English","2017","Renegade English edition"
"KeyForge: Age of Ascension","272453","9","3","0","0","0","0","0","0","0","0","0","3","","","","","","77422940","6.33406","7.14698","2.6923","1764","6830","thing","KeyForge: Age of Ascension","2","2","45","45","15","2019","2","2","8+","Extensive use of text - massive conversion needed to be playable","","","","","","standalone","","","","","","","","","","","","","","",""
"KeyForge: Age of Ascension – Archon Deck","272455","0","0","0","1","0","0","0","0","0","0","0","3","","","","","","61152556","5.82575","7.4137","3.2222","0","2012","thing","KeyForge: Age of Ascension – Archon Deck","2","2","45","45","15","2019","2","2","8+","Extensive use of text - massive conversion needed to be playable","","","","","","expansion","","","","","","","","","","Office","","","","",""
"KeyForge: Call of the Archons","257501","9","8","0","1","0","0","0","0","0","0","0","3","","","","","","55871980","6.72465","7.06301","2.4872","873","17262","thing","KeyForge: Call of the Archons","2","2","45","45","15","2018","2","2","10+","Extensive use of text - massive conversion needed to be playable","","","","","","standalone","","","","","","2018-11-27","Cardhaus","","[2-Resident]
","Office","","","","",""
"KeyForge: Call of the Archons – Archon Deck","257606","0","0","0","1","0","0","0","0","0","0","0","3","","","","","","55948573","6.20493","7.27101","2.4231","0","5082","thing","KeyForge: Call of the Archons – Archon Deck","2","2","45","45","15","2018","2","2","10+","Extensive use of text - massive conversion needed to be playable","","","","","","expansion","","","","","","2018-11-27","Cardhaus","","","Office","","","","",""
"Khôra: Rise of an Empire","299684","7","1","0","0","0","0","0","0","0","0","0","3","","","","","","135244623","6.71463","7.36229","2.7439","887","7973","thing","Khôra: Rise of an Empire","2","4","75","75","75","2021","2,3,4","4","12+","Moderate in-game text - needs crib sheet or paste ups","","","","","","standalone","","","","","","","","","","","","","","",""
"Kingdomino","204583","8","5","0","1","0","0","0","0","0","0","0","3","","","","","","56856565","7.16889","7.28757","1.239","329","91436","thing","Kingdomino","2","4","25","25","15","2016","2,3,4","2,4","6+","No necessary in-game text","","","","","","standalone","","22","USD","","","2018-12-25","Christmas Gift","","[2-Resident]
PP Estimate","","","","","",""
"Kinghill","311822","7","1","0","0","0","0","0","0","1","0","0","3","GenCon 23. Like the artwork. Worker placement","","Only played once","","","108576797","5.68067","7.71362","3.6111","6753","565","thing","Kinghill","1","2","90","90","45","2022","2","2","10+","Moderate in-game text - needs crib sheet or paste ups","","","","","","standalone","","45","USD","","","2024-01-14","Traded from jiggity with The Colonists for Venice and Ragusa","1","Price estimated via trade values
9434636105536137092294

Listed for $25 in Geekmarket on 2025-07-08","GenCon Store / Auction 2025","2025-07-08","","","",""
"Kingsburg","27162","7","1","0","0","0","0","0","0","1","0","0","3","","","","","","132290391","6.96163","7.16586","2.4209","544","18635","thing","Kingsburg","2","5","90","90","90","2007","2,3,4,5","4","10+","Moderate in-game text - needs crib sheet or paste ups","","","","","","standalone","","10","USD","10","USD","2025-05-14","Indy Spiel","","Sold Indy Spiel May 2026
John Hines $10","Sold - Indy Spiel","2026-05-15","","","",""
"Kingswood","253368","8","2","0","1","0","0","0","1","0","0","0","3","","","","","","60879670","5.7112","6.68199","1.3125","6093","1090","thing","Kingswood","1","5","45","45","15","2020","1,2,3","3","8+","Moderate in-game text - needs crib sheet or paste ups","","","","","","standalone","","40","USD","","","","KS","1","[2-Resident]
PM DONE 6 June 2019
Deluxe Edition
Hide details
Shipping will be charged after the campaign in the pledge manager. See shipping section for more details.

US: $5
Canada & the EU: $10
Rest of the World: $15

INCLUDES:
Game with all applicable stretch goals
80 Wooden Resource Tokens
30 Metal Coins","","","","","",""
"Kitara","293267","0","0","0","0","0","0","0","0","0","0","0","3","Cheetah centaur!  Dudes on a map in Africa","","","","","73855750","5.76877","6.78139","2.1667","5186","1724","thing","Kitara","2","4","40","40","40","2020","2,3,4","4","10+","No necessary in-game text","","","","","","standalone","","","","","","","","","","","","","","",""
"KLASK","165722","8","3","0","1","0","0","0","0","0","0","0","2","","","","","","36095664","7.26077","7.62313","1.0453","262","17832","thing","KLASK","2","2","10","10","10","2014","2","2","6+","No necessary in-game text","","","","","","standalone","","50","USD","","","","","","[1-Permanent]
PP Estimate","Lakehouse","","","","",""
"Knarr","379629","7","1","0","1","0","0","0","1","0","0","0","3","","","","","","134866109","7.00241","7.47049","1.9009","503","13123","thing","Knarr","2","4","30","30","30","2023","2,3,4","3","10+","No necessary in-game text","","","","","","standalone","","20","USD","","","2025-08-01","GenCon","","[3-Transient]","","2025-08-01","","","",""
"Knights of the Hound Table","283623","6","1","0","0","0","0","0","0","1","0","0","1","Listed $5 OctoCon","","New in shrink.","","","61845939","5.506","6.2175","1","24057","153","thing","Knights of the Hound Table","2","4","50","50","35","2019","2","2","","","","","","","","standalone","","40","USD","20","USD","","KS","1","Ordered 2 copies to play 3-4 player version","","","","","",""
"Knights of the Hound Table","283623","4","1","0","1","0","0","0","0","0","0","0","3","","","","","","100493605","5.506","6.2175","1","24057","153","thing","Knights of the Hound Table","2","4","50","50","35","2019","2","2","","","","","","","","standalone","","20","USD","","","","KS","","[2-Resident]","","","","","",""
"Koala Rescue Club","425873","6","1","0","1","0","0","0","0","0","0","0","3","","","","","","122173487","5.57469","6.88185","1","10979","499","thing","Koala Rescue Club","1","100","30","30","20","2024","1,2,3,4","2","5","No necessary in-game text","","","","","","standalone","","7","USD","","","2024-08-13","Kickstarter","","[2-Resident]
","Print n Play","2024-12-01","","","",""
"Kodachi","264141","9","8","2","1","0","0","0","0","0","0","0","1","","","","","","60429094","5.81011","7.28993","1.8261","4695","1089","thing","Kodachi","2","4","45","45","45","2019","2,3,4","2","8+","No necessary in-game text","","","","","","standalone","","12.82","USD","","","2019-06-03","Cardhaus","","[1-Permanent]
","","","","","",""
"Kodama Duo","252402","0","0","0","0","0","0","0","0","1","0","0","3","","","","","","119602490","5.69535","6.63174","1.7692","6402","2054","thing","Kodama Duo","2","0","30","30","30","2018","","","3+","Moderate in-game text - needs crib sheet or paste ups","","","","","","standalone","","","","","","2024-05-25","MayCon Raffle Prize","","$5 Geekmarket 2025-07-08","GenCon Store / Auction 2025","2025-07-08","","","",""
"Kuiperium","341275","0","0","0","0","0","1","1","0","0","0","0","3","KS Feb 2023
Interesting card laying to create worker placement mechanism

Card text and symbology might be an issue (check it out as campaign goes on)","","","","","104085649","5.56568","8.08544","2.6667","11703","237","thing","Kuiperium","2","2","90","90","30","2024","2","2","","","","","","","","standalone","","","","","","","","","","","","","","",""
"Kuldhara","399132","0","0","0","0","0","0","1","0","0","0","0","3","Essen 2025
Looks cool.  Cool theme

Looks OK, wouldn't spend much more than $25-30","","","","","137702955","5.53549","7.1051","2.6667","15530","118","thing","Kuldhara","1","4","120","120","30","2025","1,2,3","1,3","10","No necessary in-game text","","","","","","standalone","","","","","","","","","","","","","","",""
"Kutná Hora: The City of Silver","385610","0","0","0","0","0","0","0","0","0","0","0","3","Origins Preview 2023","","","","","106192626","7.02406","7.75434","3.3396","477","8511","thing","Kutná Hora: The City of Silver","2","4","120","120","60","2023","2,3,4","3,4","12+","Some necessary text - easily memorized or small crib sheet","","","","","","standalone","","","","","","","","","","","","","","",""
"L.A.M.A. Party Edition","313473","0","0","0","0","0","0","0","0","0","0","0","1","LLAMA!!!","","","","","72424655","5.95833","6.98413","1.04","3440","2296","thing","L.A.M.A. Party Edition","2","6","20","20","20","2020","3,4,5,6","5","6+","No necessary in-game text","","","","","","standalone","","","","","","","","","","","","","","",""
"L.L.A.M.A.","266083","8","20","1","1","0","0","0","0","0","0","0","2","Played at IndyCon 2020. Surprisingly fun.  Like UNO but better?","","","","","69494514","6.27573","6.49301","1.0534","1961","18554","thing","L.L.A.M.A.","2","6","20","20","20","2019","3,4,5,6","4,5","6+","No necessary in-game text","","","","","","standalone","","7","USD","","","2020-03-08","Cardhaus","1","[1-Permanent]","","","","","",""
"Lab Notes","363771","0","0","0","1","0","0","0","1","0","0","0","1","Chemistry roll n write","","","","","95621231","5.51422","6.35","3","21280","259","thing","Lab Notes","2","5","45","45","30","2023","2,3,4,5","2","","","","","","","","standalone","","15","USD","","","2022-10-11","Greter than Games Preorder","","[4-Evaluate]","","2023-09-15","","","",""
"Labyrinth: The Awakening, 2010 – ?","173251","0","0","0","1","0","0","0","0","0","0","0","3","","","","","","73687514","5.99511","8.32706","3.7812","0","3143","thing","Labyrinth: The Awakening, 2010 – ?","1","2","0","0","0","2016","1,2","1,2","14+","Extensive use of text - massive conversion needed to be playable","","","","","","expansion","","0.0001","USD","","","2021-07-14","","","BGG Trade
Game(s) From U is for Unicron
-----------------------
1. Labyrinth: The Awakening, 2010 – ?
2. Labyrinth: The War on Terror, 2001 – ?
3. Trick Shot

Game(s) From Indywiseguy
-----------------------
1. Claustrophobia 1643

PP Estimate (using Trade value)","Office","","","","",""
"Labyrinth: The Forever War, 2015-?","280769","0","0","0","0","0","0","0","0","0","0","0","3","","","","","","73745270","5.70188","8.12887","3.5","0","2002","thing","Labyrinth: The Forever War, 2015-?","1","2","0","0","0","2020","1,2","2","16+","Extensive use of text - massive conversion needed to be playable","","","","","","expansion","","","","","","","","","","","","","","",""
"Labyrinth: The War on Terror, 2001 – ?","62227","9","1","5","1","0","0","0","0","0","0","0","3","","","","","","73685320","6.87531","7.56228","3.6926","646","10465","thing","Labyrinth: The War on Terror, 2001 – ?","1","2","180","180","180","2010","1,2","2","16+","Extensive use of text - massive conversion needed to be playable","","","","","","standalone","","49","USD","","","2021-07-14","","","[2-Resident]
BGG Trade
Game(s) From U is for Unicron
-----------------------
1. Labyrinth: The Awakening, 2010 – ?
2. Labyrinth: The War on Terror, 2001 – ?
3. Trick Shot

Game(s) From Indywiseguy
-----------------------
1. Claustrophobia 1643

PP Estimate (using Trade value)","Office","","","","",""
"Land vs Sea","336929","6","1","1","0","0","0","0","0","1","0","0","3","All You Can Board Top 10 of 2021
Might be an interesting game. Simple rules but deeper strategy. Tile placement","","Very Good.  Only played a couple times.","","","90346459","6.34014","7.03499","1.7419","1742","6621","thing","Land vs Sea","2","4","40","40","40","2021","2,3,4","2","8+","No necessary in-game text","","","","","","standalone","","25","USD","12","USD","2022-04-02","BGG Trade","","Sold via GeekMarket for $12 on 2024-01-19
Traded Grimm Masquerade for this

PP Estimate based on trade value","Sold","","","","",""
"Lanterns Dice: Lights in the Sky","274090","0","0","0","0","0","0","0","0","0","0","0","4","Origins / GenCon 2019 - FOR SALE
Roll and Write... looks cool","","","","","60978636","5.89083","6.76547","2.0833","3948","3008","thing","Lanterns Dice: Lights in the Sky","2","4","45","45","30","2019","2,3,4","2,4","8+","Some necessary text - easily memorized or small crib sheet","","","","","","standalone","","","","","","","","","","","","","","",""
"The Last Command","417895","0","0","0","1","0","0","0","1","0","0","0","3","GenCon 2025
2 Player Deckbuilder that is NOT Star Realms","","","","","133767882","5.55698","8.19407","2.25","12491","185","thing","The Last Command","1","2","60","60","30","2025","1,2","2","12+","","","","","","","standalone","","50","","","","2025-07-31","GenCon","","[4-Evaluate]
Deluxe Edition (KS) plus sleeves and expansion","","2025-07-31","","","",""
"Last Light","315727","0","0","0","0","0","0","0","0","0","0","0","3","Roy Cannaday - will check it out
not a Grey Fox fan after Reavers BS","","","","","79295020","6.40239","7.33232","2.7778","1584","4411","thing","Last Light","2","4","75","75","45","2023","3,4","4","10+","Extensive use of text - massive conversion needed to be playable","","","","","","standalone","","","","","","","","","","","","","","",""
"Last Will","97842","8","1","2","0","0","0","0","0","1","0","0","2","Dice Tower Top 100
Mike Dilisio
Trying to lose all your money i.e. Brewster’s Millions","Unique theme and mechanisms.","Very low trade interest.  Like New.  Only Played Once.  Purchased NEW via Gamenerdz","","","68182671","6.86006","7.16243","2.7172","671","12869","thing","Last Will","2","5","75","75","45","2011","2,3,4,5","4","12+","No necessary in-game text","","","","","","standalone","","35","USD","20","USD","2020-07-06","GameNerdz","1","Sold to Chris Streck (streckArmstrong) via GenCon 2024 Flea Market for $20","Sold","","","","",""
"Lawyer Up","267401","7","1","2","0","0","0","0","0","1","0","0","3","Listed $30 OctoCon includes Expansions","","Will only trade as a bundle with Lawyer Up:  Godfather and Lawyer Up:  Witch Trial","","","69775122","6.05165","6.8211","2.6486","2912","4475","thing","Lawyer Up","1","2","75","75","60","2021","2","2","14+","Moderate in-game text - needs crib sheet or paste ups","","","","","","standalone","","49","USD","20","USD","2020-03-18","Kickstarter","1","PM DONE 27 April 2020
Includes the Lawyer Up (core set) plus all stretch goals along with the Godfather trial and Witch trial expansions.

? Shipping will be added after the campaign in the pledge manager. See shipping section for more details.

INCLUDES:
Lawyer Up (Core Set)
All Unlocked Stretch Goals
Print and Play (PDF)
Witch Trial Expansion
Godfather Expansion

Sold with expansions at OctoCon 2022 to @johnweldy for $20","Sold","","","","",""
"Lawyer Up: Godfather","306798","0","0","0","0","0","0","0","0","1","0","0","3","","","NIS. Will only trade as a bundle with Lawyer Up (base game) and Lawyer Up:  Witch Trial.","","","87016167","5.56754","7.00455","2.6667","0","1946","thing","Lawyer Up: Godfather","2","2","75","75","60","2021","2","2","14+","Extensive use of text - massive conversion needed to be playable","","","","","","expansion","","","","","","","","","","Sold","","","","",""
"Lawyer Up: Witch Trial","306797","0","0","0","0","0","0","0","0","1","0","0","3","","","NIS. Will only trade as a bundle with Lawyer Up (base game) and Lawyer Up:  Godfather","","","87016155","5.57198","6.90556","3","0","1976","thing","Lawyer Up: Witch Trial","2","2","75","75","60","2021","2","2","","","","","","","","expansion","","","","","","","","","","Sold","","","","",""
"Leonardo da Vinci","21920","0","0","0","0","0","0","0","0","0","0","0","3","","","","","","110222055","6.20923","6.72136","3.1808","2204","4766","thing","Leonardo da Vinci","2","5","90","90","90","2006","3,4,5","4","12+","No necessary in-game text","","","","","","standalone","","","","","","","","","","","","","","",""
"Leonardo da Vinci's Codex Leicester","374858","8","1","4","1","0","0","0","0","0","0","0","3","Italian designers","","","","","110222045","5.67083","7.41751","3.1667","6986","569","thing","Leonardo da Vinci's Codex Leicester","1","5","150","150","30","2023","2,3,4,5","3,4","10+","No necessary in-game text","","","","","","standalone","","70","USD","","","2024-01-09","Amazon","","[2-Resident]
Used $50 gift card on purchase","","2024-01-11","","","",""
"Libertalia","125618","7","1","0","1","0","0","0","1","0","0","0","3","Action Queue","","","","","108357762","6.86466","7.10017","2.2324","666","15322","thing","Libertalia","2","6","60","60","40","2012","3,4,5,6","4","10+","Moderate in-game text - needs crib sheet or paste ups","","","","","","standalone","","40","USD","","","2023-07-27","BGG atarilynx","","[3-Transient]","","2023-08-03","","","",""
"The Lie","423677","0","0","0","0","0","0","0","0","0","0","0","3","GenCon 2025
6 player","","","","","132947232","5.56761","6.39529","1.2222","11568","630","thing","The Lie","2","6","25","25","15","2025","4,5,6","4","6+","No necessary in-game text","","","","","","standalone","","","","","","","","","","","","","","",""
"Lightning Train","445673","8","3","3","1","0","0","0","0","0","0","0","2","GenCon 2025
Paul Dennen
Bag Building TtR

MvM Review has me more interested","","","","","134071728","5.84477","7.28092","3","4355","1143","thing","Lightning Train","1","4","120","120","60","2025","2,3,4","3","","Moderate in-game text - needs crib sheet or paste ups","","","","","","standalone","","45","USD","","","2025-10-25","Geekmarket - Brian Kirchhoff ","","[2-Resident]
Shipping to be delayed by a week due to travel","","2025-11-05","","","",""
"Limit","439306","0","0","0","0","0","0","0","0","0","0","0","3","Intriguing theme of leading a nation through world challenges.  Take a look at rule book and keep an eye out for game play videos","","","","","136636865","5.79694","7.18173","3.2593","4843","968","thing","Limit","1","6","150","150","60","2025","1,3,4,5,6","4,5,6","14+","","","","","","","standalone","","","","","","","","","","","","","","",""
"Line-it","382960","0","0","0","0","0","0","0","0","0","0","0","3","Very simple fun

Could be good for the old people ","","","","","110583457","5.55381","5.88447","1","12844","598","thing","Line-it","2","5","20","20","20","2023","2,3,4","3","8+","No necessary in-game text","","","","","","standalone","","","","","","","","","","","","","","",""
"Lions of Lydia","289550","8","1","1","0","0","0","0","0","1","0","0","3","KS March 2020
Looks interesting.  Meeple Town Playthru did it for me!","","Only played once
Lions of Lydia - Base Game
Kickstarter Edition Wooden Fountain Token
Deluxe Upgrade Pack including metal coins","","","69692860","5.81306","6.84813","1.9474","4663","1497","thing","Lions of Lydia","2","4","60","60","30","2021","2,3,4","3","8+","No necessary in-game text","","","","","","standalone","","49","USD","20","USD","2020-04-04","KS","1","Listed on BGG Geekmarket 2024-07-09 $20

PM DONE 18 April 2020
ONE copy of Lions of Lydia the base game + ONE Kickstarter Edition Wooden Fountain Token + ONE Deluxe Upgrade Pack and all unlocked stretch goals.


INCLUDES:
Lions of Lydia - Base Game
Kickstarter Edition Wooden Fountain Token
Deluxe Upgrade Pack","Sold to ketchup61925 to meet up at GenCon2024","","","","",""
"Lone Wolves","422374","0","0","0","0","0","0","0","0","0","0","0","3","GenCon 2024 2 player trick taking","","","","","120329416","6.06109","7.60253","1.9355","2865","2025","thing","Lone Wolves","2","2","15","15","15","2024","2","2","10+","No necessary in-game text","","","","","","standalone","","","","","","","","","","","","","","",""
"Long Shot","40237","8","2","2","0","0","0","0","0","1","0","0","2","Geekmarket 11/20/2022 $65","Really enjoyed this game.  I’m a big horse racing fan. Love how this is simple and incorporates ownership and wagering along with realistic event cards.  Very simple mechanisms.  Fun time!","Good.  Box has some wear and one horse is missing a saddle sticker","","","60949959","6.09131","6.70478","1.7449","2705","2395","thing","Long Shot","3","8","60","60","60","2009","3,4,5,6,7,8","5","8+","Extensive use of text - massive conversion needed to be playable","","","","","","standalone","","45","USD","50","USD","2019-06-08","BGG Auction","","Sold to Matt Paha via BGG Market 8/18/2023 for $50","Sold","","Z-Man Games","English","2009","English edition"
"Long Shot: The Dice Game","295374","8","5","1","1","0","0","0","0","0","0","0","3","Coming to KS in 2020.
Love the original Long Shot!","","","","","70339777","7.12652","7.51958","1.9452","364","19002","thing","Long Shot: The Dice Game","1","8","25","25","25","2022","1,2,3,4,5,6,7,8","4,5","10+","Some necessary text - easily memorized or small crib sheet","","","","","","standalone","","25","USD","","","2021-03-31","KS","1","[1-Permanent]","","","","","",""
"Longboard","357203","0","0","0","1","0","0","0","1","0","0","0","3","","","","","","123698135","5.70215","6.50084","1.125","6273","1387","thing","Longboard","2","4","30","30","20","2022","2,3,4","3","8+","Some necessary text - easily memorized or small crib sheet","","","","","","standalone","","","","","","2024-09-28","Indy Spiel Raffle","1","[4-Evaluate]","","2024-09-28","","","",""
"Loot of Lima","293972","0","0","0","0","0","0","0","0","1","0","0","3","Listed in Geekmarket in October 2022 for $15","","Opened, punched but never played","","","65710461","5.70606","6.7723","2.75","6191","1662","thing","Loot of Lima","1","5","90","90","60","2020","2,3,4,5","3,4","8+","No necessary in-game text","","","","","","standalone","","29","USD","10","USD","","KS","1","Sold for $10 via Geekmarket to PHaupt

PM DONE 24 March 2020
Loot of Lima
Hide details
A copy of the game. That's why you came here, right? To buy the game.","GeekMarket","","","","",""
"The Lord of the Rings Trading Card Game","2603","0","0","0","0","0","0","0","0","0","0","0","3","","","","","","73044944","6.06193","7.02558","2.9485","2861","2599","thing","The Lord of the Rings Trading Card Game","2","6","45","45","45","2001","2,3,4","2","10+","Extensive use of text - massive conversion needed to be playable","","","","","","standalone","","","","","","","","","","","","","","",""
"The Lord of the Rings: Adventure to Mount Doom","366278","0","0","0","0","0","0","0","0","0","0","0","3","","","","","","105961865","5.74828","6.65752","1.6923","5465","2002","thing","The Lord of the Rings: Adventure to Mount Doom","1","4","50","50","50","2023","1,2,3,4","1","6+","Moderate in-game text - needs crib sheet or paste ups","","","","","","standalone","","","","","","","","","","","","","","",""
"The Lord of the Rings: Duel for Middle-earth","421006","8","3","0","1","0","0","0","0","0","0","0","2","LotR","","","","","123412739","7.98238","8.35548","2.0725","19","41571","thing","The Lord of the Rings: Duel for Middle-earth","2","2","30","30","30","2024","2","2","10+","No necessary in-game text","","","","","","standalone","","","","","","2024-12-25","Christmas Gift from Bub and Rossella","","[2-Resident]","","2024-12-25","","","",""
"The Lord of the Rings: Fate of the Fellowship","436217","0","0","0","0","0","0","0","0","0","0","0","3","Pandemic LoTR","","","","","132902238","7.65005","8.33455","3.0966","85","19198","thing","The Lord of the Rings: Fate of the Fellowship","1","5","150","150","60","2025","1,2,3,4","3","12+","Moderate in-game text - needs crib sheet or paste ups","","","","","","standalone","","","","","","","","","","","","","","",""
"The Lord of the Rings: Journeys in Middle-Earth","269385","0","0","0","0","0","0","0","0","0","0","0","3","","","","","","61033187","7.48146","7.89104","2.6978","143","33645","thing","The Lord of the Rings: Journeys in Middle-Earth","1","5","120","120","60","2019","1,2,3,4","2","10+","Extensive use of text - massive conversion needed to be playable","","","","","","standalone","","","","","","","","","","","","","","",""
"The Lord of the Rings: The Confrontation","18833","0","0","0","0","0","0","0","0","0","1","0","3","","","","","","133680958","6.95855","7.5058","2.1897","550","8310","thing","The Lord of the Rings: The Confrontation","2","2","30","30","30","2026","2","2","10+","Moderate in-game text - needs crib sheet or paste ups","","","","","","standalone","","120","USD","","","2025-06-27","Gamefound","","","","","Ghost Galaxy","English","2026","English Ultimate edition"
"The Lord of the Rings: The Fellowship of the Ring – Trick-Taking Game","429293","0","0","0","0","0","0","0","0","0","0","0","2","","","","","","123523320","7.46553","7.98115","1.9487","148","25520","thing","The Lord of the Rings: The Fellowship of the Ring – Trick-Taking Game","1","4","20","20","20","2025","1,2,3,4","4","10+","Moderate in-game text - needs crib sheet or paste ups","","","","","","standalone","","","","","","","","","","","","","","",""
"The Lord of the Rings: The Fellowship of the Ring Deck-Building Game","127127","8","4","2","1","0","0","0","0","0","0","0","3","","","","","","68499438","6.0039","6.84374","2.1467","3152","3000","thing","The Lord of the Rings: The Fellowship of the Ring Deck-Building Game","2","5","30","30","30","2013","2,3,4,5","3,4","10+","Moderate in-game text - needs crib sheet or paste ups","","","","","","standalone","","35","USD","","","2020-10-12","BGG TRade with Scott SPurgeon","","[1-Permanent]
Traded Oceans for this plus Expanse Doors and Corners
PP Estimate","Art Box","","","","",""
"The Lord of the Rings: The Return of the King Deck-Building Game","152510","0","0","0","1","0","0","0","0","0","0","0","3","","","","","","73286707","5.75348","7.02911","2.1176","5398","1474","thing","The Lord of the Rings: The Return of the King Deck-Building Game","2","5","45","45","45","2014","2,3,4","3","10+","Moderate in-game text - needs crib sheet or paste ups","","","","","","standalone","","59","USD","","","2020-10-26","BGG Trade","","[1-Permanent]
Traded with Ankur Gupta for Stockpile

PP Estimate based on Trade Value","Art Box","","","","",""
"The Lord of the Rings: The Two Towers Deck-Building Game","142555","8","1","0","1","0","0","0","0","0","0","0","3","","","","","","73318318","5.79218","6.88903","2.1786","4900","1696","thing","The Lord of the Rings: The Two Towers Deck-Building Game","2","5","45","45","30","2013","2,3,4,5","3,4","10+","Moderate in-game text - needs crib sheet or paste ups","","","","","","standalone","","45","USD","","","2020-12-07","BGG Market","","[1-Permanent]
Bought for 45 +15 shipping from william4192@yahoo.com","Art Box","","","","",""
"Lords of Ragnarok","340865","0","0","0","0","0","0","0","0","0","0","0","3","","","","","","108249939","6.03019","7.26985","3.7857","3026","4039","thing","Lords of Ragnarok","1","4","180","180","90","2023","1,2,3,4","3","12+","Extensive use of text - massive conversion needed to be playable","","","","","","standalone","","","","","","","","","","","","","","",""
"Lords of Vegas","20437","8","2","0","1","0","0","0","0","0","0","0","3","","","","","","132290400","6.91983","7.35259","2.3436","599","10202","thing","Lords of Vegas","2","4","90","90","60","2010","3,4","4","12+","No necessary in-game text","","","","","","standalone","","30","USD","","","2025-05-14","Indy Spiel","","[2-Resident]","","2025-05-16","","","",""
"Lords of Vegas","375769","9","2","0","1","0","0","0","0","0","0","0","2","Fun game… new Version plays up to 6!","","","","","132879208","5.96056","8.06422","2.5714","0","1326","thing","Lords of Vegas","2","6","90","90","60","2024","3,4,5,6","4,5","12+","","","","","","","standalone","","79.95","USD","","","2025-06-20","Game Preserve","","[2-Resident]","Donegal","2025-06-20","","","",""
"Lords of Xidit","156566","8","1","3","0","0","0","0","0","0","0","0","3","","Love the programming and somewhat simultaneous play, especially at the 5 player count.  Only played once, but it was an incredibly great experience","","","","101507740","6.64274","7.07582","2.6406","1023","9669","thing","Lords of Xidit","3","5","90","90","90","2014","4,5","4,5","10+","No necessary in-game text","","","","","","standalone","","","","","","","","","","","","","","",""
"Lorenzo il Magnifico","203993","8","0","0","0","0","0","0","0","0","0","0","3","Bought the Big Box edition
Simone Luciani","","","","","73774550","7.4887","7.825","3.2896","141","17894","thing","Lorenzo il Magnifico","2","4","120","120","60","2016","2,3,4","3,4","12+","No necessary in-game text","","","","","","standalone","","","","","","","","","","","","","","",""
"Lorenzo il Magnifico: Big Box","338476","8","1","0","1","0","0","0","0","0","0","0","3","","","","","","107118430","6.60921","8.38172","3.375","0","3920","thing","Lorenzo il Magnifico: Big Box","2","5","120","120","60","2021","2,3,4,5","3,4","12+","No necessary in-game text","","","","","","standalone","","40","USD","","","2023-06-05","Miniature Market","","[2-Resident]","","","","","",""
"Lost Ruins of Arnak","312484","7","1","0","0","0","0","0","0","0","0","0","3","","","","","","77356516","7.91601","8.08247","2.9315","30","86781","thing","Lost Ruins of Arnak","1","4","120","120","30","2020","1,2,3,4","3","10+","Moderate in-game text - needs crib sheet or paste ups","","","","","","standalone","","","","","","","","","","","","","","",""
"Lucha Lucha Three Four Five","436304","0","0","0","0","0","0","1","0","0","0","0","3","GenCon 2025
2 player Only
Looks different.  Cool Components","","","","","133140560","0","6.95652","1.5","0","79","thing","Lucha Lucha Three Four Five","2","2","20","20","20","2025","2","2","8+","","","","","","","standalone","","","","","","","","","","","","","","",""
"Lure","415780","6","4","1","1","0","0","0","0","0","0","0","2","GenCon 2024","","","","","120022233","6.1258","6.81737","1.2432","2540","4455","thing","Lure","2","5","15","15","15","2024","2,3,4,5","4","8+","No necessary in-game text","","","","","","standalone","","19","USD","","","2024-08-01","GenCon 2024","1","[3-Transient]","Lakehouse","2024-08-01","","","",""
"Lure: Deep Waters","419579","0","0","0","1","0","0","0","0","0","0","0","3","","","","","","121742939","5.70742","7.43568","1.2","0","1811","thing","Lure: Deep Waters","2","5","25","25","15","2024","2,3,4,5","3,4","","No necessary in-game text","","","","","","expansion","","","","","","2024-08-01","GenCon 2024","","In Base Game Box","","2024-08-01","","","",""
"LYNGK","217083","7","2","0","1","0","0","0","0","0","0","0","2","David Schuth
(mrteacherusa)","","","","","44697264","6.22861","7.56553","2.7436","2124","2930","thing","LYNGK","2","2","60","60","30","2017","2","2","10+","No necessary in-game text","","","","","","standalone","","10","USD","","","2020-02-23","BGG Trade at IndyCon","1","[1-Permanent]","","","","","",""
"Machine of Death: The Game of Creative Assassination","138311","0","0","0","0","0","0","0","0","1","0","0","3","Listed $5 OctoCon","","Very rare.  Opened, but never played.","","","21292551","5.46505","5.33977","1.5455","29779","1930","thing","Machine of Death: The Game of Creative Assassination","2","4","30","30","30","2014","3,4","4","14+","Unplayable in another language","","","","","Kickstarter Edition.  Open, Never Played","standalone","","25","USD","7","USD","2013-03-19","KS","","Currently for Sale on IndyCon Flea Market $25
Sold for $7 GenCon 2024 Store","GenCon 2024 Auction / Store","2024-07-31","","","",""
"Mad Science Foundation","194229","6","1","0","0","0","0","0","0","1","0","0","3","$5 OctoCon","Picked up as a GenCon 2016 add on when we bought Internal affairs","Like New.  Only played once","","","36111194","5.54375","6.31434","2","14142","615","thing","Mad Science Foundation","2","4","45","45","30","2016","2,3,4","3,4","8+","Extensive use of text - massive conversion needed to be playable","","","","","Like New Played Once","standalone","","10","USD","","","","Gen Con","","PP Estimate
$5 Geekmarket 2025-07-08","GenCon Store / Auction 2025","2025-07-08","","","",""
"Magic: The Gathering","463","8","1","4","1","0","0","0","0","0","0","0","3","","Like to play with my son, although we are rookies!","","","","18133805","7.41246","7.59702","3.2816","168","47899","thing","Magic: The Gathering","2","6","20","20","20","1993","2,3,4","2","12+","Unplayable in another language","","","","","","standalone","","","","","","","","","[1-Permanent]","","","","","",""
"Magical Athlete","454103","8","1","0","0","0","0","0","0","0","0","0","3","","","","","","145754339","7.03204","7.84462","1.1538","465","9291","thing","Magical Athlete","2","6","30","30","30","2025","3,4,5,6","5,6","6+","Moderate in-game text - needs crib sheet or paste ups","","","","","","standalone","","","","","","","","","","","","","","",""
"Maglev Maps: Volume 1","380925","0","0","0","1","0","0","0","0","0","0","0","3","","","","","","104247700","5.58668","8.01585","3","0","948","thing","Maglev Maps: Volume 1","1","4","0","0","0","2023","2,3,4","2,3,4","","","","","","","","expansion","","80","","","","2022-04-30","KS","1","Includes all 6 maps (3 map packs)","","","","","",""
"Maglev Metro","301257","8","5","2","1","0","0","0","0","0","0","0","3","Route building... don’t really have this mechanic in our collection","","","","","77838445","6.46939","7.18978","2.8354","1398","5607","thing","Maglev Metro","1","4","90","90","60","2021","2,3,4","3","12+","Some necessary text - easily memorized or small crib sheet","","","","","","standalone","","55","USD","","","","GenCon2021","1","[2-Resident]","","","","","",""
"Maglev Metro: London & Paris","353779","0","0","0","0","0","0","0","0","0","0","0","3","","","","","","94633790","5.5334","7.74118","0","0","428","thing","Maglev Metro: London & Paris","1","4","90","90","60","2022","","","","","","","","","","expansion","","80","USD","","","2022-04-30","KS","","In the Maglev Maps Vol 1 Box 

Includes all three Maglev Map Expansions for $80","","","","","",""
"Maglev Metro: Mechs & Monorails","346841","0","0","0","0","0","0","0","0","0","0","0","3","","","","","","94633767","5.5321","7.93667","0","0","454","thing","Maglev Metro: Mechs & Monorails","1","4","90","90","60","2023","2","2","","","","","","","","expansion","","80","USD","","","2022-04-30","KS","","In the Maglev Maps Vol 1 Box

Includes all three Maglev Map Expansions for $80","","","","","",""
"Maglev Metro: Moonbases & Mars","357060","0","0","0","0","0","0","0","0","0","0","0","3","","","","","","94633810","5.53259","7.75152","0","0","415","thing","Maglev Metro: Moonbases & Mars","1","4","90","90","60","2022","3","3","","","","","","","","expansion","","80","USD","","","2022-04-23","KS","","In the Maglev Maps Vol 1 Box 

Includes all three Maglev Map Expansions for $80","","","","","",""
"Magna Roma","319348","0","0","0","0","0","0","0","0","0","0","0","3","Looks cool but do I need another Rome builder?","","","","","108576813","5.75537","7.16751","2.4762","5371","1187","thing","Magna Roma","1","4","90","90","30","2022","1,2,3,4","2,3","12+","No necessary in-game text","","","","","","standalone","","","","","","","","","","","","","","",""
"Magnastorm","257067","7","3","4","0","0","0","0","0","1","0","0","4","","","","","","61033490","5.88978","6.75641","3.1207","3962","2379","thing","Magnastorm","2","4","100","100","70","2018","2,3,4","4","12+","Some necessary text - easily memorized or small crib sheet","","","","","","standalone","","45.99","USD","","","2019-07-01","Cardhaus","","Sold to Garrett Sampson saytrsong@yahoo.com via GeekMarket for $20","Sold","","","","",""
"Majesty: For the Realm","230080","7","1","0","1","0","0","0","0","0","0","0","3","","","","","","122904376","6.53293","6.9195","1.7166","1248","8575","thing","Majesty: For the Realm","2","4","30","30","20","2017","2,3,4","4","8+","Some necessary text - easily memorized or small crib sheet","","","","","","standalone","","5","USD","","","2024-09-27","Indy Spiel Flea Market","","[2-Resident]
Bought for the tokens","","2024-09-28","","","",""
"Makoto","437109","0","0","0","0","0","0","1","0","0","0","0","3","Essen 2025
Looks beautiful.  Plays 6","","","","","137520962","5.51581","6.23438","2.5","20725","186","thing","Makoto","2","6","20","20","20","2025","2,3,4,5","2,3,4,5","","No necessary in-game text","","","","","","standalone","","","","","","","","","","","","","","",""
"Manhattan Project: Energy Empire","429401","0","0","0","0","0","0","1","0","0","0","0","3","GenCon 2025","","","","","132949200","5.76308","7.97164","3.0714","0","1025","thing","Manhattan Project: Energy Empire","1","5","120","120","60","2025","3,4,5","4","10","","","","","","","standalone","","","","","","","","","","","","","","",""
"Manhattan Project: War Machine","375573","0","0","0","0","0","0","1","0","0","0","0","4","Worker Placement Engine Builder.  KS Jan 2023.  Really looks like something we would like.  No real reason to back the KS as there are no stretch goals or any extra incentive.  Might as well wait until it hits retail","","","","","102917943","5.57506","6.53657","2.2727","10950","791","thing","Manhattan Project: War Machine","1","4","60","60","30","2024","1,2,3,4","3","14","Some necessary text - easily memorized or small crib sheet","","","","","","standalone","","","","","","","","","","","","","","",""
"Maracaibo","276025","0","0","0","0","0","0","0","0","0","0","0","3","2019 Essen
Keep an eye on this.  Looks COMPLEX!","","","","","63897219","7.63191","7.94048","3.9154","88","24920","thing","Maracaibo","1","4","120","120","30","2019","1,2,3,4","3","14+","Some necessary text - easily memorized or small crib sheet","","","","","","standalone","","","","","","","","","","","","","","",""
"March of the Ants: Evolved Edition","416079","0","0","0","0","0","0","0","0","0","0","0","3","Gen Con 2025 Demo
4X with an ant theme sounds cool","","","","","133399174","6.0523","7.61217","3.1957","2909","2466","thing","March of the Ants: Evolved Edition","1","5","90","90","60","2025","1,2,3,4,5","4","12+","Extensive use of text - massive conversion needed to be playable","","","","","","standalone","","","","","","","","","","","","","","",""
"Marco Polo II: In the Service of the Khan","283948","0","0","0","0","0","0","0","0","0","0","0","1","Luciani and Tascini","","","","","110485053","7.36204","7.91986","3.3793","200","10322","thing","Marco Polo II: In the Service of the Khan","2","4","120","120","60","2019","2,3,4","3","12+","No necessary in-game text","","","","","","standalone","","","","","","","","","","","","","","",""
"Masters of Crime: Vendetta","336791","0","0","0","0","0","0","0","0","0","0","0","3","Co-op… didn;t seem like something we would play","","","","","121811185","5.6277","7.47537","2","8207","667","thing","Masters of Crime: Vendetta","1","6","240","240","120","2021","1,2,3,4","4","14+","Unplayable in another language","","","","","","standalone","","","","","","","","","","","","","","",""
"Match!","393888","0","0","0","0","0","0","1","0","0","0","0","3","GenCon 2025
6 Player
Uno with a twist","","","","","132947327","5.78271","6.73178","1.087","5007","1625","thing","Match!","2","6","20","20","20","2023","2,3,4,5,6","4,5","8+","No necessary in-game text","","","","","","standalone","","","","","","","","","","","","","","",""
"MATRX GIPF","378284","7","2","0","1","0","0","0","0","0","0","0","1","","","","","","102297674","5.55648","7.49932","3.5","12539","450","thing","MATRX GIPF","2","2","60","60","30","2024","2","2","","No necessary in-game text","","","","","","standalone","","32.99","USD","","","2025-01-03","Carhaus","1","[1-Permanent]","","2025-01-10","","","",""
"Medici","46","8","5","2","1","0","0","0","0","0","0","0","3","","Very easy to learn the mechanics of this game. I feel like there is a lot of depth to the strategy even though it is such a simple game to learn.","","","","36095367","6.82926","7.18969","2.2167","721","10300","thing","Medici","2","6","60","60","60","2016","4,5,6","5,6","10+","No necessary in-game text","","4172982","","","","standalone","","28","USD","","","","Gen Con","","[2-Resident]
PP Estimate","","","Grail Games","English","2016","Grail English edition"
"Meltwater","250481","0","0","0","0","0","0","0","0","0","0","0","3","GenCon 2025
2 Player post nuclear war area control","","","","","132915939","5.7071","7.07636","2.3","6176","914","thing","Meltwater","2","2","60","60","60","2018","1,2","2","16+","Moderate in-game text - needs crib sheet or paste ups","","","","","","standalone","","","","","","","","","","","","","","",""
"Men at Work","261114","7","2","0","0","0","0","0","0","0","0","0","3","","","","","","135244621","6.53315","7.19727","1.0758","1247","6453","thing","Men at Work","2","5","45","45","30","2018","2,3,4,5","3,4","8+","Moderate in-game text - needs crib sheet or paste ups","","","","","","standalone","","","","","","","","","","","","","","",""
"Mental Blocks","275089","5","1","0","0","0","0","0","0","0","0","0","3","","","","","","77422929","5.8301","6.78692","1.5385","4492","1401","thing","Mental Blocks","2","9","20","20","10","2019","2,3,4,5,6,7","4,6","8+","No necessary in-game text","","","","","","standalone","","","","","","","","","","","","","","",""
"Merchants Cove","277700","0","0","0","0","0","0","0","0","0","0","0","3","KS September 2019
Varibale player powers with each player using a different mechanism.  Sounds like a cool concept, but this one just didn't jump out to me as a must back???","","","","","63866239","6.6625","7.39147","2.7422","986","9233","thing","Merchants Cove","1","4","90","90","60","2021","1,2,3,4","3","10+","No necessary in-game text","","","","","","standalone","","","","","","","","","","","","","","",""
"Merchants of the Dark Road","300217","8","3","3","1","0","0","0","0","0","0","0","3","KS June 2020
Gameplay might be good.  A lot going on","","","","","71767744","6.61596","7.34158","3.2816","1074","8474","thing","Merchants of the Dark Road","1","4","120","120","60","2022","1,2,3,4","3","12+","Some necessary text - easily memorized or small crib sheet","","","","","","standalone","","75","USD","","","2020-06-26","KS","1","[2-Resident]
Pledge manager completed on 2020-08-03

A copy of the deluxe version of Merchants of the Dark Road, including all relevant deluxe stretch goals.

Shipping will be added after the campaign in the pledge manager.

INCLUDES:
Merchants of the Dark Road — Kickstarter Deluxe Edition","","","","","",""
"Mercurial: Alchemia","389094","0","0","0","0","0","0","1","0","0","0","0","3","2025 KS - looks interesting and complex.  Deck Building & Worker Placement

Artwork is beautiful. Almost backed Endogenesis from this company","","","","","136963346","0","7.77632","0","0","47","thing","Mercurial: Alchemia","1","4","120","120","90","2026","","","","","","","","","","standalone","","","","","","","","","","","","","","",""
"Merlin","230933","0","0","0","0","0","0","0","0","0","0","0","4","A lot going on, but table presence looks awesome in pictures","","","","","61251705","6.51133","7.144","3.1","1297","5504","thing","Merlin","2","4","75","75","75","2017","2,3,4","3","12+","No necessary in-game text","","","","","","standalone","","","","","","","","","","","","","","",""
"Merv: The Heart of the Silk Road","306040","0","0","0","0","0","0","1","0","0","0","1","4","Highly touted by many. I like the rows/column Targi-like mechanism.  Need to check it out more","","","","","78417036","6.7854","7.47229","3.4355","778","8612","thing","Merv: The Heart of the Silk Road","1","4","90","90","90","2020","2,3,4","4","14+","No necessary in-game text","","","","","","standalone","","","","","","","","","","","","","","",""
"Message in a Bottle","411420","6","1","1","1","0","0","0","0","0","0","0","3","","","","","","134916975","5.52948","6.5032","1","16808","325","thing","Message in a Bottle","2","6","15","15","10","2024","2,3,4,5,6","4","10+","No necessary in-game text","","","","","","standalone","","15","USD","","","2025-08-02","GenCon","","[3-Transient]","","2025-08-02","","","",""
"Metrorunner","406329","6","1","3","0","0","0","0","0","1","0","0","3","Origins 2024.  Tantrum House video shows game play","","","","","119839869","5.69829","7.16617","2.6471","6352","864","thing","Metrorunner","1","5","90","90","30","2024","1,2,3,4","2","14+","Some necessary text - easily memorized or small crib sheet","","","","","","standalone","","75","USD","45","USD","2024-07-24","Noble Knight","","GenCon2024 Pre-Purchase

Sold for $45 via Geekmarket to anth_grant","GeekMarket","2024-08-18","","","",""
"Metrorunner: Dropsite Mini Expansion","424445","0","0","0","0","0","0","0","0","1","0","0","3","","","","","","122305091","0","7.39583","2.5","0","215","thing","Metrorunner: Dropsite Mini Expansion","1","5","90","90","30","2024","1","1","14+","No necessary in-game text","","","","","","expansion","","","","","","","","","","","","","","",""
"Mezo","243797","0","0","0","0","0","0","0","0","0","0","0","4","Kickstarter
GenCon 2019 DEMO","","","","","54924805","6.01779","7.15154","3.254","3082","2895","thing","Mezo","2","4","120","120","90","2020","2,3,4","3","12+","Moderate in-game text - needs crib sheet or paste ups","","","","","","standalone","","","","","","","","","","","","","","",""
"Micropolis","239840","7","4","0","1","0","0","0","0","0","0","0","4","2018 Gen Con
Would buy if less than $20","","","","","53155419","6.06481","6.77467","1.7632","2841","2882","thing","Micropolis","2","6","30","30","30","2018","2,3,4,5,6","3,4","6+","No necessary in-game text","","","","","","standalone","","32","USD","","","2019-06-16","Father’s Day Gift","","[2-Resident]
PP Estimate","","","","","",""
"Middara: Unintentional Malum – Act 1","169427","0","0","0","0","0","0","0","0","0","0","0","4","This is a game that I would really like to play, but not sure I need to own it!","","","","","61568150","6.92895","8.50124","4.139","589","6898","thing","Middara: Unintentional Malum – Act 1","1","4","60","60","60","2019","1,2,3,4","4","12+","Extensive use of text - massive conversion needed to be playable","","","","","","standalone","","","","","","","","","","","","","","",""
"Middle Ages","403754","7","5","0","1","0","0","0","0","0","0","0","2","GenCon 2024 Played in BGG Hot Games Room.  It was fun.  G would like it too","","","","","119839781","6.46212","7.19339","2.0091","1420","4740","thing","Middle Ages","2","5","30","30","30","2024","2,3,4,5","3,4","10+","No necessary in-game text","","","","","","standalone","","35","USD","","","2024-08-09","Hachette ","1","[2-Resident]","","2024-08-21","","","",""
"Mille Fiori","346501","8","3","0","1","0","0","0","0","0","0","0","3","","","","","","100923049","6.84598","7.41696","2.1745","698","9836","thing","Mille Fiori","2","4","90","90","60","2021","3,4","4","8+","No necessary in-game text","","","","","","standalone","","35","USD","","","2023-02-27","GeekMarket Racinrod","1","[2-Resident]
","","","","","",""
"The Mind","244992","4","5","0","1","1","0","0","0","0","0","0","4","2018 Gen Con
Party game.  Seems like we can print & play our own version of this...","","","","","51179038","6.59187","6.71428","1.073","1121","69756","thing","The Mind","2","4","20","20","20","2018","2,3,4","4","8+","No necessary in-game text","","","","","","standalone","","12","USD","","","2018-12-25","Christmas Gift","","[5-Exiting]
GB’s game
PP Estimate","","","","","",""
"Mind Map","401409","0","0","0","0","0","0","0","0","0","0","0","3","Looks like a decent party game","","","","","119826729","5.52486","5.99452","0","17943","257","thing","Mind Map","4","14","30","30","20","2024","4,5,6","5,6","","","","","","","","standalone","","","","","","","","","","","","","","",""
"Mind Up!","377515","6","4","0","1","1","0","0","0","0","0","0","3","","","","","","119602615","5.91246","6.68198","1.1724","3768","2269","thing","Mind Up!","3","6","20","20","15","2023","3,4,5,6","4","8+","No necessary in-game text","","","","","","standalone","","12","USD","","","2024-05-25","Cardhaus","1","[5-Exiting]","","2024-05-29","","","",""
"The Mines of Pekari","399881","0","1","0","1","0","0","0","0","0","0","0","3","","","","","","109524435","0","4.66667","0","0","11","thing","The Mines of Pekari","3","6","90","90","60","2023","","","","","","","","","","standalone","","60","USD","","","2023-08-19","Oaken Table Games","","[1-Permanent]","","2023-08-22","","","",""
"Mining Colony","302510","0","0","0","0","0","0","0","0","0","0","0","3","polynomino placement.  Looks quick and fun","","","","","88647327","5.73299","6.83058","1.8636","5708","1191","thing","Mining Colony","1","4","40","40","40","2021","1,2,3,4","4","10+","No necessary in-game text","","","","","","standalone","","","","","","","","","","","","","","",""
"Mint Julep","222462","4","1","0","1","0","0","0","0","0","0","0","3","","","","","","66107986","5.59845","6.47139","1.8333","9500","1369","thing","Mint Julep","2","4","30","30","20","2017","2,3,4","3","8+","Some necessary text - easily memorized or small crib sheet","","","","","","standalone","","10","USD","","","2019-11-24","KS","","[2-Resident]
Butonshy Bundle with Mint Julep, Pentaquark, and Pickpockets","Lakehouse","","","","",""
"The Mirroring of Mary King","343741","9","2","0","1","0","0","0","0","0","0","0","1","","Playtester for this game","","","","85701585","5.63607","6.96195","2.1667","7930","543","thing","The Mirroring of Mary King","2","2","45","45","20","2022","2","2","12+","Moderate in-game text - needs crib sheet or paste ups","","","","","","standalone","","29.99","USD","","","","Gen Con 2022","","[1-Permanent]","","","","","",""
"Moa","214123","0","0","0","0","0","0","0","0","1","0","0","1","Geekmarket 11/20/2022 $25","","Opened.  Never played","","","68556382","5.56779","6.34327","2.6154","11555","587","thing","Moa","2","5","60","60","45","2018","2,3,4,5","4","10+","No necessary in-game text","","","","","","standalone","","17","USD","15","USD","2020-04-16","Cardhaus","1","Sold for $15 on BGG Marketplace to shannan_north on 2024-05-05","Sold","2020-04-16","","","",""
"Monasterium","317231","7","1","3","0","0","0","0","0","1","0","0","3","Good review from Meeple Town.  Would like to see more
Cool dice action selection drafting mechanism","","","","","73855438","6.12342","7.33296","3.2286","2557","2187","thing","Monasterium","2","4","120","120","60","2020","2,3","3","14+","No necessary in-game text","","","","","","standalone","","50","USD","45","USD","2023-10-15","BGG Auction drAsher25","","Sold via Geekmarket $45

Includes Market Stall Expansion plus stickered meeples","Sold - Geekmarket","2026-04-30","","","",""
"Monasterium: Market Stall","337814","0","0","0","1","0","0","0","0","0","0","0","3","","","","","","111362472","5.54362","7.60755","2","0","404","thing","Monasterium: Market Stall","2","4","0","0","0","2021","","","","No necessary in-game text","","","","","","expansion","","","","","","2023-10-15","BGG Action drAsher25","","In base game","","2023-10-25","","","",""
"Moneybags","251622","8","4","0","1","0","0","0","0","0","0","0","3","Played with Ross at GenCon fun little bluffing game.","","","","","77422927","5.52318","5.72344","1.25","18413","675","thing","Moneybags","3","6","30","30","30","2018","4,5,6","5,6","8+","No necessary in-game text","","","","","","standalone","","25","USD","","","2023-02-27","GeekMarket racinrod","","[2-Resident]","","","","","",""
"Monkey Palace","412911","0","0","0","1","0","0","0","1","0","0","0","3","","","","","","134842593","6.28899","7.13695","2","1914","7074","thing","Monkey Palace","2","4","45","45","45","2024","2,3,4","2","8+","No necessary in-game text","","","","","","standalone","","25","USD","","","2025-07-31","GenCon","","[4-Evaluate]
Angie’s game","","2025-07-31","","","",""
"Monopoly","1406","5","1","0","1","0","0","0","0","0","0","0","3","","","","","","71241012","4.29369","4.36893","1.6188","30686","59959","thing","Monopoly","2","8","180","180","60","2006","3,4,5,6","4","8+","Moderate in-game text - needs crib sheet or paste ups","","","","","","standalone","","","","","","","","","[2-Resident]","Lakehouse","","Hasbro; Parker Brothers","English","2006","Hasbro Vintage Collection wooden box edition"
"Monumental","248125","0","0","0","0","0","0","0","0","0","0","0","3","Huge and expensive!","","","","","72237654","6.37799","7.38906","2.8846","1649","4892","thing","Monumental","1","4","120","120","90","2020","1,2,3","2,3","12+","Moderate in-game text - needs crib sheet or paste ups","","","","","","standalone","","","","","","","","","","","","","","",""
"Moonrakers","270239","0","0","0","0","0","0","0","0","0","0","0","3","KS Sep 2019
Deckbuilding with more.  Looks cool, first time creator with a lot of big name reviewers doing previews (DT, MvM, Game the Game...)

Think I am going to pass on the KS.  Game needs a decent amount of negoatiation to complete contracts which doesn't sound all that fun at 2 players","","","","","63771996","6.77607","7.69231","2.4725","791","6587","thing","Moonrakers","1","5","120","120","60","2020","3,4,5","4","12+","Moderate in-game text - needs crib sheet or paste ups","","","","","","standalone","","","","","","","","","","","","","","",""
"Mosaic: A Story of Civilization","329551","8","2","3","1","0","0","0","0","0","0","0","4","This looks like a very simple to play, yet deeper strategy civ game. Price is up there for the deluxe version","Sphinx Edition plus metal coin and wooden token add-ons","","","","82688810","6.81042","7.46375","3.0543","744","8840","thing","Mosaic: A Story of Civilization","2","6","120","120","120","2022","3,4,5","4","12+","Moderate in-game text - needs crib sheet or paste ups","","","","","","standalone","","108","USD","","","2021-06-03","KS","1","[1-Permanent]
Received the base game (Sphinx edition) on 12 Oct 2022.

Add ons (coins and wooden tokens) are supposed to ship in Nov 2022.","","2022-10-12","","","",""
"Mosaic: Wars and Disasters","371704","0","0","0","1","0","0","0","0","0","0","0","3","","","","","","98727745","5.69954","7.70722","3","0","1793","thing","Mosaic: Wars and Disasters","2","6","150","150","90","2023","3,4,5,6","3,4,6","","Some necessary text - easily memorized or small crib sheet","","","","","","expansion","","35","USD","","","2022-10-13","KS","","Sphinx compatible edition","","2023-08-11","","","",""
"The Mother Road: Route 66","344268","6","1","1","0","0","0","0","0","1","0","0","3","","","","","","85035634","5.53833","5.89254","1.3333","15001","489","thing","The Mother Road: Route 66","2","4","40","40","20","2022","2,3,4","3,4","","","","","","","","standalone","","25","USD","","","2021-08-25","KS","","Price Paid is estamiated from

6 for the Road Bundle was $49 and contains:

The Mother Road, Route 66
America's Main Street -- 2 new Travel-Size Route 66 Family Games
Sixes, The Portable Party Game for 6-106 Players and Ages
Dead Man's Chest, the Pint-Sized party game
The Pink Cadillac Expansion to Route 66, The Mother Road
The Great Races, an original roll and write game by Sid Sackson

$25 Geekmarket 2025-07-08","GenCon Store / Auction 2025","2025-07-08","","","",""
"Motor City","335116","6","2","2","0","0","0","0","0","1","0","0","3","Building cars roll n write","","","","","103297368","6.029","7.1418","2.881","3030","3314","thing","Motor City","1","5","45","45","45","2023","1,2,3,4","2","12+","No necessary in-game text","","","","","","standalone","","25","USD","","","2023-02-24","No Regrets Games","","$7 Geekmarket 2025-07-08","GenCon Store / Auction 2025","2025-07-08","","","",""
"Mountain Goats","63975","6","1","0","0","0","0","0","0","0","0","0","3","","","","","","108239628","6.42196","6.83656","1.211","1520","10603","thing","Mountain Goats","2","4","20","20","20","2010","2,3,4","4","6+","No necessary in-game text","","","","","","standalone","","","","","","","","","","","","","","",""
"Murray the A**hole Frog","416494","0","0","0","1","0","0","0","1","0","0","0","2","","","","","","119896830","5.56681","6.89195","0","11623","370","thing","Murray the A**hole Frog","3","6","45","45","30","2024","3,4","3,4","","","","","","","","standalone","","25","USD","","","2024-08-01","GenCon 2024","1","[4-Evaluate]","","2024-08-01","","","",""
"Mutagen","393322","0","0","0","0","0","0","0","0","0","0","0","3","","","","","","125423308","5.54029","6.74471","3","14673","273","thing","Mutagen","1","4","90","90","60","2025","2,3,4","3,4","12+","","","","","","","standalone","","","","","","","","1","","","","","","",""
"Mutagen","393322","0","0","0","0","0","0","0","0","0","0","0","3","","","","","","125423514","5.54029","6.74471","3","14673","273","thing","Mutagen","1","4","90","90","60","2025","2,3,4","3,4","12+","","","","","","","standalone","","61","USD","","","2024-11-12","Kickstarter","","Kickstarter Deluxe Edition includes 20  Mutation attachments, Turczi expansion, Johnny PAC expansion","","","","","",""
"Mutagen: Deluxe Edition","462307","6","1","0","1","1","0","0","0","0","0","0","3","","","","","","142530603","0","6.87778","0","0","125","thing","Mutagen: Deluxe Edition","1","4","90","90","60","2025","","","","","","","","","","standalone","","61","USD","","","2024-11-12","KS","","[5-Exiting]
Kickstarter Deluxe Edition includes 20  Mutation attachments, Turczi expansion, Johnny PAC expansion","","2026-02-13","Dranda Games","English","2025","English edition"
"Mystery House: Adventures in a Box","269537","0","0","0","0","0","0","0","0","0","0","0","4","Really unique mechanism. Looking through the box to see things...","","","","","66971753","5.71885","6.26157","2.125","5954","2443","thing","Mystery House: Adventures in a Box","1","5","60","60","60","2019","1,2,3","2","12+","Moderate in-game text - needs crib sheet or paste ups","","","","","","standalone","","","","","","","","","","","","","","",""
"Mysthea","242653","0","0","0","0","0","0","0","0","0","0","0","3","GenCon 2025
Interesting but Tom V says it plays best at 3
Needs a Bob at 2","","","","","132979165","6.17031","7.56169","3.8235","2340","3010","thing","Mysthea","2","5","120","120","90","2019","2,3,4","3","14+","No necessary in-game text","","","","","","standalone","","","","","","","","","","","","","","",""
"Mystic Curling Club","447729","0","0","0","0","0","0","0","0","0","1","0","3","GenCon 2025
Curling!!","","","","","132976640","0","6.25714","0","0","3","thing","Mystic Curling Club","2","4","30","30","10","2026","","","","","","","","","","standalone","","50","USD","","","2025-10-15","Kickstarter","","Includes 2 extra boards","","","","","",""
"Mythic Mischief","342894","0","0","0","0","0","0","0","0","0","0","0","3","","","","","","110195338","6.30294","7.52151","2.5294","1862","3903","thing","Mythic Mischief","1","4","90","90","45","2022","1,2,4","2","10+","No necessary in-game text","","","","","","standalone","","","","","","","","","","","","","","",""
"Mythic Mischief Vol. II","400617","0","0","0","0","0","0","0","0","0","0","0","3","","","","","","110240104","5.72102","7.92424","2.5","5913","1530","thing","Mythic Mischief Vol. II","1","4","90","90","45","2024","1,2","2","10+","","","","","","","standalone","","","","","","","","","","","","","","",""
"Mythical Dice","191071","0","0","0","0","0","0","1","0","0","0","0","3","Plays up to 6 players.Check out at GenCon 2025","","","","","132394584","6.03403","6.85613","1.5714","2997","2885","thing","Mythical Dice","3","6","30","30","30","2016","3,4,5,6","4","8+","No necessary in-game text","","","","","","standalone","","","","","","","","","","","","","","",""
"Nada!","137931","5","3","0","1","0","0","0","0","0","0","0","3","","","","","","56368174","5.50708","5.5687","1.0435","23718","979","thing","Nada!","2","4","10","10","10","2013","2,3,4","4","5+","No necessary in-game text","","","","","","standalone","","12","USD","","","","","","[3-Transient]
PP Estimate","","","","","",""
"Naga Raja","244191","6","2","2","0","0","0","0","0","1","0","0","3","Origins 2019 List
Cool looking 2 player game","","","","","60430803","6.35666","7.09127","2.0233","1695","4907","thing","Naga Raja","2","2","30","30","30","2019","2","2","10+","No necessary in-game text","","","","","Like New","standalone","","31.99","USD","25","USD","2019-07-01","Cardhaus","","Currently for Sale on IndyCon Flea Market $25
Traded on 2020-09-18 for Dogs and Times Square","Traded","","","","",""
"Naishi","423648","0","0","0","0","0","0","0","0","0","0","0","3","GenCon 2025
2 Player Only","","","","","133140509","6.17776","7.62094","2.1163","2318","2224","thing","Naishi","2","2","20","20","20","2024","2","2","10+","No necessary in-game text","","","","","","standalone","","","","","","","","","","","","","","",""
"Natera: New Beginning","379761","0","0","0","0","0","1","1","0","0","0","1","3","GenCon 2025
Worker Placement / Hand Mgmt
Monique and Naveen play through looks good. 
Gives me Outlive vibes","","","","","132978753","5.89238","7.94969","3.1143","3939","834","thing","Natera: New Beginning","1","4","120","120","60","2025","2,3,4","3","12+","","","","","","","standalone","","","","","","","","","","","","","","",""
"National Lampoon's Christmas Vacation: Twinkling Lights Game","319295","0","0","0","0","0","0","0","0","0","0","0","3","","","","","","74532063","5.52721","6.11083","1","17347","514","thing","National Lampoon's Christmas Vacation: Twinkling Lights Game","2","4","20","20","20","2020","2,3,4","4","6+","","","","","","","standalone","","","","","","","","","","","","","","",""
"Nautilus Island","378568","0","0","0","0","0","0","0","0","0","0","0","3","Board Game Captain GenCon 2023 overview. Looks like a simple set collecting that could be worth checking out.","","","","","109747665","5.57896","6.56122","1.5","10674","503","thing","Nautilus Island","2","4","30","30","20","2023","2,3,4","2,4","8+","No necessary in-game text","","","","","","standalone","","","","","","","","","","","","","","",""
"Nemesis","167355","9","1","3","0","0","0","0","0","0","0","0","3","","","","","","94421984","7.9498","8.24955","3.4874","25","50758","thing","Nemesis","1","5","180","180","90","2018","1,2,3,4,5","4,5","14+","Moderate in-game text - needs crib sheet or paste ups","","","","","","standalone","","","","","","","","","","","","","","",""
"Nemesis: Lockdown","310100","0","0","0","1","1","0","0","1","0","0","0","3","","","","","","99034449","7.51826","8.24793","3.913","129","19996","thing","Nemesis: Lockdown","1","5","180","180","90","2022","1,2,3,4,5","4","14+","Extensive use of text - massive conversion needed to be playable","","","","","","standalone","","0.0001","USD","","","2022-10-22","OctoCon Raffle","","[3-Transient]
Won at OctoCon.  Donated by Family Time Games","","","","","",""
"Neotopia","360359","0","0","0","0","0","0","0","0","0","0","0","3","GenCon 2023
Initial glance gives me It’s a Wonderful World vibes","","","","","107950791","5.79447","7.07965","1.95","4870","1140","thing","Neotopia","2","4","60","60","30","2023","2,3,4","2","8+","No necessary in-game text","","","","","","standalone","","","","","","","","","","","","","","",""
"Nestlings","359157","7","1","2","1","0","0","0","1","0","0","0","3","","","","","","107951532","5.60642","6.67856","2.375","9109","1019","thing","Nestlings","1","4","60","60","30","2024","1,3,4","4","10+","","","","","","","standalone","","79","USD","","","2023-07-06","KS","","[3-Transient]
Deluxe Edition","","2024-07-26","","","",""
"Neta-Tanka: Deluxe Edition","245931","8","5","3","1","0","0","0","0","0","0","0","1","KS July 2018","KS July 2018","","","","52553077","6.13476","7.1212","2.8088","0","2954","thing","Neta-Tanka: Deluxe Edition","1","5","90","90","60","2019","1,2,3,4,5","3","10+","No necessary in-game text","","","","","","standalone","","64","USD","","","2018-06-27","KS","","[2-Resident]","Lakehouse","2019-05-07","","","",""
"New Frontiers","255692","0","0","0","1","0","0","0","1","0","0","0","2","2018 Gen Con
2019 GenCon DEMO (sold out)
Keeping an eye on this one
Tom Lehmann","","","","","52611299","6.71213","7.38425","2.9612","890","5885","thing","New Frontiers","2","5","75","75","45","2018","2,3,4,5","4","10+","Moderate in-game text - needs crib sheet or paste ups","","","","","","standalone","","15","USD","","","2024-09-27","Indy Spiel Flea Market","","[4-Evaluate]","","2024-09-28","","","",""
"New Phone, Who Dis?","287810","5","1","1","0","0","0","0","0","1","0","0","3","","","","","","67090708","5.39668","4.8329","1","30467","1703","thing","New Phone, Who Dis?","3","20","90","90","30","2019","4,5,6,7,8,9,10,11,12,13,14,15,16,17,18,19,20","7,8,9,10","16+","","","","","","","standalone","","15","USD","","","","","","PP Estimate","Bub & Rossella","2024-09-29","","","",""
"New York Slice","208895","5","1","0","0","0","0","0","0","0","0","0","3","","","","","","77422925","6.23086","6.66279","1.4667","2117","6289","thing","New York Slice","2","6","30","30","30","2017","3,4,5,6","4","8+","Some necessary text - easily memorized or small crib sheet","","","","","","standalone","","","","","","","","","","","","","","",""
"Newton","244711","0","0","0","0","0","0","1","0","0","0","0","1","Luciani","","","","","110485057","7.02773","7.49733","3.3705","470","10510","thing","Newton","1","4","90","90","90","2018","1,2,3,4","3","12+","No necessary in-game text","","","","","","standalone","","","","","","","","","","","","","","",""
"NHL Power Play Team-Building Card Game","158168","0","0","0","1","0","0","0","0","0","0","0","3","","","","","","145563743","5.63722","6.7485","1.9375","7889","557","thing","NHL Power Play Team-Building Card Game","2","4","30","30","30","2014","2,3,4","3,4","10+","Extensive use of text - massive conversion needed to be playable","","","","","","standalone","","","","","","2026-05-16","Indy Spiel","","[1-Permanent]
Indy Spiel Raffle winner","","2026-05-16","","","",""
"Nidavellir","293014","8","5","2","1","0","0","0","1","0","0","0","3","Mike Delisio DT Top 10 of 2020
Set Collection with clever bidding mechanism","","","","","77248878","7.26636","7.55174","2.1165","256","20939","thing","Nidavellir","2","5","45","45","45","2020","2,3,4,5","3","10+","No necessary in-game text","","","","","","standalone","","45","USD","","","2021-12-25","Christmas Gift","","[3-Transient]
PP Estimate","","","","","",""
"Nightmare Cathedral","357659","0","0","0","1","0","0","0","1","0","0","0","3","","","","","","113387391","5.8278","7.48222","3.4857","4512","1334","thing","Nightmare Cathedral","1","4","60","60","60","2023","1,2,3,4","3","14+","Extensive use of text - massive conversion needed to be playable","","","","","","standalone","","85","USD","","","2024-01-10","BGG Marketplace Taran_Wanderer","","[4-Evaluate]","","2024-01-18","","","",""
"Nightmare Productions","904","7","1","0","0","0","0","0","0","0","0","0","3","","","","","","98630794","6.62367","7.06564","2.0965","1062","7031","thing","Nightmare Productions","2","5","60","60","60","2000","3,4,5","4,5","10+","No necessary in-game text","","","","","","standalone","","","","","","","","","","","","","","",""
"Nine Tiles Extreme","391084","7","3","0","1","0","0","0","0","0","0","0","3","","","","","","134882429","5.58692","6.46644","1","10169","753","thing","Nine Tiles Extreme","2","4","15","15","15","2023","2,3,4","2,3,4","6+","No necessary in-game text","","","","","","standalone","","20","USD","","","2025-08-01","GenCon","","[3-Transient]","","2025-08-01","","","",""
"The Ninth World: A Skillbuilding Game for Numenera","189154","4","1","0","0","0","0","0","0","0","0","0","3","","","","","","77422922","5.54561","6.19982","2.6667","13864","550","thing","The Ninth World: A Skillbuilding Game for Numenera","1","5","60","60","30","2018","1,2,3,4","2","10+","Extensive use of text - massive conversion needed to be playable","","","","","","standalone","","","","","","","","","","","","","","",""
"NMBR 9","217449","8","9","0","1","0","0","0","0","0","0","0","4","Gen Con 2017
GB game","","","","","43582054","6.51638","6.8271","1.2238","1287","11026","thing","NMBR 9","1","4","20","20","20","2017","1,2,3,4","3,4","8+","No necessary in-game text","","","","","","standalone","","27","USD","","","2017-08-17","Gen Con","","[1-Permanent]
PP Estimate","","","","","",""
"NMBR 9 ++","402305","0","0","0","0","0","0","0","0","0","0","0","3","Essen 23","","","","","110643872","5.53523","7.18736","0","15570","259","thing","NMBR 9 ++","1","2","20","20","20","2023","1,2","2","","","","","","","","standalone","","","","","","","","","","","","","","",""
"No Thanks!","12942","5","3","1","1","0","0","0","0","0","0","0","3","","","","","","85457462","6.95323","7.07992","1.1299","556","46581","thing","No Thanks!","3","7","20","20","20","2004","3,4,5,6,7","4,5","8+","No necessary in-game text","","","","","","standalone","","9","USD","","","2023-04-26","GameNerdz","1","[3-Transient]","","","","","",""
"Noctiluca","269752","7","2","0","1","0","0","0","0","0","0","0","3","2019 GenCon FOR SALE
Azul + Fae + Sagrada - Play at BGG Hot Games Room
Plays in BGG room -better than Fae for sure but not necessarily room for both in my collection","","","","","61466044","6.25657","7.10637","1.3438","2016","4059","thing","Noctiluca","1","4","30","30","30","2019","1,2,3","2","8+","No necessary in-game text","","","","","","standalone","","30","USD","","","2023-02-27","GeekMarket racinrod","","[2-Resident]","","","","","",""
"Nocturion","264925","7","1","0","0","0","0","0","0","1","0","0","1","Playtesteted at GenCon 2018 and really enjoyed this game","","Like New. Opened.  Never played","","","56008177","5.59996","6.47048","2.5833","9418","1122","thing","Nocturion","2","4","70","70","40","2019","2,3,4","3","10+","Some necessary text - easily memorized or small crib sheet","","","","","","standalone","","60","USD","25","USD","2019-08-01","KS with GenCon pickup","","","Sold to adcjones1 to meetup at GenCon 2024","","Vesuvius Media","English","2019","English deluxe edition"
"Nocturne","393175","6","1","0","0","0","0","0","0","0","0","0","3","GenCon 2023 - Need more info.  Cover looks cool

Played at GenCon 2024 BGG Hot Games Room.  Beautiful artwork… Set up felt like a lot of work but then it clicked.  Angie did not like it as much because of the bidding mechanism","","","","","107796992","5.90929","6.91707","2.2121","3797","3479","thing","Nocturne","1","4","45","45","30","2024","1,2,3,4","2","8+","Some necessary text - easily memorized or small crib sheet","","","","","","standalone","","","","","","","","","","","","","","",""
"Nokosu Dice","294693","7","1","2","1","0","0","0","0","0","0","0","3","Essen 23
Trick taking with dice
Mike D #99 2024","","","","","110583582","6.50685","7.63778","2.0769","1312","3510","thing","Nokosu Dice","3","5","60","60","45","2016","3,4","4","12+","No necessary in-game text","","","","","","standalone","","50","USD","","","2025-11-01","Geekmarket - posterchild21","","[2-Resident]","","2025-11-05","","","",""
"Noobs in Space","376472","0","0","0","0","0","0","0","0","0","0","0","3","2023 GenCon Preview
Looks like a team building game","","","","","107119725","5.94301","7.0958","1.6364","3547","2118","thing","Noobs in Space","3","5","15","15","15","2023","3,4,5","4","10+","Unplayable in another language","","","","","","standalone","","","","","","","","","","","","","","",""
"Northgard: Uncharted Lands","274124","0","0","0","0","0","0","0","0","0","0","0","3","KS gameplay looks really good.
Not a fan of the artwork, but it's ok.
Not likely to back as this is a first-time uknown publisher.  
Entry level 4X... may not be complex enough to enjoy","","","","","73514113","6.5202","7.56191","2.787","1277","4784","thing","Northgard: Uncharted Lands","2","5","90","90","45","2022","2,3,4,5","4","12+","Moderate in-game text - needs crib sheet or paste ups","","","","","","standalone","","","","","","","","","","","","","","",""
"Notre Dame: 10th Anniversary","213984","7","1","3","1","0","0","0","0","0","0","0","3","","","","","","54592949","6.53651","7.51451","2.5172","0","5760","thing","Notre Dame: 10th Anniversary","2","5","75","75","45","2017","2,3,4,5","3","10+","No necessary in-game text","","","","","","standalone","","15","USD","","","2018-09-20","Miniature Market","","[3-Transient]","","","","","",""
"Nova Luna","284435","8","6","2","1","0","0","0","0","0","0","0","3","Simple, puzzly.  Spiel de Jahres nominee 2020","","","","","71412001","6.89127","7.25424","1.8807","630","14963","thing","Nova Luna","1","4","60","60","30","2019","1,2,3,4","2","8+","No necessary in-game text","","","","","","standalone","","37.49","USD","","","2020-05-28","Miniature Market","1","[2-Resident]","","","","","",""
"NOW!","408320","6","1","0","0","0","0","0","0","1","0","0","3","2024 Origins.  Looks liek a fun party card game","","","","","119820326","5.52876","6.11296","1.3333","17004","263","thing","NOW!","3","8","15","15","15","2024","7","7","8+","No necessary in-game text","","","","","","standalone","","15","USD","","","2024-07-24","Miniature Market","","GenCon 2024 Pre-Purchase
$7 Geekmarket 2025-07-08","GenCon Store / Auction 2025","2025-07-08","","","",""
"Nucleum","396790","9","1","4","1","0","0","0","0","0","0","0","3","Luciani & Turczi.  Looks awesome and very complex","","","","","109081794","7.49302","8.11341","4.1919","138","14149","thing","Nucleum","1","4","150","150","60","2023","1,2,3,4","3","14+","No necessary in-game text","","","","","","standalone","","64","","","","2023-08-10","Board&Dice Preorder","1","[2-Resident]","","2023-10-12","","","",""
"Nunatak: Temple of Ice","383158","7","2","0","1","0","0","0","0","0","0","0","3","","","","","","121778802","6.05452","7.31502","2.0385","2902","2341","thing","Nunatak: Temple of Ice","2","4","45","45","30","2023","2,3,4","3","8+","Some necessary text - easily memorized or small crib sheet","","","","","","standalone","","35","USD","","","2024-08-02","GenCon 2024","1","[2-Resident]","","2024-08-02","","","",""
"Nuts!","96188","6","1","0","1","0","0","0","0","0","0","0","3","","","","","","32024710","5.51872","5.62329","1.0455","19783","1857","thing","Nuts!","2","6","15","15","5","2011","4,5,6","5","8+","Some necessary text - easily memorized or small crib sheet","","","","","","standalone","","11","USD","","","2015-11-10","Amazon","","[3-Transient]","","","","","",""
"L'oaf","439803","0","0","0","0","0","0","1","0","0","0","1","3","This would be a great Indy Spiel game
Might be ok for Sunday nights","","","","","137520444","5.65656","7.0173","1.5455","7331","602","thing","L'oaf","2","6","30","30","20","2025","3,4,5,6","3,4","8+","No necessary in-game text","","","","","","standalone","","","","","","","","","","","","","","",""
"Oak","343362","7","2","3","1","1","0","0","0","0","0","0","3","","","","","","94845491","6.10359","7.11362","3.1343","2636","3296","thing","Oak","1","4","90","90","60","2022","1,2,3,4","3","12+","No necessary in-game text","","","","","","standalone","","33.99","USD","","","2023-03-27","CoolStuffInc","1","[5-Exiting]","","","","","",""
"Oath","291572","8","2","4","0","0","0","0","0","1","0","0","3","","","Very Good.  Only played 3-4 times.  Base Game plus all the KS extras: session journal and deluxe components / metal coins.","","","67919309","7.17048","7.71437","4.1243","328","20905","thing","Oath","1","6","150","150","45","2021","3,4,5","4","14+","Extensive use of text - massive conversion needed to be playable","","","","","","standalone","","90","USD","65","USD","2020-01-17","KS","1","Listed for Sale on BGG GeekMarket on 2023-11-25 for $65

Sold to BKFFAN on 2023-11-29 for $65

PM DONE 17 March 2020
One copy of Oath: Chronicles of Empire and Exile base game plus all Kickstarter extras.

INCLUDES:
Oath: Chronicles of Empire and Exile
Oath: Chronicle Session Journal
Oath: Deluxe Component Set","Sold","","Leder Games","English","2021","English edition"
"Oceans","232414","7","3","2","0","0","0","0","0","1","0","0","3","Kickstarter","","KS edition with all the cool bits!","","","59947177","6.8884","7.3893","2.8525","636","14004","thing","Oceans","2","4","90","90","60","2020","2,3,4","3","10+","Moderate in-game text - needs crib sheet or paste ups","","","","","","standalone","","70","USD","","","2020-01-10","KS","","BGG Trade Scott Spurgeon (2020-10-12)
for
LoTR FotR Deck Building Game
Expanse Doors and Corners","Traded","","North Star Games, LLC","English","2020","English deluxe edition"
"Oddland","428636","6","1","2","0","0","0","0","0","1","0","0","3","GenCon 2025
Cool Tile Placement like Adam D’s game
Cascadia vibe","","","","","133037936","5.7517","6.95669","1.6667","5423","1745","thing","Oddland","1","5","40","40","40","2025","2,3,4","4","10+","Some necessary text - easily memorized or small crib sheet","","","","","","standalone","","17","USD","10","USD","2025-07-31","GenCon","","Sold Indy SPiel May 2026 $10 John Hines","Sold - Indy Spiel","2026-05-15","","","",""
"Oddland: The Big and the Bold","431706","0","0","0","1","0","0","0","0","0","0","0","3","GenCon 2025","","","","","133037943","5.53752","7.18148","2","0","787","thing","Oddland: The Big and the Bold","1","5","40","40","40","2025","","","","","","","","","","expansion","","7","","","","2025-07-31","GenCOn","","","","2025-07-31","","","",""
"Okazaki","298155","0","0","0","0","0","0","0","0","0","0","0","3","DNA Card game","","","","","73343418","0","5.97222","2","0","81","thing","Okazaki","1","2","20","20","20","2020","","","","No necessary in-game text","","","","","","standalone","","","","","","","","","","","","","","",""
"The Old King's Crown","357873","0","0","0","0","0","0","0","0","0","0","0","3","KS Nov 2023
First time creator but components look cool
Before You Play video looks good, but maybe not my kind of game… also not sure about 2P even though it was supposedly first developed as a 2P game","","","","","112378418","6.76784","8.04743","3.67","805","5081","thing","The Old King's Crown","1","4","120","120","60","2025","1,2,3,4","3","14+","Extensive use of text - massive conversion needed to be playable","","","","","","standalone","","","","","","","","","","","","","","",""
"Omertà: The Five Families","406933","0","0","0","0","0","0","0","0","0","0","0","3","Jan 2024 KS Vesuvius
Not sure i want to back.  Minis look kinda cheesy and not a fan of the standees.
Maybe keep an eye out at GenCon 2024? Look to pick this up after it delivers.  ","","","","","114798165","5.52434","8.11515","3.75","18086","147","thing","Omertà: The Five Families","2","5","180","180","60","2025","3,4,5","4","","Moderate in-game text - needs crib sheet or paste ups","","","","","","standalone","","","","","","","","","","","","","","",""
"On the Origin of Species","276004","0","0","0","0","0","0","0","0","0","0","0","3","2020 Summer Preview
Keep an eye on this.  
Interesting enough for me to keep watching.  Would like more videos","","","","","72286108","5.86937","6.77239","2.3404","4127","2547","thing","On the Origin of Species","2","4","80","80","45","2019","2,3,4","2,3","10+","No necessary in-game text","","","","","","standalone","","","","","","","","","","","","","","",""
"On the Rocks","269418","0","0","0","0","0","0","0","0","0","0","0","3","","","","","","83395556","5.68078","6.95841","1.7","6750","815","thing","On the Rocks","1","4","90","90","45","2021","2,3,4","2","12+","Some necessary text - easily memorized or small crib sheet","","","","","","standalone","","","","","","","","","","","","","","",""
"One Deck Dungeon","179275","6","1","0","0","0","0","0","0","1","0","0","3","$5 OctoCon","","Very Good.  Only played a couple times","","","44659689","6.64815","6.93354","2.0925","1011","27344","thing","One Deck Dungeon","1","2","45","45","30","2016","1,2","1","10+","Moderate in-game text - needs crib sheet or paste ups","","","","","Like New Played Once","standalone","","18","USD","7","USD","2017-08-18","Gen Con","","PP Estimate
Sold for $7 GenCon 2024 Store","GenCon 2024 Auction / Store","2024-07-31","","","",""
"One Night Ultimate Werewolf","147949","7","2","0","1","0","0","0","0","0","0","0","3","","","","","","48588904","6.85436","7.03135","1.3828","682","59476","thing","One Night Ultimate Werewolf","3","10","10","10","10","2014","4,5,6,7,8,9,10","6,7,8","10+","No necessary in-game text","","","","","","standalone","","14","USD","","","2018-01-03","Amazon","","[2-Resident]","Party","","","","",""
"One Night Ultimate Werewolf: Daybreak","163166","7","1","0","1","0","0","0","0","0","0","0","3","","","","","","48588931","6.76364","7.28071","1.4065","812","17199","thing","One Night Ultimate Werewolf: Daybreak","3","10","10","10","10","2015","4,5,6,7,8,9","6,7,8","8+","Some necessary text - easily memorized or small crib sheet","","","","","","standalone","","13","USD","","","2018-01-03","Amazon","","[2-Resident]","","","","","",""
"One Page War","385292","0","1","0","1","0","0","0","0","0","0","0","3","","","","","","110274284","5.55715","7.05927","2","12475","385","thing","One Page War","1","10","30","30","15","2023","1,2,4,6,8,10","1,2","","","","","","","","standalone","","4.5","USD","","","2023-09-16","KS","","[2-Resident]
https://gemgames.gg/a/downloads/-/13c49ac98a05a936/806ad1d42429c362","Print n Play","2023-10-14","","","",""
"One Zero One","150298","7","2","0","1","0","0","0","0","0","0","0","3","","Picked up as a bonus at GenCon. Played twice while we were there. Quick, dorky, BASIC fun!","","","","36110984","5.64963","6.42149","1.84","7519","1078","thing","One Zero One","2","2","15","15","10","2013","2","2","8+","Some necessary text - easily memorized or small crib sheet","","","","","","standalone","","10","USD","","","","Gen Con","","[2-Resident]
PP Estimate","","","","","",""
"Operation Barclay","404923","0","0","0","0","0","0","0","0","0","0","0","3","Essen DT Vlog Day 3. Looks like a cool head to head with poker mechanism?","","","","","124052061","5.61724","7.00913","2","8605","775","thing","Operation Barclay","2","2","40","40","25","2024","2","2","16+","Extensive use of text - massive conversion needed to be playable","","","","","","standalone","","","","","","","","","","","","","","",""
"Orapa Space","448740","0","0","0","0","0","0","0","0","0","0","0","3","DT gives 9.5
Take a look
Tried Orapa Mine on BGA… nah","","","","","136458610","5.84579","7.94375","1.9","4345","999","thing","Orapa Space","2","5","25","25","20","2025","2","2","8+","No necessary in-game text","","","","","","standalone","","","","","","","","","","","","","","",""
"ORBIT","429767","7","2","2","1","0","0","0","0","0","0","0","3","GenCon 2025
Need to see more…
BGG Hot Games Room?","","","","","132915430","5.96867","7.43497","1.8","3381","1495","thing","ORBIT","2","4","60","60","30","2025","2,3,4","4","8+","No necessary in-game text","","","","","","standalone","","70","USD","","","2025-08-01","GenCon","","[2-Resident]
Kickstarter Edition (includes Expansion) + wood token upgrade + Double layer player boards","","2025-08-01","","","",""
"Origins: First Builders","322588","0","0","0","0","0","0","0","0","0","0","0","3","MVM GenCon Preview hyped this","","","","","84990606","6.19528","7.02182","3.3434","2255","4823","thing","Origins: First Builders","1","4","120","120","60","2021","1,2,3,4","3","12+","Moderate in-game text - needs crib sheet or paste ups","","","","","","standalone","","","","","","","","","","","","","","",""
"Orléans","164928","8","5","3","1","0","0","0","0","0","0","0","3","","","","","","70468689","7.85914","8.04683","3.0116","36","43209","thing","Orléans","2","5","90","90","90","2014","2,3,4","4","12+","No necessary in-game text","","","","","","standalone","","40","USD","","","2020-04-16","Cardhaus","1","[1-Permanent]","","2020-04-16","","","",""
"Orloj: The Prague Astronomical Clock","429405","0","0","0","0","0","0","0","0","0","0","0","3","Essen 2025
Prague Clock Theme","","","","","134363968","6.44199","7.94508","3.6078","1471","3184","thing","Orloj: The Prague Astronomical Clock","1","4","120","120","60","2025","1,2,3,4","3","14+","No necessary in-game text","","","","","","standalone","","","","","","","","","","","","","","",""
"Oros","313807","9","2","3","1","0","0","0","0","0","0","0","3","David from MvM Top 10 of 2022.  Very Unique game","This game is so different from anything we have. Really enjoyed the first play!","","","","101131462","6.14955","7.19222","3.3256","2432","4526","thing","Oros","1","4","120","120","60","2023","3,4","3","12+","Some necessary text - easily memorized or small crib sheet","","","","","","standalone","","95","USD","","","2023-06-18","AESC Games","1","[2-Resident]","","","Aesc Games","English","2023","English Collector's Edition"
"Ostia","347767","8","3","3","1","0","0","0","0","0","0","0","3","Mike Dilisio previewed this in a FB post.  Looks cool.  Graphic design looks like Oath","","","","","105843117","6.42099","7.95637","2.9242","1524","2585","thing","Ostia","1","4","120","120","100","2022","1,2,3,4","3","12+","No necessary in-game text","","","","","","standalone","","135","USD","","","2024-03-11","KS","","[2-Resident]
Deluxe Bundle w/ Pirates, Metal Treasure,Merchant, Patronus","","2025-01-16","","","",""
"Ostia: Merchant Expansion","377814","0","0","0","1","0","0","0","0","0","0","0","3","","","","","","117217199","5.59764","8.16181","3","0","1183","thing","Ostia: Merchant Expansion","0","0","0","0","0","2022","","","","","","","","","","expansion","","","","","","2024-03-11","KS","","Deluxe Pledge With Base Game","","2025-01-16","","","",""
"Ostia: Patronus Expansion","377813","0","0","0","1","0","0","0","0","0","0","0","3","","","","","","117217208","5.58835","8.18014","3","0","1176","thing","Ostia: Patronus Expansion","0","0","0","0","0","2022","","","14+","","","","","","","expansion","","","","","","2024-03-11","KS","","Deluxe Pledge With Base Game","","2025-01-16","","","",""
"Ostia: Pirates","408895","0","0","0","1","0","0","0","0","0","0","0","3","","","","","","117217188","5.61959","7.91033","3.4286","0","1276","thing","Ostia: Pirates","1","4","0","0","0","2024","1,2,3,4","1,3","14+","","","","","","","expansion","","","","","","2024-03-11","KS","","Deluxe Pledge With Base Game","","2025-01-16","","","",""
"OTLO Stones","391214","0","0","0","0","0","0","0","0","0","0","0","3","GB Puzzle game]
Essen 23","","","","","110583780","5.52086","6.87674","1.3333","19110","57","thing","OTLO Stones","1","4","15","15","15","2023","1,2,3,4","4","8+","No necessary in-game text","","","","","","standalone","","","","","","","","","","","","","","",""
"Our Family Is So Weird","455133","0","1","0","1","0","0","0","0","0","0","0","3","","","","","","141247021","0","4.4","0","0","33","thing","Our Family Is So Weird","3","99","0","0","0","2023","","","","","","","","","","standalone","","","","","","2025-12-25","","","[3-Transient]","","2025-12-25","","","",""
"Outlive","191051","8","2","3","1","0","0","0","0","0","0","0","3","","Le Boite de Jeu
DT Top 100 Mike Dilisio","","","","68179434","6.63917","7.26153","3.0347","1031","8339","thing","Outlive","2","4","110","110","40","2017","2,3,4","4","12+","Some necessary text - easily memorized or small crib sheet","","","","","","standalone","","50","USD","","","","BGG Trade","1","[2-Resident]
Traded Stop Thief and Quakcs of Quedlinburg for this and free shipping","","2020-02-04","","","",""
"Outrun the Bear","369114","0","0","0","0","0","0","0","0","0","0","0","3","Tim from Boardgame Rundown
Family Game","","","","","125600106","5.55497","6.74513","1.5","12710","301","thing","Outrun the Bear","2","6","45","45","20","2023","2,3,4,5,6","3,4","8+","","","","","","","standalone","","","","","","","","","","","","","","",""
"Ozark: Money, Influence and Control","367569","0","0","0","0","0","0","0","0","0","0","0","3","Need to see more info on this one","","","","","96102956","5.50857","6.30645","1.6667","23191","132","thing","Ozark: Money, Influence and Control","2","5","30","30","30","2022","3,4,5","4,5","","Extensive use of text - massive conversion needed to be playable","","","","","","standalone","","","","","","","","","","","","","","",""
"Pacific","448189","0","0","0","0","0","0","1","0","0","0","0","3","Donald X - Dominion guy
Wish it played 6 instead of 5

Need to see more info","","","","","133223502","5.51579","6.30333","2","20739","88","thing","Pacific","2","5","60","60","30","2025","2,3,4,5","4,5","","","","","","","","standalone","","","","","","","","","","","","","","",""
"The Palaces of Carrara","129948","0","0","0","0","0","0","0","0","0","0","0","3","Kiesling and Kramer
Lost interest in this one. Paris kinda soured me","","","","","82878056","6.59213","7.11297","2.5878","1120","4911","thing","The Palaces of Carrara","2","4","60","60","60","2012","2,3,4","4","10+","Some necessary text - easily memorized or small crib sheet","","","","","","standalone","","","","","","","","","","","","","","",""
"Palazzo","15318","0","0","0","0","0","0","0","0","1","0","0","3","","","Very Good.  Acquired used via BGG auction and have never actually played.","","","72757135","6.03427","6.53339","2.0618","2995","3407","thing","Palazzo","2","4","60","60","45","2005","2,3,4","4","10+","No necessary in-game text","","","","","","standalone","","10","USD","2","USD","2020-07-15","BGG Auction Sorrelbo","","Sold at Indy Spiel 2025 for $2","Indy Spiel","2025-05-14","","","",""
"Pan Am","303057","8","3","3","0","0","0","0","0","1","0","0","3","Listed $10 OctoCon, reduced to $5
Sold at OctoCon 2022 for $5 to @Xadocs (Andrew Kanis)","","","","","72089365","7.04287","7.52519","2.4031","458","17912","thing","Pan Am","2","4","60","60","60","2020","2,3,4","3,4","10+","Moderate in-game text - needs crib sheet or paste ups","","","","","","standalone","","","","5","USD","","","","Sold at OctoCon 2022 for $5 to @Xadocs (Andrew Kanis)","Sold","","","","",""
"Panda Royale","398996","8","8","1","1","0","0","0","0","0","0","0","2","","","","","","137026910","6.09876","7.36737","1.1667","2658","2573","thing","Panda Royale","2","10","30","30","20","2024","3,4,5,6,7,8,9,10","5,6,7","8+","No necessary in-game text","","","","","","standalone","","40","USD","","","2025-10-04","eBay - Rolling Rook Games","","[2-Resident]","","2025-10-09","","","",""
"Panda Spin","417323","0","0","0","0","0","0","1","0","0","0","0","3","Trick taking and card shedding
Check it out","","","","","128053541","6.16831","7.11808","2.0444","2347","3174","thing","Panda Spin","2","5","40","40","25","2024","2,3,4,5","4","10+","No necessary in-game text","","","","","","standalone","","","","","","","","","","","","","","",""
"Pandánte","140163","6","1","0","1","0","0","0","1","0","0","0","3","","","","","","23547753","5.56552","6.16468","1.9474","11727","671","thing","Pandánte","2","6","30","30","30","2014","3,4","4","","Some necessary text - easily memorized or small crib sheet","","","","","","standalone","","30","USD","","","2013-12-20","Kickstarter ","","[3-Transient]
","Lakehouse","","","","",""
"Pandemic","30549","9","2","0","1","0","0","0","0","0","0","0","1","","Played this for the first time with the family and it definitely lives up to the comments. This is our first attempt at a co-op game and the whole family liked it.  ","","","","21259745","7.40389","7.51319","2.3942","171","226175","thing","Pandemic","2","4","45","45","45","2008","1,2,3,4","4","10+","Some necessary text - easily memorized or small crib sheet","","","","","","standalone","","40","USD","","","","","","[1-Permanent]
PP Estimate","","","","","",""
"Pandemic: Hot Zone – Europe","329670","0","0","0","0","0","0","0","0","1","0","0","3","","","","","","112935984","5.97101","7.04291","2","3372","4757","thing","Pandemic: Hot Zone – Europe","2","4","30","30","30","2021","1,2,3","2","8+","Some necessary text - easily memorized or small crib sheet","","","","","","standalone","","2","USD","","","2023-11-27","Miniature Market","","","GenCon Store / Auction 2025","2023-12-07","","","",""
"Pandemic: Hot Zone – North America","301919","0","0","0","1","1","0","0","0","0","0","0","3","","","","","","72188248","6.23092","6.9551","1.8644","2116","9705","thing","Pandemic: Hot Zone – North America","2","4","30","30","30","2020","1,2,3,4","2","8+","Some necessary text - easily memorized or small crib sheet","","","","","","standalone","","2","USD","","","2023-10-16","Miniature Market","","[5-Exiting]","","2023-10-20","","","",""
"Pantone: The Game","248584","3","1","0","0","0","0","0","0","0","0","0","3","","","","","","77422915","5.70492","6.29995","1.0909","6216","1607","thing","Pantone: The Game","2","20","20","20","10","2018","3,4,5,6,7","4,6","6+","","","","","","","standalone","","","","","","","","","","","","","","",""
"The Paradox Initiative","332614","0","0","0","0","0","0","0","0","0","0","0","3","KS 2021 Sounds interesting","","","","","81626744","0","5.39737","0","0","37","thing","The Paradox Initiative","1","4","90","90","30","0","","","","","","","","","","standalone","","","","","","","","","","","","","","",""
"Paris","282954","7","1","3","0","0","0","0","0","1","0","0","3","","","","","","69793797","6.46245","7.20363","2.7593","1418","6179","thing","Paris","2","4","90","90","90","2020","2,3,4","4","10+","No necessary in-game text","","","","","","standalone","","79","USD","","","2020-03-19","KS","1","PM DONE 29 April 2020
Includes one Deluxe game of Paris and all unlocked stretch goals.

Metal coins are not included but can be added in the pledge manager after the Kickstarter campaign.

All Deluxe games will have an English rulebook. Rulebooks in German, French or Dutch can be added in the pledge manager.

Extra copies can be added in the pledge manager.

Shipping costs will be added in the pledge manager.

INCLUDES:
Paris : Deluxe edition
KS exclusive wooden resource and prestige tokens
KS exclusive wooden tiles
All unlocked stretch goals","Traded","","","","",""
"PARKS","266524","7","1","0","0","0","0","0","0","0","0","0","2","KS
Origins / GenCon 2019 - FOR SALE
Cards - Move down the trail-like the theme","","","","","58101902","7.39551","7.61439","2.1263","178","53756","thing","PARKS","1","5","60","60","30","2019","1,2,3,4","3","10+","Some necessary text - easily memorized or small crib sheet","","","","","","standalone","","","","","","","","","","","","","","",""
"Party Panda Pirates","365119","0","0","0","0","0","0","0","0","0","0","0","3","GenCon 2025
Dexterity 
Mario Party board game","","","","","132948753","5.73647","7.49119","1.2222","5645","1363","thing","Party Panda Pirates","2","6","45","45","30","2024","3,4,5,6","4","6","Some necessary text - easily memorized or small crib sheet","","","","","","standalone","","","","","","","","","","","","","","",""
"La Pâtisserie Rococo","427202","7","1","0","0","0","0","0","0","1","0","0","3","","","","","","128771262","5.65503","7.19405","3.25","7374","911","thing","La Pâtisserie Rococo","1","5","150","150","60","2026","1,2,3,4,5","3","14+","","","","","","","standalone","","45","USD","55","USD","2025-01-29","Kickstarter","","Added metal coins for $18

Listed for Sale on Geekmarket on 2025-12-28 for $45 (plus $10 for coins)

Sold for $45 + $10 for coins to  ribarra on 2026-1-16","Sold - Geekmarket","2026-01-16","","","",""
"Patrician: Towers of Influence","392767","6","1","0","0","0","0","0","0","0","0","0","3","Played at GenCon 2024 in BGG Hot Games Room.  Was just meh…","","","","","120780982","5.61287","6.94714","2","8805","561","thing","Patrician: Towers of Influence","2","5","50","50","20","2024","2,3,4,5","3","","","","","","","","standalone","","","","","","","","","","","","","","",""
"Pax Pamir: Second Edition","256960","9","3","4","0","0","0","0","0","0","0","0","3","","","","","","77422911","7.76652","8.12638","3.842","53","24685","thing","Pax Pamir: Second Edition","1","5","120","120","45","2019","1,2,3,4,5","4","14+","Moderate in-game text - needs crib sheet or paste ups","","","","","","standalone","","","","","","","","","","","","","","",""
"Pendulum","312804","0","0","0","0","0","0","0","0","0","0","0","1","Stonemaier
Reviews are not real good","","","","","72393101","5.90259","6.38576","3","3857","6549","thing","Pendulum","1","5","90","90","60","2020","2,3,4,5","3","10+","Some necessary text - easily memorized or small crib sheet","","","","","","standalone","","","","","","","","","","","","","","",""
"Penk!","255697","6","6","0","1","0","0","0","0","0","0","0","5","2018 Gen Con
Print and Play with Regular Dice","","","","","53036620","5.52813","5.9412","1","17144","242","thing","Penk!","2","4","20","20","15","2018","2,3,4","2","6+","No necessary in-game text","","","","","","standalone","","0.0001","USD","","","","Print n Play","","Free rules online","","","","","",""
"Pentaquark","207242","8","4","0","1","0","0","0","0","0","0","0","3","","","","","","66108008","5.66288","6.48397","2.3333","7170","1931","thing","Pentaquark","1","1","30","30","15","2016","1","1","","No necessary in-game text","","","","","","standalone","","10","USD","","","2019-11-24","KS","1","[2-Resident]
Butonshy Bundle with Mint Julep, Pentaquark, and Pickpocket","Lakehouse","","","","",""
"Perch","387560","0","0","0","0","0","0","0","0","0","0","0","3","KS looked interesting but maybe not enough o get me to back it. Watch for retail. Cute. Simple looking game","","","","","109942572","5.93783","7.06662","2.2632","3587","2388","thing","Perch","2","5","60","60","30","2025","2,3,4,5","4","10+","Some necessary text - easily memorized or small crib sheet","","","","","","standalone","","","","","","","","","","","","","","",""
"Perfect Mismatch","424482","0","0","0","0","0","0","0","0","0","0","0","3","GenCon 2025","","","","","132915320","5.50841","6.116","1.5","23249","93","thing","Perfect Mismatch","2","8","30","30","20","2025","5,6,7,8","6,7","","","","","","","","standalone","","","","","","","","","","","","","","",""
"Pericle: Gathering Darkness","320255","0","0","0","0","0","0","0","0","0","0","0","3","D&D game with app for DM","","","","","113536611","5.58028","8.05329","3.6","10573","476","thing","Pericle: Gathering Darkness","1","4","120","120","60","2023","1,2,3,4","2,3","8+","","","","","","","standalone","","","","","","","","","","","","","","",""
"Perseverance: Castaway Chronicles – Episodes 1 & 2","256997","0","0","0","0","0","0","0","0","0","0","0","3","KS July 2020
Looks cool, but didn't really grab me when i watched some videos","","","","","72873617","6.43599","7.67673","4.2192","1494","4526","thing","Perseverance: Castaway Chronicles – Episodes 1 & 2","1","4","180","180","80","2022","1,2,3,4","3","14+","No necessary in-game text","","","","","","standalone","","","","","","","","","","","","","","",""
"Persian Incursion","76481","0","0","0","1","0","0","0","0","0","0","0","3","","","","","","73687158","5.51313","6.46792","4.2308","21654","269","thing","Persian Incursion","2","2","180","180","180","2010","2","2","14+","Moderate in-game text - needs crib sheet or paste ups","","","","","","standalone","","49.99","USD","","","2020-09-02","Geekmarket","","[2-Resident]","Office","","","","",""
"Petrichor","210274","8","3","4","1","0","0","0","0","0","0","0","2","Would have to list for $40 or less.  Worth it to keep in my collection for now","Ordered July 14 for Gen Con pickup","Trade interest is low but would consider the right offer.  I love this game, but my wife is not a fan... so we never play.","","","52403230","6.2145","6.87843","3.05","2185","5600","thing","Petrichor","1","4","80","80","20","2018","1,2,3,4","3,4","10+","No necessary in-game text","","","","","","standalone","","45","USD","","","2018-08-02","Gen Con","","[2-Resident]
PP Estimate","Office","2025-07-08","","","",""
"Petrichor: Flowers","225581","0","0","0","1","0","0","0","0","0","0","0","3","","","Included with Base Game Only","","","108539883","5.6883","7.36434","3","0","2731","thing","Petrichor: Flowers","1","5","80","80","20","2018","2,3,4,5","5","12+","","","","","","","expansion","","","","","","","","","In Base Game Box","Office","2025-07-08","","","",""
"Pick-a-Pepper","368103","6","1","0","0","0","0","0","0","0","0","0","3","","","","","","135244648","5.6362","6.62628","1.8333","7927","667","thing","Pick-a-Pepper","2","4","30","30","30","2022","2,3,4","4","10+","No necessary in-game text","","","","","","standalone","","","","","","","","","","","","","","",""
"Pickpockets","192717","5","1","0","1","0","0","0","0","0","0","0","3","","","","","","66108031","5.50324","5.66197","1","24883","390","thing","Pickpockets","3","4","30","30","15","2016","3,4","3","","No necessary in-game text","","","","","","standalone","","10","USD","","","2019-11-24","KS","1","[2-Resident]
Butonshy Bundle with Mint Julep, Pentaquark, and Pickpocket","Lakehouse","","","","",""
"Pillars of Heracles","391549","5","1","4","0","0","0","0","0","0","0","0","3","","","","","","134276857","5.67046","7.47162","3.8857","6992","721","thing","Pillars of Heracles","1","4","120","120","90","2025","2,3,4","3","14+","Extensive use of text - massive conversion needed to be playable","","","","","","standalone","","","","","","","","","","","","","","",""
"Piña Coladice","415054","0","0","0","0","0","0","0","0","0","0","0","3","GenCon 2025
Cool Theme
BGG Hot Games Room","","","","","132976814","6.03311","6.7961","1.0435","3007","3419","thing","Piña Coladice","2","4","20","20","10","2024","2,3,4","3","8+","No necessary in-game text","","","","","","standalone","","","","","","","","","","","","","","",""
"PinPoint","336831","0","0","0","0","0","0","0","0","0","0","0","3","Could be a good family game","","","","","94847074","5.53106","6.55059","1","16458","163","thing","PinPoint","2","99","30","30","30","2022","5,6,7,8","6,8","","","","","","","","standalone","","","","","","","","","","","","","","",""
"Pirates of Maracaibo","397385","9","4","3","1","0","0","0","0","0","0","0","2","Played with Adam, Dave and Greg.  Really fun different game","","","","","126651529","7.07184","7.93597","2.8881","419","7291","thing","Pirates of Maracaibo","1","4","100","100","40","2023","1,2,3,4","3","12+","No necessary in-game text","","","","","","standalone","","","","","","2024-12-25","Christmas Gift","","[2-Resident]
Includes Playmat and expansions","","2024-12-25","","","",""
"Pirates of Maracaibo: Commanders","424911","0","0","0","1","0","0","0","0","0","0","0","1","","","","","","128256797","5.85927","8.2189","3.1111","0","2237","thing","Pirates of Maracaibo: Commanders","1","4","30","30","30","2024","2,3,4","2,3","10+","No necessary in-game text","","","","","","expansion","","35","","","","2025-07-31","GenCon","","","","2025-07-31","","","",""
"Pirates of Maracaibo: New Figureheads","402518","0","0","0","1","0","0","0","0","0","0","0","3","","","","","","126995652","5.61544","7.7712","2","0","1211","thing","Pirates of Maracaibo: New Figureheads","1","4","100","100","25","2023","2,3,4","4","10+","No necessary in-game text","","","","","","expansion","","","","","","","","","","","","","","",""
"PitchCar Mini","14254","8","3","0","1","0","0","0","0","0","0","0","1","","","","","","100706934","6.26405","6.99213","1.1438","1998","2984","thing","PitchCar Mini","2","8","30","30","30","2003","2,3,4,5,6,7,8","4,5,6,7,8","5+","No necessary in-game text","","","","","","standalone","","28","","","","2022-12-10","Eagle Gryphon","","[1-Permanent]","","","","","",""
"PitchCar Mini: Extension","14356","0","0","0","1","0","0","0","0","0","0","0","1","","","","","","100706938","5.76203","7.03433","1.1111","0","1039","thing","PitchCar Mini: Extension","2","8","30","30","30","2004","2,3,4,5,6,7,8","2,4","5+","No necessary in-game text","","","","","","expansion","","24","","","","2022-12-10","Eagle Gryphon Games","","","","","","","",""
"PitchCar Mini: Extension 2 – More Speed More Fun","25947","0","0","0","1","0","0","0","0","0","0","0","1","","","","","","100706940","5.67358","7.04196","1.1667","0","824","thing","PitchCar Mini: Extension 2 – More Speed More Fun","2","8","0","0","0","2006","2,3,4,5,6,7,8","4,5,6,7,8","5+","No necessary in-game text","","","","","","expansion","","20","","","","2022-12-10","Eagle Gryphon Games","","","","","","","",""
"PitchCar Mini: Extension 5 – The Cross","59418","0","0","0","1","0","0","0","0","0","0","0","1","","","","","","100706944","5.59198","7.15","1","0","494","thing","PitchCar Mini: Extension 5 – The Cross","2","8","30","30","30","2009","2,3,4,5,6,7,8","2,4","5+","No necessary in-game text","","","","","","expansion","","22","","","","2022-12-10","Eagle Gryphon Games","","","","","","","",""
"PitchCar Mini: Special Long Straights","26260","0","0","0","1","0","0","0","0","0","0","0","1","","","","","","100706945","5.60423","7.05","1.0909","0","520","thing","PitchCar Mini: Special Long Straights","2","8","30","30","30","2006","3,4,5,6,7,8","6","6+","No necessary in-game text","","","","","","expansion","","28","","","","2022-12-10","Eagle Gryphon Games","","","","","","","",""
"Pixies","411875","8","8","1","1","0","0","0","0","0","0","0","2","According to Adam D this is the next game in the Sea,Salt, and Paper line","","","","","121881908","6.50933","7.0891","1.2261","1306","9083","thing","Pixies","2","5","30","30","30","2024","2,3,4","2","8+","No necessary in-game text","","","","","","standalone","","12","USD","","","2025-07-11","Cardhaus","","[1-Permanent]
2025 GenCon Pre-Purchase","","2025-07-15","","","",""
"Pixies: Flower Power","441707","0","0","0","1","0","0","0","0","0","0","0","2","GenCon2025
Instant Buy","","","","","134364087","5.69904","7.62959","1.8","0","2037","thing","Pixies: Flower Power","2","6","30","30","30","2025","2,4","2,4","","","","","","","","expansion","","10","USD","","","2025-07-31","GenCon","","","","2025-07-31","","","",""
"Planepita","374542","7","6","1","1","0","0","0","0","0","0","0","3","Mini magnetic crokinole","","","","","137520743","5.64118","7.01168","1.4167","7773","462","thing","Planepita","2","4","20","20","20","2022","2,3,4","3","6+","No necessary in-game text","","","","","","standalone","","20","USD","","","2025-11-17","BGG Auction - Bailey K @zolmikthiat","","[2-Resident]","","","","","",""
"Planet","252929","7","2","2","0","0","0","0","0","1","0","0","3","2019 GenCon - FOR SALE
Build a “globe” and collect cards.  Play in BGG room!","","","","","61417606","6.29263","6.62656","1.5794","1905","11411","thing","Planet","2","4","45","45","30","2018","2,3,4","4","6+","No necessary in-game text","","","","","","standalone","","35","USD","","","2019-08-02","GenCon","","","Sold","","","","",""
"Planet Unknown","258779","8","7","2","1","0","0","0","0","0","0","0","3","KS April 2020
Tile placement with lazy susan.","","","","","70353643","7.41338","7.76034","2.2507","167","21011","thing","Planet Unknown","1","6","80","80","60","2022","1,2,3,4,5,6","4","10+","Moderate in-game text - needs crib sheet or paste ups","","","","","","standalone","","69","USD","","","2020-04-12","KS","1","[1-Permanent]
PM DONE 22 June 2020
You will receive one copy of Planet Unknown DELUXE version of the game and all Kickstarter stretch goals pertaining to this pledge level.

Shipping will be charged through the pledge manager after the campaign. For more info on shipping see the chart at the bottom of the campaign page.

INCLUDES:
Planet Unknown Limited Deluxe edition
All stretch goals pertaining to this pledge level.
Money-back guarantee
Free shipping to US. Discount by $10 to all other countries.","","","","","",""
"Planet Unknown: Supermoon","393509","0","0","0","1","0","0","0","0","0","0","0","3","","","","","","107934388","5.84314","7.60956","2.5","0","5027","thing","Planet Unknown: Supermoon","1","6","80","80","65","2025","1,2,3,4,5,6","2,3,4,5,6","10+","Some necessary text - easily memorized or small crib sheet","","","","","","expansion","","30","USD","","","2023-07-05","KS","","","","2025-01-29","","","",""
"Planetarium","200454","7","2","2","1","0","0","0","0","0","0","0","3","","","","","","54383003","6.02379","6.96199","2.0536","3056","2920","thing","Planetarium","1","4","45","45","45","2017","2,3,4","3","10+","No necessary in-game text","","","","","","standalone","","59","USD","","","2018-09-20","KS","","[2-Resident]
With Primordial Expansion","","","","","",""
"Planetarium: Primordial","259994","0","0","0","1","0","0","0","0","0","0","0","3","","","","","","54382998","5.56874","7.68529","2.75","0","724","thing","Planetarium: Primordial","2","4","60","60","45","2019","1,2,3,4","4","6+","","","","","","","expansion","","59","USD","","","2018-09-20","KS ","","with core game and Primordial Expansion","","","","","",""
"Planetoid","232201","6","2","2","0","0","0","0","0","1","0","0","3","","Fun, simple game.  Just wish setup was faster.  Not sure how it could be though.","","","","59006568","5.62099","7.01716","2","8467","602","thing","Planetoid","1","4","40","40","25","2019","2,3,4","3","8+","Some necessary text - easily memorized or small crib sheet","","","","","Kickstarter Like New","standalone","","22","USD","30","USD","2019-07-31","Kickstarter","","Currently for Sale on IndyCon 2020 Flea Market $25

Sold on BGG to mrteacherusa + $25 for Gipf, Punct, Lyngk, and Dvonn","Sold","","","","",""
"Plutocracy","363531","0","0","0","1","1","0","0","1","0","0","0","3","Tom’s Essen unboxing grabbed my attention","","","","","98633470","5.5671","6.73654","3","11597","200","thing","Plutocracy","2","4","90","90","60","2022","2,3,4","3","12–14","Some necessary text - easily memorized or small crib sheet","","","","","","standalone","","13","USD","","","2023-02-23","Trade from secondofthenew","","[4-Evaluate]
Price estimate of $13 biased on Whale Riders cost
Listed BGG Marketplace 2024-08-20 for $25","Kallax For Sale","2025-07-08","","","",""
"Pocket Pharma","240926","6","1","0","1","0","0","0","0","0","0","0","2","Zee review Was intriguing enough. Theme is what does this for me","","","","","70911149","5.56006","6.44452","1.8","12219","540","thing","Pocket Pharma","2","5","30","30","15","2018","2,3,4","3","","","","","","","Deluxe Edition.  Includes R&D Expansion","standalone","","30","USD","","","2022-04-07","BGG Auction","1","[2-Resident]
Deluxe Edition.  Includes R&D Expansion","","","","","",""
"Pocket Pharma: R&D Mini Expansions","251782","0","0","0","1","0","0","0","0","0","0","0","3","","","","","","70911163","0","7.58333","2","0","140","thing","Pocket Pharma: R&D Mini Expansions","2","5","30","30","15","2018","2,3,4","3","","","","","","","","expansion","","0.0001","USD","","","","","","Included with Base Game","","","","","",""
"Point City","368017","0","0","0","0","0","0","0","0","0","0","0","3","","","","","","107119885","6.58034","7.13482","1.6822","1146","10998","thing","Point City","1","4","30","30","15","2023","1,2,3,4","2","10+","Some necessary text - easily memorized or small crib sheet","","","","","","standalone","","","","","","","","","","","","","","",""
"Point Salad","274960","7","4","2","1","0","0","0","0","0","0","0","3","","","","","","69520978","6.91462","7.08886","1.1523","601","39669","thing","Point Salad","2","6","30","30","15","2019","2,3,4,5,6","3","8+","Some necessary text - easily memorized or small crib sheet","","","","","","standalone","","15","USD","","","2020-03-08","Cardhaus","1","[3-Transient]","Lakehouse","","","","",""
"Polaris","410774","0","0","0","0","0","1","1","0","0","0","0","3","GenCon 2025
Luciani
Abstract","","","","","132947053","5.57675","7.00069","2.5714","10819","367","thing","Polaris","2","4","50","50","30","2025","2","2","8+","No necessary in-game text","","","","","","standalone","","","","","","","","","","","","","","",""
"Pollen","369898","0","0","0","0","0","0","0","0","0","0","0","3","2023 Origins & GenCon Preview","","","","","107048642","5.83569","6.9745","2","4440","1650","thing","Pollen","2","4","45","45","30","2023","2,3,4","3","12+","No necessary in-game text","","","","","","standalone","","","","","","","","","","","","","","",""
"Pondscape","435330","0","0","0","0","0","0","1","0","0","0","1","3","Holek Tableau builder
Cute looking game","","","","","136636775","5.86955","7.11512","2","4125","1760","thing","Pondscape","1","4","35","35","20","2025","1,2,3,4","3","10+","No necessary in-game text","","","","","","standalone","","","","","","","","","","","","","","",""
"Poo: The Card Game","60579","6","4","1","1","0","0","0","0","0","0","0","3","","This is a mindless fun game of toilet humor!  Played with the family first but could see this being fun over a few beers with friends!","","","","29472438","5.48762","5.55338","1.1031","28260","4015","thing","Poo: The Card Game","2","8","15","15","5","2009","3,4,5,6,7,8","4,5","6+","Moderate in-game text - needs crib sheet or paste ups","","","","","","standalone","","10","USD","","","2015-11-10","Amazon","","[3-Transient]","","","","","",""
"Porta Nigra","172385","8","2","3","1","0","0","0","0","0","0","0","3","","","","","","53863388","6.34126","7.14908","2.9912","1736","4385","thing","Porta Nigra","2","4","120","120","75","2015","2,3,4","3","10+","No necessary in-game text","","","","","","standalone","","25","USD","","","2018-08-17","Amazon","","[2-Resident]","","","","","",""
"Positano","383190","7","3","1","1","0","0","0","0","0","0","0","2","GenCon 2025
Build a city in Italy.
Expansion plays up to 6","","","","","133223240","5.70904","7.37019","1.6923","6129","547","thing","Positano","1","4","45","45","20","2025","2,3,4","3","","","","","","","","standalone","","47","USD","","","2025-07-11","Cardhaus","","[2-Resident]
2025 GenCon Pre-Purchase
Includes 5-6 Player Expansion in Base Box","","2025-07-15","","","",""
"Positano: The Crowded Cliffside","447770","0","0","0","1","0","0","0","0","0","0","0","2","GenCon 2025
Expands base game to 6 players","","","","","133223257","0","7.68953","0","0","183","thing","Positano: The Crowded Cliffside","4","6","45","45","20","2025","","","","","","","","","","expansion","","30","USD","","","2025-07-11","Cardhaus","","2025 GenCon Pre-Purchase
In Base Box","","","","","",""
"Power Grid: Outpost","424395","8","1","0","0","0","0","0","0","0","0","0","3","","","","","","139781632","5.78759","7.44693","3.0667","4954","882","thing","Power Grid: Outpost","2","6","120","120","90","2024","3,4,5,6","4,5","12+","No necessary in-game text","","","","","","standalone","","","","","","","","","","","","","","",""
"Power Plants","341974","9","3","2","1","0","0","0","1","0","0","0","3","Adam Daulton","","","","","84144892","6.0448","7.09961","2.5192","2946","3115","thing","Power Plants","1","5","30","30","30","2022","1,2,3,4","2","10+","Some necessary text - easily memorized or small crib sheet","","","","","","standalone","","55","USD","","","2021-10-27","KS","","[3-Transient]
Deluxe Edition","","","","","",""
"Praetor","137776","8","1","0","0","0","0","0","0","1","0","0","3","Listed $10 OctoCon","","Like New.  Only played once","","","54683798","5.87627","6.53655","3","4061","2624","thing","Praetor","2","5","75","75","75","2014","2,3,4","4","12+","No necessary in-game text","","","","","","standalone","","20","USD","","","2018-10-02","Miniature Market","","Sold for $5 to bryanspellman at MayCon 2024","Sold at MayCon 2024","","","","",""
"Praga Caput Regni","308765","7","3","4","1","0","0","0","1","0","0","0","2","Looks beautiful.  US Distribution?","","","","","71031199","7.37269","7.83427","3.7293","190","16539","thing","Praga Caput Regni","1","4","150","150","45","2020","1,2,3,4","3","12+","No necessary in-game text","","","","","","standalone","","55","USD","","","2020-10-27","Cardhaus","","[3-Transient]","","","","","",""
"Printing Press","390606","0","0","0","0","0","0","0","0","0","0","0","3","Lukas’s Wozniak
Essen 23","","","","","110583834","5.65261","6.98117","2.0909","7439","852","thing","Printing Press","1","4","60","60","15","2023","1,2,3,4","3","8+","No necessary in-game text","","","","","","standalone","","","","","","","","","","","","","","",""
"Project L","260180","7","6","0","1","0","0","0","0","0","0","0","2","Played with Ross.  Fun, Tetris-like puzzle game.  Family would like it.  KS version will play up to 6, I think?","","I have two base retail games combined into one Master Box.  20 of each shape plus 6 of each Ghost shape.  I have a full set of puzzles plus the a single copy of each of the Ghost, Ambassador, Finesse, Ambassador Finesse, and Phoenix expansions.  I have 12 updated player boards and 8 retail player boards.  I also have a spare set of base game puzzles in a separate box.  Only two things are missing - bigger lid from KS version for the Master Box and the black/white glass bead markers for the line variant","","","75578326","7.10918","7.44496","1.5602","380","23467","thing","Project L","1","4","40","40","20","2020","1,2,3,4","2,3","8+","No necessary in-game text","","","","","","standalone","","50","USD","","","2023-01-09","BGG Marketplace (Natty_Dice)","","[2-Resident]
Stored in Project L Master Box","","2023-01-09","","","",""
"Project L","260180","7","6","0","0","0","0","0","0","1","0","0","3","","","Combined pieces into Master Box but have a spare set of puzzles left in this box","","","102976963","7.10918","7.44496","1.5602","380","23467","thing","Project L","1","4","40","40","20","2020","1,2,3,4","2,3","8+","No necessary in-game text","","","","","","standalone","","25.64","USD","","","2023-01-30","Detective Hawk Games","","","","2023-01-30","","","",""
"Project L: Ambassador Pack","266520","0","0","0","1","0","0","0","0","0","0","0","3","","","","","","102318955","5.70175","7.57","2","0","2539","thing","Project L: Ambassador Pack","1","5","40","40","20","2020","","","","No necessary in-game text","","","","","","expansion","","5.5","USD","","","2023-04-04","KS","1","Stored in Project L Master Box 
Backed the Phoenix Expansion with Addons","","2023-12-04","","","",""
"Project L: Finesse","287508","0","0","0","1","0","0","0","0","0","0","0","3","","","","","","102318933","5.97289","7.66791","2","0","5370","thing","Project L: Finesse","1","4","40","40","20","2021","1,2,3,4","2,3","10+","No necessary in-game text","","","","","","expansion","","40","USD","","","2023-01-14","Gamefound","","","","","","","",""
"Project L: Finesse Ambassador Pack","322011","0","0","0","1","0","0","0","0","0","0","0","3","","","","","","102318967","5.64954","7.57811","2","0","2035","thing","Project L: Finesse Ambassador Pack","1","5","0","0","0","2020","","","","No necessary in-game text","","","","","","expansion","","5.5","USD","","","2023-04-04","KS","1","Stored in Project L Master Box 
Backed the Phoenix Expansion with Addons","","2023-12-04","","","",""
"Project L: Ghost Piece","284988","0","0","0","1","0","0","0","0","0","0","0","3","","","","","","102318938","6.09945","7.83157","1.5","0","5609","thing","Project L: Ghost Piece","1","6","40","40","20","2021","1,2,3,4,5,6","3,4","6+","No necessary in-game text","","","","","","expansion","","16","USD","","","2023-04-04","KS","1","Stored in Project L Master Box

Backed the Phoenix Expansion with Addons","","2023-12-04","","","",""
"Project L: Phoenix","382907","0","0","0","1","0","0","0","0","0","0","0","1","","","","","","105237813","5.62235","7.7619","1","0","1479","thing","Project L: Phoenix","1","4","40","40","20","2023","","","","","","","","","","expansion","","8","USD","","","2023-04-04","KS","1","Stored in Project L Master Box 
Backed the Phoenix Expansion with Addons","","2023-12-04","","","",""
"Project: ELITE","256999","0","0","0","0","0","0","0","0","0","0","0","3","","","","","","55710991","6.85077","7.93031","2.4638","689","5518","thing","Project: ELITE","1","6","60","60","60","2020","2,3,4,5,6","4","10+","Some necessary text - easily memorized or small crib sheet","","","","","","standalone","","","","","","","","","","","","","","",""
"Provincia Romana","151016","0","0","0","0","0","0","0","0","1","0","0","3","Listed $10 OctoCon","","Never played","","","54683784","5.5365","6.0087","2.4706","15331","750","thing","Provincia Romana","2","6","90","90","90","2014","3,4,5,6","3,4","10+","No necessary in-game text","","","","","","standalone","","12","USD","5","USD","2018-10-02","Miniature Market","","Sold for $5 to bryanspellman at MayCon 2024","Sold at MayCon 2024","","","","",""
"Pulsar 2849","228341","0","0","0","0","0","0","0","0","0","0","0","4","","","","","","56009110","7.19218","7.63486","3.3416","308","13069","thing","Pulsar 2849","2","4","90","90","60","2017","2,3,4","4","14+","No necessary in-game text","","","","","","standalone","","","","","","","","","","","","","","",""
"Punch Bowl","383086","0","0","0","0","0","0","1","0","0","0","0","3","2026 Gen Con
Cool Components","","","","","145164035","0","7.71053","2","0","28","thing","Punch Bowl","1","6","45","45","30","2025","","","","","","","","","","standalone","","","","","","","","","","","","","","",""
"PÜNCT","19764","6","1","0","1","0","0","0","0","0","0","0","2","David Schuth
(mrteacherusa)","","","","","53158406","6.06814","6.7889","2.731","2825","3942","thing","PÜNCT","2","2","30","30","30","2005","2","2","10+","No necessary in-game text","","","","","","standalone","","10","USD","","","2020-02-23","BGG Trade at IndyCon","1","[1-Permanent]","","","","","",""
"The Pursuit of Happiness","181687","0","0","0","0","0","0","0","0","0","0","0","3","Jeremy Howard Top 5 WP games on MvM
Sounds really fun","","","","","71768430","6.68423","7.1497","2.5875","947","9783","thing","The Pursuit of Happiness","1","4","90","90","60","2015","1,2,3,4","3","10+","Some necessary text - easily memorized or small crib sheet","","","","","","standalone","","","","","","","","","","","","","","",""
"QE","266830","8","2","0","1","0","0","0","0","0","0","0","3","","","","","","119572488","6.90437","7.32648","1.5517","618","12441","thing","QE","3","5","45","45","45","2019","3,4,5","5","10+","No necessary in-game text","","","","","","standalone","","32","USD","","","2024-05-27","Boardlandia","1","[2-Resident]","","2024-06-06","","","",""
"QE: Commodities","360699","0","0","0","1","0","0","0","0","0","0","0","3","","","","","","119657816","5.93713","7.91122","2.3333","0","2911","thing","QE: Commodities","3","5","0","0","0","2022","3,4,5","4,5","8–14","No necessary in-game text","","","","","","expansion","","16","USD","","","2024-05-27","Boardlandia","1","","","2024-06-06","","","",""
"Quacks","244521","7","3","2","0","0","0","0","0","1","0","0","1","","","","","","59711119","7.66723","7.80383","1.9409","79","94102","thing","Quacks","2","4","45","45","45","2018","2,3,4","4","8+","Moderate in-game text - needs crib sheet or paste ups","","","","","","standalone","","40.98","USD","","","2019-06-19","Cardhaus ","","Traded to casinatorcxc with Stop Thief for Outlive","Traded","","","","",""
"Quantik","286295","0","0","0","0","0","0","0","0","0","0","0","3","New abstract from Gigamic to keep an eye on","","","","","63570441","5.56202","6.05076","1.5","12046","624","thing","Quantik","2","2","20","20","20","2019","2","2","8+","No necessary in-game text","","","","","","standalone","","","","","","","","","","","","","","",""
"Quantum","143519","0","0","0","0","0","0","1","0","0","0","0","2","Bruce Schwering Grail Game with Mike Delisio","","","","","110801979","6.78612","7.22452","2.4781","776","8728","thing","Quantum","2","4","60","60","60","2013","2,3,4","4","10+","Moderate in-game text - needs crib sheet or paste ups","","","","","","standalone","","","","","","","","","","","","","","",""
"Quarto","681","9","10","0","1","0","0","0","0","0","0","0","3","","","","","","53349625","6.56643","6.90154","1.8704","1169","15294","thing","Quarto","2","2","20","20","20","1991","2","2","8+","No necessary in-game text","","","","","","standalone","","30","USD","","","2018-08-03","Gen Con","","[2-Resident]
PP Estimate
","","","","","",""
"The Quest for El Dorado","217372","0","0","0","0","0","0","0","0","0","0","0","3","GB recommendation","","","","","108637309","7.53669","7.7177","1.9413","123","53818","thing","The Quest for El Dorado","2","4","60","60","30","2017","2,3,4","2,4","8+","Some necessary text - easily memorized or small crib sheet","","","","","","standalone","","","","","","","","","","","","","","",""
"Quoridor","624","6","1","0","1","0","0","0","0","0","0","0","3","","","","","","99272217","6.35955","6.64574","1.8224","1687","16026","thing","Quoridor","2","4","15","15","15","1997","2,4","2","8+","No necessary in-game text","","","","","","standalone","","25","USD","","","2022-10-29","Gamer’s Cave","","[2-Resident]","Lakehouse","","","","",""
"R-ECO+","387144","9","1","0","1","0","0","0","0","0","0","0","2","","","","","","137027391","5.66842","7.25566","1.6667","0","659","thing","R-ECO+","2","4","30","30","30","2023","2,3,4","3,4","10+","","","","","","","standalone","","20","USD","","","2025-11-17","BGG Auction - Bailey K @zolmikthiat","","[2-Resident]","","2025-11-26","","","",""
"Race for the Galaxy","28143","8","3","0","1","0","0","0","0","0","0","0","3","","","","","","85702888","7.61618","7.73617","2.9933","93","73878","thing","Race for the Galaxy","2","4","60","60","30","2007","2,3,4","2","12+","Some necessary text - easily memorized or small crib sheet","","","","","","standalone","","90","USD","","","2021-09-17","GenCon 2021","1","[2-Resident]
Price included 4 expansions.","","","","","",""
"Race for the Galaxy: Alien Artifacts","92932","0","0","0","1","0","0","0","0","0","0","0","3","","","","","","85702926","6.36827","7.54007","2.939","0","5991","thing","Race for the Galaxy: Alien Artifacts","2","5","45","45","45","2013","2,3,4,5","2,3","12+","Some necessary text - easily memorized or small crib sheet","","","","","","expansion","","0.0001","USD","","","2021-09-17","GenCon 2021","1","Price included with Base Game","","","","","",""
"Race for the Galaxy: Rebel vs Imperium","40210","0","0","0","1","0","0","0","0","0","0","0","3","","","","","","85702912","7.22369","7.92548","3.0801","0","15098","thing","Race for the Galaxy: Rebel vs Imperium","1","6","60","60","60","2009","1,2,3,4,5,6","2,4","12+","Some necessary text - easily memorized or small crib sheet","","","","","","expansion","","0.0001","USD","","","2021-09-17","GenCon 2021","","Price included with Base Game","","","","","",""
"Race for the Galaxy: The Brink of War","66121","0","0","0","1","0","0","0","0","0","0","0","3","","","","","","85702936","6.85913","7.75855","3.3814","0","10196","thing","Race for the Galaxy: The Brink of War","1","6","60","60","30","2010","1,2,3,4,5,6","2,4","12+","Some necessary text - easily memorized or small crib sheet","","","","","","expansion","","0.0001","USD","","","2021-09-17","GenCon 2021","1","Price included with Base Game","","","","","",""
"Race for the Galaxy: The Gathering Storm","34499","0","0","0","1","0","0","0","0","0","0","0","2","","","","","","85727449","7.57868","8.09028","2.9953","0","23178","thing","Race for the Galaxy: The Gathering Storm","1","5","60","60","60","2008","1,2,3,4,5","2","12+","Some necessary text - easily memorized or small crib sheet","","","","","","expansion","","20","USD","","","2021-09-26","GeekMarket","1","","","","","","",""
"Race for the Galaxy: Xeno Counterstrike","394555","0","0","0","0","0","0","1","0","0","0","1","2","","","","","","113568116","0","7.88889","0","0","61","thing","Race for the Galaxy: Xeno Counterstrike","2","5","60","60","30","2026","","","","","","","","","","expansion","","","","","","","","","","","","","","",""
"Race for the Galaxy: Xeno Invasion","161599","0","0","0","1","0","0","0","0","0","0","0","3","","","","","","85702947","6.17679","7.89891","3.2857","0","3785","thing","Race for the Galaxy: Xeno Invasion","2","5","60","60","30","2015","2,3,4,5","2,4","12+","Some necessary text - easily memorized or small crib sheet","","","","","","expansion","","0.0001","USD","","","2021-09-17","GenCon 2021","1","Price included with Base Game","","","","","",""
"Radlands","329082","8","1","0","0","0","0","0","0","0","0","0","3","","","","","","116909240","7.35594","7.74004","2.2654","209","28240","thing","Radlands","2","2","40","40","20","2022","2","2","12+","Moderate in-game text - needs crib sheet or paste ups","","","","","","standalone","","","","","","","","","","","","Roxley","English","2022","English retail edition"
"Rafflesian","451901","0","0","0","0","0","0","1","0","0","0","0","3","From the Planepita company.  Looks like silly fun","","","","","139123879","0","5.3125","1","0","22","thing","Rafflesian","2","5","30","30","20","2023","4","4","","","","","","","","standalone","","","","","","","","","","","","","","",""
"Rafter Five","405538","6","2","0","1","0","0","0","0","0","0","0","3","","","","","","134882413","5.84339","6.69856","1.0625","4365","2312","thing","Rafter Five","1","6","20","20","20","2023","2,3,4,6","4","6+","No necessary in-game text","","","","","","standalone","","20","USD","","","2025-08-01","GenCon","","[3-Transient]","","2025-08-01","","","",""
"Ragusa","253635","7","2","2","0","0","0","0","0","1","0","0","2","Passed on Kickstarter
Gen Con2019  FOR SALE
Watched a demo at GenCon. Looks amazing.","","Very Good.  Played twice","","","56182148","6.13381","6.90862","2.8052","2504","3541","thing","Ragusa","1","5","80","80","40","2019","1,2,3,4","4","12+","No necessary in-game text","","","","","","standalone","","25","USD","","","2020-02-16","BGG Auction","1","Traded to jiggity with Venice for The Colonists and Kinghill","Sold","2024-01-14","","","",""
"Raiders of Scythia","301880","7","1","0","0","0","0","0","0","0","0","0","3","Reimplements Raiders of the North Sea which I didn't like because of the artwork.  This has better artwork and adds some new things.  Worht checking out.","","","","","69793753","7.09068","7.68816","2.7739","397","13387","thing","Raiders of Scythia","1","4","80","80","60","2020","1,2,3,4","3","12+","Moderate in-game text - needs crib sheet or paste ups","","","","","","standalone","","","","","","","","","","","","","","",""
"Raising Robots","366683","8","4","3","1","0","0","0","0","0","0","0","3","Robot wingspan. Looks really cool","","","","","112458850","6.44668","7.66397","3.1961","1455","3716","thing","Raising Robots","1","6","90","90","60","2023","1,2,3,4,5,6","3,4","12+","No necessary in-game text","","","","","","standalone","","68","USD","","","2023-12-03","BGG Marketplace coldkorn","1","[2-Resident]","","2023-12-13","","","",""
"Raising Robots: Friends","423694","0","0","0","1","0","0","0","0","0","0","0","3","","","","","","124648700","5.56127","8.08793","3","0","886","thing","Raising Robots: Friends","1","6","75","75","75","2025","1,2,3,4,5,6","3,4,5,6","14+","No necessary in-game text","","","","","","expansion","","25","USD","","","2024-10-22","KS","","In Base Game box","","2025-08-13","","","",""
"Raising Robots: Pets","387358","0","0","0","1","0","0","0","0","0","0","0","3","","","","","","124649026","5.62434","7.97481","3.2","0","1191","thing","Raising Robots: Pets","1","6","75","75","75","2023","1,2,3,4,5,6","3,4","12+","No necessary in-game text","","","","","","expansion","","","","","","2023-12-03","BGG Marketplace coldkorn","","In Base game box","","2023-12-13","","","",""
"Rajas of the Ganges: Cards & Karma","410625","7","3","2","1","1","0","0","0","0","0","0","3","","","","","","126653854","5.77867","6.97798","2.3077","5057","1204","thing","Rajas of the Ganges: Cards & Karma","2","4","45","45","30","2024","2,3,4","3","10+","No necessary in-game text","","","","","","standalone","","","","","","2025-10-04","Indy Spiel Raffle","","[5-Exiting]","","2025-10-04","","","",""
"Rambo: The Board Game","226506","0","0","0","0","0","0","0","0","0","0","0","3","Tabletopia version looks pretty cool.  Tactical wargame.  BUT...  the price is ridiculous!  $100 or $150 depending on version","","","","","74039065","5.55857","6.86955","1.8333","12345","444","thing","Rambo: The Board Game","1","4","60","0","60","2020","2,4","4","12+","Extensive use of text - massive conversion needed to be playable","","","","","","standalone","","","","","","","","","","","","","","",""
"Rats of Wistar","387780","7","2","3","0","0","0","0","0","1","0","0","2","Luciani
Essen 23","","","","","110582038","6.69559","7.46354","3.4127","928","6464","thing","Rats of Wistar","1","4","90","90","90","2023","1,2,3,4","3","12+","No necessary in-game text","","","","","","standalone","","35","USD","","","2025-08-25","BGG Marketplace trylor","","For sale Geekmarket 2025-12-28 for $45

Sold to 	Ailunex $45 2026-1-1","Sold - Geekmarket","2026-01-01","","","",""
"Rauha","371922","7","1","2","1","0","0","0","0","0","0","0","3","From the publisher of Nidavellir

Art looks cool
Mushrooms…. Angie wont like it","","","","","106355428","6.00502","7.01933","2.3333","3149","1530","thing","Rauha","2","5","45","45","45","2023","2,3,4,5","3","10+","No necessary in-game text","","","","","","standalone","","10","USD","","","2026-05-12","Indy Spiel","","[2-Resident]","","2026-05-16","","","",""
"Ready Set Bet","351040","6","3","0","1","0","0","0","0","0","0","0","3","","I feel like this game really appeals to those who have never actually wagered on horse racing.  It captures some of that thrill of watching the horses come down the home stretch and hoping that your horse makes it to the line first.

For those of us that actually wager on horses, I wonder if this game is sill as fun?","","","","98630439","7.057","7.49272","1.3333","441","16539","thing","Ready Set Bet","2","9","60","60","45","2022","4,5,6,7,8,9","6,7,8","10+","Some necessary text - easily memorized or small crib sheet","","","","","","standalone","","32","USD","","","2022-10-24","Cardhaus","","[3-Transient]","","","","","",""
"Reavers of Midgard","242684","8","1","3","1","1","0","0","1","0","0","0","3","Kickstarter","","","","","55770028","6.53424","7.32378","2.934","1239","7154","thing","Reavers of Midgard","2","4","120","120","60","2019","2,3,4","4","12+","No necessary in-game text","","","","","","standalone","","78","USD","","","2018-11-20","KS","","[3-Transient]","","","","","",""
"Rebirth","417197","6","1","2","0","0","0","0","0","1","0","0","3","","","","","","119651264","7.06711","7.75665","1.9741","427","10212","thing","Rebirth","2","4","60","60","45","2024","2,3,4","3","8+","Some necessary text - easily memorized or small crib sheet","","","","","","standalone","","49","USD","35","USD","2024-05-27","Kickstarter","1","Sold for $35 at Indy Spiel 2025
Listed $40 Indy Spiel 2025
KS Numbered Limited Edition","Indy Spiel","2025-05-14","","","",""
"Red Letter, Yellow Letter.","423991","0","0","0","0","0","0","0","0","0","0","0","3","Simple Party word game","","","","","132113855","5.5083","6.05952","1","23290","121","thing","Red Letter, Yellow Letter.","2","12","20","20","20","2025","","","","","","","","","","standalone","","","","","","","","","","","","","","",""
"Red Rising","329465","8","2","2","0","0","0","0","0","1","0","0","3","Will likely preorder","","Collector’s Edition, First Printing (08997/15000).  Very Good condition.  Only played a couple times.","","","79158003","6.61758","6.96194","2.3097","1070","19694","thing","Red Rising","1","6","60","60","45","2021","1,2,3,4","3","12+","Extensive use of text - massive conversion needed to be playable","","","","","","standalone","","37.5","USD","","","2021-03-03","Stonemaier","1","Sold for $20 on 2023-07-18 via Geekmarket","Sold","","Stonemaier Games","English","2021","English collector's edition"
"Reef","244228","5","1","1","0","0","0","0","0","0","0","0","3","","","","","","77422881","6.69859","6.99613","1.8209","921","15435","thing","Reef","2","4","45","45","30","2018","2,3,4","2","8+","No necessary in-game text","","","","","","standalone","","","","","","","","","","","","","","",""
"Reign of Dragoness","366166","0","0","0","1","0","0","0","1","0","0","0","3","","","","","","134842501","5.61354","6.71317","1.1667","8766","1096","thing","Reign of Dragoness","2","8","40","40","10","2022","3,4,5","4","","","","","","","","standalone","","10","USD","","","2025-07-31","GenCon","","[4-Evaluate]","","2025-07-31","","","",""
"Relics of Rajavihara","308493","0","0","0","0","0","0","1","0","0","0","0","3","KS July 2020

Solo, unique tactile gameplay","","","","","73169844","5.73254","7.16459","1.6364","5717","1095","thing","Relics of Rajavihara","1","1","60","60","15","2021","1","1","8+","","","","","","","standalone","","","","","","","","","","","","","","",""
"Renature","300001","6","1","0","0","0","0","0","0","0","0","0","3","","","","","","135244629","6.39119","7.08517","2.2179","1612","5481","thing","Renature","2","4","60","60","45","2020","2,3,4","3","10+","No necessary in-game text","","","","","","standalone","","","","","","","","","","","","","","",""
"Res Arcana","262712","10","10","2","1","0","0","0","0","0","0","0","3","2019 Gen Con FOR SALE
Looks awesome. Cards / hand mgmt.  Collect resources. Might go fast!","","","","","61466235","7.38844","7.61062","2.6554","184","34903","thing","Res Arcana","2","4","60","60","30","2019","2,3,4","2","10+","Some necessary text - easily memorized or small crib sheet","","","","","","standalone","","31.99","USD","","","2019-07-01","Cardhaus","","[1-Permanent]
2019 GenCon pre-purchase","","","","","",""
"Res Arcana Duo","427345","0","0","0","0","0","0","0","0","0","0","0","1","","","","","","122466423","6.12307","7.89472","2.6429","2558","3213","thing","Res Arcana Duo","2","2","60","60","20","2024","2","2","12+","Some necessary text - easily memorized or small crib sheet","","","","","","standalone","","","","","","","","","","","","","","",""
"Res Arcana: Lux et Tenebrae","288168","0","0","0","1","0","0","0","0","0","0","0","1","","","","","","68828585","7.05624","8.18323","2.7358","0","13439","thing","Res Arcana: Lux et Tenebrae","2","5","60","60","30","2019","2,3,4,5","2","12+","Moderate in-game text - needs crib sheet or paste ups","","","","","","expansion","","16.99","USD","","","2020-07-29","Miniature Market","","In base game box","","","","","",""
"Res Arcana: Perlae Imperii","340375","0","0","0","1","0","0","0","0","0","0","0","1","","","","","","86713096","6.78128","8.30218","2.7027","0","9555","thing","Res Arcana: Perlae Imperii","2","5","60","60","20","2021","2,3,4","2","12+","Some necessary text - easily memorized or small crib sheet","","","","","","expansion","","17","USD","","","","","","PP Estimate

In base game box","","","","","",""
"Revenant","428099","0","0","0","0","0","0","1","0","0","0","0","3","KS looks good.  Gonna wait until later to get it.  Will be tough to get to the table and not sure what it does thats different from other stuff.","","","","","126341221","5.5643","7.22717","3.8889","11833","178","thing","Revenant","1","4","120","120","90","2026","1,2,3,4","3","12–14","Some necessary text - easily memorized or small crib sheet","","","","","","standalone","","","","","","","","","","","","","","",""
"Revive","332772","6","1","4","0","0","0","0","0","1","0","0","3","Sounds like some cool mechanisms with simple actions

First play just wasn’t that “fun”. It felt like a lot of work and as the engine got going, the “big turns” just didn’t feel as rewarding as in other games.  Will need to play more too see what I really think.","","","","","97282978","7.62162","8.05569","3.4611","92","18238","thing","Revive","1","4","120","120","90","2022","1,2,3,4","3","14+","Some necessary text - easily memorized or small crib sheet","","","","","","standalone","","63.99","USD","55","USD","2023-03-27","CoolStuffInc","1","Listed on BGG GeekMarket on 2023-11-25 for $55

Sold to AregTakk for $55 on 2023-12-07","Sold","","","","",""
"Reykholt","241831","7","1","2","0","0","0","0","0","1","0","0","3","Gateway WP, race, set collection, maybe even programming?","","Opened.  Played once","","","71890201","6.21742","6.68456","2.1649","2179","7125","thing","Reykholt","1","4","60","60","30","2018","1,2,3,4","3","10+","Moderate in-game text - needs crib sheet or paste ups","","","","","","standalone","","25","USD","15","USD","2020-07-06","GameNerdz","1","","Sold via Geekmarket for $15 rcrawford 2024-06-23","2024-06-23","","","",""
"Riftforce","291859","0","0","0","0","0","0","0","0","0","0","0","3","","","","","","83395569","6.45722","7.15202","2.1395","1431","7345","thing","Riftforce","2","2","30","30","20","2021","2","2","10+","Some necessary text - easily memorized or small crib sheet","","","","","","standalone","","","","","","","","","","","","","","",""
"Rise of Tribes","202583","7","2","2","0","0","0","0","0","1","0","0","2","2018 Gen Con","","Rise of Tribes with Deluxe Upgrade components","","","53004630","6.37832","7.06223","2.192","1647","6733","thing","Rise of Tribes","2","4","60","60","30","2018","2,3,4","3,4","8+","Moderate in-game text - needs crib sheet or paste ups","","","","","","standalone","","","","35","USD","2018-08-02","Gen Con","","","Sold","","","","",""
"Rise to Nobility","218293","0","0","0","0","0","0","0","0","0","0","0","4","Kickstarter","","","","","55117533","6.15249","6.93679","3.3218","2418","4463","thing","Rise to Nobility","1","6","150","150","25","2018","1,2,3,4","3,4","14+","Some necessary text - easily memorized or small crib sheet","","","","","","standalone","","","","","","","","","","","","","","",""
"Risk Strike","394144","7","2","0","1","0","0","0","0","0","0","0","3","","","","","","109408759","5.73959","6.79197","1.5714","5596","2094","thing","Risk Strike","2","5","20","20","20","2023","3,4,5","4","8+","Some necessary text - easily memorized or small crib sheet","","","","","","standalone","","","","","","2023-12-25","Christmas gift from Bub","","[3-Transient]","","2023-12-25","","","",""
"Rival Cities","433384","0","0","0","0","0","0","1","0","0","0","0","3","Jon Gets Games preview.  Looks interesting
2 player tug of war… different","","","","","137520136","5.91664","7.41022","2.5806","3745","1800","thing","Rival Cities","2","2","45","45","30","2025","2","2","12+","Moderate in-game text - needs crib sheet or paste ups","","","","","","standalone","","","","","","","","","","","","","","",""
"Riverboat","227515","6","1","0","0","0","0","0","0","0","0","0","3","","","","","","145754333","6.56098","7.41256","2.9832","1183","4948","thing","Riverboat","2","4","90","90","90","2017","2,3,4","4","12+","No necessary in-game text","","","","","","standalone","","","","","","","","","","","","","","",""
"Roam","267319","7","3","2","1","0","0","0","0","0","0","0","4","Kickstarter","","","","","59990618","6.65183","7.26462","1.8447","1005","8801","thing","Roam","2","4","45","45","30","2019","2,3,4","3","8+","No necessary in-game text","","","","","","standalone","","42","USD","","","2019-10-30","KS","1","[2-Resident]
Includes animals and gem maps expansion","","","","","",""
"Roam:  Animals Promo Pack","278820","0","0","0","1","0","0","0","0","0","0","0","3","","","","","","65316144","5.69389","7.56798","1.3333","0","1583","thing","Roam:  Animals Promo Pack","2","4","45","45","30","2019","","","8+","No necessary in-game text","","","","","","expansion","","0.0001","USD","","","","KS","","In base game box","","","","","",""
"Roam: Gem Maps","278822","0","0","0","1","0","0","0","0","0","0","0","3","","","","","","65316120","5.64955","7.07754","2","0","1900","thing","Roam: Gem Maps","2","4","45","45","30","2019","2,3,4","2","8+","No necessary in-game text","","","","","","expansion","","0.0001","USD","","","","KS","","In base game box","","","","","",""
"Rock Hard: 1977","402679","6","1","0","1","0","0","0","1","0","0","0","2","Theme sounds awesome. Know nothing about how it plays.  Chris Yi Top 10 Anticipated in 2024","","","","","115444210","6.5909","7.51142","2.4891","1124","6205","thing","Rock Hard: 1977","2","5","90","90","45","2024","2,3,4,5","4,5","12+","Extensive use of text - massive conversion needed to be playable","","","","","","standalone","","40","USD","","","2024-08-16","Miniature Market","1","[3-Transient]","","2024-08-20","","","",""
"Rocketmen","283387","0","0","0","0","0","0","0","0","0","0","0","3","KS Feb 2020
Deck builder in space with novel launchpad","","","","","68497401","6.04673","6.73985","2.5181","2939","3741","thing","Rocketmen","1","4","90","90","30","2021","1,2,3,4","3","12+","Moderate in-game text - needs crib sheet or paste ups","","","","","","standalone","","","","","","","","","","","","","","",""
"Rococo","144344","0","0","0","0","0","0","0","0","0","0","0","3","Same designers as Valpo","","","","","107118623","7.16191","7.58479","3.0875","337","9624","thing","Rococo","2","5","120","120","60","2013","2,3,4,5","3","12+","No necessary in-game text","","","","","","standalone","","","","","","","","","","","","","","",""
"Rococo: Deluxe Edition","296100","8","2","3","1","0","0","0","0","0","0","0","3","","","","","","109085935","7.22648","8.18504","3.0606","0","8436","thing","Rococo: Deluxe Edition","1","5","120","120","60","2020","1,2,3,4","3","12+","No necessary in-game text","","","","","","standalone","","85","USD","","","2023-12-03","BGG Marketplace ‘philfromqueens’","1","[2-Resident]","","","","","",""
"Roll and Rock","379631","0","0","0","1","0","0","0","0","0","0","0","3","","","","","","104337829","0","6.56667","2","0","65","thing","Roll and Rock","1","4","60","60","30","2023","","","","","","","","","","standalone","","5.35","USD","","","2023-03-07","KS","","[2-Resident]

Deluxe version with soundtracks

https://shop.dicepen.pl/
indywiseguy@gmail.com
651f362166cf3","Print n Play","","","","",""
"Roll Player","169426","0","0","0","0","0","0","0","0","0","0","0","4","","","","","","51846578","7.20574","7.4178","2.4226","299","34347","thing","Roll Player","1","4","90","90","60","2016","1,2,3,4","3","10+","Extensive use of text - massive conversion needed to be playable","","","","","","standalone","","","","","","","","","","","","","","",""
"Roma","16496","0","0","0","0","0","0","0","0","0","0","0","3","","","","","","86305704","6.30638","6.73664","2.0085","1850","5964","thing","Roma","2","2","45","45","45","2005","2","2","10+","No necessary in-game text","","","","","","standalone","","","","","","","","","","","","","","",""
"Romi Rami","383790","6","1","1","0","0","0","0","0","0","0","0","3","","","","","","111563308","5.9293","6.91111","1.3548","3644","1677","thing","Romi Rami","2","4","30","30","30","2023","2,3,4","2,3","8+","No necessary in-game text","","","","","","standalone","","","","","","","","","","","","","","",""
"Root","237182","10","4","4","1","0","0","0","0","0","0","0","3","2018 Gen Con","","","","","52819324","7.88132","8.07152","3.8407","34","102271","thing","Root","2","4","90","90","60","2018","3,4","4","14+","Extensive use of text - massive conversion needed to be playable","","","","","","standalone","","50","USD","","","2018-08-02","Gen Con","","[1-Permanent]
PP Estimate","","","","","",""
"Root: Homeland Hirelings Pack","431220","0","0","0","1","0","0","0","0","0","0","0","1","","","","","","125423347","5.57515","8.28718","3","0","1857","thing","Root: Homeland Hirelings Pack","2","4","0","0","0","2026","3,4","3","","","","","","","","expansion","","","","","","","","","","","","","","",""
"Root: Landmarks Pack","334486","0","0","0","1","0","0","0","0","0","0","0","1","","","","","","100174524","6.22364","7.95459","2.625","0","8683","thing","Root: Landmarks Pack","2","4","90","90","60","2022","3,4","4","14+","Moderate in-game text - needs crib sheet or paste ups","","","","","","expansion","","8","USD","","","2023-01-15","Cardhaus","","","","","","","",""
"Root: Marauder Hirelings Pack & Hireling Box","336276","0","0","0","1","0","0","0","0","0","0","0","1","","","","","","100174517","6.45161","8.4777","3.9091","0","9827","thing","Root: Marauder Hirelings Pack & Hireling Box","2","4","90","90","60","2022","2,3,4","2","12+","Moderate in-game text - needs crib sheet or paste ups","","","","","","expansion","","24","USD","","","2023-01-15","Cardhaus","","","","","","","",""
"Root: Riverfolk Hirelings Pack","334485","0","0","0","1","0","0","0","0","0","0","0","1","","","","","","100174528","6.26591","8.35462","3.3333","0","8248","thing","Root: Riverfolk Hirelings Pack","2","4","90","90","60","2022","2,3,4","3","12+","","","","","","","expansion","","16","USD","","","2023-01-15","Cardhaus","","","","","","","",""
"Root: The Clockwork Expansion","287220","0","0","0","1","0","0","0","0","0","0","0","3","","","","","","68394790","6.64436","7.7589","3.9783","0","16957","thing","Root: The Clockwork Expansion","1","4","90","90","60","2020","1,2,3","1","14+","Extensive use of text - massive conversion needed to be playable","","","","","","expansion","","15","USD","","","2020-01-31","KS","","Purchased on KS with the Underworld Expansion","","","","","",""
"Root: The Clockwork Expansion 2","334483","0","0","0","1","0","0","0","0","0","0","0","1","","","","","","100174522","5.96507","8.03745","3.75","0","6303","thing","Root: The Clockwork Expansion 2","1","4","90","90","60","2022","1,2","1","","","","","","","","expansion","","32","USD","","","2023-01-15","Cardhaus","","","","","","","",""
"Root: The Exiles and Partisans Deck","272638","0","0","0","1","0","0","0","0","0","0","0","1","","","","","","100174506","7.34331","8.71756","3.8214","0","19640","thing","Root: The Exiles and Partisans Deck","2","6","0","0","0","2020","2,3,4,5","4","12+","Extensive use of text - massive conversion needed to be playable","","","","","","expansion","","0.0001","USD","","","2020-01-31","","","Purchased on KS with the Underworld Expansion","","","","","",""
"Root: The Homeland Expansion","428335","0","0","0","1","0","0","0","0","0","0","0","3","","","","","","124648627","5.78424","9.07696","3.9167","0","2696","thing","Root: The Homeland Expansion","2","6","90","90","60","2026","2,3,4,5,6","4","10+","Unplayable in another language","","","","","","expansion","","50","USD","","","2024-10-22","KS","","Added cardstock Faction Boards and Frog Clearing Markers","","","","","",""
"Root: The Marauder Expansion","330149","0","0","0","1","0","0","0","0","0","0","0","1","","","","","","79148426","7.43397","8.83028","3.9767","0","19130","thing","Root: The Marauder Expansion","2","6","90","90","60","2022","2,3,4,5","4","12+","Extensive use of text - massive conversion needed to be playable","","","","","","expansion","","40","USD","","","2023-01-15","CoolStuffInc","","","","","","","",""
"Root: The Riverfolk Expansion","241386","0","0","0","1","0","0","0","0","0","0","0","3","","","","","","56682400","7.76643","8.43306","3.8645","0","38667","thing","Root: The Riverfolk Expansion","1","6","90","90","60","2018","3,4,5","4","12+","Extensive use of text - massive conversion needed to be playable","","","","","","expansion","","40","USD","","","2018-08-02","Gen Con","","PP Estimate","","","","","",""
"Root: The Squires and Disciples Deck","431218","0","0","0","1","0","0","0","0","0","0","0","3","","","","","","125423353","5.60948","8.69053","3","0","1790","thing","Root: The Squires and Disciples Deck","2","4","0","0","0","2026","2,4","4","","","","","","","","expansion","","","","","","","","","","","","","","",""
"Root: The Squires and Disciples Deck","431218","0","0","0","1","0","0","0","0","0","0","0","3","","","","","","125475891","5.60948","8.69053","3","0","1790","thing","Root: The Squires and Disciples Deck","2","4","0","0","0","2026","2,4","4","","","","","","","","expansion","","","","","","","","","","","","","","",""
"Root: The Underworld Expansion","272637","0","0","0","1","0","0","0","0","0","0","0","3","","","","","","59141902","7.76678","8.70869","3.6392","0","28948","thing","Root: The Underworld Expansion","2","6","90","90","60","2020","3,4,5","4","12+","Extensive use of text - massive conversion needed to be playable","","","","","","expansion","","50","USD","","","2019-03-14","Kickstarter","","Purchased on KS added Clockwork, Vagabond Pack, and Resin Markers","","2020-01-31","","","",""
"Root: The Vagabond Pack","309977","0","0","0","1","0","0","0","0","0","0","0","1","","","","","","100174512","6.92368","8.33616","3.04","0","15587","thing","Root: The Vagabond Pack","1","4","90","90","60","2020","3,4","4","12+","Extensive use of text - massive conversion needed to be playable","","","","","","expansion","","0.0001","USD","","","","","","Purchased on KS with the Underworld Expansion","","","","","",""
"Root: Underworld Hirelings Pack","361193","0","0","0","1","0","0","0","0","0","0","0","1","","","","","","100174535","6.14465","8.29669","3.1429","0","7038","thing","Root: Underworld Hirelings Pack","2","4","90","90","60","2022","2,3,4","3,4","12+","","","","","","","expansion","","16","USD","","","2023-01-15","Cardhaus","","","","","","","",""
"Rorschach","326804","5","1","0","0","0","0","0","0","0","0","0","3","","","","","","135244630","5.49651","5.42992","1","26661","524","thing","Rorschach","4","10","30","30","15","2021","4,5,6,7,8,9,10","9,10","","Moderate in-game text - needs crib sheet or paste ups","","","","","","standalone","","","","","","","","","","","","","","",""
"The Rose King","201","6","1","2","1","0","0","0","1","0","0","0","3","","","","","","138737790","6.32001","6.81861","1.938","1804","6597","thing","The Rose King","2","2","30","30","30","1992","2","2","8+","No necessary in-game text","","","","","","standalone","","5","USD","","","2025-11-17","Geekmarket - AMERICANBOYBAND","","[3-Transient]","","2025-11-22","","","",""
"Royals","165986","7","1","0","0","0","0","0","0","0","0","0","3","","","","","","77422884","6.42368","7.18242","2.2411","1519","4089","thing","Royals","2","5","60","60","60","2014","2,3,4,5","4,5","8+","No necessary in-game text","","","","","","standalone","","","","","","","","","","","","","","",""
"Ruins","428635","0","0","0","0","0","0","0","0","0","0","0","3","GenCon 2025
BGG Hot Games","","","","","133373667","6.12523","7.08973","2.2759","2545","4491","thing","Ruins","2","5","40","40","40","2025","3,4,5","4","12+","Some necessary text - easily memorized or small crib sheet","","","","","","standalone","","","","","","","","","","","","","","",""
"Sagrada","199561","7","7","0","1","0","0","0","0","0","0","0","2","","","","","","44697237","7.32472","7.46889","1.919","225","81059","thing","Sagrada","1","4","45","45","30","2017","1,2,3,4","2","8+","Some necessary text - easily memorized or small crib sheet","","","","","","standalone","","27.99","USD","","","2018-01-02","Miniature Market","","[2-Resident]","","","","","",""
"Sagrada: The Great Facades – Passion","263695","0","0","0","0","0","0","0","0","0","0","0","2","2019 Gencon","","","","","56286913","6.28308","7.5261","2.3333","0","10991","thing","Sagrada: The Great Facades – Passion","1","4","45","45","30","2019","2,3,4","3","10+","Some necessary text - easily memorized or small crib sheet","","","","","","expansion","","","","","","","","","","","","","","",""
"Sail","377470","0","0","0","0","0","0","0","0","0","0","0","3","DT GenCon23 preview
2 player trick taking","","","","","108537274","6.66597","7.26061","2.2062","978","12296","thing","Sail","2","2","20","20","20","2023","2","2","10+","Some necessary text - easily memorized or small crib sheet","","","","","","standalone","","","","","","","","","","","","","","",""
"Saladin","330769","7","1","0","0","0","0","0","0","0","0","0","3","","","","","","116909226","5.72293","7.12615","2","5877","981","thing","Saladin","2","2","60","60","45","2022","2","2","14+","Moderate in-game text - needs crib sheet or paste ups","","","","","","standalone","","","","","","","","","","","","Shakos","English","2022","English edition"
"Samara","177490","0","0","0","0","0","0","0","0","1","0","0","3","","","Opened.  Unpunched.","","","69492250","5.65498","6.23193","2.1667","7376","1237","thing","Samara","2","5","50","50","25","2015","2,3,4,5","4,5","10+","No necessary in-game text","","","","","","standalone","","0.0001","USD","","","2020-03-07","IndyCon Raffle (Angie)","1","Won in Raffle
$7 Geekmarket 2025-07-08","GenCon Store / Auction 2025","2025-07-08","","","",""
"Sanctuary","441696","0","0","0","0","0","0","0","0","0","0","0","3","2025 Essen
Ark Nova Sequel","","","","","134197603","6.73803","7.67542","2.8099","851","6433","thing","Sanctuary","1","5","100","100","40","2025","1,2,3,4","2,3","12+","Moderate in-game text - needs crib sheet or paste ups","","","","","","standalone","","","","","","","","","","","","","","",""
"Sanctuary: The Keepers Era","299733","5","1","0","0","0","0","0","0","1","0","0","3","Would have to sell for less that $25.  Worth it to keep for now","","Kickstarter Edition (6 Decks)
2 Playmats
All Solo Mode Cards
+ All Unlocked Stretch Goals","","","70224965","5.7589","7.1885","2.1538","0","1761","thing","Sanctuary: The Keepers Era","1","2","60","60","20","2021","1,2","2","10+","Some necessary text - easily memorized or small crib sheet","","","","","","standalone","","42","USD","20","USD","2020-04-20","KS","1","PM DONE 19 May 2020
Get all decks and playmats in this Kickstarter Edition Box with all unlocked stretch goals.

Shipping not included, will be charged after the campaign ends. See shipping section for more details.

INCLUDES:
Sanctuary: The Keepers Era - Kickstarter Edition (6 Decks)
2 Playmats
All Solo Mode Cards
+ All Unlocked Stretch Goals
Digital Art Book of The Art of Mysthea
Digital Art Book of The Art of Volfyirion

Sold for $20 GenCon 2024 Auction","GenCon 2024 Auction / Store","2024-07-31","","","",""
"Sanctum","276830","0","0","0","0","0","0","0","0","0","0","0","4","Origins / GenCon 2019 - DEMO
Dice rolling/placement with cool art on the cards","","","","","61326763","6.27517","7.03699","2.5775","1962","4624","thing","Sanctum","2","4","100","100","60","2019","1,2,3,4","2","10+","Moderate in-game text - needs crib sheet or paste ups","","","","","","standalone","","","","","","","","","","","","","","",""
"Sankoré: The Pride of Mansa Musa","382518","0","0","0","0","0","1","1","0","0","0","0","3","Want the whole collection of Merv, Sankore, and Ayar","","","","","136963431","6.45461","7.96017","4.2485","1438","3196","thing","Sankoré: The Pride of Mansa Musa","1","4","180","180","150","2024","1,2,3,4","3","14+","Some necessary text - easily memorized or small crib sheet","","","","","","standalone","","","","","","","","","","","","","","",""
"Sanssouci","146816","0","0","0","0","0","0","0","0","0","0","0","3","","","","","","107316086","6.26429","7.09853","2.1125","1995","4142","thing","Sanssouci","2","4","45","45","30","2013","2,3,4","2","10+","No necessary in-game text","","","","","","standalone","","","","","","","","","","","","","","",""
"Satchel Quest","359842","0","0","0","0","0","0","0","0","0","1","0","3","","","","","","136532218","0","7.25194","2","0","41","thing","Satchel Quest","1","4","60","0","60","2026","1","1","10","","","","","","","standalone","","89","USD","","","2025-09-17","Kickstarter","","Deluxe with wooden bits add on","","","","","",""
"Sausage Sizzle!","118215","5","1","0","0","0","0","0","0","0","0","0","3","","","","","","145754330","5.82915","6.53371","1.05","4498","1939","thing","Sausage Sizzle!","2","5","15","15","15","2012","2,3,4","2","6+","No necessary in-game text","","","","","","standalone","","","","","","","","","","","","","","",""
"Savannah Park","339484","7","1","0","0","0","0","0","0","1","0","0","3","Check out at GecnCon 2021","","Only played once.  Like New Condition","","","83231554","6.24107","7.02604","1.7719","2077","4310","thing","Savannah Park","1","4","40","40","20","2021","1,2,3,4","2,3","8+","No necessary in-game text","","","","","","standalone","","20","USD","4","USD","2023-05-30","Game Preserve","","Sold at Indy Spiel 2024 for $4 to Brian Current 

Listed on BGG Marketplace 2024-08-20 for $15","Sold Indy Spiel","2024-09-14","","","",""
"SAW: The Jigsaw Trials","402871","0","0","0","1","0","0","0","1","0","0","0","3","","","","","","111924689","5.52128","6.57135","2","18990","333","thing","SAW: The Jigsaw Trials","1","6","120","120","40","2024","2,3","3","18+","Some necessary text - easily memorized or small crib sheet","","","","","","standalone","","79","USD","","","2023-10-31","KS","1","[2-Resident]
Deluxe version with severed hand","","2024-07-29","","","",""
"Say Anything","33604","7","3","1","1","0","0","0","0","0","0","0","3","2018 Gen Con
Party Game","","","","","53034183","6.34553","6.69485","1.0929","1724","10986","thing","Say Anything","3","8","30","30","30","2008","4,5,6,7,8","6,7,8","10+","Extensive use of text - massive conversion needed to be playable","","","","","","standalone","","20","USD","","","2019-06-17","Father’s Day Gift","","[3-Transient]
PP Estimate","","","","","",""
"Scarabya","244330","5","3","0","0","0","0","0","0","1","0","0","4","2018 Gen Con","","","","","53135766","5.86865","6.51083","1.375","4139","2585","thing","Scarabya","1","4","20","20","15","2018","1,2,3,4","2,4","6+","No necessary in-game text","","","","","","standalone","","25","USD","3","USD","2018-08-03","Gen Con","","PP Estimate
Sold for $3 GenCon 2024 Store","GenCon 2024 Auction / Store","2024-07-31","","","",""
"Scarface 1920","324090","0","0","0","0","0","0","0","0","0","0","0","2","KS June 21
Gangster theme with cool minis
Different than Godfather?

This vs the Vesuvius Ometa game…. This looks much better","","","","","83204532","6.62815","7.9163","3.8268","1050","4654","thing","Scarface 1920","1","4","150","150","90","2023","1,2,3,4","3","14+","Moderate in-game text - needs crib sheet or paste ups","","","","","","standalone","","","","","","","","","","","","","","",""
"Scopa","15889","10","6","0","1","0","0","0","0","0","0","0","3","","We own a couple decks of Italian (Sicilian) playing cards for Scopa","","","","100030513","5.8893","6.62299","1.4699","3965","2484","thing","Scopa","2","6","30","30","30","1600","2,3,4","4","6+","No necessary in-game text","","","","","","standalone","","0.0001","USD","","","","","","[1-Permanent]
Rules free online.  Purchasd decks of Sicilian Cards via Amazon","","","","","",""
"Scorpius Freighter","256669","0","0","0","0","0","0","0","0","1","0","0","3","Listed $10 OctoCon","","NIS","","","85724204","5.83068","6.89189","2.375","4482","1495","thing","Scorpius Freighter","2","4","75","75","45","2018","2,3,4","3","10+","Moderate in-game text - needs crib sheet or paste ups","","","","","","standalone","","0.0001","USD","","","2021-09-17","AEG Big Game Night GenCon 2021","1","Included with AEG Big Game Night","GenCon Store / Auction 2025","2025-07-08","","","",""
"SCOUT","291453","10","13","0","1","0","0","0","0","0","0","0","1","","","","","","98630690","7.58112","7.7862","1.3891","106","55090","thing","SCOUT","2","5","20","20","20","2019","3,4,5","4","8+","No necessary in-game text","","","","","","standalone","","23.95","USD","","","2022-11-13","Cardhaus","","[2-Resident]","","","","","",""
"Scrabble","320","7","1","0","1","0","0","0","0","0","0","0","3","","","","","","105116930","6.14982","6.27424","2.0511","2429","71809","thing","Scrabble","2","4","90","90","90","2005","2,3,4","2","10+","Unplayable in another language","","","","","","standalone","","","","","","","","","[2-Resident]","","","Parker Brothers","English","2005","Parker Brothers English Vintage Collection edition (Target exclusive)"
"Scram!","385799","0","0","0","1","0","0","0","1","0","0","0","3","","","","","","136893066","5.7539","6.9575","1.4545","5394","1669","thing","Scram!","3","6","30","30","30","2023","4,6","4,6","8","Some necessary text - easily memorized or small crib sheet","","","","","","standalone","","5","USD","","","2025-09-29","Indy Spiel - Scott McColgin","","[4-Evaluate]","","2025-10-03","","","",""
"Scythe","169786","9","3","4","1","0","0","0","0","0","0","0","3","","","","","","63763987","7.94432","8.10007","3.4537","26","128571","thing","Scythe","1","5","115","115","115","2016","1,2,3,4,5","4","12+","Moderate in-game text - needs crib sheet or paste ups","","","","","","standalone","","99","USD","","","2019-12-25","Christmas Gift","","[2-Resident]
PP Estimate","","","","","",""
"Scythe: The Rise of Fenris","242277","0","0","0","0","0","0","0","0","1","0","0","3","","","","","","73764702","7.92601","8.693","3.4248","0","31919","thing","Scythe: The Rise of Fenris","1","5","150","150","75","2018","1,2,3,4,5","4","14+","Extensive use of text - massive conversion needed to be playable","","","","","","expansion","","29.97","USD","25","USD","2020-08-20","GameNerdz","1","Sold on BGG Marketplace for $25 to whiplash on 2023-12-21 
Listed on BGG GeekMarket on 2023-11-25 for $25","Sold","","","","",""
"Sea Dragons","374895","7","2","2","1","0","0","0","0","0","0","0","3","Luciani
Essen 23","","","","","110584107","6.1065","7.3304","1.9762","2624","2589","thing","Sea Dragons","2","5","45","45","30","2023","2,3,4,5","4","8+","No necessary in-game text","","","","","","standalone","","38","USD","","","2024-02-29","KS","","[3-Transient]","","2024-07-13","","","",""
"Sea Salt & Paper","367220","8","15","1","1","0","0","0","0","0","0","0","3","","","","","","109407845","7.26465","7.50707","1.4767","258","48534","thing","Sea Salt & Paper","2","4","45","45","30","2022","2,3,4","2","8+","No necessary in-game text","","","","","","standalone","","12","USD","","","2023-08-19","Cardhaus","","[1-Permanent]
","","2023-09-23","","","",""
"Sea Salt & Paper: Extra Pepper","442250","0","0","0","1","0","0","0","0","0","0","0","1","","","","","","133141441","6.24613","8.02845","1.4211","0","7091","thing","Sea Salt & Paper: Extra Pepper","2","4","45","45","30","2025","2,3,4","2","8+","No necessary in-game text","","","","","","expansion","","10","","","","2025-07-31","GenCon","","","","2025-07-31","","","",""
"Sea Salt & Paper: Extra Salt","396545","0","0","0","1","0","0","0","0","0","0","0","1","","","","","","113120228","6.78559","7.79198","1.4333","0","15669","thing","Sea Salt & Paper: Extra Salt","2","4","45","45","30","2023","2,3,4","2","8+","No necessary in-game text","","","","","","expansion","","5.65","USD","","","2024-01-25","Cardhaus","","","","2024-01-27","","","",""
"The Search for Planet X","279537","0","0","0","0","0","0","0","0","0","0","0","3","KS October 2019.  Deduction game - find Planet X by deduction.  Looks cool, but wouldn't pay much more than about $20 for a game like this.","","","","","65249306","7.55038","7.89576","2.433","115","26973","thing","The Search for Planet X","1","4","75","75","60","2020","1,2,3,4","2,3","12+","Extensive use of text - massive conversion needed to be playable","","","","","","standalone","","","","","","","","","","","","","","",""
"Seaside","406660","7","5","0","1","0","0","0","0","0","0","0","3","Looks like a fun simple draw and choose game","","","","","119826587","6.12023","7.10003","1.2162","2569","3740","thing","Seaside","1","5","20","20","20","2024","2,3,4,5","2","8+","No necessary in-game text","","","","","","standalone","","21","USD","","","2024-12-27","B&N","1","[2-Resident]","","2024-12-27","","","",""
"Seers Catalog","415981","6","1","2","0","0","0","0","0","1","0","0","3","2024 GenCon.  Card Shedding… Scout like","","","","","120031002","5.86089","6.87151","2","4190","1958","thing","Seers Catalog","2","5","45","45","30","2024","2,3,4,5","4","10+","Some necessary text - easily memorized or small crib sheet","","","","","","standalone","","15","USD","","","2024-08-01","GenCon 2024","1","Gave to Adam West","","2024-08-01","","","",""
"Seers Catalog: Lyin' Werewolf Promo Card","425210","0","0","0","0","0","0","0","0","1","0","0","3","","","","","","121743005","0","6.89545","0","0","108","thing","Seers Catalog: Lyin' Werewolf Promo Card","2","5","45","45","45","2024","","","","","","","","","","expansion","","","","","","2024-08-01","GenCon 2024","","In Base Game Box","","2024-08-01","","","",""
"Senshi","247143","7","3","0","1","0","0","0","0","0","0","0","4","2018 Gen Con","","","","","52553511","5.60301","6.14716","1.8333","9282","1025","thing","Senshi","2","4","20","20","15","2018","2,3,4","3","8+","No necessary in-game text","","","","","","standalone","","10","USD","","","2018-08-27","Coolstuff Inc","","[3-Transient]","","","","","",""
"Sentient","223855","9","8","2","1","0","0","0","0","0","0","0","4","Gen Con 2017
Might be complicated","","","","","43573998","6.40975","7.17343","2.2182","1559","3570","thing","Sentient","1","4","60","60","30","2017","2,3,4","3","10+","Some necessary text - easily memorized or small crib sheet","","","","","","standalone","","40","USD","","","2017-08-17","Gen Con","","[1-Permanent]
PP Estimate","","","","","",""
"Sequence","2375","5","2","1","1","0","0","0","0","0","0","0","3","","","","","","32020422","5.97641","6.18561","1.3055","3335","29686","thing","Sequence","2","12","30","30","10","1982","2,3,4,6","3,4","6+","No necessary in-game text","","","","","","standalone","","","","","","","","","[2-Resident]","","","","","",""
"SET","1198","8","5","2","1","0","0","0","0","0","0","0","2","Gianna would love this game","","","","","59299884","6.29562","6.50958","1.6499","1885","26493","thing","SET","1","20","30","30","30","1988","1,2,3,4,5,6,7,8","3,4","6+","No necessary in-game text","","","","","","standalone","","10","USD","","","2019-03-23","Amazon","","[2-Resident]","","","","","",""
"Set Cubed","34583","6","1","0","1","0","0","0","0","0","0","0","3","","","","","","82061485","5.47002","5.30023","1.9286","29595","1210","thing","Set Cubed","2","4","30","30","30","2008","2,3,4","2,3","6+","No necessary in-game text","","","","","","standalone","","10","USD","","","","","","[2-Resident]
PP Estimate","","","","","",""
"SETI: Search for Extraterrestrial Intelligence","418059","10","2","4","1","0","0","0","0","0","0","0","3","","","","","","127551237","8.03116","8.41615","3.83","16","31169","thing","SETI: Search for Extraterrestrial Intelligence","1","4","160","160","40","2024","1,2,3,4","3","14+","Moderate in-game text - needs crib sheet or paste ups","","","","","","standalone","","69","USD","","","2025-01-07","GeekMarket - MayberryNut","","[2-Resident]
","","2025-01-14","","","",""
"SETI: Space Agencies","445048","0","0","0","0","0","0","0","0","0","0","0","1","","","","","","133885419","6.81738","8.8598","3.8125","0","7973","thing","SETI: Space Agencies","1","4","160","160","40","2025","1,2,3,4","3","14+","Moderate in-game text - needs crib sheet or paste ups","","","","","","expansion","","","","","","","","","","","","","","",""
"SETUP","379110","0","0","0","1","0","0","0","0","0","0","0","3","","","","","","123698182","5.61963","6.12091","1.2143","8513","980","thing","SETUP","2","4","25","25","20","2023","2,3,4","4","8+","No necessary in-game text","","","","","","standalone","","","","","","2024-09-28","Indy Spiel Raffle","1","[2-Resident]","","2024-09-28","","","",""
"Seven Dragons","98085","0","0","0","0","0","0","0","0","0","0","0","3","","","","","","77837861","5.83175","6.275","1.2925","4474","4203","thing","Seven Dragons","2","5","30","30","10","2011","2,3,4,5","4","6+","Some necessary text - easily memorized or small crib sheet","","","","","","standalone","","","","","","","","","","","","","","",""
"Shackleton Base: A Journey to the Moon","408180","0","0","0","0","0","0","0","0","0","0","0","3","GenCon 2025
Big game… check it out but likely not to buy","","","","","133398235","7.06723","8.0108","3.9295","426","6880","thing","Shackleton Base: A Journey to the Moon","1","4","120","120","60","2024","2,3,4","3","14+","Some necessary text - easily memorized or small crib sheet","","","","","","standalone","","","","","","","","","","","","","","",""
"Shadows of Malice","154510","0","0","0","1","0","0","0","0","0","0","0","2","2019 Gen Con FOR SALE (2nd ed)","","","","","32333197","5.73893","7.18013","3.1842","5604","1123","thing","Shadows of Malice","1","8","120","120","120","2019","1,2,3,4","1","14+","Some necessary text - easily memorized or small crib sheet","","","","","","standalone","","0.0001","USD","","","2019-09-26","Gift from Jim Felli","","[2-Resident]","","","Devious Weasel Games","English","2019","English edition, second printing"
"Shallow Regrets","434870","0","0","0","0","0","0","0","0","0","0","0","3","","","","","","132738449","5.69709","6.99095","1.5714","6370","2124","thing","Shallow Regrets","2","3","15","15","15","2025","1,2,3","2","8+","Moderate in-game text - needs crib sheet or paste ups","","","","","","standalone","","","","","","","","","","","","","","",""
"Shallow Sea","428440","0","0","0","0","0","0","1","0","0","0","1","2","Mike d most anticipated 2025. Looks like a cool puzzle type game.
Cascadia with fish","","","","","127443017","6.32387","7.91066","2.1915","1792","2926","thing","Shallow Sea","1","4","45","45","30","2025","1,2,3,4","2","8+","No necessary in-game text","","","","","","standalone","","","","","","","","","","","","","","",""
"Shifting Stones","302280","8","10","0","1","0","0","0","0","0","0","0","3","","","","","","85702833","6.03697","6.51676","1.1746","2984","5074","thing","Shifting Stones","1","5","20","20","20","2020","1,2,3,4","2","8+","No necessary in-game text","","","","","","standalone","","15","USD","","","2021-09-17","GenCon 2021","1","[2-Resident]","Angie Game","","","","",""
"The Shining","298352","0","0","0","0","0","0","0","0","0","0","0","3","","","","","","78415614","5.57013","6.03291","2","11349","1825","thing","The Shining","3","5","60","60","45","2020","3,4,5","5","12+","Some necessary text - easily memorized or small crib sheet","","","","","","standalone","","","","","","","","","","","","","","",""
"The Shining: Escape from the Overlook Hotel","310408","0","0","0","0","0","0","0","0","0","0","0","3","Die Hard... do I need another movie game to sit on the shelf unplayed?","","","","","73855956","5.42232","3.9946","1","30367","350","thing","The Shining: Escape from the Overlook Hotel","1","99","120","120","120","2020","1,2,3","2","","","","","","","","standalone","","","","","","","","","","","","","","",""
"Shipyard (Second Edition)","393179","0","0","0","0","0","0","0","0","0","0","0","3","Suchy - cool components 
Essen 23","","","","","110584122","5.99976","7.44279","3.2759","3182","2242","thing","Shipyard (Second Edition)","1","4","120","120","40","2023","1,2,3,4","2","14+","No necessary in-game text","","","","","","standalone","","","","","","","","","","","","","","",""
"Shit Happens","196379","8","6","1","1","0","0","0","0","0","0","0","3","","","","","","53369022","5.37079","5.27855","1.0526","30523","5045","thing","Shit Happens","2","8","60","60","20","2016","3,4,5,6,7,8","4,6","16+","Unplayable in another language","","","","","","standalone","","20","USD","","","2018-08-05","Gen Con","","[2-Resident]
PP Estimate","Lakehouse","","","","",""
"SHOOTERZ","187480","6","1","0","1","0","0","0","0","0","0","0","3","","","Played once","","","58244951","0","6.3","1","0","51","thing","SHOOTERZ","2","2","30","30","20","2014","","","8+","","","","","","","standalone","","13","USD","","","2018-10-13","Kickstarter","","[3-Transient]","","","","","",""
"SILOS","429765","5","1","0","0","0","0","0","0","0","0","0","3","GenCon 2025
Looks fairly simple fun with a funny theme
BGG Hot Games Room","","","","","132915656","5.87257","7.28812","2.1429","4100","1292","thing","SILOS","2","4","60","60","45","2025","2,3,4","3","12+","Moderate in-game text - needs crib sheet or paste ups","","","","","","standalone","","","","","","","","","","","","","","",""
"Silver","278553","8","5","2","1","0","0","0","0","0","0","0","1","Origins / Gencon 2019 FOR SALE
Looks aweome","","","","","60965082","6.20734","7.03971","1.7778","2210","4642","thing","Silver","2","4","60","60","30","2019","2,3,4","2,4","8+","Moderate in-game text - needs crib sheet or paste ups","","","","","","standalone","","23","USD","","","2019-08-01","GenCon","","[2-Resident]
PP Estimate","","","","","",""
"Silver Bullet","278554","0","0","0","0","0","0","0","0","0","0","0","2","Next card set for Silver series","","","","","64739208","5.99939","7.29196","1.75","3186","2615","thing","Silver Bullet","2","4","60","60","30","2019","2,3,4","4","","Moderate in-game text - needs crib sheet or paste ups","","","","","","standalone","","","","","","","","","","","","","","",""
"Silver Coin","302926","0","0","0","0","0","0","0","0","0","0","0","2","Next one in the Silver lineup... and its a coin!","","","","","71446936","5.79332","7.45124","1.9231","4883","1341","thing","Silver Coin","2","4","60","60","30","2020","2,3,4","4","","Moderate in-game text - needs crib sheet or paste ups","","","","","","standalone","","","","","","","","","","","","","","",""
"Silver Dagger","318098","0","0","0","0","0","0","0","0","0","0","0","3","","","","","","74366734","5.73126","7.35472","1.8333","5742","1161","thing","Silver Dagger","2","4","60","60","30","2020","2,3,4","4","","Moderate in-game text - needs crib sheet or paste ups","","","","","","standalone","","","","","","","","","","","","","","",""
"The Sims Board Game","448450","6","1","2","0","0","0","0","0","0","0","0","3","GenCon 2025
Want to Check it out","","","","","133766124","5.47608","5.23895","1.5","29288","651","thing","The Sims Board Game","2","5","0","0","0","2025","2,3,4,5","4","6+","Some necessary text - easily memorized or small crib sheet","","","","","","standalone","","","","","","","","","","","","","","",""
"SINS: Rise of Wrath – Battle Pack","294727","0","0","0","0","0","0","0","0","0","0","0","3","KS Dec 2019.

Looks interesting.  Artwork looks cool.  7 deadly sins.

Bad reviews... poor quality.","","","","","67197265","0","5.65517","2","0","75","thing","SINS: Rise of Wrath – Battle Pack","1","6","90","90","15","2020","1,2,3,4","2","14","Moderate in-game text - needs crib sheet or paste ups","","","","","","standalone","","","","","","","","","","","","","","",""
"SiXeS","177877","0","0","0","1","0","0","0","0","0","0","0","3","","","","","","85035664","5.72229","7.15209","1","5887","977","thing","SiXeS","3","8","45","45","30","2016","4,5,6,7,8","6,7","14+","","","","","","","standalone","","5","USD","","","2021-08-25","KS","","[3-Transient]
Price Paid is estamiated from

6 for the Road Bundle was $49 and contains:

The Mother Road, Route 66
America's Main Street -- 2 new Travel-Size Route 66 Family Games
Sixes, The Portable Party Game for 6-106 Players and Ages
Dead Man's Chest, the Pint-Sized party game
The Pink Cadillac Expansion to Route 66, The Mother Road
The Great Races, an original roll and write game by Sid Sackson","","","","","",""
"The Sixth Realm","401182","0","0","0","0","0","0","0","0","0","0","0","3","Mike D most anticipated 2025","","","","","127443158","5.46612","4.63568","4","29737","32","thing","The Sixth Realm","1","4","180","180","90","0","1,2,3,4","1,2","","No necessary in-game text","","","","","","standalone","","","","","","","","","","","","","","",""
"Skara Brae","408636","0","0","0","0","0","0","0","0","0","0","0","3","GenCon 2025
Shem Phillips - like Ezra & Nehemiah kind of","","","","","133140966","6.32896","7.54841","2.7042","1779","3342","thing","Skara Brae","1","4","60","60","45","2025","1,2,3,4","1","12+","No necessary in-game text","","","","","","standalone","","","","","","","","","","","","","","",""
"Skull","92415","9","5","1","1","0","0","0","0","0","0","0","3","","","","","","59299936","7.00982","7.17113","1.1139","496","47220","thing","Skull","3","6","45","45","15","2011","3,4,5,6","5,6","8+","No necessary in-game text","","","","","","standalone","","18","USD","","","2019-06-16","Father’s Day Gift","","[1-Permanent]
PP Estimate","","","","","",""
"Skull King","150145","8","1","2","1","0","0","0","1","0","0","0","3","","","","","","134842466","7.21062","7.52636","1.7297","294","33600","thing","Skull King","2","8","30","30","30","2013","3,4,5,6","4,5,6","8+","No necessary in-game text","","","","","","standalone","","20","USD","","","2025-07-31","GenCon","","[2-Resident]
Includes Expansion","","2025-07-31","","","",""
"Skull King: Expansion Pack","449808","0","0","0","1","0","0","0","0","0","0","0","3","","","","","","134842478","5.57431","7.88333","1.75","0","784","thing","Skull King: Expansion Pack","2","8","60","60","30","2025","3,4,5,6,7,8","3,4","10+","No necessary in-game text","","","","","","expansion","","10","USD","","","2025-07-31","GenCon","","In box","","2025-07-31","","","",""
"Sky Team","373106","7","4","2","1","0","0","0","0","0","0","0","3","2023 GenCon Preview
Cool looking 2 player Co-op","","","","","107120077","7.88793","8.11987","2.041","33","65828","thing","Sky Team","2","2","20","20","20","2023","2","2","10+","Some necessary text - easily memorized or small crib sheet","","","","","","standalone","","29.99","USD","","","2023-07-23","Hachette","","[3-Transient]
Includes La Guardia card","","2023-10-18","","","",""
"Skyrise","298231","7","2","2","1","0","0","0","1","0","0","0","3","","","","","","95436983","6.80977","7.66567","2.2421","745","6989","thing","Skyrise","2","4","90","90","30","2024","2,3,4","4","10+","Some necessary text - easily memorized or small crib sheet","","","","","","standalone","","75","USD","","","2022-07-01","KS","","[3-Transient]","","2024-04-29","","","",""
"Sled Runners of Pekari","424829","0","0","0","1","0","0","0","1","0","0","0","3","","","","","","121743062","0","6","0","0","3","thing","Sled Runners of Pekari","2","6","60","60","45","2024","","","","","","","","","","standalone","","40","USD","","","2024-08-01","GenCon 2024","1","[3-Transient]","","2024-08-01","","","",""
"Sleeping Gods","255984","8","1","3","0","0","0","0","0","1","0","0","4","Kickstarter Aug 2019
Decided to cancel Turdvang to back this instead.","","Very Good condition.  Only played once.  This is the KS edition that also contains Sleeping Gods: Tides of Ruin plus 40 Metal Coins (all stored in base game box.","","","62755174","7.68589","8.08788","3.2624","72","35782","thing","Sleeping Gods","1","4","1200","1200","60","2021","1,2,3","1,2","12+","Unplayable in another language","","","","","","standalone","","100","USD","75","USD","","KS","1","Sold on BGG Marketplace to draxxen on 2023-11-30 for $75

PM DONE 12 Sep 2019
A copy of SLEEPING GODS, the expansion TIDES OF RUIN, and a set of 40 custom metal coins.

Shipping will be charged after the campaign through the pledge manager. See shipping estimates on the campaign page.

INCLUDES:
Sleeping Gods
Sleeping Gods: Tides of Ruin
Sleeping Gods: 40 Metal Coins","Sold","","","","",""
"Sleeping Gods: Tides of Ruin","283766","0","0","0","0","0","0","0","0","1","0","0","3","","","In base game box.  No longer have original expansion box","","","79234002","6.49335","8.51848","3.1429","0","12057","thing","Sleeping Gods: Tides of Ruin","1","4","1200","1200","60","2021","1,2,3,4","2","12+","Extensive use of text - massive conversion needed to be playable","","","","","","expansion","","0.001","USD","","","","","","Part of original KS","Sold","","","","",""
"Slide","415836","0","0","0","0","0","0","1","0","0","0","0","3","GenCon 2025
6 Players
BGG Hot Games Room","","","","","132976660","5.78818","6.37918","1.1562","4946","2151","thing","Slide","2","6","15","15","15","2024","2,3,4,5,6","4","8+","No necessary in-game text","","","","","","standalone","","","","","","","","","","","","","","",""
"Slip Strike","285234","7","3","0","1","0","0","0","0","0","0","0","3","","","","","","68769538","5.55464","6.64341","1.3333","12753","343","thing","Slip Strike","2","2","15","15","10","2020","2","2","","","","","","","","standalone","","16","USD","","","2020-02-12","KS","1","[3-Transient]
PM DONE 11 June 2020
One copy of Slip Strike - Orange
-Shipping will be charged after the campaign

INCLUDES:
Slip Strike Orange","Lakehouse","","Junk Spirit Games","English","2020","English edition (orange)"
"Snake Oil","113289","5","1","1","0","0","0","0","0","0","0","0","3","","","","","","77422909","6.17394","6.65348","1.1275","2329","6941","thing","Snake Oil","3","10","30","30","20","2010","4,5,6,7,8","5,6","10+","Unplayable in another language","","","","","","standalone","","","","","","","","","","","","","","",""
"Snakesss","337389","6","1","0","0","0","0","0","0","1","0","0","3","Saw on DT Winter thing. Looks like a fun game with family.","","","","","88542267","5.71038","6.29031","1.0769","6108","2693","thing","Snakesss","4","8","20","20","20","2021","5,6,7,8","6","12+","Extensive use of text - massive conversion needed to be playable","","","","","","standalone","","20","USD","","","2021-12-13","Amazon","","","GenCon Store / Auction 2025","2025-07-08","","","",""
"Snowdonia","119432","0","0","0","0","0","0","0","0","0","0","0","3","","","","","","71768984","6.73392","7.29853","2.9934","857","5051","thing","Snowdonia","1","5","90","90","30","2012","1,2,3,4,5","4","12+","Moderate in-game text - needs crib sheet or paste ups","","","","","","standalone","","","","","","","","","","","","","","",""
"So Clover!","329839","5","1","1","0","0","0","0","0","1","0","0","3","","","","","","101013673","7.24319","7.59076","1.1182","272","20683","thing","So Clover!","3","6","30","30","30","2021","2,3,4,5,6","3,4","10+","Unplayable in another language","","","","","","standalone","","0.001","USD","5","USD","2022-12-19","Christmas Gift from Mikey","","Sold for $5 at Indy Spiel ","Sold - Indy Spiel","2025-05-14","","","",""
"So Clover!","329839","5","1","1","0","0","0","0","0","1","0","0","3","","","New in Shrink","","","109478501","7.24319","7.59076","1.1182","272","20683","thing","So Clover!","3","6","30","30","30","2021","2,3,4,5,6","3,4","10+","Unplayable in another language","","","","","","standalone","","","","15","USD","2022-12-25","Christmas Gift","","Sold for $15 on Geekmarket 2023-09-12 to librariegrrl","Sold","2022-12-25","","","",""
"So Wrong It's Right","365243","0","0","0","0","0","0","0","0","0","0","0","3","Looks dumb enough to be fun while drinking beer","","","","","96129802","0","5.4","0","0","88","thing","So Wrong It's Right","3","99","30","30","30","2021","","","","","","","","","","standalone","","","","","","","","","","","","","","",""
"Solar Draft","287732","7","1","2","1","0","0","0","1","0","0","0","2","Cute artwork; fun looking drafting game","","","","","124116466","5.69187","6.98376","1.9091","6495","586","thing","Solar Draft","2","5","30","30","20","2019","2,3,4","2,3,4","10+","Extensive use of text - massive conversion needed to be playable","","","","","","standalone","","35","USD","","","2024-11-28","BGG Marketplace (nysmoke)","","[2-Resident]","","2024-12-04","","","",""
"Solar Sphere","329228","7","1","2","1","0","0","0","1","0","0","0","3","Meeple Town Overview looked good.  Dice placement / resource management. Area Control. Set Collection...  Point Salad","","","","","104000918","5.76134","7.06766","2.697","5291","1414","thing","Solar Sphere","1","4","90","90","60","2022","1,2,3,4","4","10+","No necessary in-game text","","","","","","standalone","","32","USD","","","2023-08-03","BGG Marketplace Eric Engelmann","","[3-Transient]
$69.99 for Solar Storm, Expansions, Solar Spehere and Playmats","","2023-08-06","","","",""
"Solar Sphere: Expansions","355328","0","0","0","1","0","0","0","0","0","0","0","3","","","","","","108850629","5.54865","7.445","3","0","703","thing","Solar Sphere: Expansions","1","5","120","120","60","2022","1,2,3,4,5","3,4","","","","","","","","expansion","","18","USD","","","2023-08-03","BGG Marketplace Eric Engelmann","","$69.99 for Solar Storm, Expansions, Solar Spehere and Playmats","","2023-08-06","","","",""
"Solar Sphere: Kickstarter Promos","373926","0","0","0","1","0","0","0","0","0","0","0","3","","","","","","108850647","5.52593","7.76667","0","0","416","thing","Solar Sphere: Kickstarter Promos","1","5","90","90","60","2022","","","","No necessary in-game text","","","","","","expansion","","6","USD","","","2023-08-03","BGG Maketplace Eric Englemann","","$69.99 for Solar Storm, Expansions, Solar Spehere and Playmats","","2023-08-06","","","",""
"Solar Storm","274037","0","0","0","0","0","0","0","0","0","0","0","3","","","","","","108850671","5.97698","6.93896","2.0667","3327","2725","thing","Solar Storm","1","4","60","60","30","2020","1,2,3,4","1","10+","Some necessary text - easily memorized or small crib sheet","","","","","","standalone","","14","USD","","","2023-08-03","BGG Marketplace Eric Engelmann","","$69.99 for Solar Storm, Expansions, Solar Spehere and Playmats","","2023-08-06","","","",""
"Solar Storm: Deluxe Edition","314019","0","0","0","1","1","0","0","0","0","0","0","3","","","","","","108972733","5.64593","7.2719","2.2222","0","739","thing","Solar Storm: Deluxe Edition","1","4","60","60","30","2020","1,2,3,4","1,4","12+","Some necessary text - easily memorized or small crib sheet","","","","","","standalone","","14","USD","","","2023-08-03","BGG Marketplace Eric Engelmann","","[5-Exiting]
$69.99 for Solar Storm, Expansions, Solar Spehere and Playmats","","2023-08-06","","","",""
"Sons of Anarchy: Men of Mayhem","156091","0","0","0","1","0","0","0","1","0","0","0","3","","","","","","54683472","6.44242","7.22392","2.5812","1467","6276","thing","Sons of Anarchy: Men of Mayhem","3","4","90","90","90","2014","3,4","4","14+","Some necessary text - easily memorized or small crib sheet","","","","","","standalone","","12","USD","","","2018-10-02","Miniature Market","","[2-Resident]","","","","","",""
"Sons of Faeriell","316928","0","0","0","0","0","0","0","0","0","0","0","3","KS Nov 2020
I backed Tabula Games previous game - Sanctuary
This one looks ok... not really grabbing me though","","","","","75840128","5.6066","6.83313","3.72","9101","893","thing","Sons of Faeriell","1","4","120","120","90","2022","1,2,3,4","3","10–12","No necessary in-game text","","","","","","standalone","","","","","","","","","","","","","","",""
"Soulgivers","298512","8","1","3","1","0","0","0","0","0","0","0","3","Kickstarter Oct 2020
Keep an eye on this.  Looks beautfiul but not sure that the pick up and deliver / capture the flag gameplay is what we like","","","","","75176932","5.62801","8.13474","3.0833","8197","420","thing","Soulgivers","2","4","60","60","30","2022","2,4","2","14+","Moderate in-game text - needs crib sheet or paste ups","","","","","","standalone","","125","USD","","","2023-06-19","BGG Marketplace DutchOrange","","[1-Permanent]
","","","","","",""
"Soulgivers: The Aeger","359774","0","0","0","1","0","0","0","0","0","0","0","3","","","","","","107622406","0","8.45455","0","0","171","thing","Soulgivers: The Aeger","2","4","60","60","30","2022","","","","","","","","","","expansion","","","","","","","","","","","","","","",""
"Soulgivers: The Gatekeeper","359776","0","0","0","1","0","0","0","0","0","0","0","1","","","","","","107622402","0","8.45455","0","0","159","thing","Soulgivers: The Gatekeeper","2","4","60","60","30","2022","","","","","","","","","","expansion","","10","USD","","","2023-08-02","BGG Marketplace LegendaryPunk","1","","","2023-08-07","","","",""
"Soulgivers: The Soulcrusher","359773","0","0","0","1","0","0","0","0","0","0","0","3","","","","","","107622407","0","8.45455","0","0","172","thing","Soulgivers: The Soulcrusher","2","4","60","60","30","2022","","","","","","","","","","expansion","","","","","","","","","","","","","","",""
"Soulgivers: The Whisperer","359775","0","0","0","1","0","0","0","0","0","0","0","3","","","","","","107622404","0","8.45455","0","0","179","thing","Soulgivers: The Whisperer","2","4","60","60","30","2022","","","","","","","","","","expansion","","","","","","","","","","","","","","",""
"South China Sea: Modern Naval Conflict in the South Pacific","226997","0","0","0","1","0","0","0","0","0","0","0","3","","","","","","74082149","5.58088","7.27315","2.8571","10536","567","thing","South China Sea: Modern Naval Conflict in the South Pacific","2","3","240","240","120","2017","2,3","2","14+","Extensive use of text - massive conversion needed to be playable","","","","","","standalone","","62.5","USD","","","2020-12-01","KS","","[2-Resident]
Combined with Indian Ocean","Office","","","","",""
"Sovereign Skies","249689","6","1","2","1","0","0","0","1","0","0","0","4","KS
Space political influence game.  Looks ok.  Might be too much like Expanse","","","","","61369945","5.80446","7.02988","2.2069","4753","1532","thing","Sovereign Skies","1","4","60","60","30","2020","1,2,3,4","3","10+","No necessary in-game text","","","","","","standalone","","29","USD","","","","KS","1","[3-Transient]
PM DONE 11 Nov 2019 (added coins) 
Sovereign Skies: Kickstarter Edition
Hide details
Get one copy of Sovereign Skies for 25% off retail plus all unlocked stretch goals and exclusive expansions!

INCLUDES:
1 copy of Sovereign Skies
1 copy of the exclusive Houses Rising expansion
All unlocked stretch goals","","","","","",""
"Space Base","242302","9","14","2","1","0","0","0","0","0","0","0","2","Angie played with Adam and Ellen at IndyCon 2020. Looks really simple and fun.","","","","","69462906","7.32232","7.53944","2.1312","226","32364","thing","Space Base","2","5","60","60","60","2018","2,3,4,5","3,4","10+","Some necessary text - easily memorized or small crib sheet","","","","","","standalone","","28","USD","","","2020-03-08","Cardhaus","1","[1-Permanent]
","","","","","",""
"Space Base: Genesis","388569","0","0","0","1","0","0","0","0","0","0","0","2","","","","","","119897915","5.73585","8.41322","2.5","0","1900","thing","Space Base: Genesis","2","5","60","60","45","2024","2,3,4,5","3,4","","","","","","","","expansion","","30","USD","","","2024-08-02","GenCon 2024","1","","","2024-08-02","","","",""
"Space Base: The Emergence of Shy Pluto","266483","0","0","0","1","0","0","0","0","0","0","0","3","","","","","","70225970","6.36103","7.69678","2.125","0","7642","thing","Space Base: The Emergence of Shy Pluto","2","5","75","75","30","2019","2,3,4,5","4","12+","","","","","","","expansion","","20.49","USD","","","2020-04-06","Cardhaus","1","","","","","","",""
"Space Station Phoenix","356414","0","0","0","0","0","0","0","0","0","0","0","3","","","","","","95166084","6.31729","7.36759","3.0476","1809","2191","thing","Space Station Phoenix","2","4","120","120","60","2022","2,3,4","3","12+","Some necessary text - easily memorized or small crib sheet","","","","","","standalone","","","","","","","","","","","","","","",""
"SpaceCorp: 2025-2300AD","214029","0","0","0","0","0","0","0","0","0","0","0","3","","","","","","76701444","6.68697","7.66265","2.977","940","5609","thing","SpaceCorp: 2025-2300AD","1","4","240","240","60","2018","1,2,3,4","3","10+","Moderate in-game text - needs crib sheet or paste ups","","","","","","standalone","","","","","","","","","","","","","","",""
"Spectral","388476","7","1","2","1","0","0","0","1","0","0","0","2","Monique and Naveen video looks great. Deduction game.","","","","","119763962","5.93582","7.22236","2.2174","3604","1589","thing","Spectral","2","5","30","30","30","2024","3,4,5","4","","No necessary in-game text","","","","","","standalone","","45","USD","","","2024-07-24","Miniature Market","","[2-Resident]
GenCon 2024 Pre-Purchase","","2024-07-27","","","",""
"Spellbloom","394699","0","0","0","0","0","0","0","0","0","0","0","3","Looks simple. Tableau builder
Essen 23","","","","","110584133","5.53452","7.09231","2.75","15713","80","thing","Spellbloom","1","4","45","45","45","2024","1,2","2","","","","","","","","standalone","","","","","","","","","","","","","","",""
"Spirit Fire","351964","0","0","0","0","0","0","0","0","0","0","0","3","KS Nov 2023
Very different. Solo game
Looks cool but would i play a solo game?","","","","","112379450","0","6.02579","0","0","78","thing","Spirit Fire","1","1","0","0","0","0","1","1","","","","","","","","standalone","","","","","","","","","","","","","","",""
"Spirits of the Wild: Awakening","447575","8","5","0","1","0","0","0","0","0","0","0","3","Zee  Top 10 Surprises of 2025
2 player only
Looks different","","","","","139557353","5.8541","7.89992","1.5333","4246","1628","thing","Spirits of the Wild: Awakening","2","2","30","30","20","2025","2","2","10+","Extensive use of text - massive conversion needed to be playable","","","","","","standalone","","","","","","2025-12-25","Christmas Gift","","[2-Resident]","","2025-12-25","","","",""
"Splendor","148228","8","4","0","1","0","0","0","0","0","0","0","3","","","","","","77422887","7.29251","7.42053","1.7748","243","138748","thing","Splendor","2","4","30","30","30","2014","2,3,4","3","8+","No necessary in-game text","","","","","","standalone","","37.99","USD","","","2021-07-29","Birthday Gift","","[2-Resident]
PP Estimate","","","","","",""
"Splendor Duel","364073","8","6","0","1","0","0","0","0","0","0","0","2","","","","","","116909252","7.55761","7.8752","2.0263","111","38269","thing","Splendor Duel","2","2","30","30","30","2022","2","2","10+","No necessary in-game text","","","","","","standalone","","24","USD","","","2024-05-27","Cardhaus","1","[1-Permanent]","","2024-05-29","Space Cowboys","English","2022","English edition"
"Splito","359878","8","2","0","1","0","0","0","1","0","0","0","3","","","","","","132290409","5.95953","6.7161","1.3243","3431","2628","thing","Splito","3","8","20","20","15","2022","3,4,5,6,7,8","5,6","8+","Moderate in-game text - needs crib sheet or paste ups","","","","","","standalone","","5","USD","","","2025-05-14","Indy Spiel","","[3-Transient]","","2025-05-16","","","",""
"Sports Dice: Hockey","386268","0","0","0","0","0","0","0","0","0","0","0","3","GenCon 2023","","","","","107392393","5.51928","6.46087","0","19603","118","thing","Sports Dice: Hockey","2","4","20","20","10","2023","","","","","","","","","","standalone","","","","","","","","","","","","","","",""
"Spots","372559","0","0","0","0","0","0","0","0","0","0","0","3","","","","","","106260400","6.70884","7.12663","1.2745","898","13906","thing","Spots","1","4","30","30","25","2022","2,3,4","2","6+","Moderate in-game text - needs crib sheet or paste ups","","","","","","standalone","","","","","","","","","","","","","","",""
"Spyfall","166384","0","0","0","1","0","0","0","1","0","0","0","3","","","","","","145395219","6.59651","6.73622","1.2298","1109","30922","thing","Spyfall","3","8","15","15","15","2014","4,5,6,7,8","6","12+","Some necessary text - easily memorized or small crib sheet","","","","","","standalone","","2","USD","","","2026-05-11","Indy Spiel","","[4-Evaluate]","","2026-05-15","","","",""
"Squadro","245222","0","0","0","0","0","0","0","0","0","0","0","3","I think we demoed this at GenCon 2018 and it was cool","","","","","63570430","5.65033","6.39384","1.6429","7502","904","thing","Squadro","2","2","20","20","20","2018","2","2","6+","No necessary in-game text","","","","","","standalone","","","","","","","","","","","","","","",""
"Square One","416232","6","2","0","0","0","0","0","0","1","0","0","3","","","Master pledge plus Ambassador Pack","","","118807621","5.699","7.26135","1.9","6336","1343","thing","Square One","1","4","50","50","30","2025","1,2,3,4","2,3","8+","No necessary in-game text","","","","","","standalone","","64","USD","","","2024-04-30","KS","","Master pledge plus Ambassador Pack
Listed for $50 at Indy Spiel 2025
Listed for $25 in Geekmarket 2025-07-08","GenCon Store / Auction 2025","2025-07-08","","","",""
"Squirrel Away","439646","5","2","1","1","0","0","0","1","0","0","0","3","","","","","","134915240","5.51314","6.11406","1","21650","193","thing","Squirrel Away","3","6","30","30","20","2025","6","6","8","","","","","","","standalone","","30","USD","","","2025-08-02","GenCon","","[3-Transient]","","2025-08-02","","","",""
"Star Realms","147020","8","4","2","1","0","0","0","0","0","0","0","1","","","","","","55690938","7.39944","7.55107","1.9139","176","71497","thing","Star Realms","2","2","20","20","20","2014","2","2","8+","Some necessary text - easily memorized or small crib sheet","","","","","","standalone","","14","USD","","","2018-11-13","Amazon","","[2-Resident]","","","","","",""
"Star Realms: Command Deck – The Coalition","231370","0","0","0","1","0","0","0","0","0","0","0","1","","","","","","56874871","5.80202","7.59315","1.8","0","3481","thing","Star Realms: Command Deck – The Coalition","2","4","20","0","20","2018","2","2","10+","Some necessary text - easily memorized or small crib sheet","","","","","","expansion","","5","USD","","","","","","PP Estimate","","","","","",""
"Star Realms: Command Deck – The Pact","231371","0","0","0","1","0","0","0","0","0","0","0","1","","","","","","56874877","5.8061","7.65358","1.8","0","3503","thing","Star Realms: Command Deck – The Pact","2","4","20","0","20","2018","2","2","12+","Moderate in-game text - needs crib sheet or paste ups","","","","","","expansion","","5","USD","","","","","","PP Estimate","","","","","",""
"Star Realms: Command Deck – The Unity","231373","0","0","0","1","0","0","0","0","0","0","0","1","","","","","","56874868","5.80704","7.63323","1.8571","0","3531","thing","Star Realms: Command Deck – The Unity","2","4","20","0","20","2018","2","2","12+","Moderate in-game text - needs crib sheet or paste ups","","","","","","expansion","","5","USD","","","","","","PP Estimate","","","","","",""
"Star Realms: Rise of Empire","360676","7","8","2","0","0","0","0","0","1","0","0","3","Legacy version of Star Realms with multiple scenarios","","Played about halfway through the campaign.  Also includes the Kickstarter Promos and Infinite Replay Deck.","","","96019270","5.71451","7.13381","2.1667","6033","1901","thing","Star Realms: Rise of Empire","2","2","20","20","20","2024","2","2","10+","Moderate in-game text - needs crib sheet or paste ups","","","","","","standalone","","79","USD","45","USD","2022-07-20","KS","","Infinite Replay Tier
Sold to creynolds via Geekmarket for $45 on 2026-02-24","Sold Geekmarket","2026-02-24","","","",""
"Star Realms: Rise of Empire – Infinite Replay Deck","368004","0","0","0","1","0","0","0","0","0","0","0","3","","","","","","96795502","5.52539","7.59032","0","0","726","thing","Star Realms: Rise of Empire – Infinite Replay Deck","2","6","0","0","0","2024","1,2,3,4,5,6","2","","","","","","","","expansion","","0.0001","USD","","","2022-07-20","","","Included with Infinite Replay Tier","","2024-09-30","","","",""
"Star Realms: Rise of Empire – Kickstarter Promo Pack","369652","0","0","0","1","0","0","0","0","0","0","0","3","","","","","","123761707","0","7.55263","0","0","649","thing","Star Realms: Rise of Empire – Kickstarter Promo Pack","2","4","20","0","20","2024","","","","","","","","","","expansion","","","","","","","","","","","2024-09-30","","","",""
"Star Scrappers: Orbital","284306","0","0","0","0","0","0","0","0","0","0","0","3","Jacob Fryxelius (Terraforming Mars) is the designer","","","","","94846967","5.65667","6.44489","2.2273","7328","1506","thing","Star Scrappers: Orbital","1","5","90","90","30","2021","2,3,4,5","2","8+","Unplayable in another language","","","","","","standalone","","","","","","","","","","","","","","",""
"Star Trek: Captain's Chair","422541","0","0","0","0","0","0","0","0","0","0","0","2","","","","","","121485832","6.77069","8.6626","4.0471","802","4678","thing","Star Trek: Captain's Chair","1","2","120","120","60","2025","1,2","1,2","14+","Moderate in-game text - needs crib sheet or paste ups","","","","","","standalone","","","","","","","","","","","","","","",""
"Star Wars: Dark Side Rising","280986","0","0","0","0","0","0","0","0","0","0","0","2","Only available OUS

Cooperative","","","","","60776918","5.77489","7.05291","2.0625","5101","1312","thing","Star Wars: Dark Side Rising","2","4","45","45","45","2019","1,2,3,4","1,4","6+","Some necessary text - easily memorized or small crib sheet","","","","","","standalone","","","","","","","","","","","","","","",""
"Star Wars: Destiny","205359","9","3","2","1","0","0","0","0","0","0","0","3","","","","","","45223220","6.766","7.41126","2.4455","809","8953","thing","Star Wars: Destiny","2","2","30","30","30","2016","2","2","10+","Extensive use of text - massive conversion needed to be playable","","","","","","standalone","","","","","","","","","[1-Permanent]","Office","","","","",""
"Star Wars: Outer Rim","271896","0","0","0","0","0","0","0","0","0","0","0","3","","","","","","67515891","7.37099","7.74908","2.5955","193","28501","thing","Star Wars: Outer Rim","1","4","180","180","120","2019","1,2,3,4","3","12+","Extensive use of text - massive conversion needed to be playable","","","","","","standalone","","","","","","","","","","","","","","",""
"Star Wars: Outer Rim – Unfinished Business","347102","0","0","0","0","0","0","0","0","0","0","0","3","","","","","","113479728","7.08484","8.56443","2.7778","0","11328","thing","Star Wars: Outer Rim – Unfinished Business","1","4","180","180","120","2022","1,2,3,4","3","12+","Extensive use of text - massive conversion needed to be playable","","","","","","expansion","","","","","","","","","","","","","","",""
"Star Wars: Rebellion","187645","0","0","0","0","0","0","0","0","0","0","0","2","","","","","","100058442","8.16701","8.42204","3.7529","10","57504","thing","Star Wars: Rebellion","2","4","240","240","180","2016","2","2","12+","Extensive use of text - massive conversion needed to be playable","","","","","","standalone","","","","","","","","","","","","","","",""
"Star Wars: Rebellion – Rise of the Empire","226840","0","0","0","0","0","0","0","0","0","0","0","2","","","","","","100058583","7.7578","8.86183","3.6887","0","20659","thing","Star Wars: Rebellion – Rise of the Empire","2","4","240","240","180","2017","2","2","12+","Extensive use of text - massive conversion needed to be playable","","","","","","expansion","","","","","","","","","","","","","","",""
"Star Wars: The Clone Wars","370913","8","1","0","1","0","0","0","0","0","0","0","3","","","","","","101220853","6.81122","7.51676","2.1642","743","12820","thing","Star Wars: The Clone Wars","1","5","60","60","60","2022","1,2,3,4","2,3","10+","Moderate in-game text - needs crib sheet or paste ups","","","","","","standalone","","47.99","USD","","","2022-12-25","Christmas Gift from Mom","","[2-Resident]","","","","","",""
"Star Wars: The Deckbuilding Game","374173","0","0","0","0","0","0","0","0","0","0","0","3","Would be interested in trying this if it were less than ~$25","","","","","104742033","7.33564","7.81316","2.0442","218","23577","thing","Star Wars: The Deckbuilding Game","2","2","90","90","30","2023","2","2","10+","Extensive use of text - massive conversion needed to be playable","","","","","","standalone","","","","","","","","","","","","","","",""
"Station to Station","424753","0","0","0","0","0","0","1","0","0","0","0","3","Zee Garcia - 2026 Top 100 of all time
Sounds simple.  Train game with Splendor-like mechanisms
Almost sounded like simpler Pirates of Maracaibo","","","","","141216522","5.58941","6.88447","2.4","10002","394","thing","Station to Station","2","4","90","90","60","2024","2,3,4","3,4","8+","","","","","","","standalone","","","","","","","","","","","","","","",""
"Stellar","293678","0","0","0","0","0","0","0","0","0","0","0","3","2 player only
Astronomy based theme
March 2020 Release
TRIAGE","","","","","68211086","6.24666","7.30326","2.1186","2050","4386","thing","Stellar","2","2","30","30","30","2020","2","2","10+","No necessary in-game text","","","","","","standalone","","","","","","","","","","","","","","",""
"Stellaris: Infinite Legacy","281647","0","0","0","0","0","0","0","0","0","0","0","3","Have played the Steam video game version","","","","","96256242","5.45097","4.47942","3.8261","30111","171","thing","Stellaris: Infinite Legacy","2","4","150","150","90","2026","2,3,4","2,3","16+","Moderate in-game text - needs crib sheet or paste ups","","","","","","standalone","","","","","","","","","","","","","","",""
"Stitch: The Fix for 626","436219","0","0","0","0","0","0","1","0","0","0","1","1","Stitch Love Letter
2-5 Players
Buy for G","","","","","138050372","5.57498","7.11991","1.1429","10959","473","thing","Stitch: The Fix for 626","2","5","10","10","10","2025","3,4,5","4","6+","Extensive use of text - massive conversion needed to be playable","","","","","","standalone","","","","","","","","","","","","","","",""
"Stockpile: Epic Edition","282391","0","0","0","0","0","0","0","0","1","0","0","3","GenCon 2019 - Expansion FOR SALE
Epic Edition also on KS","","","","","61369611","6.27422","7.92306","2.2143","0","2389","thing","Stockpile: Epic Edition","2","5","45","45","45","2019","3,4,5","4,5","10+","No necessary in-game text","","","","","","standalone","","59","USD","","","2020-01-04","KS","1","Traded to Ankur Gupta for LotR: Return of the King Deck Building Game","Traded","","","","",""
"Stockpile: Illicit Investments","269167","0","0","0","0","0","0","0","0","1","0","0","3","GenCon 2019 - FOR SALE
Stock Market Game - Expansion Currently on KS Need the Base Game","","","","","61369579","5.65983","7.51286","2","0","1511","thing","Stockpile: Illicit Investments","2","5","60","60","45","2019","1,2,3,4,5","1,2,3,4,5","10+","Some necessary text - easily memorized or small crib sheet","","","","","","expansion","","","","","","2020-01-04","","","Included with the Epic Edition","Traded","","","","",""
"Stone Age","34635","7","2","3","0","0","0","0","0","0","0","0","3","","","","","","139781642","7.37967","7.51016","2.4558","188","62376","thing","Stone Age","2","4","90","90","60","2008","2,3,4","4","10+","No necessary in-game text","","","","","","standalone","","","","","","","","","","","","","","",""
"Stone Age: Anniversary","260678","0","0","0","0","0","0","0","0","0","0","0","4","","","","","","54683830","6.67799","7.95022","2.3158","0","5274","thing","Stone Age: Anniversary","2","4","90","90","60","2018","2,3,4","4","8+","No necessary in-game text","","","","","","standalone","","","","","","","","","","","","","","",""
"Stonespine Architects","387514","8","2","2","1","0","0","0","0","0","0","0","2","Origins 2024.  Rodney’s How to Play looks really fun","","","","","119827347","6.54806","7.43684","2.1159","1205","5132","thing","Stonespine Architects","1","5","60","60","45","2024","1,2,3,4,5","4","8+","Some necessary text - easily memorized or small crib sheet","","","","","","standalone","","32","USD","","","2024-07-24","Miniature Market","","[2-Resident]
GenCon 2024 Pre-Purchase","","2024-07-27","","","",""
"Stop Thief!","215312","0","0","0","0","0","0","0","0","1","0","0","4","Gen Con 2017","","","","","43574330","6.13526","6.94347","1.4783","2498","4121","thing","Stop Thief!","1","5","60","60","30","2017","2,3,4","3","8+","Some necessary text - easily memorized or small crib sheet","","","","","","standalone","","","","","","2017-08-17","Gen Con","","Traded to casinatorcxc on BGG with Quacks for Outlive","Traded","","","","",""
"Strada Romana","38858","0","0","0","1","1","0","0","0","0","0","0","3","","","","","","123366702","5.58352","6.14191","2.1053","10368","630","thing","Strada Romana","2","5","45","45","45","2009","3,4,5","4","8+","No necessary in-game text","","","","","","standalone","","1","USD","","","2024-09-18","Indy Spiel","","[5-Exiting]","","2024-09-28","","","",""
"Strategy of War","123752","0","0","0","0","0","0","0","0","1","0","0","3","$20 OctoCon (out of print)","Bought this via Kickstarter. Have yet to play it!!","","","","18133864","0","7.29412","3.5","0","62","thing","Strategy of War","2","6","20","20","20","2012","2,3,4,5,6","2","10+","Moderate in-game text - needs crib sheet or paste ups","","","","","","standalone","","40","USD","","","2012-10-04","KS","","","Egypt with Bub","","","","",""
"The String Railway Collection","391720","8","2","0","1","0","0","0","0","0","0","0","3","","","","","","138737753","5.58061","6.66092","1.5","0","615","thing","The String Railway Collection","2","5","45","45","20","2025","","","6","","","","","","","standalone","","15","USD","","","2025-11-17","Geekmarket - AMERICANBOYBAND","","[2-Resident]","","2025-11-22","","","",""
"Stroganov","323156","7","1","3","0","0","0","0","0","1","0","0","3","","","Deluxe Edition Like New","","","136892970","6.38934","7.27601","3.3388","1623","5024","thing","Stroganov","1","4","90","90","90","2022","1,2,3,4","3","12+","No necessary in-game text","","","","","","standalone","","15","USD","15","USD","2025-09-29","Indy Spiel - Nate Lockhart","","
Sold to Mike Nastav (grep_beer) Indy Spiel May 2026

Game play feels different than any other game I own.  But not awesome.  Would like to play again to see if it feels any better","Sold - Indy Spiel","2026-05-03","Game Brewer","English","2022","English deluxe edition"
"STYX","453498","0","0","0","0","0","0","1","0","0","0","0","3","GenCon 2026 Check it Out
BGG Hot Games Room","","","","","145163857","5.50841","8.70968","2","23250","41","thing","STYX","2","6","45","45","45","2025","2,4,5,6","5","10","","","","","","","standalone","","","","","","","","","","","","","","",""
"Subastral","333055","0","0","0","0","0","0","0","0","0","0","0","3","Tantrum Too 10 2021 looked interesting","","","","","88749888","6.04432","7.12443","1.641","2950","2340","thing","Subastral","2","5","30","30","15","2021","2,3,4,5","3","10+","No necessary in-game text","","","","","","standalone","","","","","","","","","","","","","","",""
"Suburbia: Collector's Edition","267367","8","2","3","1","0","0","0","0","0","0","0","3","KS","","","","","58102004","6.96323","7.97186","2.7808","0","8395","thing","Suburbia: Collector's Edition","1","5","90","90","90","2019","1,2,3,4","3","10+","Some necessary text - easily memorized or small crib sheet","","","","","","standalone","","99","USD","","","2019-02-03","Kickstarter","","[2-Resident]","","","","","",""
"Succulent","299372","0","0","0","0","0","0","0","0","0","0","0","3","2020 Summe Preview
Zee Garcia Review makes it look fun.
Not sure I MUST have this, but seems like it might be fun","","","","","72299820","5.76429","6.84652","2.2105","5245","1311","thing","Succulent","2","4","60","60","45","2020","2,3","2","8+","Some necessary text - easily memorized or small crib sheet","","","","","","standalone","","","","","","","","","","","","","","",""
"Sudds & Malone","395315","10","6","0","1","0","0","0","0","0","0","0","1","","","","","","109492709","5.59379","7.84388","2.5","9749","336","thing","Sudds & Malone","2","4","90","90","60","2026","2,3,4","3","10+","No necessary in-game text","","","","","","standalone","","65","USD","","","2025-03-05","Kickstarter","","[1-Permanent]
Kickstarter Deluxe Version","","2026-01-09","","","",""
"Sumo Gnomes","279996","7","1","0","1","0","0","0","0","0","0","0","3","","","","","","64884979","5.51442","6.03165","1","21208","195","thing","Sumo Gnomes","2","2","5","5","1","2019","2","2","","","","","","","","standalone","","15","USD","","","2019-10-17","KS","","[3-Transient]
PM DONE 15 June 2020
Sumo Gnome : Base game
Hide details
Are you the ultimate Sumo wrestler? Well there's only on way to find out, in the forest dohyō!
SHIPPING IS NOT INCLUDED AND WILL BE ADDED IN THE PLEDGE MANAGER FOLLOWING THE END OF THE CAMPAIGN.

INCLUDES:
Sumo Gnomes : Base Game
All applicable Stretch Goals
Access to the pledge manager","Lakehouse","","","","",""
"Sun Tzu","18745","9","2","2","1","0","0","0","0","0","0","0","4","","","","","","32034787","6.28304","7.03534","2.0927","1937","4033","thing","Sun Tzu","2","2","30","30","30","2005","2","2","10+","Some necessary text - easily memorized or small crib sheet","","","","","","standalone","","10","USD","","","2020-05-25","BGG Marketplace","1","[2-Resident]","","","","","",""
"Suna Valo","419384","0","0","0","0","0","0","1","0","0","0","0","3","GenCon 2025
2 player only tableau builder","","","","","134071422","5.95899","7.72119","2.8529","3436","1660","thing","Suna Valo","2","2","90","90","45","2024","2","2","12+","No necessary in-game text","","","","","","standalone","","","","","","","","","","","","","","",""
"Super Fantasy Brawl","194517","0","0","0","0","0","0","0","0","0","0","0","4","Pased on 2019 KS
GenCon 2019 DEMO
Miniatures brawl in an arena, cards, no dice. Passed on the KS as Mythic Games has had 3 previous huge campaigns, none of which heave delivered yet.  Probably fine, but might as well wait and see on this one!  Looked awesome on the table at GenCon","","","","","61569231","6.52736","7.53663","2.2824","1261","4950","thing","Super Fantasy Brawl","2","4","40","40","30","2022","2,4","2","10+","Some necessary text - easily memorized or small crib sheet","","","","","","standalone","","","","","","","","","","","","","","",""
"Super-Skill Pinball: 4-Cade","302524","0","0","0","0","0","0","0","0","0","0","0","3","Roll and Write Pinball","","","","","77222587","6.39914","7.02869","2.1935","1588","7227","thing","Super-Skill Pinball: 4-Cade","1","4","30","30","30","2020","1,2,3","1","10+","Some necessary text - easily memorized or small crib sheet","","","","","","standalone","","","","","","","","","","","","","","",""
"Surfosaurus MAX","394887","0","0","0","0","0","1","1","0","0","0","1","2","6 player. Poker mechanisms","","","","","128718461","6.01262","6.92162","1.1667","3105","2046","thing","Surfosaurus MAX","2","6","20","20","20","2023","3,4,5,6","3","8","No necessary in-game text","","","","","","standalone","","","","","","","","","","","","","","",""
"Survivor: The Tribe Has Spoken","435367","0","0","0","0","0","0","0","0","0","0","0","3","Co-designed by Jeff Probst
6 players","","","","","128051031","5.57643","6.57584","1.5","10841","778","thing","Survivor: The Tribe Has Spoken","3","6","60","60","30","2025","4,5,6","5,6","6+","","","","","","","standalone","","","","","","","","","","","","","","",""
"Sushi Go!","133473","7","2","0","1","0","0","0","0","0","0","0","3","","","","","","43565107","6.86933","6.98147","1.1643","659","98254","thing","Sushi Go!","2","5","15","15","15","2013","3,4,5","4","6+","No necessary in-game text","","","","","","standalone","","12.99","USD","","","","","","[2-Resident]PP Estimate","","","","","",""
"Swish","99219","6","1","0","1","0","0","0","1","0","0","0","3","","","","","","138092954","5.6402","6.10768","1.2683","7801","1872","thing","Swish","2","6","10","10","10","2011","1,2,3,4,5,6","2,3,4","6+","No necessary in-game text","","","","","","standalone","","10","USD","","","2025-11-03","Geekmarket - Casarmom","","[3-Transient]","","2025-11-07","","","",""
"Tabriz","349369","7","2","0","0","0","0","0","0","1","0","0","2","GenCon 2025
Istanbul vibes","","Premiere Edition.  Includes Neoprene Playmat, Metal Coins and Bonus Tile and Dice Pool Punchboard.  Only played 2-3 times.","","","132916164","5.8448","7.23971","2","4354","1629","thing","Tabriz","1","5","60","60","30","2025","1,2,3,4","3","10+","Some necessary text - easily memorized or small crib sheet","","","","","","standalone","","41","USD","30","USD","2025-07-11","Cardhaus","","2025 GenCon Pre-Purchase

Includes Metal Coins and Bonus Tile and Dice Pool Punchboard

Sold Indy Spiel 2026 $30 Matthew Swickard","Sold - Indy Spiel","2026-05-15","","","",""
"Take 5","432","7","3","0","0","0","0","0","0","0","0","0","2","","","","","","77422869","6.85717","6.98435","1.1888","676","50408","thing","Take 5","2","10","45","45","45","1994","3,4,5,6,7,8,9,10","5,6","8+","No necessary in-game text","","","","","","standalone","","","","","","","","","","","","","","",""
"Take 5 & Take A Number","246912","8","2","0","1","0","0","0","0","0","0","0","3","","","","","","96934041","6.21689","7.5015","1.4","0","4057","thing","Take 5 & Take A Number","2","10","45","45","25","2018","4,5,6,7,8,9,10","5,6,7","8+","","","","","","","standalone","","7.49","USD","","","2022-08-18","Cardhaus","","[2-Resident]","Lakehouse","","","","",""
"Tallinn","194505","0","0","0","0","0","0","0","0","1","0","0","3","","","New.  Never played","","","54683780","5.51781","5.83069","1.3333","20074","305","thing","Tallinn","2","4","20","20","10","2016","3,4","3,4","8+","No necessary in-game text","","","","","","standalone","","9","USD","","","2018-10-02","Miniature Market","","GenCon 2024 Store - DID NOT SELL","GenCon 2024 Auction / Store","2024-07-31","","","",""
"TAMSK","108","7","2","0","1","0","0","0","0","0","0","0","3","","","","","","60172061","5.96827","6.7592","2.2866","3385","2227","thing","TAMSK","2","2","20","20","20","1998","2","2","8+","No necessary in-game text","","","","","","standalone","","75","USD","","","2019-05-02","Geekmarket Auction","","[1-Permanent]","","2019-05-06","","","",""
"Tanis","379241","0","0","0","0","0","0","0","0","0","0","0","2","Phil Walker Harding Tile digging
Essen 23","","","","","110846568","5.53539","6.70145","1.25","15548","205","thing","Tanis","2","2","30","30","20","2023","2","2","","No necessary in-game text","","","","","","standalone","","","","","","","","","","","","","","",""
"Tannhäuser","25261","0","0","0","0","0","0","0","0","0","0","0","3","Intrigued by Sam Healey’s ravings on this game.  Looks like a lot of effort!","","","","","55661215","6.00119","6.48527","2.7327","3172","6304","thing","Tannhäuser","2","10","120","120","60","2011","2","2","12+","No necessary in-game text","","","","","","standalone","","","","","","","","","","","","Fantasy Flight Games","English","2011","English revised edition"
"Tapestry","286096","8","6","3","1","0","0","0","0","0","0","0","1","","Is it just me... why do I like this game so much more at lower player counts?  Most of my plays are 2 player.  One Play at 5 player just felt like so much downtime in between turns.  Still, really love this game!","","","","62733096","7.20725","7.43754","2.9749","297","31037","thing","Tapestry","1","5","120","120","90","2019","1,2,3,4","3","12+","Moderate in-game text - needs crib sheet or paste ups","","","","","","standalone","","75","USD","","","2019-09-11","Stonemaier","","[2-Resident]","","","","","",""
"Tapestry: Plans and Ploys","315708","0","0","0","1","0","0","0","0","0","0","0","3","","","","","","74123518","6.75654","8.11248","2.9375","0","10123","thing","Tapestry: Plans and Ploys","1","5","120","120","90","2020","1,2,3,4","3","12+","Some necessary text - easily memorized or small crib sheet","","","","","","expansion","","25","USD","","","2020-09-02","Stonemaier","","","","","","","",""
"Tapple 10","200114","0","0","0","1","0","0","0","1","0","0","0","3","","","","","","121743168","5.52463","6.30011","1.25","18008","411","thing","Tapple 10","1","99","15","15","5","2016","2,3,4,5,6,7,8,9","4","10+","Extensive use of text - massive conversion needed to be playable","","","","","","standalone","","","","","","2024-08-01","GenCon 2024","1","[4-Evaluate]
Free Gift from The Op at GenCon 2024","","2024-08-01","","","",""
"Targi","118048","8","4","2","1","0","0","0","0","0","0","0","3","Zee Garcia top WP game. Looks fun","","","","","53155380","7.40178","7.58762","2.3428","175","44152","thing","Targi","2","2","60","60","60","2012","2","2","10+","Moderate in-game text - needs crib sheet or paste ups","","","","","","standalone","","13.99","USD","","","2018-08-20","Miniature Market","","[1-Permanent]","","","","","",""
"Targi: The Expansion","202453","8","1","0","1","0","0","0","0","0","0","0","1","Love Targi!","","","","","69305078","6.60445","8.08702","2.5946","0","9901","thing","Targi: The Expansion","2","2","60","60","60","2016","2","2","10+","Moderate in-game text - needs crib sheet or paste ups","","","","","","expansion","","13.99","USD","","","2020-03-08","Cardhaus","1","","","","","","",""
"Tatsumi","366089","0","0","0","0","0","0","0","0","0","0","0","3","GenCon 2025
Cool looking simple
Move dragon, select ring resources, then place them on your personal board - like polyomino","","","","","134509368","5.58041","7.19235","2.2222","10566","293","thing","Tatsumi","1","4","40","40","40","2026","2,3,4","3,4","10+","Some necessary text - easily memorized or small crib sheet","","","","","","standalone","","","","","","","","","","","","","","",""
"Tawantinsuyu: The Inca Empire","306481","8","1","3","1","0","0","0","1","0","0","0","3","Brain burner, many many choices.  MvM mentioned this","","","","","71412853","6.53163","7.36884","4.089","1250","7394","thing","Tawantinsuyu: The Inca Empire","1","4","120","120","60","2020","1,2,3,4","3","14+","No necessary in-game text","","","","","","standalone","","40.99","USD","","","2020-08-14","Cardhaus","","[2-Resident]","","","","","",""
"Tekhenu: Obelisk of the Sun","297030","0","0","0","0","0","0","0","0","0","0","0","3","","","","","","71446973","7.06155","7.6587","4.0681","435","12401","thing","Tekhenu: Obelisk of the Sun","1","4","120","120","60","2020","1,2,3,4","3","14+","Some necessary text - easily memorized or small crib sheet","","","","","","standalone","","","","","","","","","","","","","","",""
"Telestrations","46213","4","1","0","0","0","0","0","0","0","0","0","3","","","","","","77422904","7.14635","7.37697","1.0697","348","32376","thing","Telestrations","4","8","30","30","30","2009","5,6,7,8","8","8+","Extensive use of text - massive conversion needed to be playable","","","","","","standalone","","","","","","","","","","","","","","",""
"TEN","335609","7","4","1","1","0","0","0","1","0","0","0","3","","","","","","85595355","6.39483","6.99561","1.4405","1603","7479","thing","TEN","1","5","30","30","15","2021","2,3,4,5","4","10+","No necessary in-game text","","","","","","standalone","","0.0001","USD","","","2021-09-17","GenCon AEG Big Game Night 2021","2","[3-Transient]
Included with AEG Big Game Night","","","","","",""
"Tenpenny Parks","294702","0","0","0","0","0","0","0","0","0","0","0","3","Zee Top 10 2022. Game actually looks like a neat theme - building a theme park","","","","","100869184","6.30305","7.41351","2.1765","1860","3352","thing","Tenpenny Parks","1","4","75","75","45","2022","1,2,3,4","3","10+","Some necessary text - easily memorized or small crib sheet","","","","","","standalone","","","","","","","","","","","","","","",""
"Teotihuacan: City of Gods","229853","8","1","4","0","0","0","0","0","0","0","0","3","","","","","","112706319","7.56335","7.83353","3.7811","110","28888","thing","Teotihuacan: City of Gods","1","4","120","120","90","2018","1,2,3,4","4","14+","No necessary in-game text","","","","","","standalone","","","","","","","","","","","","","","",""
"Teotihuacan: City of Gods – Deluxe Master Set","381715","8","2","3","0","0","0","0","0","1","0","0","3","","","Deluxe Master Set 2nd Print (Gamefound 2025) and includes the Deluxe Resources Pack 

Shipping will be expensive:  
Shipping Box Dimensions 16 x 14.5 x13
Shipping Weight 16lbs 8 oz ","","","128412203","6.12913","8.41481","3.9062","0","2707","thing","Teotihuacan: City of Gods – Deluxe Master Set","1","4","120","120","90","2024","1,2,3,4","3","14+","Some necessary text - easily memorized or small crib sheet","","","","","","standalone","","145","USD","150","USD","2025-01-21","Gamefound","","Sold to gideb for $150 via Geekmarket 5/8/2026
Shipping Dimensions 16 x 14.5 x13
Shipping Weight 16lbs 8 oz 

Deluxe Master Edition
Added on Extra Resources
Look at Pledge Manager to add on Promo Pack and New Priests if not already included.  Other Add Ons did not appeal to me (no sleeves, playmats, 5th player)","Sold - Geekmarket","2026-05-08","","","",""
"Terra Pyramides","378135","0","0","0","0","0","0","0","0","0","0","0","3","Kiesling and Kramer.  Looks cool
Essen 23","","","","","110844373","5.63654","7.04387","2.5455","7911","392","thing","Terra Pyramides","1","4","90","90","45","2023","2,3,4","3","10+","","","","","","","standalone","","","","","","","","","","","","","","",""
"Terraforming Mars","167791","9","4","3","1","0","0","0","0","0","0","0","2","","","","","","73255399","8.18466","8.33566","3.2718","9","159887","thing","Terraforming Mars","1","5","120","120","120","2016","1,2,3,4","3","12+","Extensive use of text - massive conversion needed to be playable","","","","","","standalone","","60","USD","","","","","","[1-Permanent]
PP Estimate","","","","","",""
"Terraforming Mars: Ares Expedition","328871","8","2","3","1","0","0","0","0","0","0","0","3","TM the Card game?  I thought it already was a card game!","","","","","78326124","7.37109","7.6326","2.9243","192","40167","thing","Terraforming Mars: Ares Expedition","1","4","60","60","45","2021","1,2,3,4","3","12+","Moderate in-game text - needs crib sheet or paste ups","","","","","","standalone","","159","USD","","","","","","[2-Resident]
Ares
Metal Resource Cubes
4 Neoprene Playmats
Turmoil Promo Pack
Big Box Promo Pack","","","","","",""
"Terraforming Mars: Big Box Promos","312319","0","0","0","1","0","0","0","0","0","0","0","3","","","","","","79592795","6.03988","8.16698","2.9091","0","4728","thing","Terraforming Mars: Big Box Promos","1","5","120","120","120","2021","1,2,3,4","3","12+","Extensive use of text - massive conversion needed to be playable","","","","","","expansion","","0.0001","USD","","","","","","Part of Ares KS","","","","","",""
"Terraforming Mars: Hellas & Elysium","218127","0","0","0","1","0","0","0","0","0","0","0","3","","","","","","73590496","7.85225","8.37557","2.7797","0","40531","thing","Terraforming Mars: Hellas & Elysium","1","5","120","120","90","2017","1,2,3,4,5","3","12+","No necessary in-game text","","","","","","expansion","","10.29","USD","","","2020-08-14","Cardhaus","","Ordered with Tawantahitsyu pre order. Planned shipping in October 2020","","","","","",""
"Terraforming Mars: Prelude","247030","0","0","0","1","0","0","0","0","0","0","0","1","","","","","","73255474","8.41418","8.84801","2.562","0","53230","thing","Terraforming Mars: Prelude","1","5","120","120","90","2018","1,2,3,4,5","3","12+","Moderate in-game text - needs crib sheet or paste ups","","","","","","expansion","","20","USD","","","","","","PP Estimate","","","","","",""
"Terraforming Mars: Prelude 2","387809","0","0","0","1","0","0","0","0","0","0","0","3","","","","","","110011292","6.49817","8.41703","2.3846","0","8591","thing","Terraforming Mars: Prelude 2","1","5","120","120","90","2024","1,2,3,4,5","3","10+","Extensive use of text - massive conversion needed to be playable","","","","","","expansion","","29","USD","","","2023-09-07","KS","","Also includes the Awards and Milestones Pack","","2024-07-11","","","",""
"Terraforming Mars: The Dice Game","296108","0","0","0","0","0","0","0","0","0","0","0","3","Gotta check this out","","","","","77951539","6.63123","7.31443","2.4148","1044","10247","thing","Terraforming Mars: The Dice Game","1","4","45","45","45","2023","1,2,3,4","2","12+","Some necessary text - easily memorized or small crib sheet","","","","","","standalone","","","","","","","","","","","","","","",""
"Terraforming Mars: Turmoil Promos","279345","0","0","0","1","0","0","0","0","0","0","0","3","","","","","","79592784","6.12953","8.06177","3.5","0","5561","thing","Terraforming Mars: Turmoil Promos","1","5","120","120","120","2019","1,2,3,4","3","12+","Extensive use of text - massive conversion needed to be playable","","","","","","expansion","","0.0001","USD","","","","","","Part of Ares KS","","","","","",""
"Terramara","272427","0","0","0","1","0","0","0","1","0","0","0","3","WP with a different twist on how far you place your workers.  Better rewards but your have to wait longer to retrieve","","","","","79623076","6.19647","7.27465","3.4154","2250","2159","thing","Terramara","2","4","120","120","120","2019","3,4","4","14+","No necessary in-game text","","","","","","standalone","","50","USD","","","2023-08-09","BGG Marketplace orion17","","[4-Evaluate]
Purchased from BGG Marketplace as NIS","","2023-08-15","","","",""
"Tesla vs. Edison: Powering Up!","191958","0","0","0","0","0","0","0","0","1","0","0","3","","Kickstarter with GenCon 2016 pickup","New in shrink.  Bundled with the base game.","","","36079815","5.83088","7.73254","3.3077","0","1908","thing","Tesla vs. Edison: Powering Up!","1","6","120","120","60","2016","1,2,3,4,5,6","5","12+","Moderate in-game text - needs crib sheet or paste ups","","","","","","expansion","","25","USD","","","2018-05-25","KS","","","Karl","","","","",""
"Tesla vs. Edison: War of Currents","132544","0","0","0","0","0","0","0","0","1","0","0","3","","Kickstarter with GenCon 2016 pickup","New in shrink.","","","36233603","5.98417","6.68165","3.243","3279","3768","thing","Tesla vs. Edison: War of Currents","2","5","90","90","90","2015","3,4,5","4","14+","Some necessary text - easily memorized or small crib sheet","","","","","","standalone","","40","USD","","","2016-05-25","KS","","","Karl","","","","",""
"Tesseract","367385","0","0","0","0","0","0","0","0","0","0","0","4","Nov 2022 KS looks cool.  Keep an eye out after it delivers","","","","","99658249","6.08844","7.3925","2.6071","2721","2902","thing","Tesseract","1","4","60","60","60","2023","1,2,3,4","2","8+","Moderate in-game text - needs crib sheet or paste ups","","","","","","standalone","","","","","","","","","","","","","","",""
"That's a Question!","226322","3","1","0","0","0","0","0","0","1","0","0","3","Listed FREE OctoCon - gave to Jerry Wilkinson at OctoCon 2022
","","","","","67245633","5.55708","5.67203","1.0435","12485","3327","thing","That's a Question!","3","6","30","30","30","2017","4,5,6","6","10+","Extensive use of text - massive conversion needed to be playable","","","","","","standalone","","","","","","","","","Free to Jerry Wilkinson at Octocon 2022","Sold","","","","",""
"That's Pretty Clever!","244522","9","8","1","1","0","0","0","0","0","0","0","3","","","","","","59505554","7.36099","7.5495","1.8521","204","46859","thing","That's Pretty Clever!","1","4","30","30","30","2018","1,2,3,4","2","8+","No necessary in-game text","","","","","","standalone","","20","USD","","","2019-12-25","Christmas Gift","","[2-Resident]
PP Estimate","Lakehouse","","","","",""
"Theocratia","415200","0","0","0","0","0","0","0","0","0","1","0","2","Essen 2025 
Tascini
Dice Drafting.  Looks awesome
Pledged $1 early via Mojito Studios to get the 1st Player token","","","","","137520596","5.49745","5.68312","3.75","26455","118","thing","Theocratia","1","4","80","80","40","2026","1,2,3,4","4","12+","","","","","","","standalone","","85","USD","","","2025-10-21","Gamefound","","","","","","","",""
"Thing Thing","426162","0","0","0","0","0","0","1","0","0","0","0","3","GenCon 2025
High player count party game
Funny","","","","","132948034","5.51646","6.88289","0","20507","122","thing","Thing Thing","2","10","20","20","15","2024","","","","","","","","","","standalone","","","","","","","","","","","","","","",""
"Things in Rings","408547","5","1","0","0","0","0","0","0","1","0","0","3","","","","","","127111550","6.44243","7.0851","1.3276","1466","7235","thing","Things in Rings","2","6","20","20","20","2024","2,3,4,5,6","4","8+","Some necessary text - easily memorized or small crib sheet","","","","","","standalone","","14","USD","10","USD","2024-12-27","B&N","1","Sold $10 Geekmarket 2025-07-23 to bacantui","Sold - Geekmarket","2025-07-23","","","",""
"Thingstead","421852","0","0","0","0","0","0","0","0","0","0","0","3","GenCon 2025
2 Player Only
BGG Hot Games Room","","","","","132978948","5.55004","6.85295","2","13278","351","thing","Thingstead","2","2","45","45","30","2024","2","2","12+","","","","","","","standalone","","","","","","","","","","","","","","",""
"Think It Up!","178038","4","1","0","0","0","0","0","0","1","0","0","3","Listed FREE OctoCon","","","","","52357669","5.51418","5.787","1","21295","495","thing","Think It Up!","2","10","10","0","10","2015","4,5,6,7,8,9,10","4","6–16","Unplayable in another language","","","","","Like New Played Once","standalone","","11","USD","7","USD","2018-05-28","Miniature Market","","Gave to Katelyn and Keegan","Katelyn","","","","",""
"Thinking Man's Football","3566","0","0","0","0","0","0","0","0","1","0","0","3","","","Contains all components except for the magnetic first down marker.   Box cover is in good condition, especially for the age of the game.  Cardboard box shows some wear but still completely intact.  Pictures on request","","","97023458","5.49922","5.52464","2.3","26019","439","thing","Thinking Man's Football","2","2","90","90","90","1969","2","2","10+","","","","","","","standalone","","","","","","","Gift","","$10 Geekmarket","GenCon Store / Auction 2025","","3M","English","1969","3M edition 1969"
"Three Sisters","291845","7","1","2","0","0","0","0","0","0","0","0","3","","","","","","90657920","6.81954","7.51888","2.6406","736","10524","thing","Three Sisters","1","4","60","60","30","2022","1,2,3,4","2,3","10+","Moderate in-game text - needs crib sheet or paste ups","","","","","","standalone","","","","","","","","","","","","","","",""
"Three-Dragon Ante: Legendary Edition","280501","0","0","0","0","0","0","1","0","0","0","0","3","Origins / Gencon 2019 - FOR SALE
Dragon poker style game","","","","","60987957","5.76926","7.0594","2","5182","1699","thing","Three-Dragon Ante: Legendary Edition","2","6","30","30","30","2019","2,3,4,5,6","3,4,5","","Extensive use of text - massive conversion needed to be playable","","","","","WizKids","standalone","","","","","","","","","","","","","","",""
"Thrive","250725","8","2","1","1","0","0","0","1","0","0","0","3","Kickstarter","","","","","59007411","5.63802","6.55572","1.4167","7868","583","thing","Thrive","2","2","30","30","20","2020","2","2","6+","No necessary in-game text","","","","","","standalone","","35","USD","","","","KS","1","[3-Transient]
Includes the complete game and all stretch goals. Includes complete expansion (Pond Life - est MSRP $15) which will not be available elsewhere until 2020.

INCLUDES:
Money-back Guarantee
All unlocked Stretch Goals
Free Shipping to US (all countries subsidized)
Thrive Board Game
Pond Life Expansion included free (est MSRP $15)","Lakehouse","","","","",""
"Through the Ages: A New Story of Civilization","182028","8","2","0","0","0","0","0","0","0","0","0","3","","","","","","99758995","8.01276","8.24679","4.4431","18","40272","thing","Through the Ages: A New Story of Civilization","2","4","120","120","120","2015","2,3,4","3","14+","Extensive use of text - massive conversion needed to be playable","","","","","","standalone","","","","","","","","","","","","","","",""
"Tianxia","447746","0","0","0","1","0","0","0","1","0","0","0","3","","","","","","136439903","5.88191","7.54124","3.4103","4024","1362","thing","Tianxia","1","4","120","120","60","2025","1,3,4","3","","No necessary in-game text","","","","","","standalone","","30","USD","","","2025-09-14","Indy Spiel Flea Market Denise Lavely","","[4-Evaluate]","","2025-10-03","","","",""
"Tichu","215","0","0","0","1","0","0","0","1","0","0","0","3","","","","","","138092945","7.27426","7.57183","2.3451","250","27771","thing","Tichu","3","10","90","90","30","1991","4","4","12+","No necessary in-game text","","","","","","standalone","","10","USD","","","2025-11-03","Geekmarket - Casarmom","","[2-Resident]","","2025-11-07","","","",""
"Ticket to Ride","9209","8","2","2","1","0","0","0","0","0","0","0","3","","","","","","96661086","7.26115","7.38556","1.8193","261","149185","thing","Ticket to Ride","2","5","60","60","30","2004","2,3,4,5","4","8+","No necessary in-game text","","","","","","standalone","","44.99","USD","","","2022-08-09","Cardhaus","","[1-Permanent]
Preordered with Twilight Inscription","","","","","",""
"Ticket to Ride Legacy: Legends of the West","390092","0","0","0","0","0","0","0","0","0","0","0","2","","","","","","106986779","7.7747","8.62913","2.5625","50","15844","thing","Ticket to Ride Legacy: Legends of the West","2","5","90","90","20","2023","2,3,4,5","4","10+","Moderate in-game text - needs crib sheet or paste ups","","","","","","standalone","","","","","","","","","","","","","","",""
"Ticket to Ride Map Collection 7: Japan & Italy","288679","0","0","0","1","0","0","0","0","0","0","0","3","Asked for Christmas 2025","","","","","102150259","6.7243","7.86796","2.0179","0","8934","thing","Ticket to Ride Map Collection 7: Japan & Italy","2","5","60","60","30","2019","2,3,4,5","4","8+","No necessary in-game text","","","","","","expansion","","","","","","2025-12-25","Christmas Gift","","","","2025-12-25","","","",""
"Ticket to Ride: 10th Anniversary","160069","10","1","0","0","0","0","0","0","0","0","0","3","","","","","","135244613","7.37343","8.24073","1.8879","0","11479","thing","Ticket to Ride: 10th Anniversary","2","5","60","60","30","2014","2,3,4,5","4,5","8+","No necessary in-game text","","","","","","standalone","","","","","","","","","","","","","","",""
"Ticket to Ride: Europe – 15th Anniversary","329841","0","0","0","1","0","0","0","0","0","0","0","3","","","","","","136563159","7.23569","8.17732","1.8687","0","14748","thing","Ticket to Ride: Europe – 15th Anniversary","2","5","60","60","30","2021","2,3,4,5","4","8+","No necessary in-game text","","","","","","standalone","","60","USD","","","2025-09-18","Indy Spiel Flea Market -  Glen Rust","","[1-Permanent]","","2025-10-03","","","",""
"Ticket to Ride: Nordic Countries","31627","0","0","0","0","0","0","1","0","0","0","0","3","Supposed to be good for 2 players","","","","","102150207","7.29832","7.61973","1.9635","239","24713","thing","Ticket to Ride: Nordic Countries","2","3","60","60","30","2007","2,3","3","8+","No necessary in-game text","","","","","","standalone","","","","","","","","","","","","","","",""
"Tidal Blades: Heroes of the Reef","233262","7","2","3","0","0","0","0","0","1","0","0","4","Listed $60 OctoCon (includes Angler's Cove)","","Played twice.  Like New.
Bundled with Angler’s Cove expansion.  Trade interest is somewhat low on this, so it will take a significant trade offer.","","","52621285","6.58436","7.43011","2.9444","1136","7266","thing","Tidal Blades: Heroes of the Reef","1","4","90","90","60","2020","1,2,3,4","3","12+","Moderate in-game text - needs crib sheet or paste ups","","","","","","standalone","","101","USD","75","USD","2018-11-09","KS ","","PM DONE 25 Apr 2019 (added Angler's Cove expansion)

Deluxe Edition - Kickstarter Exclusive
Hide details
One physical copy of Tidal Blades: Heroes of the Reef Deluxe Edition, which includes 1 copy of the Retail edition and 1 copy of the Deluxe Edition Box. (Kickstarter Exclusive) All unlocked retail & deluxe edition stretch goals included.

Shipping added at the time of pledging.

Want more than one copy? Just add an additional $89 to your current pledge amount plus shipping and handling to your region of the world for each copy. Please refer to our shipping section for the costs of shipping and add that to your pledge.

INCLUDES:
Tidal Blades: Heroes of the Reef - Retail Edition
Tidal Blades: Heroes of the Reef - Deluxe Edition Box
All unlocked Deluxe & Retail Edition Stretch Goals

Sold via GeekMarket on 11/4/2022 for $75","Sold","","Druid City Games; Skybound Tabletop","English","2020","English deluxe edition"
"Tidal Blades: Heroes of the Reef – Angler's Cove","264415","0","0","0","0","0","0","0","0","1","0","0","1","Included with Base","","Played twice.  Like New.
Bundled with Tidal Blades base.  Trade interest is somewhat low on this, so it will take a significant trade offer.","","","76065395","5.87207","7.80441","3","0","2915","thing","Tidal Blades: Heroes of the Reef – Angler's Cove","1","5","90","90","60","2020","2,3,4,5","3,4","","","","","","","","expansion","","","","","","","","","","Sold","","","","",""
"Tigris & Euphrates","42","0","0","0","0","0","0","0","0","0","0","0","3","","","","","","71243447","7.50626","7.70424","3.4781","131","32401","thing","Tigris & Euphrates","2","4","120","120","60","1997","2,3,4","4","12+","No necessary in-game text","","","","","","standalone","","","","","","","","","","","","","","",""
"Tikal","54","0","0","0","0","0","0","0","0","0","0","0","3","Kiesling and Kramer","","","","","69798096","7.10786","7.31707","2.7775","383","29371","thing","Tikal","2","4","90","90","90","1999","2,3,4","4","10+","No necessary in-game text","","","","","","standalone","","","","","","","","","","","","","","",""
"Tiki","214910","0","0","0","0","0","0","0","0","0","0","0","3","Kickstarter that I passed on but seeing the DT video makes me want this game.
2 player abstract with great quality components.","","","","","61639130","5.54961","5.96906","1.9","13338","318","thing","Tiki","2","2","20","20","10","2018","2","2","8+","No necessary in-game text","","","","","","standalone","","","","","","","","","","","","","","",""
"Tiletum","351913","9","4","3","1","0","0","0","0","0","0","0","3","Chris Yi GenCon Day 4 VLOG.  Dice placement with clever mechanisms","","","","","96624068","7.22097","7.85421","3.3851","285","10637","thing","Tiletum","1","4","100","100","60","2022","1,2,3","2,3","14+","No necessary in-game text","","","","","","standalone","","39","USD","","","2022-08-21","Cardhaus preorder","","[3-Transient]","","","","","",""
"Timber Town","436561","0","0","0","0","0","0","0","0","0","0","0","3","GenCon 2025
2 Player Puzzly","","","","","133767965","5.79337","7.37284","1.875","4882","1391","thing","Timber Town","2","2","45","45","30","2025","2","2","8+","","","","","","","standalone","","","","","","","","","","","","","","",""
"Times Square","22245","7","2","2","1","0","0","0","0","0","0","0","3","Reiner Knizia","","Very Good.  Acquired used via BGG Trade.  This is the Kosmos English First Edition sold as Times Square.","","","73855790","6.16831","6.71122","1.6687","2348","5832","thing","Royal Visit","2","2","30","30","20","2006","2","2","8+","No necessary in-game text","","","","","","standalone","","12","USD","","","2020-09-18","BGG Trade","","[3-Transient]
Traded Nagaraja for this and Dogs","Lakehouse","","KOSMOS; Rio Grande Games","English","2006","English first edition"
"Tiny Towns","265736","6","4","2","1","0","0","0","0","0","0","0","3","","","","","","100062349","6.98139","7.1775","2.0631","524","36410","thing","Tiny Towns","1","6","60","60","45","2019","1,2,3,4,5","3","10+","Moderate in-game text - needs crib sheet or paste ups","","","","","","standalone","","9","USD","","","","","","[2-Resident]","","","","","",""
"Tír na nÓg","343433","7","2","2","1","0","0","0","1","0","0","0","2","GenCon 2024 Gameplay sounds really fun","","","","","121448385","6.05508","7.34848","2.2","2895","1996","thing","Tír na nÓg","1","5","45","45","30","2024","1,2,3,4,5","1,3","8+","Moderate in-game text - needs crib sheet or paste ups","","","","","","standalone","","28","USD","","","2024-07-24","Miniature Market","","[2-Resident]
GenCon 2024 Pre-Purchase","","2024-07-27","","","",""
"Tír na nÓg: Blessings & Burdens","428544","0","0","0","1","0","0","0","0","0","0","0","3","","","","","","133766218","0","8.25769","0","0","556","thing","Tír na nÓg: Blessings & Burdens","1","5","45","45","20","2025","","","","","","","","","","expansion","","19","USD","","","2024-08-20","KS","","Blessings & Burdens plus Journey to Tir na Nog game","","2025-12-24","","","",""
"Titan","260923","0","0","0","0","0","0","0","0","0","0","0","3","KS November 2019
3D Board","","","","","65769392","5.59679","6.98489","3.5","9593","536","thing","Titan","2","4","120","120","60","2022","2,3,4","2,3,4","12+","No necessary in-game text","","","","","","standalone","","","","","","","","","","","","","","",""
"Titans","277080","8","2","3","0","0","0","0","0","1","0","0","4","From the makers of Valhalla...keep an eye on this one","","","","","61672704","5.84978","7.42165","2.4839","4293","1054","thing","Titans","1","4","160","160","80","2021","1,2,3,4","3","12+","Some necessary text - easily memorized or small crib sheet","","","","","","standalone","","115","USD","60","USD","2019-11-24","KS","","Sold Indy Spiel May 2026 - Tim Aberli $$60

PM DONE 22 Jan 2020
Deluxe Box
Core+Kings Emissaries + Titans Power + Spirit of War + Fields of Blood + Playmat

TITANS Deluxe Box (including all the Deluxe Expansions) with all unlocked Stretch Goals.

INCLUDES:
TITANS Standard box
King’s Emissaries Expansion
Titans Power Expansion
Spirit of War Expansion
All unlocked Stretch Goals","Sold - Indy Spiel","2026-05-03","Go On Board","English","2021","English edition"
"TOBITO","312555","0","0","0","0","0","0","0","0","0","0","0","3","KS June 2020
Cool looking abstract
Wait for retail","","","","","72237642","0","6.51923","1","0","72","thing","TOBITO","2","4","0","0","0","2020","2,3,4","2","8+","","","","","","","standalone","","","","","","","","","","","","","","",""
"Tolleno","434131","7","2","2","1","0","0","0","0","0","0","0","3","Essen 2025
Unique looking tile and token laying
Keep an eye out for it and check it out","","","","","137262686","5.52792","6.04808","2","17197","216","thing","Tolleno","2","4","48","48","24","2025","2,3,4","2","8+","","","","","","","standalone","","50","USD","","","2025-10-23","Geekmarket -  Shannyn_north@yahoo.com","","[3-Transient]","","2025-10-27","","","",""
"Tonari","273993","6","1","1","1","0","0","0","0","0","0","0","3","","","","","","137054347","5.60158","6.42724","1.1111","9340","781","thing","Tonari","2","4","45","45","30","2019","2,3,4","3","6","No necessary in-game text","","","","","","standalone","","","","","","2025-10-04","Indy Spiel Raffle","","[3-Transient]
Free","","2025-10-04","","","",""
"Tossed Salad","255297","0","0","0","0","0","0","0","0","1","0","0","3","","","","","","53369038","0","5.65714","0","0","15","thing","Tossed Salad","4","99","0","0","0","2018","","","","","","","","","","standalone","","10","USD","","","2018-08-05","Gen Con","","PP Estimate","Bub & Rossella","2024-09-29","","","",""
"Tournament Fishing: Night Fishing Expansion","372368","8","1","0","1","0","0","0","0","0","0","0","3","","","","","","105938894","0","7.00625","0","0","83","thing","Tournament Fishing: Night Fishing Expansion","1","1","90","90","45","2020","","","","","","","","","","standalone","","","","","","","","","[1-Permanent]","","","","","",""
"Tournament Fishing: The Deckbuilding Game","240463","8","1","2","1","0","0","0","0","0","0","0","4","","","KS All In edition includes the wooden case","","","63378323","5.49886","5.72089","2.4","26113","444","thing","Tournament Fishing: The Deckbuilding Game","1","4","120","120","30","2017","1,2,3","1","8+","Some necessary text - easily memorized or small crib sheet","","","","","","standalone","","99","USD","","","2023-04-23","BGG Marketplace ryankinnaman@me.com","","[1-Permanent]
KS All In edition includes the wooden case","Lakehouse ","2023-07-02","","","",""
"Tournament Fishing: The Deckbuilding Game – Dice","278969","0","0","0","1","0","0","0","0","0","0","0","3","","","","","","105933655","0","5.00833","0","0","33","thing","Tournament Fishing: The Deckbuilding Game – Dice","1","4","120","120","30","2019","","","","","","","","","","expansion","","","","","","","","","","","","","","",""
"Tournament Fishing: The Deckbuilding Game – Dice Tower Boat Promo Card","355615","0","0","0","0","0","0","1","0","0","0","1","2","","","","","","105933690","0","6.66667","0","0","59","thing","Tournament Fishing: The Deckbuilding Game – Dice Tower Boat Promo Card","1","4","0","0","0","2022","","","","","","","","","","expansion","","","","","","","","","","","","","","",""
"Tournament Fishing: The Deckbuilding Game – Fish and Tackle","275718","0","0","0","1","0","0","0","0","0","0","0","3","","","","","","105933657","0","6.75","0","0","59","thing","Tournament Fishing: The Deckbuilding Game – Fish and Tackle","1","4","120","120","30","2019","","","","","","","","","","expansion","","","","","","","","","","","","","","",""
"Tournament Fishing: The Deckbuilding Game – Locations","278967","0","0","0","1","0","0","0","0","0","0","0","3","","","","","","105933658","0","6.74375","0","0","50","thing","Tournament Fishing: The Deckbuilding Game – Locations","1","4","120","120","30","2019","","","","","","","","","","expansion","","","","","","","","","","","","","","",""
"Tournament Fishing: The Deckbuilding Game – Rods and Boats","274443","0","0","0","1","0","0","0","0","0","0","0","3","","","","","","105933660","0","6.6375","0","0","68","thing","Tournament Fishing: The Deckbuilding Game – Rods and Boats","1","4","120","120","30","2019","","","","","","","","","","expansion","","","","","","","","","","","","","","",""
"Tournament Fishing: The Deckbuilding Game – Weather","278968","0","0","0","1","0","0","0","0","0","0","0","3","","","","","","105933663","0","6.27143","0","0","50","thing","Tournament Fishing: The Deckbuilding Game – Weather","1","4","120","120","30","2019","","","","","","","","","","expansion","","","","","","","","","","","","","","",""
"Tower Up","393307","8","4","2","1","0","0","0","0","0","0","0","3","","","","","","123668334","6.43402","7.33366","1.8481","1498","3674","thing","Tower Up","2","4","45","45","30","2024","2,3,4","3,4","8+","No necessary in-game text","","","","","","standalone","","35","USD","","","2024-10-07","Amazon","","[2-Resident]","","2024-10-08","","","",""
"The Towers of Arkhanos","257987","6","1","1","0","0","0","0","0","1","0","0","2","Listed $25 OctoCon; Sold for $25 to @BigMike85 at OctoCon 2022","","Includes neoprene playmat. Only played twice.","","","55072946","5.76073","6.65654","1.381","5300","2175","thing","The Towers of Arkhanos","2","4","30","30","20","2019","2,3,4","3,4","8+","Some necessary text - easily memorized or small crib sheet","","","","","","standalone","","59","USD","25","USD","2018-11-01","KS ","","deluxe edition w/ 5th player exp and mat

Sold for $25 to @BigMike85 at OctoCon 2022","Sold","2019-04-30","","","",""
"The Towers of Arkhanos: Silver Lotus Order Expansion","279125","0","0","0","0","0","0","0","0","1","0","0","3","","","","","","60266582","5.52691","7.35986","0","0","361","thing","The Towers of Arkhanos: Silver Lotus Order Expansion","2","5","50","50","20","2019","","","","","","","","","","expansion","","","","","","","","","","Sold","","","","",""
"Town 77","402310","7","1","0","1","0","0","0","1","0","0","0","3","Oink
Essen 23","","","","","110643890","5.72717","6.68562","1.8182","5803","1746","thing","Town 77","1","5","15","15","15","2023","1,2,3,4","3","6+","No necessary in-game text","","","","","","standalone","","20","USD","","","2025-08-01","GenCon","","[3-Transient]","","2025-08-01","","","",""
"Trailblazers","352454","6","1","1","0","0","0","0","0","0","0","0","3","","","","","","106733457","6.24624","6.99354","1.8","2052","4104","thing","Trailblazers","1","8","30","30","30","2023","1,2,3,4,5,6,7,8","1,2,3","8+","Some necessary text - easily memorized or small crib sheet","","","","","","standalone","","","","","","","","","","","","","","",""
"Trajan","102680","8","1","3","1","0","0","0","0","0","0","0","3","","","","","","72362216","7.46398","7.74233","3.6255","149","22360","thing","Trajan","2","4","120","120","60","2011","2,3,4","4","12+","No necessary in-game text","","","","","","standalone","","48","USD","","","2021-12-25","Christmas Gift","","[3-Transient]
PP Estimate","","","","","",""
"Tranquility Base","25628","5","1","0","1","1","0","0","0","0","0","0","3","","Love the theme of this game and the historical accuracy.  It's great to see the mission information, patches, and pictures.  Although, the picture quality is not great. I really wanted to like this a lot, but the game play falls flat too. Realisticaly, I probably give it a 10 on theme, a 7 on artwork and a 2 on game play, which somehow makes it a 5 overall...","Includes metal landers.  Not sure I want to trade this.  Would like to donate to a HS gaming club for the educational history.","","","55068112","5.52678","6.84746","2","17444","232","thing","Tranquility Base","1","4","90","90","90","2018","1,2,3,4","3","","","","","","","Kickstarter Like New with Metal Landers","standalone","","67","USD","","","2018-10-20","KS ","","[5-Exiting]
includes the Soviet Moon expansion","Office","2025-07-08","History In Action Game (The Galactic Attic); Worthington Publishing, LLC","English","2018","Second edition"
"Tranquility Base: SovietMoon","261143","0","0","0","1","1","0","0","0","0","0","0","3","","","Bundled with base game","","","55068117","0","6.63158","0","0","134","thing","Tranquility Base: SovietMoon","1","4","90","90","45","2018","","","","","","","","","","expansion","","0.0001","USD","","","2018-10-20","KS","","[5-Exiting]
with Core Game","Office","2025-07-08","","","",""
"Transgalactica","429860","0","0","0","0","0","0","0","0","0","0","0","3","GenCon 2025
Stickers on every piece
Check out game play","","","","","132947951","5.65571","6.38944","3.619","7357","1150","thing","Transgalactica","2","5","100","100","100","2025","2,3,4","4","14+","No necessary in-game text","","","","","","standalone","","","","","","","","","","","","","","",""
"Transmissions","313065","10","5","2","1","0","0","0","0","0","0","0","3","","Beautiful, welcoming game with some clever mechanisms.  Have truly enjoyed every play of this game!","","","","94933591","6.06469","7.25949","2.0312","2843","2777","thing","Transmissions","1","4","60","60","45","2022","1,2,3,4","3","8+","No necessary in-game text","","","","","","standalone","","54","USD","","","2021-04-13","KS","","[1-Permanent]
Extra set of plastic robots
Added a set of metal robots
Second edition upgrade (pipe tiles and new rulebook)","","2024-08-24","","","",""
"Treasure of the Dwarves","392099","7","1","2","1","1","0","0","0","0","0","0","3","GenCon2025
Hidden bidding plays up to 8 players","","","","","133980892","5.53344","7.15966","2","15930","80","thing","Treasure of the Dwarves","3","8","60","60","45","2025","4,5,6,7,8","5","12+","","","","","","","standalone","","48","USD","","","2025-07-11","Cardhaus","","[5-Exiting]
2025 GenCon Pre-Purchase","","2025-07-15","","","",""
"Treat, Please!","429333","0","0","0","0","0","0","0","0","0","0","0","3","GenCon 2025
Dog Theme looks Cute
Angie Game","","","","","132979002","0","7.80278","1.5","0","37","thing","Treat, Please!","2","4","60","60","30","2026","","","","","","","","","","standalone","","","","","","","","","","","","","","",""
"Tribond","1962","7","1","0","0","0","0","0","0","0","0","0","3","","","","","","135244597","5.40517","5.29467","1.3614","30442","3497","thing","Tribond","2","15","60","60","60","1989","3,4,5,6,7,8","4,5,6","10+","Unplayable in another language","","","","","","standalone","","","","","","","","","","","","","","",""
"Trick Shot","256707","9","1","0","1","0","0","0","0","0","0","0","4","KS","","","","","60879850","5.88012","7.80529","2.3684","4033","1031","thing","Trick Shot","2","4","60","60","30","2021","2","2","8+","Some necessary text - easily memorized or small crib sheet","","","","","","standalone","","49","USD","","","2021-07-14","BGG Trade","","[1-Permanent]
Upgraded to Second Version and put all content in Base Game Box
New content includes 
Second Edition Cards
Extra Dice Set
Painted Referee

BGG Trade
Game(s) From U is for Unicron
-----------------------
1. Labyrinth: The Awakening, 2010 – ?
2. Labyrinth: The War on Terror, 2001 – ?
3. Trick Shot

Game(s) From Indywiseguy
-----------------------
1. Claustrophobia 1643

PP Estimate (using Trade value)","","","","","",""
"Trick Shot: Second Edition","359612","10","2","0","1","0","0","0","0","0","0","0","3","","","","","","99034747","5.94945","8.03474","2.5","3503","1379","thing","Trick Shot: Second Edition","2","4","60","60","30","2024","2,4","2","12+","Some necessary text - easily memorized or small crib sheet","","","","","","standalone","","40","USD","","","2022-10-22","Gamefound","","[1-Permanent]
Stored in Base Game Box
New Line Cards
Referee Mini
Extra dice set
Rulebook","In Base Game Box","2023-12-27","","","",""
"Trickdraw","365594","7","1","2","1","0","0","0","1","0","0","0","3","GenCon 23 
Multi-use cards sound interesting","","","","","108597027","5.56211","6.56273","1.8571","12040","476","thing","Trickdraw","2","5","20","20","5","2022","2,3,4,5","3,4","12+","Moderate in-game text - needs crib sheet or paste ups","","","","","","standalone","","5","USD","","","2026-05-01","Indy Spiel","","[3-Transient]
Indy Spiel May 2026 $5 Carter Evans","","2026-05-15","","","",""
"Tricky Kids","447378","8","2","2","1","1","0","0","0","0","0","0","3","GenCon 2025
Trick Taking
6 Players","","","","","133398252","5.54985","6.62252","1.5","13297","238","thing","Tricky Kids","2","6","30","30","20","2025","2,3,4,5,6","3,4","8","Some necessary text - easily memorized or small crib sheet","","","","","","standalone","","25","USD","","","2025-08-01","GenCon","","[5-Exiting]
","","2025-08-01","","","",""
"Tricky Tides","234776","0","0","0","0","0","0","0","0","0","0","0","3","Z Garcia recommended - Trick taking with p/u & deliver","","","","","66719053","5.68807","6.83207","1.8","6585","896","thing","Tricky Tides","2","4","45","45","30","2019","2,3,4","3","8+","Some necessary text - easily memorized or small crib sheet","","","","","","standalone","","","","","","","","","","","","","","",""
"Trio","352515","7","17","1","1","0","0","0","0","0","0","0","3","2024 GenCon Looks like a fun family game night card game","","","","","120080268","7.01139","7.38593","1.0769","491","24847","thing","Trio","3","6","15","15","15","2021","3,4,5,6","4,5","6+","No necessary in-game text","","","","","","standalone","","15","USD","","","2024-07-24","Miniature Market","","[2-Resident]
GenCon 2024 Pre-Purchase","","2024-07-27","","","",""
"Triplock","229791","3","1","0","0","0","0","0","0","1","0","0","3","","Includes Factory Solo Pack","","","","44680840","5.71588","6.29088","2.1515","6009","3140","thing","Triplock","1","2","30","30","15","2017","1,2","2","12+","Moderate in-game text - needs crib sheet or paste ups","","","","","Like New Played Once","standalone","","","","25","USD","2017-08-19","Gen Con","","Currently for Sale on IndyCon Flea Market $25

Sold for $12 at IndyCon 2020 to BGG user Erik Angelotti
(airsocgoxcoun)","Sold","","","","",""
"Triplock: The Factory Solo Pack","231294","0","0","0","0","0","0","0","0","1","0","0","3","","","","","","44680854","5.54058","6.94423","2","0","1176","thing","Triplock: The Factory Solo Pack","1","2","30","30","15","2017","1","1","12+","Moderate in-game text - needs crib sheet or paste ups","","","","","","expansion","","","","","","2017-08-19","Gen Con","","","Sold","","","","",""
"Troyes","73439","6","1","4","0","0","0","0","0","0","0","0","3","","","","","","113735048","7.48854","7.70267","3.3737","142","28968","thing","Troyes","1","4","90","90","90","2010","2,3,4","3","12+","No necessary in-game text","","","","","","standalone","","","","","","","","","","","","","","",""
"Trudvang Legends","266064","0","0","0","0","0","0","0","0","0","0","0","3","Originally backed the KS (Aug 2019) but ultimately decided to cancel.  Too many addons that would have made me contemplate spending ~$300. Decided to back Sleeping Gods instead.  Will see how this one shapes up after launch, etc.  Stll think it looks cool.","","","","","62222407","5.81196","7.02116","2.4667","4672","3152","thing","Trudvang Legends","1","4","60","60","60","2022","1,2,3,4","2","10+","Unplayable in another language","","","","","","standalone","","","","","","","","","","","","","","",""
"Tsuro: Phoenix Rising","266177","0","0","0","0","0","0","0","0","0","0","0","4","Origins / Gencon 2019","","","","","60966211","5.65637","6.32908","2.3333","7338","2672","thing","Tsuro: Phoenix Rising","2","8","50","50","20","2019","2,3,4,5,6","3,4","","No necessary in-game text","","","","","","standalone","","","","","","","","","","","","","","",""
"Tuki","270168","7","4","1","0","0","0","0","0","1","0","0","1","Origins / Gencon 2019 - FOR SALE
Dexterity Building Tetris like structures","","","","","60978393","5.88558","6.8236","1.1","3993","2140","thing","Tuki","2","4","45","45","30","2019","1,2,3","2,3","8+","No necessary in-game text","","","","","Hobby Japan / Next Move Games","standalone","","27.49","USD","25","USD","2019-08-06","Cardhaus","","Sold to Dustin Robb (SleepyHead85) via Geekmarket for $25 on 2024-06-19","Sold to Dustin Robb (SleepyHead85) via Geekmarket for $25 on 2024-06-19","2024-06-19","","","",""
"Tungaru","279198","7","1","2","1","1","0","0","0","0","0","0","3","Same designers as Valpo","","Like New, only played once","","","73824269","5.77726","6.91881","3.0263","5073","1716","thing","Tungaru","2","5","90","90","45","2020","2,3,4,5","3","12+","No necessary in-game text","","","","","","standalone","","32","USD","","","2023-08-19","Cardhaus","","[5-Exiting]
Added to Sea Salt and paper Preorder
$15 Geekmarket 2025-07-08","Geekmarket","2025-07-08","","","",""
"Turf Horse Racing","383","0","0","0","0","0","0","0","0","0","0","0","3","","","","","","84340281","5.54692","6.46424","1.8","13695","158","thing","Turf Horse Racing","3","6","60","60","60","1995","3,4,5,6","5,6","8+","No necessary in-game text","","","","","","standalone","","","","","","","","","","","","","","",""
"TurfMaster","384","0","0","0","0","0","0","0","0","0","0","0","3","","","","","","62897291","6.03058","7.24899","1.94","3022","964","thing","TurfMaster","2","8","75","75","75","1998","3,4,5,6,7,8","6,7,8","10+","No necessary in-game text","","","","","","standalone","","","","","","","","","","","","","","",""
"Turing Machine","356123","8","6","3","1","0","0","0","0","0","0","0","2","","Awesome code deduction game that uses an analog computer based on punchcards.  Great daily brain exercise!","","","","96358931","7.1799","7.60493","2.5385","321","19749","thing","Turing Machine","1","4","20","20","20","2022","1,2,3,4","1","12+","Some necessary text - easily memorized or small crib sheet","","","","","","standalone","","39.99","USD","","","2022-09-06","Preordered from both MM and Cardhaus","","[2-Resident]","","","","","",""
"Tussie Mussie","257614","8","3","1","1","0","0","0","0","0","0","0","3","","","","","","60879716","6.44549","6.89311","1.1507","1458","12564","thing","Tussie Mussie","2","4","30","30","20","2019","1,2,3,4","2","8+","Moderate in-game text - needs crib sheet or paste ups","","","","","","standalone","","13","USD","","","2019-10-04","KS","1","[3-Transient]","Lakehouse","","","","",""
"Tutankhamun","286667","7","2","1","0","0","0","0","0","1","0","0","2","Reiner Knizia
Looks like a cool reprint","","Pharoah’s edition with deluxe wooden components and mini expansions","","","72649134","5.68814","6.52663","1.6364","6582","1367","thing","Tutankhamun","2","6","30","30","30","2021","3,4,5,6","4","6+","No necessary in-game text","","","","","","standalone","","49","USD","15","USD","2020-08-02","KS","","Sold Indy Spiel Damon Barnum ($15)

Pharoah’s edition
Deluxe Wooden stuff
Mini Expansions
Does not include playmat, but don;t really want it","Sold - Indy Spiel","2026-05-03","25th Century Games","English","2021","English deluxe edition"
"Twice as Clever!","269210","6","4","0","1","0","0","0","0","0","0","0","4","","","","","","60978827","7.03183","7.41307","2.2718","466","19639","thing","Twice as Clever!","1","4","30","30","30","2019","1,2,3,4","2","10+","No necessary in-game text","","","","","","standalone","","13.49","USD","","","2020-04-06","Cardhaus","1","[3-Transient]","","","","","",""
"Twilight Imperium: Fourth Edition","233078","8","1","4","0","0","0","0","0","0","0","0","3","","","","","","77004344","8.21847","8.56293","4.3534","7","33840","thing","Twilight Imperium: Fourth Edition","3","6","480","480","240","2017","3,4,5,6","6","14+","Extensive use of text - massive conversion needed to be playable","","","","","","standalone","","","","","","","","","","","","","","",""
"Twilight Inscription","361545","8","2","3","1","0","0","0","0","0","0","0","3","TI Roll n write","","","","","96092463","6.77761","7.4041","3.2155","787","11861","thing","Twilight Inscription","1","8","120","120","90","2022","1,2,3,4,5,6","3,4","12+","Moderate in-game text - needs crib sheet or paste ups","","","","","","standalone","","45.99","USD","","","2022-08-09","Cardhaus Preorder","","[2-Resident]","","","","","",""
"Twilight Struggle","12333","9","1","4","1","0","0","0","0","0","0","0","2","","","","","","43085304","8.04026","8.22909","3.6153","14","73613","thing","Twilight Struggle","2","2","180","180","120","2005","2","2","14+","Extensive use of text - massive conversion needed to be playable","","","","","","standalone","","30","USD","","","2017-06-09","Miniature Market","","[1-Permanent]","Office","","","","",""
"TZAAR","31999","9","4","2","1","0","0","0","0","0","0","0","1","","","","","","53158401","6.8742","7.66329","2.4805","649","6481","thing","TZAAR","2","2","60","60","30","2007","2","2","8+","No necessary in-game text","","","","","","standalone","","28","USD","","","2018-12-25","Christmas Gift","","[1-Permanent]
PP Estimate","","","","","",""
"Tzolk'in: The Mayan Calendar","126163","0","0","0","0","0","0","0","0","0","0","0","1","","","","","","110485046","7.68232","7.84553","3.6648","74","50511","thing","Tzolk'in: The Mayan Calendar","2","4","90","90","90","2012","2,3,4","4","12+","No necessary in-game text","","","","","","standalone","","","","","","","","","","","","","","",""
"Ubongo 3D","46396","0","0","0","0","0","0","0","0","0","0","0","3","","","","","","80177742","6.23785","7.05603","1.9118","2091","3182","thing","Ubongo 3D","2","4","30","30","30","2009","1,2,3,4","4","8+","No necessary in-game text","","","","","","standalone","","","","","","","","","","","","","","",""
"Ubongo Extreme: Fun-Size Edition","41291","7","5","1","1","0","0","0","0","0","0","0","4","2019 GenCon FOR SALE
GB Game.  Try it in BGG Hot Games Rooms","","","","","61466244","5.60561","6.20292","1.5","9157","1073","thing","Ubongo Extreme: Fun-Size Edition","1","4","30","30","15","2009","2,3,4","3,4","8+","No necessary in-game text","","","","","","standalone","","12","USD","","","2019-08-02","GenCon","","[1-Permanent]
","","","","","",""
"Umbrella","402125","0","0","0","0","0","0","0","0","0","0","0","3","2024 GenCon - looks like a simple filler game that has a Bejeweled feel to it","","","","","120081194","5.65512","6.41865","1.6","7371","800","thing","Umbrella","1","4","30","30","30","2024","2,3,4","3","8+","No necessary in-game text","","","","","","standalone","","","","","","","","","","","","","","",""
"Unconscious Mind","329500","9","1","4","0","0","0","0","0","1","0","0","3","Lots of good people involved here","","","","","80532598","7.19095","7.88107","4.0176","309","14530","thing","Unconscious Mind","1","4","120","120","60","2024","1,2,3","2,3","14+","No necessary in-game text","","","","","","standalone","","136","USD","75","USD","2023-02-27","Gamefound Late Pledge","","Sold Indy Spiel May 2026
Patrick and Julia Olmstead ($75)

All In ID Level

Includes Playmat","Sold  - Indy Spiel","2026-05-15","","","",""
"Unconscious Mind: Free Association","424443","0","0","0","1","0","0","0","0","0","0","0","3","","","","","","124394618","5.69056","8.04291","3.3333","0","2931","thing","Unconscious Mind: Free Association","1","4","120","120","60","2024","1,2,3","2","14+","","","","","","","expansion","","","","","","","","","","","2024-10-15","","","",""
"Unconscious Mind: Nightmares","379330","0","0","0","1","0","0","0","0","0","0","0","3","","","","","","124394621","5.85551","8.15628","4.1111","0","4839","thing","Unconscious Mind: Nightmares","1","4","0","0","0","2024","2,3","2","14+","","","","","","","expansion","","","","","","","","","","","2024-10-15","","","",""
"Undaunted: Normandy","268864","8","1","0","0","0","0","0","0","1","0","0","2","2019 Gen Con - FOR SALE
Bub game","","","","","61845026","7.39069","7.76459","2.2693","182","26747","thing","Undaunted: Normandy","2","2","60","60","45","2019","2","2","12+","Some necessary text - easily memorized or small crib sheet","","","","","","standalone","","38","USD","15","USD","2019-08-01","GenCon","","PP Estimate
Sold Indy Spiel 2026 $15 Sheamus Parkes","Sold - Indy Spiel","2026-05-15","","","",""
"Undaunted: North Africa","290359","0","0","0","0","0","0","0","0","0","0","0","3","","","","","","72446997","6.94136","7.7511","2.3333","568","13933","thing","Undaunted: North Africa","2","2","60","60","45","2020","2","2","10+","Some necessary text - easily memorized or small crib sheet","","","","","","standalone","","","","","","","","","","","","","","",""
"Under Falling Skies","306735","7","1","2","0","0","0","0","0","1","0","0","3","","","","","","77526108","7.25246","7.59759","2.3914","264","30375","thing","Under Falling Skies","1","1","40","40","20","2020","1","1","10+","Moderate in-game text - needs crib sheet or paste ups","","","","","","standalone","","24","USD","15","USD","2020-12-25","Christmas Gift","","Sold to soysauce_stunts via Geekmarket on 2024-06-17 for $15
PP Estimate","Sold to soysauce_stunts via Geekmarket on 2024-06-17 for $15","2024-06-17","","","",""
"Unearth","217085","9","5","2","1","0","0","0","0","0","0","0","4","Gen Con 2017","Easy to learn with good strategy and tactics. Oh yeah and the luck of the die!","","","","43565523","6.36218","6.81052","1.935","1682","10541","thing","Unearth","2","4","60","60","30","2017","2,3,4","3","8+","Some necessary text - easily memorized or small crib sheet","","","","","","standalone","","30","USD","","","2017-08-18","Gen Con","","[1-Permanent]
PP Estimate","","","","","",""
"Unearth: The Lost Tribe","276821","0","0","0","1","0","0","0","0","0","0","0","1","Origins DEMO / Genon 2019 - FOR SALE (July 10 Release)","","","","","60954046","5.74466","7.45607","2.2857","0","1897","thing","Unearth: The Lost Tribe","1","5","60","60","30","2019","1,2,3,4,5","4","8","Some necessary text - easily memorized or small crib sheet","","","","","","expansion","","18","USD","","","2019-08-01","GenCon","","In Base Game

PP Estimate","","","","","",""
"UNO","2223","9","1","0","1","0","0","0","0","0","0","0","1","","","","","","21292726","5.35257","5.48145","1.1001","30548","73792","thing","UNO","2","10","30","30","30","1971","3,4,5,6,7,8","4,5,6","5+","No necessary in-game text","","","","","","standalone","","","","","","","","","[1-Permanent]","","","","","",""
"UNO Attack!","2818","5","2","0","0","0","0","0","0","1","0","0","3","","","","","","57267447","5.45725","5.52659","1.2105","29994","4517","thing","UNO Attack!","2","10","30","30","30","1999","3,4,5,6,7,8","4,5","6+","No necessary in-game text","","","","","","standalone","","","","","","","","","","Gianna & Mikey","2024-09-29","","","",""
"Unpublished Prototype","18291","7","6","0","0","0","0","0","0","0","0","0","3","","","","","","135316115","5.86986","6.71655","2.5949","4124","2362","thing","Unpublished Prototype","0","0","0","0","0","0","","","8+","Unplayable in another language","","","","","","standalone","","","","","","","","","","","","","","",""
"Unusual Suspects","178570","6","0","0","0","0","0","0","0","1","0","0","3","Listed on BGG Geekmarket for $30 on July 30 2023.","","Very good.  Only played a couple times","","","36095537","5.98903","6.38634","1.0886","3251","4489","thing","Unusual Suspects","3","16","20","20","20","2016","2,3,4,5,6,7,8","4,5,6","10+","Moderate in-game text - needs crib sheet or paste ups","","","","","","standalone","","20","USD","30","USD","","Gen Con","","Sold via BGG Marketplace (tonysix00) for $30 on 6 Aug 2023","Sold","","Cool Mini Or Not; Cranio Creations","English","2016","English second edition"
"Up or Down?","428058","7","4","2","1","0","0","0","0","0","0","0","3","GenCon 2025
6 Player Card Game","","","","","132899324","5.95437","6.7279","1.4333","3468","1897","thing","Up or Down?","2","6","30","30","30","2024","2,3,4","2","8+","No necessary in-game text","","","","","","standalone","","17","USD","","","2025-07-31","GenCon","","[3-Transient]","","2025-07-31","","","",""
"Vaalbara","361241","9","6","2","1","0","0","0","0","0","0","0","3","Description sounds very interesting and fun","","","","","106908632","6.39069","7.15931","1.7123","1617","4458","thing","Vaalbara","2","5","20","20","20","2022","2,3,4,5","4","10+","Moderate in-game text - needs crib sheet or paste ups","","","","","","standalone","","20","USD","","","2023-06-15","Hachette USA","","[3-Transient]","","","","","",""
"The Vale of Eternity","385529","6","1","0","0","0","0","0","0","0","0","0","5","GenCon 2024 - has a lot of mechanisms we tend to like","","","","","120329282","7.14565","7.59012","2.1423","349","15543","thing","The Vale of Eternity","2","4","45","45","30","2023","2,3,4","3","10+","Moderate in-game text - needs crib sheet or paste ups","","","","","","standalone","","","","","","","","","","","","","","",""
"Valhalla","237211","9","2","2","1","0","0","0","0","0","0","0","2","Kickstarter","","","","","55769988","5.99205","7.10443","2.1273","3223","2505","thing","Valhalla","1","6","60","60","30","2018","1,2,3,4,5,6","3,4","8+","Some necessary text - easily memorized or small crib sheet","","","","","","standalone","","110","USD","","","2018-11-18","KS ","","[2-Resident]
All in box incl Warriors of Asgard and Riders of War","","","","","",""
"Valley of the Kings: Premium Edition","274466","0","0","0","0","0","0","0","0","0","0","0","4","Kickstarter (KS seems over priced at $50)","","","","","59608509","6.19841","7.38721","2.3611","0","3080","thing","Valley of the Kings: Premium Edition","1","6","60","60","45","2019","1,2,3,4","2,3","10+","Extensive use of text - massive conversion needed to be playable","","","","","","standalone","","","","","","","","","","","","","","",""
"Valparaíso","257058","8","3","3","1","0","0","0","0","0","0","0","2","","","","","","66502677","5.90793","6.86429","2.814","3811","1912","thing","Valparaíso","2","5","90","90","45","2018","2,3,4,5","4,5","10+","No necessary in-game text","","","","","","standalone","","40","USD","","","2020-03-08","Cardhaus","1","[2-Resident]","","","","","",""
"Vantage","420033","0","0","0","0","0","0","0","0","0","0","0","3","Cooperative… no

Stonemaier
6 Player
Need to check it out when more info is available","","","","","128050937","7.35022","8.22315","2.3346","213","13476","thing","Vantage","1","6","180","180","120","2025","1,2,3","1,2","8+","Extensive use of text - massive conversion needed to be playable","","","","","","standalone","","","","","","","","","","","","","","",""
"Vegas Showdown","15364","7","1","0","1","0","0","0","1","0","0","0","3","","","","","","122927907","6.68998","7.13386","2.3613","936","8008","thing","Vegas Showdown","3","5","75","75","75","2005","3,4,5","5","10+","Moderate in-game text - needs crib sheet or paste ups","","","","","","standalone","","5","USD","","","2024-09-27","Indy Spiel Flea Market","","[3-Transient]","","2024-09-28","","","",""
"Vegas Strip","428638","0","0","0","1","0","0","0","1","0","0","0","3","GenCon2025
6 Player - bluffing","","","","","134072423","5.67091","6.68006","2.1818","6983","1558","thing","Vegas Strip","2","6","40","40","40","2025","3,4,5,6","4","10+","Some necessary text - easily memorized or small crib sheet","","","","","","standalone","","17","USD","","","2025-07-31","GenCon","","[4-Evaluate]","","2025-07-31","","","",""
"Venetia","132326","0","0","0","0","0","0","0","0","1","0","0","3","Listed $10 OctoCon","","NIS","","","54683790","5.74848","6.99835","3.1667","5461","1273","thing","Venetia","2","4","90","90","75","2013","3,4","4","12+","Moderate in-game text - needs crib sheet or paste ups","","","","","","standalone","","15","USD","10","USD","2018-10-02","Miniature Market","","","Sold via BGG Markplace to samwat for $10 2024-06-23","2024-06-23","","","",""
"Venice","274861","6","1","3","0","0","0","0","0","1","0","0","3","KS Dec 2019","","Like New.  Played once.  Kickstarter edition with metal coins","","","66656642","5.69739","6.41168","3.0625","6366","1950","thing","Venice","1","5","90","90","60","2021","1,2,3","3","12+","Some necessary text - easily memorized or small crib sheet","","","","","","standalone","","57","USD","","","2019-12-12","KS","1","Traded to jiggity with Ragusa for The Colonists and Kinghill 

PM DONE 9 April 2020 (aded metal coins) Includes all Kicktarter exclusives, stretch goals, and a free metal coin.

Language will be selected post-campaign. See language options at the bottom of the Kickstarter page.

INCLUDES:
Venice","Traded","2024-01-14","","","",""
"Viceroy","157526","8","1","0","0","0","0","0","0","1","0","0","3","$10 OctoCon","","Like New.  Only played once","","","29532910","6.3961","6.77863","2.6398","1600","9998","thing","Viceroy","1","4","60","60","45","2014","2,3,4","3","10+","Moderate in-game text - needs crib sheet or paste ups","","","","","","standalone","","15","USD","","","2016-10-06","Miniature Market","","Gen Con 2024 Store - DID NOT SELL","GenCon 2024 Auction / Store","2024-07-31","","","",""
"Video Game Champion","234432","10","2","2","1","0","0","0","0","0","0","0","1","DT Review. This looks awesome.","","","","","109245558","5.88647","7.34934","2.9375","3986","1463","thing","Video Game Champion","2","5","90","90","50","2024","2,3,4","3","12+","No necessary in-game text","","","","","","standalone","","60","USD","","","2024-08-01","GenCon 2024","1","[1-Permanent]","","2024-08-01","Arcane Wonders","English","2024","English edition"
"Vindication","224783","8","2","3","1","0","0","0","1","0","0","0","3","KS","Didn’t particularly care for this game the first time we played.  Re-read some rules and realized we were playing a few rules incorrectly.  Really enjoyed the game second time we played!  Just beware the rulebook still feels confusing to me and with so many expansions, choose wisely what to include.","","","","58125588","7.20728","7.76387","3.0977","296","11825","thing","Vindication","2","5","150","150","45","2018","2,3,4,5","3,4","12+","Moderate in-game text - needs crib sheet or paste ups","","","","","","standalone","","99","USD","","","2019-02-07","Kickstarter","","[2-Resident]
Purchased with Leaders and Alliances expansion via KSp","","","","","",""
"Vindication: Board Game Spotlight Promo Cards","286426","0","0","0","1","0","0","0","0","0","0","0","3","","","","","","115566366","5.61428","7.94631","3","0","1553","thing","Vindication: Board Game Spotlight Promo Cards","2","5","150","150","45","2019","","","","","","","","","","expansion","","","","","","","","","","","","","","",""
"Vindication: Community Promo Pack","279821","0","0","0","1","0","0","0","0","0","0","0","3","","","","","","115566331","5.71073","7.81958","3","0","2876","thing","Vindication: Community Promo Pack","2","5","150","150","45","2019","2,3,4,5","3,4","14+","","","","","","","expansion","","","","","","","","","","","","","","",""
"Vindication: Dice Tower 2019 Promo Cards","286427","0","0","0","1","0","0","0","0","0","0","0","3","","","","","","115566289","5.6123","7.78299","3","0","1595","thing","Vindication: Dice Tower 2019 Promo Cards","2","5","150","150","45","2019","","","","","","","","","","expansion","","","","","","","","","","","","","","",""
"Vindication: Leaders & Alliances","268819","0","0","0","1","0","0","0","0","0","0","0","3","","","","","","61664235","5.98607","7.87434","3.25","0","5469","thing","Vindication: Leaders & Alliances","1","5","150","150","45","2019","1,2,3","1","12+","Extensive use of text - massive conversion needed to be playable","","","","","","expansion","","0.0001","USD","","","2019-08-08","Kickstarter with base game","","Included with Base Game","","","","","",""
"Virtù","345377","0","0","0","0","0","0","0","0","0","0","0","3","Create a wheel of actions that helps you build a great state in Italy

Not good at 2P","","","","","96103008","5.99417","7.32375","3.977","3218","2692","thing","Virtù","2","5","150","150","60","2022","2,3,4,5","4","14+","No necessary in-game text","","","","","","standalone","","","","","","","","","","","","","","",""
"Virtus!","440042","0","0","0","0","0","0","1","0","0","0","0","3","2025 Essen
Set collection 6players+","","","","","137729921","5.4985","6.3","1","26189","60","thing","Virtus!","2","7","40","40","20","2025","3,4,5,6,7","3,5","","","","","","","","standalone","","","","","","","","","","","","","","",""
"Viticulture Essential Edition","183394","9","3","0","1","0","0","0","0","0","0","0","3","Love Stonemaier games.  Theme?","","","","","70020718","7.80529","7.95711","2.9034","44","78027","thing","Viticulture Essential Edition","1","6","90","90","45","2015","1,2,3,4,5","3,4","12+","Moderate in-game text - needs crib sheet or paste ups","","","","","","standalone","","41","USD","","","2020-04-16","Cardhaus","1","[1-Permanent]","","2020-04-16","","","",""
"Viticulture World: Cooperative Expansion","360226","0","0","0","0","0","0","0","0","0","0","0","3","","","","","","96168423","6.44654","7.63027","3.2708","0","9693","thing","Viticulture World: Cooperative Expansion","1","6","120","120","60","2022","1,2,3,4","2","12+","Moderate in-game text - needs crib sheet or paste ups","","","","","","expansion","","","","","","","","","","","","","","",""
"Vivid Memories","316090","7","1","2","1","0","0","0","1","0","0","0","3","","","","","","85485496","5.74511","6.49006","2.9535","5517","2262","thing","Vivid Memories","2","4","45","45","30","2022","2,3,4","2","12+","No necessary in-game text","","","","","","standalone","","2","USD","","","2025-09-22","Indy Spiel Flea Market -  Andrew Garrison","","[3-Transient]","","2025-10-03","","","",""
"VIVO","420242","7","3","1","1","0","0","0","0","0","0","0","3","GenCon 2025
Played this with Brian C at Indy Spiel 2024","","","","","123668312","5.85014","7.16455","1.3636","4289","1698","thing","VIVO","3","4","30","30","20","2024","3,4","4","8+","No necessary in-game text","","","","","","standalone","","9","","","","2025-07-31","GenCon","","[2-Resident]","","2025-07-31","","","",""
"VNTYPL8S","423987","0","0","0","0","0","0","0","0","0","0","0","3","","","","","","132914997","0","6.73642","1","0","62","thing","VNTYPL8S","3","8","20","20","20","2026","","","","","","","","","","standalone","","","","","","","","","","","","","","",""
"Voyages","350736","9","12","1","1","0","0","0","0","0","0","0","3","","Such a fun game and great concept of selling it as a PnP!

Gets more fun with each new map and is not wearing out its welcome at our table!","","","","88424947","6.31753","7.37628","1.7812","1807","4774","thing","Voyages","1","100","30","30","20","2021","1,2,3,4,5,6,7,8","1,2,3","10+","No necessary in-game text","","","","","","standalone","","6","USD","","","2021-12-09","KS","1","[2-Resident]
 KS

https://www.dropbox.com/sh/7a6i9ulpab2czdv/AAB8a7XxDWsBGj02TEcZ8qy6a?dl=0","Print n Play","","","","",""
"The Voyages of Marco Polo","171623","0","0","0","0","0","0","0","0","0","0","0","1","","","","","","110485048","7.54287","7.76403","3.1779","121","27954","thing","The Voyages of Marco Polo","2","4","100","100","40","2015","2,3,4","4","12+","No necessary in-game text","","","","","","standalone","","","","","","","","","","","","","","",""
"De Vulgari Eloquentia","75165","0","0","0","1","0","0","0","1","0","0","0","3","Prefer the deluxe edition","","","","","114748505","6.27897","7.1828","3.6381","1946","3142","thing","De Vulgari Eloquentia","2","5","120","120","120","2010","2,3,4,5","4","14+","No necessary in-game text","","","","","","standalone","","30","USD","","","2024-01-12","BGG Marketplace bigcoop122","1","[4-Evaluate]
Includes Upgrade Kit
9405536105536143031349","","2024-01-20","","","",""
"De Vulgari Eloquentia: Deluxe Edition","275010","0","0","0","0","0","0","0","0","0","0","0","2","KS","","","","","60875630","5.9284","7.77739","3.6757","3655","1380","thing","De Vulgari Eloquentia: Deluxe Edition","2","5","120","120","90","2019","2,3,4,5","3,4","14+","No necessary in-game text","","","","","","standalone","","","","","","","","","","","","","","",""
"De Vulgari Eloquentia: Upgrade Pack","292360","0","0","0","1","0","0","0","0","0","0","0","3","","","","","","115362823","0","7.29962","3","0","101","thing","De Vulgari Eloquentia: Upgrade Pack","2","5","120","120","90","2019","2,3,4,5","4,5","14+","","","","","","","expansion","","","","","","2024-01-12","","","In the Base game box","","2024-01-20","","","",""
"Walkie Talkie","351540","5","1","0","1","1","0","0","0","0","0","0","3","","","","","","136892956","5.55963","5.84837","1.0833","12256","1720","thing","Walkie Talkie","2","8","4","4","1","2022","2,3,4,5,6","4","8+","No necessary in-game text","","","","","","standalone","","","","","","2025-09-29","Indy Spiel - Nate Lockhart","","[5-Exiting]
Free from Nate Lockhart","","2025-10-03","","","",""
"Wandering Towers","355483","8","3","0","1","0","0","0","0","0","0","0","3","","","","","","134842395","6.82401","7.32679","1.5816","726","12603","thing","Wandering Towers","1","6","30","30","30","2022","3,4,5,6","4,5","6+","No necessary in-game text","","","","","","standalone","","45","USD","","","2025-07-31","GenCon","","[1-Permanent]
Includes Expansions and Neoprene playmat","","2025-07-31","","","",""
"War of the Ring: Second Edition","115746","0","0","0","0","0","0","0","0","0","0","0","3","","","","","","78417101","8.19956","8.55385","4.2256","8","41607","thing","War of the Ring: Second Edition","2","4","240","240","150","2011","2","2","14+","Extensive use of text - massive conversion needed to be playable","","","","","","standalone","","","","","","","","","","","","","","",""
"War of the Ring: The Card Game","362944","0","0","0","0","0","0","0","0","0","0","0","3","","","","","","96226980","6.85294","7.60193","2.9813","687","11144","thing","War of the Ring: The Card Game","2","4","120","120","90","2022","2,4","4","12+","Extensive use of text - massive conversion needed to be playable","","","","","","standalone","","","","","","","","","","","","","","",""
"Warsaken","306643","0","0","0","0","0","1","0","0","0","0","0","3","KS Dec 2022.  Military card game with a TON of cards, but really expensive and a first time creator.  Cool backstory of war gaming with his father in the military.","","","","","100676548","0","8.02381","2.4","0","26","thing","Warsaken","1","4","60","60","10","2021","2,3","2","2–12","","","","","","","standalone","","","","","","","","","","","","","","",""
"Waypoints","388329","8","2","2","1","0","0","0","0","0","0","0","3","","","","","","107529572","6.02305","7.64022","2.2917","3062","2298","thing","Waypoints","1","100","40","40","20","2023","1,2,3,4,5","1,2","8+","Some necessary text - easily memorized or small crib sheet","","","","","","standalone","","6","USD","","","2023-06-20","KS","","[2-Resident]
https://www.dropbox.com/sh/n8id331bfwzmxqn/AACoDSue2uXvIsNz-lpayTGCa?dl=0","Print n Play","","","","",""
"Weather Machine","237179","8","1","4","1","0","0","0","1","0","0","0","2","The theme is grabbing me here.  Have always wanted to try a Lacerda game… maybe this will be the one","","","","","84780706","6.83618","7.68565","4.5617","709","9152","thing","Weather Machine","2","4","150","150","60","2022","1,2,3,4","3","14+","No necessary in-game text","","","","","","standalone","","143","USD","","","2025-08-29","Eagle Gryphon Website","","[2-Resident]
Deluxe edition with upgrade pack (metal gears, etc.","","2025-09-04","","","",""
"Weather Machine: Upgrade Pack","369931","0","0","0","1","0","0","0","0","0","0","0","3","","","","","","135914780","5.65762","7.98678","4.3333","0","1952","thing","Weather Machine: Upgrade Pack","1","4","0","0","0","2022","1","1","12+","No necessary in-game text","","","","","","expansion","","","","","","2025-08-29","Eagle Gryphon","","In Base Game box","","2025-09-04","","","",""
"Welcome to the Dungeon","150312","5","1","0","0","0","0","0","0","0","0","0","3","","","","","","73883712","6.36994","6.5248","1.2351","1669","27567","thing","Welcome to the Dungeon","2","4","30","30","30","2013","2,3,4","3","8+","Some necessary text - easily memorized or small crib sheet","","","","","","standalone","","","","","","","","","","","","","","",""
"Welcome To...","233867","8","1","0","1","0","0","0","0","0","0","0","3","","","","","","59505559","7.34995","7.50612","1.8424","214","54739","thing","Welcome To...","1","100","25","25","25","2018","1,2,3,4,5,6,7,8,9,10","3,4","10+","No necessary in-game text","","","","","","standalone","","25","USD","","","2020-02-14","Deepwater Games Store","1","[2-Resident]","Lakehouse ","","","","",""
"Whale Riders","305761","7","1","1","0","0","0","0","0","1","0","0","3","","","Like New.  Only played once.  Purchased new via Kickstarter","","","72726906","6.09487","6.97646","1.8837","2685","2618","thing","Whale Riders","2","6","45","45","45","2021","2,3,4,5","4","8+","No necessary in-game text","","","","","","standalone","","13","USD","","","2020-07-14","KS","1","All Aboard Level
Whale Riders + Whale Riders Card Game

2/23/23 - BGG Trade to secondofthenew for Plutocracy","Traded","","","","",""
"Whale Riders: The Card Game","310031","6","3","1","1","1","0","0","0","0","0","0","3","","","","","","72726922","5.66084","6.40752","1.1667","7222","1216","thing","Whale Riders: The Card Game","2","5","20","20","20","2021","2,3,4,5","4","6+","Some necessary text - easily memorized or small crib sheet","","","","","","standalone","","13","USD","","","2020-07-14","KS","1","[5-Exiting]
Included with Whale Riders KS (All Aboard Level)","","","","","",""
"Whale to Look","388413","0","0","0","0","0","0","0","0","0","0","0","3","2023 GenCon
Mike Delisio Review looks good
Oink","","","","","108598182","5.79507","6.53697","1.8333","4865","2745","thing","Whale to Look","2","5","30","30","30","2023","2,3,4,5","4","8+","No necessary in-game text","","","","","","standalone","","","","","","","","","","","","","","",""
"What Do You Meme?","226610","6","1","0","0","0","0","0","0","1","0","0","3","","Fun alternative to Cards Against Humanity","","","","43562129","5.18346","5.06327","1.0533","30640","10086","thing","What Do You Meme?","3","20","90","90","30","2016","4,5,6,7,8,9","6","16+","Extensive use of text - massive conversion needed to be playable","","","","","","standalone","","15","USD","","","","","","PP Estimate","Bub & Rossella","2024-09-29","","","",""
"What the Cup!?","389198","6","1","0","1","0","0","0","0","0","0","0","3","GenCon2023
GamboyGeek review 
Liars dice but different.  Looks really fun and simple","","","","","108661541","5.49591","5.53813","1","26792","183","thing","What the Cup!?","3","6","20","20","10","2023","3,4,5,6","4","8","Some necessary text - easily memorized or small crib sheet","","","","","","standalone","","","","","","2023-07-28","Birthday gift","","[3-Transient]","Lakehouse","2023-07-28","","","",""
"The Whatnot Cabinet","283242","0","0","0","0","0","0","0","0","0","0","0","4","KS June 2020
Looks like a simple fun game, but $39 is too much! 
No advatage to backing the KS.  Wait for retail or trade","","","","","71954090","5.94507","7.12929","1.8421","3536","2040","thing","The Whatnot Cabinet","1","4","30","30","20","2021","1,2,3,4","2,3","8+","Some necessary text - easily memorized or small crib sheet","","","","","","standalone","","","","","","","","","","","","","","",""
"Whirling Witchcraft","335275","6","3","0","0","0","0","0","0","1","0","0","3","Listed $10 OctoCon","","Very Good.  Only played a couple times","","","85595379","6.25855","7.17075","1.8148","2013","3852","thing","Whirling Witchcraft","2","5","30","30","15","2021","2,3,4,5","3","8+","Some necessary text - easily memorized or small crib sheet","","","","","","standalone","","0.0001","USD","","","","GenCon AEG Big Game Night 2021","","Included with AEG Big Game Night

Trade with UnderSaturn_Games For Imhotep plus expansions (2023-09-20)","Traded","","","","",""
"The White Castle","371942","7","1","2","0","0","0","0","0","0","0","0","3","","","","","","127551341","7.68691","7.97913","3.0572","71","40052","thing","The White Castle","1","4","80","80","80","2023","1,2,3,4","3","12+","No necessary in-game text","","","","","","standalone","","","","","","","","","","","","","","",""
"Wild Side","428586","0","0","0","0","0","0","0","0","0","0","0","3","GenCon 2025
Plays up to 8","","","","","132394955","0","7.21","0","0","39","thing","Wild Side","2","8","45","45","20","2025","","","","","","","","","","standalone","","","","","","","","","","","","","","",""
"Wild Tiled West","342032","0","0","0","0","0","0","0","0","0","0","0","3","Paul Dennen.  Components look cool.

However, not sure I would pick this over Planet Unknown. Want to Play but don’t necessarily need to own it.","","","","","107200991","6.32953","7.63796","2.7143","1775","2769","thing","Wild Tiled West","1","5","90","90","45","2023","1,2,3,4,5","3,4","12+","Some necessary text - easily memorized or small crib sheet","","","","","","standalone","","","","","","","","","","","","","","",""
"A Wild Venture","447174","0","0","0","0","0","0","1","0","0","0","1","3","Johannes review Top 20 of 2025

Tableau Bulider with cute art.  Looks different enough","","","","","140061728","6.42534","7.93721","2.5641","1514","4507","thing","A Wild Venture","2","2","60","60","40","2025","1,2","2","12+","Extensive use of text - massive conversion needed to be playable","","","","","","standalone","","","","","","","","","","","","","","",""
"Win, Place & Show","782","0","0","0","0","0","0","0","0","1","0","0","3","","","Good.  Box has some wear. Recevied via BGG trade and have never played it myself.","","","62897284","5.81194","6.74664","2.0833","4673","1956","thing","Win, Place & Show","3","6","120","120","120","1977","3,4,5,6","6","12+","Moderate in-game text - needs crib sheet or paste ups","","","","","","standalone","","17.79","USD","10","USD","2020-01-09","BGG Trade","","Traded Amun Re:  Card Game for this

PP Estimate basd on Trade Value

Sold for $10 to Octavian1224 on Geekmarket","GeekMarket","2024-08-06","The Avalon Hill Game Co","English","1977","AH Sports Illustrated Edition"
"Windward","282922","6","1","3","0","0","0","0","0","1","0","0","3","Listed $20 OctoCon, reduced to $15","Initial rating of 6 based on single play with 2 players.  I think this will play better on the bigger map with more players.  So, rating may increase.  It was OK at 2 players...  not bad, not great... OK","2020 KS Edition,  Only played once","","","63701588","5.90629","6.901","2.3818","3829","3645","thing","Windward","1","5","90","90","30","2020","2,3,4","3","12+","Some necessary text - easily memorized or small crib sheet","","","","","","standalone","","54","USD","35","USD","","KS","1","Sold to knykk75@gmail.com for $15 via Geekmarket

PM DONE 8 Jan 2020
Windward
Hide details
One copy of Windward (KS Edition) plus all unlocked stretch goals.

Shipping will be charged after the campaign through the pledge manager. See shipping estimates on the campaign page [Section 07].

INCLUDES:
Windward (KS Edition)
All unlocked stretch goals","Sold","","","","",""
"Wine Cellar","411033","6","1","2","0","0","0","0","0","1","0","0","3","Check out at GenCon 2025
8 Players","","","","","132394767","6.00661","7.05881","1.6562","3139","2393","thing","Wine Cellar","1","8","20","20","20","2025","1,3,4,5,6,7,8","4,5","8+","No necessary in-game text","","","","","","standalone","","10","USD","5","USD","2025-10-25","Geekmarket - Brian Kirchhoff","","Shipping delayed due to travel

Sold Indy Spiel $5 Brad Rider","Sold - Indy Spiel","2026-05-15","","","",""
"Wingspan","266192","9","10","2","1","0","0","0","0","0","0","0","1","","","","","","56321722","7.84535","7.99835","2.481","38","181011","thing","Wingspan","1","5","70","70","40","2019","1,2,3,4","3","10+","Extensive use of text - massive conversion needed to be playable","","","","","","standalone","","55","USD","","","2019-04-15","Amazon","","[2-Resident]
","","","","","",""
"Wingspan: Oceania Expansion","300580","0","0","0","1","0","0","0","0","0","0","0","3","","","","","","75714528","7.92054","8.4482","2.6684","0","50838","thing","Wingspan: Oceania Expansion","1","5","70","70","40","2020","1,2,3,4,5","3","10+","Extensive use of text - massive conversion needed to be playable","","","","","","expansion","","20","USD","","","2020-10-28","Stonemaier Games","","","","","","","",""
"Winner's Circle","1382","0","0","0","0","0","0","0","0","0","0","0","3","","","","","","84340277","6.54756","6.98126","1.6038","1207","6288","thing","Winner's Circle","2","6","60","60","45","2001","3,4,5,6","5,6","8+","No necessary in-game text","","","","","","standalone","","","","","","","","","","","","","","",""
"Winter Court","403601","7","2","2","1","0","0","0","0","0","0","0","3","Sean Johnson Review
2 Plyer Only
Tom Lehmann","","","","","135739751","5.59374","6.63922","1.8333","9751","504","thing","Winter Court","2","2","60","60","30","2024","2","2","12+","No necessary in-game text","","","","","","standalone","","10","USD","","","2025-11-03","Geekmarket - Casarmom","","[2-Resident]
","","2025-11-07","","","",""
"Winterborne","265917","0","0","0","0","0","0","0","0","0","0","0","4","Kickstarter
TRIAGE","","","","","58747471","5.61104","6.92327","3","8900","584","thing","Winterborne","1","4","90","90","45","2019","1,2,3,4","3","","Some necessary text - easily memorized or small crib sheet","","","","","","standalone","","","","","","","","","","","","","","",""
"Wispwood","445044","0","0","0","0","0","0","1","0","0","0","1","3","Cardboard hi no overview looks cool
Cascadia like… quick 2-4 player tile layer","","","","","137519700","6.08099","7.38226","2","2756","2226","thing","Wispwood","1","4","45","45","30","2025","1,2,3,4","3","10+","Some necessary text - easily memorized or small crib sheet","","","","","","standalone","","","","","","","","","","","","","","",""
"WitchDraft","381083","0","0","0","0","0","0","0","0","0","0","0","3","Artwork. Game looks different
Essen 23


Vasel review made me rethink… does not look good","","","","","110584152","5.59997","6.69224","1.8","9417","481","thing","WitchDraft","2","5","10","10","5","2023","2,3,4,5","2,3,4","8+","No necessary in-game text","","","","","","standalone","","","","","","","","","","","","","","",""
"Witchstone","318560","8","3","3","0","0","0","0","0","1","0","0","3","Reiner Knizia that plays like a Feld","","Very Good to Like New condition.  Only played 3 times","","","85594940","6.74247","7.49031","2.7692","841","7606","thing","Witchstone","2","4","90","90","60","2021","2,3,4","3","12+","No necessary in-game text","","","","","","standalone","","38.99","USD","10","USD","2022-02-11","Cardhaus","","Sold for $10 Indy Spiele 2024 to Andrew Garrison

Listed BGG Marketplace 2024-08-20 $25","Sold - Indy Spiel","2024-09-27","","","",""
"Wizards of the Wild","166988","8","2","2","1","0","0","0","0","0","0","0","3","","","","","","73159948","5.63952","6.64887","2","7824","578","thing","Wizards of the Wild","1","4","30","30","30","2015","1,2,3,4","3","10+","Some necessary text - easily memorized or small crib sheet","","","","","","standalone","","0.0001","USD","","","","Adam West","","[1-Permanent]
GenCon 2020 Gift from Adam!","Lakehouse ","","","","",""
"The Wolves","368058","0","0","0","0","0","0","0","0","1","0","0","3","","","Opened, punched and never played","","","104999789","6.62013","7.24924","2.8188","1067","8084","thing","The Wolves","2","5","75","75","75","2022","2,3,4","3","12+","Some necessary text - easily memorized or small crib sheet","","","","","","standalone","","25","USD","","","2023-03-27","CoolStuffInc","1","","GenCon Store / Auction 2025","2025-07-08","","","",""
"Wonderland's War","227935","0","0","0","0","0","0","0","0","0","0","0","3","Game play looks interesting but the theme is not really grabbing me.  Try to play it to see if I like it.","","","","","68797124","7.50276","8.03649","3.035","132","17009","thing","Wonderland's War","2","5","125","125","45","2022","3,4,5","4","12+","Moderate in-game text - needs crib sheet or paste ups","","","","","","standalone","","","","","","","","","","","","","","",""
"Wonky","179217","0","0","0","1","0","0","0","1","0","0","0","3","","","","","","145060132","5.59478","6.49303","1","9699","730","thing","Wonky","2","99","30","30","15","2015","3,4,5,6","3,4","6+","No necessary in-game text","","","","","","standalone","","5","USD","","","2026-04-30","Indy Spiel","","[4-Evaluate]
Indy Spiel May 2026 from Tim Aberli $5","Lakehouse","2026-05-15","","","",""
"World at War: Eisenbach Gap","25729","0","0","0","0","0","0","0","0","0","0","0","3","","","","","","73971359","5.88235","7.43613","2.5847","4022","1242","thing","World at War: Eisenbach Gap","2","2","90","90","90","2007","1,2","2","12+","Moderate in-game text - needs crib sheet or paste ups","","","","","","standalone","","","","","","","","","","","","","","",""
"World Shapers","270635","6","2","1","1","0","0","0","0","0","0","0","2","Origins 2019 FOR SALE
Card drafting / tableau building - great artwork","","","","","61033132","5.51165","5.71095","1.75","22152","491","thing","World Shapers","1","4","30","30","30","2019","2,3,4","2","10+","Moderate in-game text - needs crib sheet or paste ups","26630","","","","Board&Dice","standalone","","22","USD","","","2019-08-01","GenCon","","[2-Resident]","","","","","",""
"World Wonders","365258","7","1","0","0","0","0","0","0","0","0","0","3","","","","","","135244631","7.02391","7.60493","2.2606","478","11864","thing","World Wonders","1","5","70","70","50","2023","1,2,3,4","3","10+","No necessary in-game text","","","","","","standalone","","","","","","","","","","","","","","",""
"Wrath of Fire Mountain","421208","0","0","0","0","0","0","0","0","0","0","0","3","GenCon 2024. Phil Walker Harding and Eric Lang.  Oros-like?  Will check it out","","","","","120207207","5.78214","7.06289","1.7333","5013","1349","thing","Wrath of Fire Mountain","2","4","45","45","30","2024","2,3,4","3","6+","Some necessary text - easily memorized or small crib sheet","","","","","","standalone","","","","","","","","","","","","","","",""
"Wriggle Roulette","443829","8","4","1","1","0","0","0","0","0","0","0","3","GenCon 2025
Looks like a simple fun party game plays up to 8","","","","","133803037","5.60439","6.36348","1","9212","734","thing","Wriggle Roulette","2","8","20","20","20","2025","3,4,5,6,7","4,5","6+","No necessary in-game text","","","","","","standalone","","23","","","","2025-07-31","GenCon","","[2-Resident]","","2025-07-31","","","",""
"X-ODUS: Rise of the Corruption","276997","0","0","0","0","0","0","0","0","0","0","0","4","Kickstarter
Great artwork, looks like a BIG beast of a game!","","","","","61370030","5.88429","7.67955","3.3269","4006","1418","thing","X-ODUS: Rise of the Corruption","1","4","150","150","90","2020","1,2,3,4","4","12+","Extensive use of text - massive conversion needed to be playable","","","","","","standalone","","","","","","","","","","","","","","",""
"Xia: Legends of a Drift System","82222","0","0","0","0","0","0","0","0","0","0","0","3","","","","","","72628397","7.36815","7.85599","3.2015","196","17058","thing","Xia: Legends of a Drift System","3","5","180","180","60","2014","2,3,4","3","10+","Moderate in-game text - needs crib sheet or paste ups","","","","","","standalone","","","","","","","","","","","","","","",""
"Xylotar","414302","0","0","0","1","0","0","0","0","0","0","0","3","","","","","","121968553","5.82758","6.89576","1.875","4514","1445","thing","Xylotar","2","5","30","30","30","2024","2,3,4,5","4","10+","No necessary in-game text","","","","","","standalone","","11","USD","","","2024-08-07","Cardhaus","1","[2-Resident]
X game for the Alphabet collection","","2024-08-30","","","",""
"Ya Blew It!","247191","4","1","0","0","0","0","0","0","0","0","0","3","","","","","","77422901","5.58451","6.24568","1.5556","10310","954","thing","Ya Blew It!","3","6","20","20","20","2018","3,4,5,6","4,5","8+","No necessary in-game text","","","","","","standalone","","","","","","","","","","","","","","",""
"Yahtzee","2243","5","2","0","0","0","0","0","0","0","0","0","3","","","","","","135244600","5.49715","5.55855","1.1731","26520","35375","thing","Yahtzee","2","10","30","30","30","1956","2,3,4,5,6","3,4","6+","No necessary in-game text","","","","","","standalone","","","","","","","","","","","","","","",""
"Yellow & Yangtze","244114","0","0","0","0","0","0","0","0","0","0","0","4","2018 Gen Con","","","","","53036938","6.80479","7.79407","3.0661","750","4359","thing","Yellow & Yangtze","2","4","90","90","90","2018","2,3,4","4","12+","No necessary in-game text","","","","","","standalone","","","","","","","","","","","","","","",""
"YINSH","7854","9","9","0","1","0","0","0","0","0","0","0","2","","","","","","44636191","7.26218","7.70012","2.6232","260","13138","thing","YINSH","2","2","60","60","30","2003","2","2","8+","No necessary in-game text","","","","","","standalone","","32","USD","","","","","","[1-Permanent]
PP Estimate","","","","","",""
"Zero to 100","360056","5","2","0","0","0","0","0","0","1","0","0","3","","","","","","106171647","5.59368","6.39597","1.25","9756","600","thing","Zero to 100","2","12","20","20","15","2022","3,4,6,8,9","6","10+","Extensive use of text - massive conversion needed to be playable","","","","","","standalone","","14.99","USD","","","2023-07-23","Hachette","","$7 Geekmarket 2025-07-08","GenCon Store / Auction 2025","2025-07-08","","","",""
"ZÈRTZ","528","9","3","0","1","0","0","0","0","0","0","0","2","","","","","","44636171","6.63234","7.26308","2.7347","1042","6862","thing","ZÈRTZ","2","2","60","60","30","1999","2","2","8+","No necessary in-game text","","","","","","standalone","","25","USD","","","","","","[1-Permanent]
PP Estimate","","","","","",""
"Zimby Mojo","186435","0","0","0","1","0","0","0","0","0","0","0","3","","","","","","32333295","5.54052","6.47765","2.8889","14621","554","thing","Zimby Mojo","1","8","150","150","20","2016","1,2,3,4,5","4","12+","Extensive use of text - massive conversion needed to be playable","","","","","","standalone","","40","USD","","","","Gen Con","","[2-Resident]
PP Estimate","","","","","",""
"Zoo Vadis","368061","6","1","2","0","0","0","0","0","0","0","0","3","","","","","","123698914","6.78818","7.45303","2.0952","770","7979","thing","Zoo Vadis","3","7","40","40","20","2023","4,5,6,7","5","10+","Some necessary text - easily memorized or small crib sheet","","","","","","standalone","","","","","","","","","","","","","","",""
"Zoomies","421283","6","1","1","1","0","0","0","0","0","0","0","3","Angie game","","","","","120848676","5.54351","6.61275","1.6667","14179","215","thing","Zoomies","2","4","30","30","30","2024","2,3,4","3","10+","No necessary in-game text","","","","","","standalone","","25","USD","","","2024-08-01","GenCon 2024","1","[2-Resident]","Angie Game","2024-08-01","","","",""
