id,collid,name,original_name,year_published,image,thumbnail,image_id,min_players,max_players,min_playtime,max_playtime,playing_time,min_age,avg_weight,num_owned,bgg_rec_players,bgg_best_players,bgg_rec_age_range,bgg_language_dependence,own,preordered,wanttobuy,wishlist,wishlist_priority,wanttoplay,want,fortrade,prevowned,quantity,status_last_modified,num_plays,rating,bgg_rating,bgg_geek_rating,num_ratings,rating_stddev,bgg_rank,family_ranks,acquiredfrom,acquisition_date,inv_date,price_paid,price_paid_currency,curr_value,curr_value_currency,inv_location,condition,want_parts_list,has_parts_list,barcode,version_publishers,version_languages,version_year_published,version_nickname,wishlist_comment,comment,private_comment
292487,68059533,10 Gallon Tank,10 Gallon Tank,2020,https://cf.geekdo-images.com/1Lc6qAuctKKdi1VmIwLIsQ__original/img/dSQvaGNOC8XbcaUlekI79Kr3hfI=/0x0/filters:format(png)/pic5040531.png,https://cf.geekdo-images.com/1Lc6qAuctKKdi1VmIwLIsQ__small/img/vsZ0oZPbAT3Tu3R6XZWyfhRee8o=/fit-in/200x150/filters:strip_icc()/pic5040531.png,,2,5,15,20,20,,1.5,362,"2,3,4,5","4,5",,,0,0,0,0,3,0,0,0,1,1,2024-07-14 20:30:37,1,7,6.58212,5.55811,151,1.47299,12383,,KS,2020-01-21,,28,USD,,,Sold,Opened.  Played Once,,,,Winsmith Games,English,2020,English edition,Listed $5 OctoCon; Free to @XADocs,,"PM DONE 28 Feb 2020
One copy of 10 Gallon Tank for yourself + Stretch Goals.
One copy of 10 Gallon Tank donated to Toys for Tots + Stretch Goals.
(Only pay shipping for your copy)

INCLUDES:
10 Gallon Tank - Physical Copy
10 Gallon Tank - Donated to Toys for Tots
10 Gallon Tank - Print and Play
All Unlocked Stretch Goals

Free to @XADocs at OctoCon 2022"
447649,134479282,12 Rivers,12 Rivers,2025,https://cf.geekdo-images.com/S39N_AX6rXD9f3XWFkGhMA__original/img/Hh7q8RghzRjNPiOqWihAaxa3frc=/0x0/filters:format(jpeg)/pic8923324.jpg,https://cf.geekdo-images.com/S39N_AX6rXD9f3XWFkGhMA__small/img/ZLWW_LNvxIcYbp3rebiFFOAqMuw=/fit-in/200x150/filters:strip_icc()/pic8923324.jpg,,2,4,45,75,75,,1.9444,1248,"3,4",4,12+,Some necessary text - easily memorized or small crib sheet,0,0,0,0,3,0,0,0,0,,2025-08-07 19:59:19,1,6,7.14001,5.81618,581,1.26494,4629,,,,,,,,,,,,,,,,,,"GenCon 2025
Marbles - gimmicky",,
27708,44364904,1960: The Making of the President,1960: The Making of the President,2007,https://cf.geekdo-images.com/p-k_CqUvJzTcMMz4ms7f_Q__original/img/jCMiFqLiGxgXM7akNX3KLHEI6-o=/0x0/filters:format(jpeg)/pic3499166.jpg,https://cf.geekdo-images.com/p-k_CqUvJzTcMMz4ms7f_Q__small/img/LZFIiC173jPXvtxUGeNh9eGedpc=/fit-in/200x150/filters:strip_icc()/pic3499166.jpg,,2,2,90,120,120,,3.2032,11494,2,2,14+,Extensive use of text - massive conversion needed to be playable,0,0,0,0,4,0,0,0,0,,2023-07-15 17:15:53,0,0,7.61434,7.16766,9524,1.33258,333,Strategy Game Rank: 219,,,,,,,,,,,,,,,,,,,
323871,145226007,1961,1961,2022,https://cf.geekdo-images.com/tL_rWPSDTu-q1YUQ5SQ3WA__original/img/jD5HUOtDC6dGp4Xt_9SoKoeO6M8=/0x0/filters:format(png)/pic5761051.png,https://cf.geekdo-images.com/tL_rWPSDTu-q1YUQ5SQ3WA__small/img/Avdvj0AZzPGj-cbfFLYybcU6k-4=/fit-in/200x150/filters:strip_icc()/pic5761051.png,,2,6,5,20,20,,1.6667,70,"1,2,3,4,5,6","4,5,6",12+,Extensive use of text - massive conversion needed to be playable,1,0,0,0,3,1,0,0,0,,2026-05-31 17:22:34,0,0,7.8125,5.50551,48,2.33324,24226,,Indy Spiel,2026-05-05,2026-05-15,3,USD,,,,,,,,"House Fish Balloon, LLC",English,2022,English edition,,,"[4-Evaluate]
Indy Spiel May 2026 (Michael Sullivan) $3"
421281,123412014,1980 Sixtina,1980 Sixtina,2024,https://cf.geekdo-images.com/1zeGKeGzXyFOD1nt52DVvA__original/img/Oz_jR36a0j_MT098e1f0oN9ANOI=/0x0/filters:format(jpeg)/pic8208134.jpg,https://cf.geekdo-images.com/1zeGKeGzXyFOD1nt52DVvA__small/img/r2KfLVGW_v6BCtOJ3k5kd4-34hk=/fit-in/200x150/filters:strip_icc()/pic8208134.jpg,,2,4,45,45,45,,2.0909,714,"2,3,4","3,4",8+,No necessary in-game text,0,0,1,0,3,0,0,0,0,,2024-09-20 07:18:31,0,0,7.02816,5.62596,217,1.10892,8262,,,,,,,,,,,,,,,,,,Joey Evans DT 2024 Essen Preview,,
441658,145060154,25 Words or Less,25 Words or Less,2025,https://cf.geekdo-images.com/41vgxA7AbGEOZ8kkSyi_4g__original/img/lagmWjnvRKVnqdPhQKkwJr2p_Dw=/0x0/filters:format(jpeg)/pic8779958.jpg,https://cf.geekdo-images.com/41vgxA7AbGEOZ8kkSyi_4g__small/img/JvPeR5aLAA1Wp7OlSTisIhongBU=/fit-in/200x150/filters:strip_icc()/pic8779958.jpg,,4,99,20,35,35,,1,45,,,,,1,0,0,0,3,0,0,0,0,,2026-05-31 20:14:57,1,6,6.48235,0,17,1.88125,0,,Indy Spiel,2026-04-30,2026-05-15,5,USD,,,,,,,,,,,,,,"[3-Transient]
Indy Spiel May 2026 from Tim Aberli $5"
416027,120329402,3 of a Kind,3 of a Kind,2024,https://cf.geekdo-images.com/NvFTjlKpLQHQ1l44uXWCEQ__original/img/q3WFCyWthbHlDduj_1f7X9P7doc=/0x0/filters:format(jpeg)/pic8068041.jpg,https://cf.geekdo-images.com/NvFTjlKpLQHQ1l44uXWCEQ__small/img/uxECox72KUEHdc7xytpmQCpfgaU=/fit-in/200x150/filters:strip_icc()/pic8068041.jpg,,2,8,25,25,25,,1,243,"4,5,6,7,8",6,,,0,0,0,0,3,0,0,0,0,,2024-07-05 22:34:14,0,0,6.81496,5.5654,127,1.26442,11738,,,,,,,,,,,,,,,,,,GenCon 2024. Looks like a decent party game,,
436590,132949226,3-2-1 Countdown,3-2-1 Countdown,2025,https://cf.geekdo-images.com/MQpvFRLCaMnAx4MgBUf20w__original/img/J3dchIQO5E1K3X41MX3FqMObWws=/0x0/filters:format(jpeg)/pic8686749.jpg,https://cf.geekdo-images.com/MQpvFRLCaMnAx4MgBUf20w__small/img/9XD02zBqb0A0xQB5IxmRZuEa0-g=/fit-in/200x150/filters:strip_icc()/pic8686749.jpg,,2,8,16,30,30,,1.5,376,,,6+,,1,0,0,0,3,0,0,1,0,,2026-05-31 20:09:56,1,5,6.50952,5.54924,126,1.44976,13389,,GenCon,2025-07-31,2025-07-31,20,USD,,,,,,,,,,,,"GenCon 2025
High player
Weird company Paul G told me about",,[5-Exiting]
267058,83394530,300: Earth & Water,300: Earth & Water,2018,https://cf.geekdo-images.com/pFIXq0V_PdwI2eq7Ea5GxQ__original/img/QTktMPKVIVaV_CXiFPzWJK_-5aU=/0x0/filters:format(jpeg)/pic5893130.jpg,https://cf.geekdo-images.com/pFIXq0V_PdwI2eq7Ea5GxQ__small/img/mUlORoMrCxZjhRQ2LfImOCeypoo=/fit-in/200x150/filters:strip_icc()/pic5893130.jpg,,2,2,40,40,40,,2.3846,2685,2,2,12+,Extensive use of text - massive conversion needed to be playable,0,0,0,0,3,0,0,0,0,,2023-04-04 12:44:09,0,0,7.35673,6.14653,1309,1.20436,2445,War Game Rank: 225,,,,,,,,,,,,,,,,,GenCon 2021,,
432250,126148496,52 Realms: Adventures,52 Realms: Adventures,2024,https://cf.geekdo-images.com/X24nY57W6ccHrouGcPjfBA__original/img/Ye365cMMJ9mcakKvO89yLSiUwVw=/0x0/filters:format(png)/pic8519055.png,https://cf.geekdo-images.com/X24nY57W6ccHrouGcPjfBA__small/img/Iv4SOMDLUdbIyRqtCemffbEHghk=/fit-in/200x150/filters:strip_icc()/pic8519055.png,,1,1,10,20,20,,1.9167,1235,1,1,10+,,1,0,0,0,3,0,0,0,0,1,2026-05-31 20:23:56,0,0,7.48856,5.74082,355,1.06045,5576,,Kickstarter,2024-12-03,,7,USD,,,Print n Play,,,,,,,,,,,[2-Resident]
271512,69494541,5211,5211,2019,https://cf.geekdo-images.com/fm2SAoNjPi34jLFEJ9BXfA__original/img/u8ELFpVAPJYF0Hceett8Tv2J9cQ=/0x0/filters:format(png)/pic4560166.png,https://cf.geekdo-images.com/fm2SAoNjPi34jLFEJ9BXfA__small/img/wpTkSUdq1h96at87h5P5CJ_sC7E=/fit-in/200x150/filters:strip_icc()/pic4560166.png,,2,5,20,30,30,,1.2553,4688,"2,3,4,5",4,6+,No necessary in-game text,1,0,0,0,3,0,0,0,0,1,2026-05-31 20:15:11,7,8,6.29555,5.86193,2105,1.33598,4182,Family Game Rank: 1376,Cardhaus,2020-03-08,,9,USD,,,Lakehouse,,,,,,,,,"Played at IndyCon 2020.  Fun, quick wish decent amount of strategic thinking/guessing!",,[3-Transient]
309822,71772475,7 Fortunes,7 Fortunes,2020,https://cf.geekdo-images.com/hSicefv7mXXWTH441zvCTQ__original/img/2xTg5Kj6qqKxNrUCdud3GWR6rQQ=/0x0/filters:format(png)/pic5417074.png,https://cf.geekdo-images.com/hSicefv7mXXWTH441zvCTQ__small/img/yfrFFH5gVtEkUB9S4zYQU_hnGQY=/fit-in/200x150/filters:strip_icc()/pic5417074.png,,2,6,20,60,60,,2.25,38,"2,3,4,5,6","4,5,6",,,0,0,0,0,3,0,0,0,0,,2022-10-11 08:54:19,0,0,6.94633,0,17,1.42537,0,,,,,,,,,,,,,,,,,,"KS June 2020
Looks like a game I’d like, but cards are very text heavy..",,
68448,32034704,7 Wonders,7 Wonders,2010,https://cf.geekdo-images.com/35h9Za_JvMMMtx_92kT0Jg__original/img/jt70jJDZ1y1FWJs4ZQf5FI8APVY=/0x0/filters:format(jpeg)/pic7149798.jpg,https://cf.geekdo-images.com/35h9Za_JvMMMtx_92kT0Jg__small/img/BUOso8b0M1aUOkU80FWlhE8uuxc=/fit-in/200x150/filters:strip_icc()/pic7149798.jpg,,2,7,30,30,30,,2.3143,156057,"3,4,5,6,7","4,5",10+,No necessary in-game text,1,0,0,0,1,0,0,0,0,,2026-05-31 20:15:28,8,9,7.66223,7.5484,112773,1.277,117,Strategy Game Rank: 118; Family Game Rank: 19,,2015-12-26,,45,USD,,,,,,,,,,,,,,"[1-Permanent]
PP Estimate"
173346,73179593,7 Wonders Duel,7 Wonders Duel,2015,https://cf.geekdo-images.com/zdagMskTF7wJBPjX74XsRw__original/img/Ju836WNSaW7Mab9Vjq2TJ_FqhWQ=/0x0/filters:format(jpeg)/pic2576399.jpg,https://cf.geekdo-images.com/zdagMskTF7wJBPjX74XsRw__small/img/gV1-ckZSIC-dCxxpq1Y7GmPITzQ=/fit-in/200x150/filters:strip_icc()/pic2576399.jpg,,2,2,30,30,30,,2.2269,184446,2,2,10+,No necessary in-game text,1,0,0,0,3,0,0,0,0,,2026-05-31 20:15:42,4,8,8.07661,7.9518,108994,1.20265,24,Strategy Game Rank: 28,Christmas Gift,2020-12-25,,30,USD,,,,,,,,,,,,,,"[1-Permanent]
PP Estimate"
309116,77926016,7 Wonders Duel: Agora,7 Wonders Duel: Agora,2020,https://cf.geekdo-images.com/WJuYXVjj7j8gYPz0ptXm3w__original/img/lbMoTzYmZ8UkM18gY7zq2-6WES0=/0x0/filters:format(jpeg)/pic5692719.jpg,https://cf.geekdo-images.com/WJuYXVjj7j8gYPz0ptXm3w__small/img/p0rTFzy54iLEOEDIxzjFeCYYpE4=/fit-in/200x150/filters:strip_icc()/pic5692719.jpg,,2,2,30,30,30,,2.8657,24018,2,2,12+,No necessary in-game text,0,0,0,0,1,0,0,0,0,,2024-01-08 20:44:21,0,0,8.05681,7.26067,5907,1.22289,0,,,,,,,,,,,,,,,,,,,,
202976,77926015,7 Wonders Duel: Pantheon,7 Wonders Duel: Pantheon,2016,https://cf.geekdo-images.com/iQRqtxgRuh-4J5vYLdhsMg__original/img/rwOQ9RK6_C9gIy-g_dgkdF6Mb7Y=/0x0/filters:format(png)/pic3143885.png,https://cf.geekdo-images.com/iQRqtxgRuh-4J5vYLdhsMg__small/img/7KX-iJ5e3ZW0LnbEd9OQHRSpHG8=/fit-in/200x150/filters:strip_icc()/pic3143885.png,,2,2,30,30,30,,2.31,51285,2,2,10+,No necessary in-game text,0,0,0,0,1,0,0,0,0,,2024-01-08 20:44:23,0,0,7.99443,7.6235,16343,1.19984,0,,,,,,,,,,,,,,,,,,,,
240892,69492147,8Bit Box,8Bit Box,2018,https://cf.geekdo-images.com/aGzXxLFegJzqV-Y4e5nK4Q__original/img/etnz2-sJUXu0_TqvGfrQSNC-V0c=/0x0/filters:format(jpeg)/pic4206325.jpg,https://cf.geekdo-images.com/aGzXxLFegJzqV-Y4e5nK4Q__small/img/8a906ljjyB9sWPzqMBxayP8viaw=/fit-in/200x150/filters:strip_icc()/pic4206325.jpg,,3,6,15,40,40,,1.6,1670,"3,4,5,6",6,8+,No necessary in-game text,0,0,0,0,3,0,0,0,1,1,2024-08-07 21:03:35,0,0,6.15074,5.61753,600,1.58668,8594,,IndyCon Raffle (Angie),2020-03-07,2024-07-31,0.00001,USD,10,USD,GenCon 2024 Auction / Store,"New, never played.  ",,,,,,,,,,"Won in Raffle
Sold for $10 GenCon 2024 Store"
319292,74532056,A Christmas Story: A MAJOR Card Game,A Christmas Story: A MAJOR Card Game,2020,https://cf.geekdo-images.com/IaQ0RADPoO_YkIB2oFosUg__original/img/oqydvHs55CtS7uU6QnwVLMS8uxA=/0x0/filters:format(png)/pic5652191.png,https://cf.geekdo-images.com/IaQ0RADPoO_YkIB2oFosUg__small/img/ToATm1mnNZ1Vwz3mA2654zcNg5I=/fit-in/200x150/filters:strip_icc()/pic5652191.png,,3,6,15,15,15,,1,343,,,,,0,0,0,0,3,0,0,0,0,,2022-10-11 08:55:26,0,0,5.35,5.49367,64,1.70257,27265,,,,,,,,,,,,,,,,,,,,
127518,73686628,A Distant Plain,A Distant Plain,2013,https://cf.geekdo-images.com/-PI0iVHeKyFfjYST0xi9dQ__original/img/SofoqBXs6Ns_1IeqQ-XvpKkYJV4=/0x0/filters:format(jpeg)/pic1733403.jpg,https://cf.geekdo-images.com/-PI0iVHeKyFfjYST0xi9dQ__small/img/k3pBQFl0qxKOEREh-jeJBEvaVmc=/fit-in/200x150/filters:strip_icc()/pic1733403.jpg,,1,4,180,300,300,,3.8766,4810,"1,2,3,4",4,14+,Extensive use of text - massive conversion needed to be playable,1,0,0,0,3,0,0,0,0,1,2026-05-31 20:36:22,0,0,7.79461,6.48775,1870,1.40584,1359,War Game Rank: 50,BGG Marketplace csm916,2024-01-15,2024-01-20,55,USD,,,,,,,,,,,,,,[2-Resident]
169255,98945053,A Game of Thrones: The Card Game (Second Edition),A Game of Thrones: The Card Game (Second Edition),2015,https://cf.geekdo-images.com/2gP4Uti9RPquZVlweeapLw__original/img/BBz4zQ1fTrQtAs_lr39MF6ia-Og=/0x0/filters:format(jpeg)/pic2783386.jpg,https://cf.geekdo-images.com/2gP4Uti9RPquZVlweeapLw__small/img/fe1ELDopk_qSeiDruI0hs8nmzSQ=/fit-in/200x150/filters:strip_icc()/pic2783386.jpg,,2,4,60,120,120,,3.5325,10083,"2,3,4",2,14+,Extensive use of text - massive conversion needed to be playable,0,0,0,0,3,0,0,0,1,,2024-07-14 20:20:43,0,0,7.48406,6.77314,5183,1.58961,799,Customizable Rank: 21,Dave Koch at OctoCon,2022-10-21,,10,USD,15,USD,Sold,,,,,,,,,,,Sold for $12 on GeekMarket (2023-07-15)
447174,140061728,A Wild Venture,A Wild Venture,2025,https://cf.geekdo-images.com/TMMfAqvZP3g4HdgYyCpHPQ__original/img/d5oJDK7GyI5udbJ7SdtnstdrfFc=/0x0/filters:format(png)/pic8920149.png,https://cf.geekdo-images.com/TMMfAqvZP3g4HdgYyCpHPQ__small/img/nXwfLcmGgg99f-O3guvB2vXMM2Q=/fit-in/200x150/filters:strip_icc()/pic8920149.png,,2,2,40,60,60,,2.5641,4507,"1,2",2,12+,Extensive use of text - massive conversion needed to be playable,0,0,1,1,3,0,0,0,0,,2025-12-22 16:25:01,0,0,7.93721,6.42534,1616,1.19161,1514,Strategy Game Rank: 793; Family Game Rank: 370,,,,,,,,,,,,,,,,,"Johannes review Top 20 of 2025

Tableau Bulider with cute art.  Looks different enough",,
155987,79125908,Abyss,Abyss,2014,https://cf.geekdo-images.com/O9nPs9wrCghDF4izqFtoGQ__original/img/rStAIe-Q4IjeOhxlkg1SAinMbcY=/0x0/filters:format(jpeg)/pic1965255.jpg,https://cf.geekdo-images.com/O9nPs9wrCghDF4izqFtoGQ__small/img/v2bPSjIYCfD7ekFGQswrRLwkonY=/fit-in/200x150/filters:strip_icc()/pic1965255.jpg,,2,4,30,60,60,,2.3199,21884,"2,3,4",4,10+,Moderate in-game text - needs crib sheet or paste ups,1,0,0,0,3,0,0,0,0,,2026-05-31 20:15:55,1,7,7.32182,7.05688,16833,1.26214,442,Strategy Game Rank: 331,Indy Spiel,2026-04-30,2026-05-15,35,USD,,,,,,,,,,,,2021 DT Too 100 both Zee and Mike D speak highly of this one,,"[2-Resident]
$35 from Brad Rider Indy Spiel May 2026"
429861,123876212,Ace of Spades,Ace of Spades,2025,https://cf.geekdo-images.com/m6Do-APgKAZXZvH5UaWoCQ__original/img/t3P7L-OkowaeMUbgLy5b66wkwBg=/0x0/filters:format(jpeg)/pic8773199.jpg,https://cf.geekdo-images.com/m6Do-APgKAZXZvH5UaWoCQ__small/img/ncloDo0PHRQAp0I5N4QZp7b36MM=/fit-in/200x150/filters:strip_icc()/pic8773199.jpg,,1,2,40,45,45,,2.25,1700,"1,2",1,10+,Moderate in-game text - needs crib sheet or paste ups,1,0,0,0,1,0,0,0,0,,2026-05-31 16:35:05,2,8,7.51499,5.9251,757,2.6349,3668,Thematic Rank: 719,GenCon,2025-07-31,2025-07-31,30,,,,,,,,,,,,,,,"[1-Permanent]
Includes Sleeves and GenCon 2025 Promos"
413469,120387787,Ada's Dream,Ada's Dream,2025,https://cf.geekdo-images.com/i3YeleJsNmnvcKdwgW3TKA__original/img/0bHPZadTVedYlWrXsy0LKZ0Kwf8=/0x0/filters:format(jpeg)/pic8030666.jpg,https://cf.geekdo-images.com/i3YeleJsNmnvcKdwgW3TKA__small/img/PnqlbLRuC-3OB7dWtElkQkhLdxg=/fit-in/200x150/filters:strip_icc()/pic8030666.jpg,,1,4,90,120,120,,3.9091,1895,"1,2,3,4",3,14+,Some necessary text - easily memorized or small crib sheet,1,0,0,0,3,1,0,0,0,,2026-05-31 20:16:18,1,8,8.03616,6.22801,980,1.18891,2129,Strategy Game Rank: 991,Kickstarter,2024-06-19,2025-11-06,100,USD,,,,,,,,,,,,,,"[3-Transient]
Collectors edition includes coins and neoprene mat"
9823,74046150,Advanced Squad Leader: Starter Kit #1,Advanced Squad Leader: Starter Kit #1,2004,https://cf.geekdo-images.com/fdW-dYgzl1IPdW0Bu1aj7Q__original/img/BLzLcrZQPiH3i_I5qYe-iZlTfac=/0x0/filters:format(jpeg)/pic40772.jpg,https://cf.geekdo-images.com/fdW-dYgzl1IPdW0Bu1aj7Q__small/img/ZEfuj9dfmJM6hdOiBw-fxlhb24k=/fit-in/200x150/filters:strip_icc()/pic40772.jpg,,2,2,120,120,120,,3.7636,6187,"1,2",2,14+,No necessary in-game text,0,0,0,0,3,0,0,0,0,,2022-10-11 08:54:43,0,0,7.84418,6.68633,2784,1.63616,941,War Game Rank: 27,,,,,,,,,,,,,,,,,,,
183231,132290465,Adventure Land,Adventure Land,2015,https://cf.geekdo-images.com/lVb-rpf8bq9_5ikHyIxNhg__original/img/WS7SP2vKUSf1kE0vJ-ygv1Stw4I=/0x0/filters:format(jpeg)/pic2958289.jpg,https://cf.geekdo-images.com/lVb-rpf8bq9_5ikHyIxNhg__small/img/6anGcT5MoakCP7PmqVFROGJqH9o=/fit-in/200x150/filters:strip_icc()/pic2958289.jpg,,2,4,45,45,45,,1.85,5039,"2,3,4",3,8+,No necessary in-game text,1,0,0,0,3,1,0,0,0,,2026-05-31 17:22:38,0,0,6.89093,6.27064,2947,1.15106,1976,Family Game Rank: 587,Indy Spiel,2025-05-14,2025-05-16,5,USD,,,,,,,,,,,,,,[4-Evaluate]
377895,116863881,Adventuring Letty,Adventuring Letty,2022,https://cf.geekdo-images.com/B1gLQ1C9gwkBwHd3xhfeag__original/img/2-fA2oQIFOt89x0bslchnp0dmow=/0x0/filters:format(jpeg)/pic7267051.jpg,https://cf.geekdo-images.com/B1gLQ1C9gwkBwHd3xhfeag__small/img/6rd8XoGw9rcW2nWw2xypGAOZYis=/fit-in/200x150/filters:strip_icc()/pic7267051.jpg,,2,8,10,30,30,,0,6,,,,,0,1,0,0,3,0,0,0,0,,2026-05-15 22:19:54,0,0,6.8,0,5,3.18748,0,,BackerKit,2024-03-01,2026-04-10,20,USD,,,,,,,,,,,,,,
369548,107119974,After Us,After Us,2023,https://cf.geekdo-images.com/0p98Q5dENk3sh9mqd3xM0w__original/img/Om4e6Ew9yE-jttGA9OIQOiO7kVM=/0x0/filters:format(png)/pic7471323.png,https://cf.geekdo-images.com/0p98Q5dENk3sh9mqd3xM0w__small/img/o1EGwssgObCxAUjaBB_yKS4SXVs=/fit-in/200x150/filters:strip_icc()/pic7471323.png,,1,6,40,60,60,,2.0435,4157,"2,3,4,5",3,10+,No necessary in-game text,0,0,0,0,2,0,0,0,1,,2026-05-08 08:55:50,2,7,6.77576,6.21061,3140,1.35812,2198,Family Game Rank: 703,Cardhaus,2023-07-23,2025-09-21,37.96,USD,20,USD,Sold - Geekmarket,Only played a couple times,,,,,,,,"2023 GenCon Preview
Unique deckbuilding / programming",,"Sold $20 Indy Spiel Fall (John Hines)

Expected Aug 18
Listed for $25 in Geekmarket on 2025-07-08"
383179,105534643,Age of Innovation,Age of Innovation,2023,https://cf.geekdo-images.com/D1vrcFEptCEoD8Z6s_iRfw__original/img/1vY0K3wSqlYXq0JEylSI-7agxKs=/0x0/filters:format(jpeg)/pic7430993.jpg,https://cf.geekdo-images.com/D1vrcFEptCEoD8Z6s_iRfw__small/img/0yBK_DMaSgRVrp2fGuNPgb0Jo7w=/fit-in/200x150/filters:strip_icc()/pic7430993.jpg,,1,5,40,200,200,,4.2683,11304,"1,2,3,4,5",4,14+,No necessary in-game text,0,0,0,0,2,0,0,0,0,,2024-01-08 20:44:30,0,0,8.44771,7.7536,8515,1.32356,56,Strategy Game Rank: 31,,,,,,,,,,,,,,,,,Terra Mystica / Gaia Project,,
179933,36079825,Agility,Agility,2016,https://cf.geekdo-images.com/FcFvHNXSxM-wspj9GhvWbQ__original/img/Hpf7TjupPlEW6kIg_tqhpB228wg=/0x0/filters:format(png)/pic2635191.png,https://cf.geekdo-images.com/FcFvHNXSxM-wspj9GhvWbQ__small/img/9T1hyg025oglXRshjRDvuubUuAU=/fit-in/200x150/filters:strip_icc()/pic2635191.png,,2,2,30,45,45,,2.08,1304,2,2,8+,No necessary in-game text,1,0,0,0,3,0,0,0,0,,2026-05-31 20:27:53,1,8,6.91854,5.81049,689,1.29075,4691,Strategy Game Rank: 1899; Family Game Rank: 1417,KS,2015-10-25,,29,USD,,,Angie Game,,,,,,,,,,Good two player game.  Like the game pieces. Love the theme and the fact that the Mighty Mutt looks like our Mighty Mutt!,[2-Resident]
388659,113466849,Agree to Disagree,Agree to Disagree,2024,https://cf.geekdo-images.com/Z0Dpt9fuJGsCLqf_qZhFng__original/img/jlyDHFoePOBhOPON4an0JtblKzE=/0x0/filters:format(jpeg)/pic7560816.jpg,https://cf.geekdo-images.com/Z0Dpt9fuJGsCLqf_qZhFng__small/img/eDExzR4WD8rI6SpV76jzWQ8MPv0=/fit-in/200x150/filters:strip_icc()/pic7560816.jpg,,2,8,10,25,25,,1.5,173,"2,3,4,5,6,7,8","2,3,5,6,7,8",6–10,,0,0,0,0,3,0,0,0,0,,2024-08-03 22:18:32,0,0,5.94805,5.50905,77,1.91091,23023,,,,,,,,,,,,,,,,,,"DT Winter Spectacular looked interesting
Took a look at GenCon 2024.  Seems like it would start arguments",,
321140,106144297,Ahau: Rulers of Yucatán,Ahau: Rulers of Yucatán,2023,https://cf.geekdo-images.com/J8XWQVItZTsoDusKPkHrKw__original/img/bFj0Xz0CXH5wJW6zgOG6bak723w=/0x0/filters:format(jpeg)/pic6700728.jpg,https://cf.geekdo-images.com/J8XWQVItZTsoDusKPkHrKw__small/img/I90STpBRiz0dxlE8QxfIdGdWH50=/fit-in/200x150/filters:strip_icc()/pic6700728.jpg,,1,5,90,120,120,,3.6,810,"2,3,4,5",3,14–2,,0,0,0,0,3,0,0,0,0,,2024-01-09 19:31:04,0,0,6.93747,5.62165,265,1.64971,8444,,,,,,,,,,,,,,,,,,"GenCon 2023 
Components and artwork look awesome
Game play seems a little complex.
Looks fun but can definitely wait for this one",,
359402,95638629,Ahoy,Ahoy,2022,https://cf.geekdo-images.com/yHPkYCQixecmdL9Sabj6kQ__original/img/DxD2mODd6VeiC7nVTFUFL7URgtk=/0x0/filters:format(png)/pic6946121.png,https://cf.geekdo-images.com/yHPkYCQixecmdL9Sabj6kQ__small/img/8qyAzZxMu7QYM3gqMSYex9IFpO0=/fit-in/200x150/filters:strip_icc()/pic6946121.png,,2,4,45,75,75,,2.8957,7798,"2,3,4","3,4",10+,Moderate in-game text - needs crib sheet or paste ups,0,0,0,0,2,0,0,0,1,,2024-08-07 21:04:06,1,7,7.24187,6.50192,3582,1.33969,1323,Strategy Game Rank: 778,Leder Games Pre-Order,2022-08-12,2024-07-31,40,USD,10,USD,GenCon 2024 Auction / Store,,,,,,,,,Leder Games,,Sold for $10 GenCon 2024 Auction
357563,94846649,Akropolis,Akropolis,2022,https://cf.geekdo-images.com/OTb0hIJHE-U3eD0FmpBrzA__original/img/GpSyHl2wwgLJ6JHJAjPbEQk4MNU=/0x0/filters:format(jpeg)/pic6705097.jpg,https://cf.geekdo-images.com/OTb0hIJHE-U3eD0FmpBrzA__small/img/ELFjkv8JJACHRQHQf6b9hzJziaw=/fit-in/200x150/filters:strip_icc()/pic6705097.jpg,,1,4,20,30,30,,1.8007,14966,"2,3,4",3,8+,No necessary in-game text,1,0,0,0,3,0,0,0,0,1,2026-05-31 20:17:34,5,8,7.44526,7.04625,10399,1.12104,452,Family Game Rank: 91,GeekMarket racinrod,2023-02-27,,25,USD,,,,,,,,,,,,,,[3-Transient]
383175,110582336,Aldebaran Duel,Aldebaran Duel,2023,https://cf.geekdo-images.com/1VaN0EmQKCyeMo-mcGNqJA__original/img/FZKoSifTPl36F3RA7GwYK3i7ULs=/0x0/filters:format(jpeg)/pic7437874.jpg,https://cf.geekdo-images.com/1VaN0EmQKCyeMo-mcGNqJA__small/img/mbotdujOaUgutE9LszO-kByeSPA=/fit-in/200x150/filters:strip_icc()/pic7437874.jpg,,1,2,60,90,90,,2.7857,534,"1,2",2,,,0,0,0,0,3,0,0,0,1,,2025-08-03 20:41:14,0,0,6.99078,5.64643,255,1.32787,7616,,MayCon Raffle Prize,2024-05-25,2025-07-08,,,,,GenCon Store / Auction 2025,,,,,,,,,"Suchy
Essen 23",,$25 Geekmarket 2025-07-08
48726,70317800,Alien Frontiers,Alien Frontiers,2017,https://cf.geekdo-images.com/UWZTWLXFfg_6HpXJmviL3g__original/img/1EiMWmB4iGMDRbaXuvZQtlszM_Q=/0x0/filters:format(png)/pic3360924.png,https://cf.geekdo-images.com/UWZTWLXFfg_6HpXJmviL3g__small/img/KBuRMq00g4PlosEQSUUTDLzsYN8=/fit-in/200x150/filters:strip_icc()/pic3360924.png,,2,4,90,90,90,,2.5647,15906,"2,3,4","3,4",10+,Moderate in-game text - needs crib sheet or paste ups,1,0,0,0,3,0,0,0,0,1,2026-05-31 20:10:58,1,7,7.33907,7.07955,15589,1.32063,410,Strategy Game Rank: 297,KS,2020-04-04,2025-07-08,99,USD,,,Office,"Trade interest very low.  This was from the KS that delivered in April 2020.

This contains the Base Game PLUS the Factions Definitive Edition ($99 level from the Aug 2018 KS)",,,,Game Salute,English,2017,English fifth edition,,"Fun dice placement game, but it seems a little slow with too much downtime (first play at 3 players). Would like to try at 2 player to see if that helps with slowness feeling","[2-Resident]
Includes Alien Factions Definitive Edition all in Base Box
Take $75"
258319,54237535,Alien Frontiers Factions: Definitive Edition,Alien Frontiers Factions: Definitive Edition,2020,https://cf.geekdo-images.com/Z_yrdZjU8NsTp1wo3SL2Cw__original/img/SUL-_DSv0BPRDegkBfFwMnILfCM=/0x0/filters:format(png)/pic4430597.png,https://cf.geekdo-images.com/Z_yrdZjU8NsTp1wo3SL2Cw__small/img/QQeTlaYKNl1Av8gjZkeqKODTTY4=/fit-in/200x150/filters:strip_icc()/pic4430597.png,,2,4,60,60,60,,0,518,,,,,1,0,0,0,3,0,0,0,0,,2026-05-31 20:11:13,1,0,7.76067,5.57837,89,1.25623,0,,KS ,2018-08-30,2025-07-08,99,USD,,,Office,Trade interest very low.  Package deal with Base Game only,,,,,,,,,,"[2-Resident]
with core game and the expansion"
299960,72347455,Alma Mater,Alma Mater,2020,https://cf.geekdo-images.com/TYaY5oUlCIOCwDYJkjgKWg__original/img/HJD7_FeLkRx9BDSsFYp8GTC3jsM=/0x0/filters:format(jpeg)/pic5199243.jpg,https://cf.geekdo-images.com/TYaY5oUlCIOCwDYJkjgKWg__small/img/bj66Z9SfSDy3futFwlY-HAJM1fo=/fit-in/200x150/filters:strip_icc()/pic5199243.jpg,,2,4,90,150,150,,3.7413,7618,"2,3,4",4,14+,Some necessary text - easily memorized or small crib sheet,0,0,0,0,3,0,0,0,0,,2023-02-25 22:21:56,0,0,7.261,6.53394,3544,1.33564,1242,Strategy Game Rank: 688,,,,,,,,,,,,,,,,,"Game play looks kinda interesting (MvM overview)
Theme... meh?",,
428194,137729873,Amalfi: Repubblica Marinara,Amalfi: Repubblica Marinara,2024,https://cf.geekdo-images.com/A4oyhAft1hGN7fIjUmmQrw__original/img/GYMePToph8Cog3GmT1CXhkfcdKM=/0x0/filters:format(jpeg)/pic8562078.jpg,https://cf.geekdo-images.com/A4oyhAft1hGN7fIjUmmQrw__small/img/CcD6K4vXuSrybWKN9_OOmcIKl14=/fit-in/200x150/filters:strip_icc()/pic8562078.jpg,,2,6,20,40,40,,0,47,"3,4","3,4",,No necessary in-game text,0,0,1,0,3,0,0,0,0,,2025-10-24 11:41:35,0,0,7.06667,0,15,1.70163,0,,,,,,,,,,,,,,,,,,"Essen 2025 
6 player bluffing and moving ships",,
344269,85035654,America's Main Street,America's Main Street,2022,https://cf.geekdo-images.com/DHwUKZXj8DXyhoSKHtvtgg__original/img/qTqE8Kr1hdwRRn5P_EG--6wAT1U=/0x0/filters:format(png)/pic6340621.png,https://cf.geekdo-images.com/DHwUKZXj8DXyhoSKHtvtgg__small/img/6q7SfWwHxxRd3i7Ss1-thTdXadE=/fit-in/200x150/filters:strip_icc()/pic6340621.png,,1,5,10,20,20,,1,154,"1,2",1,,,0,0,0,0,3,0,0,0,1,,2025-05-14 20:25:15,0,0,5.78987,5.50544,43,1.39413,24261,,KS,2021-08-25,2025-05-14,10,USD,5,USD,Indy Spiel,,,,,,,,,,,"Sold at Indy Spiel 2025 for $5

Price Paid is estamiated from

6 for the Road Bundle was $49 and contains:

The Mother Road, Route 66
America's Main Street -- 2 new Travel-Size Route 66 Family Games
Sixes, The Portable Party Game for 6-106 Players and Ages
Dead Man's Chest, the Pint-Sized party game
The Pink Cadillac Expansion to Route 66, The Mother Road
The Great Races, an original roll and write game by Sid Sackson"
232303,53155583,Amun-Re: The Card Game,Amun-Re: The Card Game,2017,https://cf.geekdo-images.com/EWHQLiET4YUtP2ytU8MUQA__original/img/QUYpzr2ARQqo0apZH7cksTInv1U=/0x0/filters:format(jpeg)/pic3674774.jpg,https://cf.geekdo-images.com/EWHQLiET4YUtP2ytU8MUQA__small/img/YCK4Ew9T5moFqVTN2a17WGfKppo=/fit-in/200x150/filters:strip_icc()/pic3674774.jpg,,2,5,45,45,45,,2.3714,1667,"2,3,4,5",3,12+,No necessary in-game text,0,0,0,0,4,0,0,0,1,,2024-07-14 20:32:11,1,6,6.53323,5.73865,738,1.24848,5610,Strategy Game Rank: 2087,Miniature Market,2018-10-02,,17.79,USD,,,Traded,,,,,,,,,"2018 Gen Con
Never got to play",,"Traded for Win, Place, Show"
360879,93803165,Amygdala,Amygdala,2023,https://cf.geekdo-images.com/3FcKdodsE6Ukne2Lx6jclA__original/img/OLE-FPXaGj6cu_pC9rw9Jjtx3ag=/0x0/filters:format(jpeg)/pic6811417.jpg,https://cf.geekdo-images.com/3FcKdodsE6Ukne2Lx6jclA__small/img/uxORN2Cq--CCwMCO7IufeYx-dms=/fit-in/200x150/filters:strip_icc()/pic6811417.jpg,,2,4,60,90,90,,2.9091,713,"2,3,4","2,3",12+,No necessary in-game text,0,0,0,0,3,0,0,0,0,,2022-10-11 08:54:50,0,0,6.66598,5.62254,278,1.5103,8394,Abstract Game Rank: 303; Strategy Game Rank: 2476,,,,,,,,,,,,,,,,,,,
357890,104085034,An Age Contrived,An Age Contrived,2024,https://cf.geekdo-images.com/K5ia-2xS04p1qcvPuWoBig__original/img/dWmx0CsZvJmkO908EzxsoLhBk-c=/0x0/filters:format(png)/pic7005083.png,https://cf.geekdo-images.com/K5ia-2xS04p1qcvPuWoBig__small/img/cp_2JaeuO9IZEBs9RWx7wM3k9VQ=/fit-in/200x150/filters:strip_icc()/pic7005083.png,,1,5,90,120,120,,3.5,1954,"1,2,3,4",3,12+,No necessary in-game text,1,0,0,0,3,1,0,0,0,1,2026-05-31 20:16:42,1,7,6.78226,5.75257,679,1.70663,5411,,KS,2023-03-01,2024-04-20,119,USD,,,,,,,,,,,,,,"[3-Transient]
Founders Edition"
305564,72325516,Anchorman: The Game – Improper Teleprompter,Anchorman: The Game – Improper Teleprompter,2020,https://cf.geekdo-images.com/q0Ve5nlhkqiBHd3P3pkslA__original/img/7Ye3BmErW8qeuzNqfjNfaF375XQ=/0x0/filters:format(png)/pic5989794.png,https://cf.geekdo-images.com/q0Ve5nlhkqiBHd3P3pkslA__small/img/0HYKu7VGpyBfbrsEe3sZLADtcVM=/fit-in/200x150/filters:strip_icc()/pic5989794.png,,2,8,0,0,0,,1,452,,,,,1,0,0,0,3,0,0,0,0,1,2026-05-31 20:17:59,1,7,6.24365,5.52001,95,1.88691,19388,,KS,2020-06-28,,36,USD,,,Lakehouse,,,,,,,,,,,"[3-Transient]
PM DONE 13 April 2020
 
KICKSTARTER EXCLUSIVE DELUXE EDITION
Get the retail version PLUS lots of fun bonus goodies. This won't be on store shelves!

•2 Sex Panther timers! Includes the exclusive Red Collar Panther. Perfect for the office, kitchen, or Oscar display shelf.

•2 new Score Magnet designs

•Blank magnets to make your own damn words

•Ron Burgundy's Vocal Warm-Up Guide (To Go!)

•all stretch goals"
338093,113568523,Ancient Knowledge,Ancient Knowledge,2023,https://cf.geekdo-images.com/EDJ1Xynm6XjAKeG-q2B85A__original/img/fjmKvrqL1EfIvWltRy1vw49Jf58=/0x0/filters:format(jpeg)/pic7600216.jpg,https://cf.geekdo-images.com/EDJ1Xynm6XjAKeG-q2B85A__small/img/kgmY0jqbsq14Glt--pyJ8shSZuY=/fit-in/200x150/filters:strip_icc()/pic7600216.jpg,,2,4,75,75,75,,2.7132,5370,"2,3",2,12+,Extensive use of text - massive conversion needed to be playable,1,0,0,0,2,0,0,0,0,,2026-05-31 20:18:13,3,7,7.12238,6.46312,3665,1.289,1415,Strategy Game Rank: 791,Indy Spiel,2026-05-05,2026-05-15,15,USD,,,,,,,,,,,,DT Top 10 2023 reviews have me intrigued,,"[2-Resident]
Erik Angelotti $15 Indy Spiel May 2026"
91080,73912076,Andean Abyss,Andean Abyss,2012,https://cf.geekdo-images.com/MB8ou4M0PrsBAxADi4EAXQ__original/img/yzWulDyc8Gv7Bort8AWe1o5XusE=/0x0/filters:format(jpeg)/pic1381149.jpg,https://cf.geekdo-images.com/MB8ou4M0PrsBAxADi4EAXQ__small/img/hLccs7YHRdCLpDPKU7SJ8-z6uhI=/fit-in/200x150/filters:strip_icc()/pic1381149.jpg,,1,4,360,360,360,,3.8047,3750,"1,2,3,4",4,14+,Extensive use of text - massive conversion needed to be playable,0,0,0,0,3,0,0,0,0,,2025-11-17 20:26:25,0,0,7.58869,6.46842,2136,1.41188,1402,War Game Rank: 80,,,,,,,,,,,,,,,,,,,
124742,29662090,Android: Netrunner,Android: Netrunner,2012,https://cf.geekdo-images.com/2ewHIIG_TRq8bYlqk0jIMw__original/img/cassW39WF2QrPImJF59efADAmM0=/0x0/filters:format(jpeg)/pic3738560.jpg,https://cf.geekdo-images.com/2ewHIIG_TRq8bYlqk0jIMw__small/img/IJaOyyQ7Y59tW6nbKbjTMTFt-Ls=/fit-in/200x150/filters:strip_icc()/pic3738560.jpg,,2,2,45,45,45,,3.4154,47372,2,2,12+,Extensive use of text - massive conversion needed to be playable,1,0,0,0,3,0,0,1,0,,2026-05-31 20:11:20,3,7,7.89246,7.65282,31336,1.65741,83,Customizable Rank: 6,Amazon,2015-08-06,2025-07-08,29,USD,,,Office,,,,,,,,,,Mechanics are somewhat difficult to learn. But concept is fun!  Rating will likely go up when I learn.,[5-Exiting]
358661,96537336,Andromeda's Edge,Andromeda's Edge,2024,https://cf.geekdo-images.com/n3gYugbvd_LHVynDhfoVbw__original/img/wpassO7P8Vb-3tke2X3Ou5Pn0LE=/0x0/filters:format(jpeg)/pic7334483.jpg,https://cf.geekdo-images.com/n3gYugbvd_LHVynDhfoVbw__small/img/ze7YA6aXpf6xgmDUhD0gv_HoW30=/fit-in/200x150/filters:strip_icc()/pic7334483.jpg,,2,4,80,160,160,,3.7467,10668,"1,2,3,4",3,14+,Extensive use of text - massive conversion needed to be playable,1,0,0,0,1,0,0,0,0,,2026-05-31 16:19:58,2,10,8.24995,7.40285,6170,1.44913,174,Strategy Game Rank: 102,Gamefound,2023-01-31,2024-09-13,189,USD,,,,,,,,,,,,Luke Laurie Dwelling of Eldervale but BETTER!,,"[1-Permanent]
All In!"
452835,136284414,Andromeda's Edge: Genesis,Andromeda's Edge: Genesis,2026,https://cf.geekdo-images.com/HUCBOU12fOB73rgeTdwQHg__original/img/HaE62a49UIQDx7caoUx7GAxgKuY=/0x0/filters:format(png)/pic9069917.png,https://cf.geekdo-images.com/HUCBOU12fOB73rgeTdwQHg__small/img/Wvr3r3qfC8lbiQe2iM3b7Vps2iY=/fit-in/200x150/filters:strip_icc()/pic9069917.png,,2,4,80,160,160,,0,196,,,,,0,1,0,0,3,0,0,0,0,,2025-09-09 20:01:02,0,0,8.08591,0,22,2.24639,0,,Gamefound,2025-09-09,,174,USD,,,,,,,,,,,,,,"Andromeda's Edge: Genesis
$29.00
AE Dice Tower Event Cards Promo
$5.00
Andromeda's Edge Epic Accessories
$129.00
AE Sleeves Pack (GENESIS ONLY)
$4.00
AE Genesis Coaster Set
$3.00
AE Jumbo Raider Dice
$4.00"
285967,62733102,Ankh: Gods of Egypt,Ankh: Gods of Egypt,2021,https://cf.geekdo-images.com/_al0scMG_pQfGVM31Scf1Q__original/img/h4jBTaOjznJgWELa6tTrfPqqSeA=/0x0/filters:format(jpeg)/pic6107853.jpg,https://cf.geekdo-images.com/_al0scMG_pQfGVM31Scf1Q__small/img/OMVAMJX95HNO-vSRdk-kGjAzzBY=/fit-in/200x150/filters:strip_icc()/pic6107853.jpg,,2,5,90,90,90,,3.1321,19621,"2,3,4,5","2,4",12+,Moderate in-game text - needs crib sheet or paste ups,0,0,0,0,1,0,0,0,0,1,2023-01-23 19:35:27,0,0,7.7268,7.27013,11635,1.53966,254,Strategy Game Rank: 174,KS,2020-04-14,,100,USD,,,Heavy,,,,,,,,,"Eric Lang
KS April 2020
Cancelled KS due to CMON BS going on right now, Will Buy Retail",,
446699,135497697,Ants,Ants,2025,https://cf.geekdo-images.com/lyKT3v-P7CmjfbULo6TRzg__original/img/NZlttWh_YsbpeYQtfGJRFpOKj-w=/0x0/filters:format(jpeg)/pic9497677.jpg,https://cf.geekdo-images.com/lyKT3v-P7CmjfbULo6TRzg__small/img/_7qi1Hv4UZWsCmG7ZgsygQjEOjE=/fit-in/200x150/filters:strip_icc()/pic9497677.jpg,,2,4,90,90,90,,3.7143,1706,"2,3,4",3,12+,No necessary in-game text,0,0,0,0,3,0,0,0,0,,2026-05-07 16:49:39,0,0,7.78523,6.17896,1070,1.27697,2313,Strategy Game Rank: 1076,,,,,,,,,,,,,,,,,"Essen 2025
Italian Designers

Rats of Wistar look",,
344105,96081581,Anunnaki: Dawn of the Gods,Anunnaki: Dawn of the Gods,2023,https://cf.geekdo-images.com/4LzP3k9XhXmkr21w1-fBbg__original/img/VbsphF0hF2QWcnPeujJWoYQqP_M=/0x0/filters:format(png)/pic7812441.png,https://cf.geekdo-images.com/4LzP3k9XhXmkr21w1-fBbg__small/img/6Y1_Q1Abt0zvDDBCkIcId3qil5Q=/fit-in/200x150/filters:strip_icc()/pic7812441.png,,1,4,60,120,120,,3.549,1682,"2,3,4",3,14+,Some necessary text - easily memorized or small crib sheet,1,0,0,0,2,1,0,0,0,,2026-05-31 20:18:40,1,7,7.37549,6.00671,914,1.42114,3137,Strategy Game Rank: 1408,BGG Marketplace Chad Pemroe,2023-10-22,2023-10-25,60,USD,,,,Trade interest is VERY LOW for this one.  Would have to be the right offer for a trade to happen.  Like New played twice. Kickstarter Base Game only.,,,,,,,,"GenCon 2022
Luciani",,"[3-Transient]
KS Base game only"
400314,110447138,Apiary,Apiary,2023,https://cf.geekdo-images.com/dT1vJbUizZFmJAphKg-byA__original/img/lQe_6iIMvCPrG9aH65RjiWL3s2Q=/0x0/filters:format(png)/pic7720813.png,https://cf.geekdo-images.com/dT1vJbUizZFmJAphKg-byA__small/img/X3_vUM9wGDabo0Goc3iCZE7IfWM=/fit-in/200x150/filters:strip_icc()/pic7720813.png,,1,5,60,90,90,,3.0139,15039,"1,2,3,4,5",3,12+,Moderate in-game text - needs crib sheet or paste ups,1,0,0,0,3,0,0,0,0,,2026-05-31 20:19:40,4,9,7.66181,7.18136,9262,1.26416,320,Strategy Game Rank: 211,Stonemaier,2023-10-04,2023-10-20,47,USD,,,,,,,,,,,,,,[1-Permanent]
427705,122890514,Apiary: Expanding the Hive,Apiary: Expanding the Hive,2024,https://cf.geekdo-images.com/RLuG8yld4HACaK8A6CpoYg__original/img/hBtzmBXg79h3DdaSUX6bgoY9i9c=/0x0/filters:format(jpeg)/pic8391222.jpg,https://cf.geekdo-images.com/RLuG8yld4HACaK8A6CpoYg__small/img/MK7a7_YjYnD8GA047czZVR3X7o0=/fit-in/200x150/filters:strip_icc()/pic8391222.jpg,,1,5,60,90,90,,2.7778,3493,"1,2,3,4",4,10+,,1,0,0,0,3,0,0,0,0,1,2024-09-12 19:29:49,0,0,8.26843,6.00361,529,1.18844,0,,Stonemaier,2024-09-04,2024-09-07,15,USD,,,,,,,,,,,,,,
74,21292664,Apples to Apples,Apples to Apples,1999,https://cf.geekdo-images.com/S5GzB_f2Re3kEDoSxqG5Ew__original/img/K49MN0Ij_tZOgDK4znCUJGu6aU4=/0x0/filters:format(jpeg)/pic213515.jpg,https://cf.geekdo-images.com/S5GzB_f2Re3kEDoSxqG5Ew__small/img/kJ1JQ_d9xEZ00sJ1dLvwyQYiQUA=/fit-in/200x150/filters:strip_icc()/pic213515.jpg,,4,10,20,30,30,,1.1526,31477,"4,5,6,7,8,9,10","6,7,8",8+,Extensive use of text - massive conversion needed to be playable,1,0,0,0,3,0,0,0,0,,2026-05-31 20:19:54,1,5,5.73908,5.62735,19900,1.69628,8218,Party Game Rank: 800,,2013-11-30,,18,USD,,,Mamaws,,,,,,,,,,Sort of fun with the family. Easy to play,"[2-Resident]
PP Estimate"
360471,95972643,Aquamarine,Aquamarine,2022,https://cf.geekdo-images.com/Tz21bWwOaJcsgUCOeP5G_Q__original/img/McGiEvDXD952_Jf_BPGsaDBqmUQ=/0x0/filters:format(png)/pic6983965.png,https://cf.geekdo-images.com/Tz21bWwOaJcsgUCOeP5G_Q__small/img/JXo6jQvE34-5f-fs2LE7Zhd43-4=/fit-in/200x150/filters:strip_icc()/pic6983965.png,,1,100,20,30,30,,1.8,2385,"1,2,3,4,5,6,7,8","2,3",8+,Some necessary text - easily memorized or small crib sheet,1,0,0,0,3,0,0,0,0,,2026-05-31 20:23:41,1,7,7.30646,5.93443,771,1.07716,3616,Strategy Game Rank: 1596; Family Game Rank: 1106,KS,2022-07-19,,5,USD,,,Print n Play,,,,,,,,,PnP Roll n Write from same designers / company as Voyages,,"[2-Resident]
https://www.dropbox.com/sh/p7f4p6jj0d29qi0/AADFbMmlkk8YlUxsLoXqap7Da?dl=0"
443932,135497214,Aquaria,Aquaria,2025,https://cf.geekdo-images.com/44BwMuvFoPjaHHmLZH8sGQ__original/img/zVC4KVw2_QPAF0oQgpfxaMRo-wo=/0x0/filters:format(jpeg)/pic8822242.jpg,https://cf.geekdo-images.com/44BwMuvFoPjaHHmLZH8sGQ__small/img/ckCn6SFSeTdK_sE7njUJYQ0rPLw=/fit-in/200x150/filters:strip_icc()/pic8822242.jpg,,1,4,45,120,120,,3.0789,1276,"1,2,3,4",2,12+,No necessary in-game text,0,0,1,1,3,0,0,0,0,,2025-10-20 19:37:02,0,0,7.18441,5.83897,613,1.24171,4410,,,,,,,,,,,,,,,,,,"Essen 2025
Holek",,
140934,100294861,Arboretum,Arboretum,2015,https://cf.geekdo-images.com/XYOn10oXBrDqHySf0jvnyQ__original/img/RMi0pEsP8agfH-tgYkeRGilD3oo=/0x0/filters:format(png)/pic4172124.png,https://cf.geekdo-images.com/XYOn10oXBrDqHySf0jvnyQ__small/img/X6V1M2nZOinTgwE0KIBfup_QrCw=/fit-in/200x150/filters:strip_icc()/pic4172124.png,,2,4,30,30,30,,2.1118,43149,"2,3,4",2,10+,No necessary in-game text,1,0,0,0,3,0,0,0,0,,2026-05-31 20:20:32,3,8,7.24223,7.05942,23877,1.26908,437,Family Game Rank: 106,Amazon Black Friday Deal,2022-11-28,2025-08-23,10,USD,,,Lakehouse,,,,,,,,,,Love the simple rules and deeper strategy of this game.  So much fun!,[3-Transient]
309408,90835959,Arcana Rising,Arcana Rising,2021,https://cf.geekdo-images.com/FXDfYentfwG-5f7Bui-pPw__original/img/JFaGPGqMLhOzjM12llt9FiQMnZg=/0x0/filters:format(jpeg)/pic5529076.jpg,https://cf.geekdo-images.com/FXDfYentfwG-5f7Bui-pPw__small/img/TQUwA3QGS8vYqsa1O37hXYj89TM=/fit-in/200x150/filters:strip_icc()/pic5529076.jpg,,1,6,20,60,60,,2.1176,2161,"1,2,3,4,5,6",4,10+,Some necessary text - easily memorized or small crib sheet,1,0,0,0,3,0,0,0,0,,2026-05-31 20:20:48,3,7,6.81018,5.88557,1055,1.2561,3994,Strategy Game Rank: 1707; Family Game Rank: 1238,Indy Spiel Flea Market -  Erik Angelotti,2025-09-14,2025-10-03,5,USD,,,,,,,,Grey Fox Games,English,2021,English edition,,,"[2-Resident]
Deluxe components - wood resource tokens, abacus scoring apparatuses"
386148,110446813,ArcheOlogic,ArcheOlogic,2023,https://cf.geekdo-images.com/MNh5jWRHJP0s72yy7QnlVQ__original/img/DBEmNIFvm-YhekUTDb-PyYXJtCU=/0x0/filters:format(jpeg)/pic7476782.jpg,https://cf.geekdo-images.com/MNh5jWRHJP0s72yy7QnlVQ__small/img/3lyHu6i6nKQPX8n2yxJj4v_PvvA=/fit-in/200x150/filters:strip_icc()/pic7476782.jpg,,1,4,45,45,45,,2.4444,2020,"1,2,3,4",1,12+,No necessary in-game text,0,0,0,0,3,0,0,0,0,,2025-10-07 20:34:41,0,0,7.02381,5.87225,783,1.25687,4106,Abstract Game Rank: 131,,,,,,,,,,,,,,,,,Turing Machine guy,,
380938,103972846,Archeos Society,Archeos Society,2023,https://cf.geekdo-images.com/92kBNvfOo7OsCh0evdKDPQ__original/img/b_MMC2xcvS4pDpc3dn1iCjSfOfc=/0x0/filters:format(jpeg)/pic7364080.jpg,https://cf.geekdo-images.com/92kBNvfOo7OsCh0evdKDPQ__small/img/IYWrx7j0lm_K4F44_EJr81Lven0=/fit-in/200x150/filters:strip_icc()/pic7364080.jpg,,2,6,60,60,60,,1.9773,2806,"2,3,4,5,6",4,8+,No necessary in-game text,0,0,0,0,3,0,0,0,0,,2023-08-21 09:12:34,0,0,7.07652,6.12054,1506,1.31796,2566,Strategy Game Rank: 1229; Family Game Rank: 748,,,,,,,,,,,,,,,,,Reimplementation of Ethnos,,
198522,36079531,Archer: Once You Go Blackmail...,Archer: Once You Go Blackmail...,2016,https://cf.geekdo-images.com/ANjCdBN2NE5dSZA2HTI29g__original/img/uLhwVA-9bOloKELRW5s7hqQGLJU=/0x0/filters:format(jpeg)/pic2986375.jpg,https://cf.geekdo-images.com/ANjCdBN2NE5dSZA2HTI29g__small/img/Y6RS2AggsnePuNwpF7CSZVd2K90=/fit-in/200x150/filters:strip_icc()/pic2986375.jpg,,2,4,20,30,30,,1.2632,2222,"2,3,4",4,12+,Some necessary text - easily memorized or small crib sheet,1,0,0,0,1,0,0,0,0,,2026-05-31 16:27:12,6,8,7.09253,5.92486,934,1.30554,3671,,Amazon,2018-09-10,,10,USD,,,,,,,,,,,,,"Simple, fun filler game.  Phrasing...",[1-Permanent]
256390,113409832,Architectura,Architectura,2018,https://cf.geekdo-images.com/OAep7OjH2iPei5yK09-pxA__original/img/e5VqkBJSC9-rc7fmACAszVx3p5I=/0x0/filters:format(jpeg)/pic4224397.jpg,https://cf.geekdo-images.com/OAep7OjH2iPei5yK09-pxA__small/img/BM03KAEjdA2TmKhSKwxEies3Kvg=/fit-in/200x150/filters:strip_icc()/pic4224397.jpg,,2,4,30,45,45,,1.8182,1924,"2,3,4","2,3",8+,Moderate in-game text - needs crib sheet or paste ups,0,0,0,0,3,0,0,0,0,,2025-08-12 19:03:24,0,0,6.02598,5.62084,819,1.40181,8474,,,,,,,,,,,,,,,,,,Saw this on Arcane Wonders site on sale for $5,,
359871,92871237,Arcs,Arcs,2024,https://cf.geekdo-images.com/f97Nqau89BZsKt2n27zrZg__original/img/cSr9UQmombfLoopFgqIFz2OjGn0=/0x0/filters:format(png)/pic6880038.png,https://cf.geekdo-images.com/f97Nqau89BZsKt2n27zrZg__small/img/ETTcC9Lte7BAIuX-WygMMdBKbw8=/fit-in/200x150/filters:strip_icc()/pic6880038.png,,2,4,60,120,120,,3.445,29473,"2,3,4","3,4",14+,Extensive use of text - massive conversion needed to be playable,1,0,0,0,3,0,0,0,0,,2026-05-31 20:21:11,2,8,8.0091,7.59469,17309,1.72438,101,Strategy Game Rank: 80,BackerKit,2023-03-18,2024-06-19,60,USD,,,,,,,,Leder Games,English,2024,English edition,"Does not allow for 2P… :(
Changed to allow for 2P, so I late pledged!",,"2-Resident]
Late Pledge via Backerkit for the Base Game
No miniatures and no campaign mode"
419279,120384975,Arcs: Leaders & Lore Pack,Arcs: Leaders & Lore Pack,2024,https://cf.geekdo-images.com/I7bZqrk7XuQ4GF6pPt5L6Q__original/img/dlWAkyUC4LSPKJ_4MknvR8Chj_c=/0x0/filters:format(png)/pic8147517.png,https://cf.geekdo-images.com/I7bZqrk7XuQ4GF6pPt5L6Q__small/img/FvE_e9ZZ7W4I50MDI-v1s_6xr-8=/fit-in/200x150/filters:strip_icc()/pic8147517.png,,2,4,60,120,120,,3.2632,10641,"2,3,4",3,14+,Extensive use of text - massive conversion needed to be playable,1,0,0,0,3,0,0,0,0,,2024-06-19 19:10:11,0,0,8.55806,6.65357,1517,1.32373,0,,,,,,,,,,,,,,,,,,,,
56931,84954666,Arena: Roma II,Arena: Roma II,2009,https://cf.geekdo-images.com/8znSQz4Tr83zzC8BzH8tsA__original/img/9HB5CpB_tuGIXzXwzTusPKHxWng=/0x0/filters:format(jpeg)/pic578807.jpg,https://cf.geekdo-images.com/8znSQz4Tr83zzC8BzH8tsA__small/img/i-ZJHMI5fVFWZQmvyvRPWcTe2HU=/fit-in/200x150/filters:strip_icc()/pic578807.jpg,,2,2,30,45,45,,1.9355,2986,2,2,10+,Moderate in-game text - needs crib sheet or paste ups,0,0,0,0,3,0,0,0,0,,2025-11-17 20:47:27,0,0,6.86281,6.15052,2193,1.28157,2425,Strategy Game Rank: 1199,,,,,,,,,,,,,,,,,"See Top 10 Middle category from Zee
Card and dice placement. Feld",,
342942,92159949,Ark Nova,Ark Nova,2021,https://cf.geekdo-images.com/SoU8p28Sk1s8MSvoM4N8pQ__original/img/g4S18szTdrXCdIwVKzMKrZrYAcM=/0x0/filters:format(jpeg)/pic6293412.jpg,https://cf.geekdo-images.com/SoU8p28Sk1s8MSvoM4N8pQ__small/img/4KuHNTWSMPf8vTNDKSRMMI3oOv8=/fit-in/200x150/filters:strip_icc()/pic6293412.jpg,,1,4,90,150,150,,3.7968,89065,"1,2,3",2,14+,Extensive use of text - massive conversion needed to be playable,0,0,0,0,2,0,0,0,1,,2025-09-29 17:48:50,3,8,8.54034,8.35411,61209,1.40616,2,Strategy Game Rank: 2,Cardhaus,2022-07-23,2025-10-03,60,USD,40,USD,Sold - Indy Spiel,,,,,,,,,,,Sold via Indy Spiel Flea Market to Tyler Herschberger 
368966,108557773,Ark Nova: Marine Worlds,Ark Nova: Marine Worlds,2023,https://cf.geekdo-images.com/MBZVrviRAR8NbW6LyUYE-w__original/img/Hn3D4RK6yU-huQHQFhw-FP8NkjE=/0x0/filters:format(jpeg)/pic7501708.jpg,https://cf.geekdo-images.com/MBZVrviRAR8NbW6LyUYE-w__small/img/3ICKvyfg4RD3R-x4drFAGOjUrj4=/fit-in/200x150/filters:strip_icc()/pic7501708.jpg,,1,4,90,150,150,,3.8571,27609,"1,2,3,4",2,14+,Extensive use of text - massive conversion needed to be playable,0,0,0,0,3,0,0,0,0,,2024-01-08 20:48:12,0,0,8.9123,8.03033,7266,1.1033,0,,,,,,,,,,,,,,,,,,,,
248490,58127057,Atlantis Rising (Second Edition),Atlantis Rising (Second Edition),2019,https://cf.geekdo-images.com/WRHngbJkWiKAJ4U8xSySIQ__original/img/TXo07OaiWGK59Zu0IBXbnBpbmag=/0x0/filters:format(jpeg)/pic4895878.jpg,https://cf.geekdo-images.com/WRHngbJkWiKAJ4U8xSySIQ__small/img/kZ9kSXPe8naMaTtc9IV4SFOBCcw=/fit-in/200x150/filters:strip_icc()/pic4895878.jpg,,1,7,60,120,120,,2.4718,9963,"1,2,3,4,5,6",4,10+,Moderate in-game text - needs crib sheet or paste ups,0,0,0,0,4,0,0,0,0,,2023-02-25 22:23:52,0,0,7.47881,6.85436,5360,1.29773,681,Strategy Game Rank: 412; Family Game Rank: 141,,,,,,,,,,,,,,,,,"Kickstarter
Origins / Gencon 2019 - DEMO
Worker Placement / Cooperative",,
188181,53005911,Avignon: A Clash of Popes,Avignon: A Clash of Popes,2016,https://cf.geekdo-images.com/LB_SsOqsKYj35Tp3QXe2Qg__original/img/1Zl4LUp-njJ757m81r4bR2xj9TY=/0x0/filters:format(png)/pic2810331.png,https://cf.geekdo-images.com/LB_SsOqsKYj35Tp3QXe2Qg__small/img/dww6jK22aW5zf3BZMeUEctasPVE=/fit-in/200x150/filters:strip_icc()/pic2810331.png,,2,2,10,20,20,,1.48,1890,2,2,8+,,1,0,0,0,3,0,0,0,0,,2026-05-31 20:21:32,1,7,6.14521,5.62085,602,1.40747,8473,,KS,2016-01-16,,8,USD,,,Lakehouse,,,,,,,,,,,[3-Transient]
17970,18133826,Axis & Allies Miniatures,Axis & Allies Miniatures,2005,https://cf.geekdo-images.com/JXOo3Ist8gCzRsoLtZR1kg__original/img/uxNgeVJLPN6KiW9IyKGxAWRzPpQ=/0x0/filters:format(jpeg)/pic265018.jpg,https://cf.geekdo-images.com/JXOo3Ist8gCzRsoLtZR1kg__small/img/w9AL2dQjkMPuUBJVzUvEX_Qwgyg=/fit-in/200x150/filters:strip_icc()/pic265018.jpg,,2,2,60,60,60,,2.3068,1786,2,2,10+,Extensive use of text - massive conversion needed to be playable,1,0,0,0,3,0,0,0,0,,2026-05-31 20:21:42,1,6,6.51536,5.77442,1137,1.65259,5106,War Game Rank: 1087; Customizable Rank: 143,,2013-01-24,,,,,,,,,,,,,,,,"My son is very much in to WW1&2 history, so we both like to play this game",[1-Permanent]
123185,68499458,Axis & Allies: 1941,Axis & Allies: 1941,2012,https://cf.geekdo-images.com/pb9MJMiTxEadmxzk5Z7wMg__original/img/Xhd0Ik0AhorD4pB7W2CAAmGX0SM=/0x0/filters:format(jpeg)/pic7284884.jpg,https://cf.geekdo-images.com/pb9MJMiTxEadmxzk5Z7wMg__small/img/BQo7dMgKRR7peN44BbxTGyOpoRY=/fit-in/200x150/filters:strip_icc()/pic7284884.jpg,,2,5,60,180,180,,2.7723,4542,"2,3,4,5",2,12+,No necessary in-game text,0,0,0,0,3,0,0,0,1,,2024-06-21 18:41:55,0,0,6.38625,5.75321,1400,1.60695,5401,War Game Rank: 1273,Indy Con Flea Market,2020-02-04,2024-06-21,7,USD,7,USD,Sold to Magnus Maximus via Geekmarket $7,"New, never played",,,,,,,,$5 OctoCon,,
429438,136963408,Ayar: Children of the Sun,Ayar: Children of the Sun,2025,https://cf.geekdo-images.com/Bpomnj9RBdTwQNcuFrAmVg__original/img/O7tSERhO4nluMd3_92_-paBvJwQ=/0x0/filters:format(jpeg)/pic8444642.jpg,https://cf.geekdo-images.com/Bpomnj9RBdTwQNcuFrAmVg__small/img/wkTKinRioV7dwaupRnywU5MpQ1Y=/fit-in/200x150/filters:strip_icc()/pic8444642.jpg,,1,4,60,90,90,,3.2593,1557,"2,3,4",3,14+,No necessary in-game text,0,0,1,0,3,0,1,0,0,,2025-11-07 11:51:41,0,0,7.89142,6.10409,838,1.15685,2634,,,,,,,,,,,,,,,,,,"Jon Gets games overview.  Looks good, along with Merv",,
230802,51846410,Azul,Azul,2017,https://cf.geekdo-images.com/aPSHJO0d0XOpQR5X-wJonw__original/img/AkbtYVc6xXJF3c9EUrakklcclKw=/0x0/filters:format(png)/pic6973671.png,https://cf.geekdo-images.com/aPSHJO0d0XOpQR5X-wJonw__small/img/ccsXKrdGJw-YSClWwzVUwk5Nh9Y=/fit-in/200x150/filters:strip_icc()/pic6973671.png,,2,4,30,45,45,,1.7729,184051,"2,3,4",2,8+,No necessary in-game text,1,0,0,0,4,0,0,0,0,,2026-05-31 20:27:10,12,7,7.7144,7.6053,108589,1.16829,99,Abstract Game Rank: 2; Family Game Rank: 15,Christmas Gift,2018-12-25,,32,USD,,,Angie Game,,,,,,,,,,,"[2-Resident]
PP Estimate"
346965,99034568,Azul: Queen's Garden,Azul: Queen's Garden,2021,https://cf.geekdo-images.com/l-NBWJ1gIcfOCfrvAw8qvw__original/img/VaPUWBlEE3Wg_QGYAsHxKV8mBkw=/0x0/filters:format(jpeg)/pic6389125.jpg,https://cf.geekdo-images.com/l-NBWJ1gIcfOCfrvAw8qvw__small/img/kvxUPoBvCzjV5r6poE29LFUQnSM=/fit-in/200x150/filters:strip_icc()/pic6389125.jpg,,2,4,45,60,60,,2.9254,13891,"2,3,4",2,12+,No necessary in-game text,1,0,0,0,2,0,0,0,0,,2026-05-31 20:27:33,2,8,7.43821,6.86141,6311,1.41918,670,Abstract Game Rank: 17; Family Game Rank: 149,Cardhaus,2022-10-24,,36,USD,,,Angie Game,,,,,,,,,,,[2-Resident]
256226,67012558,Azul: Stained Glass of Sintra,Azul: Stained Glass of Sintra,2018,https://cf.geekdo-images.com/RrYR1xB8H7D1B5GwNV8jgQ__original/img/unI8OEWp9Fdv3D_dLahPPdLG1qc=/0x0/filters:format(jpeg)/pic4212417.jpg,https://cf.geekdo-images.com/RrYR1xB8H7D1B5GwNV8jgQ__small/img/vUGmS3mniayuyVOG-1ulrVGnjSg=/fit-in/200x150/filters:strip_icc()/pic4212417.jpg,,2,4,30,45,45,,2.0129,25303,"2,3,4",3,8+,No necessary in-game text,1,0,0,0,3,0,0,0,0,,2026-05-31 20:27:17,2,8,7.28193,6.99242,15097,1.19294,511,Abstract Game Rank: 21; Family Game Rank: 119,Angies Christmas Gift,2019-12-25,,32.5,USD,,,Angie Game,,,,,,,,,,,[2-Resident]
287954,67012546,Azul: Summer Pavilion,Azul: Summer Pavilion,2019,https://cf.geekdo-images.com/843kZ6WR0HfyXWEybA6L7A__original/img/VtYGvhy_YCSw14FpV8FGzv0eMe4=/0x0/filters:format(jpeg)/pic4930887.jpg,https://cf.geekdo-images.com/843kZ6WR0HfyXWEybA6L7A__small/img/sOiQSPo_DM7G1Om0PF1T2Z8ACcA=/fit-in/200x150/filters:strip_icc()/pic4930887.jpg,,2,4,30,45,45,,2.0762,33301,"2,3,4","2,3",8+,No necessary in-game text,1,0,0,0,3,0,0,0,0,,2026-05-31 20:27:26,3,8,7.56508,7.2966,19416,1.19026,240,Abstract Game Rank: 7; Family Game Rank: 40,Angies Christmas Gift,2019-12-25,,36,USD,,,Angie Game / Lakehouse,,,,,,,,,,,[2-Resident]
199223,61508834,Bad Bones,Bad Bones,2019,https://cf.geekdo-images.com/-5DUTBmo0jTVo4cWqmfARw__original/img/4BQ3VNErN33bpOMKJrpqZp977eg=/0x0/filters:format(jpeg)/pic4227674.jpg,https://cf.geekdo-images.com/-5DUTBmo0jTVo4cWqmfARw__small/img/W6iWBAknXq3W6pZm_QNI8hHfWaE=/fit-in/200x150/filters:strip_icc()/pic4227674.jpg,,1,6,30,45,45,,2.1034,2028,"1,2,3,4,5,6",4,8+,No necessary in-game text,0,0,0,0,4,0,0,0,0,,2023-02-25 22:23:59,0,0,6.69256,5.87885,1222,1.32062,4043,Family Game Rank: 1304,,,,,,,,,,,,,,,,,"2019 GenCon - FOR SALE
Tower Defense with skeletons.  Looks simple and fun

Saw at GenCon. Looked ok but not worth $60
Worth about $20",,
315,95713222,Bagh Chal,Bagh Chal,1000,https://cf.geekdo-images.com/HAHDwn-VmDwgM2gIYTrEGQ__original/img/U35Mn1JWnxQUgcMkSS4LOV12zUQ=/0x0/filters:format(jpeg)/pic9457619.jpg,https://cf.geekdo-images.com/HAHDwn-VmDwgM2gIYTrEGQ__small/img/wBnbI8fj843TGc41ynkgvjEPl8s=/fit-in/200x150/filters:strip_icc()/pic9457619.jpg,,2,2,20,20,20,,2.2692,1377,2,2,6+,No necessary in-game text,1,0,0,0,3,0,0,1,0,,2026-05-31 20:22:31,2,6,6.20865,5.62182,499,1.32909,8436,Abstract Game Rank: 395,KS,2022-07-08,,15,USD,,,,,,,,,,,,,,[5-Exiting]
425630,134989790,Baghdad: The City of Peace,Baghdad: The City of Peace,2025,https://cf.geekdo-images.com/l9aRsKYyt16uluVIGrczbA__original/img/b-wm110N5NLTNV1vTDRnuRTVnMM=/0x0/filters:format(jpeg)/pic8354772.jpg,https://cf.geekdo-images.com/l9aRsKYyt16uluVIGrczbA__small/img/juBIAXMnpk_dcNlvaLvMdSyH9CE=/fit-in/200x150/filters:strip_icc()/pic8354772.jpg,,1,4,90,120,120,,3.3448,826,"2,3,4",3,12+,No necessary in-game text,0,0,1,0,3,0,0,0,0,,2025-08-04 11:48:09,0,0,7.65345,5.81825,419,1.2151,4605,,,,,,,,,,,,,,,,,,"Essen 2025
Looks interesting but also gives Paris vibes which we did not like",,
363902,106820336,Balancing Act,Balancing Act,2023,https://cf.geekdo-images.com/seaSywZUbNQfTg2q-JXAiQ__original/img/rXf9n6vpJuWdz6cnL8rtOBFLOPo=/0x0/filters:format(png)/pic6889632.png,https://cf.geekdo-images.com/seaSywZUbNQfTg2q-JXAiQ__small/img/aD_LZThb5YwEET44bXQMSizqqPw=/fit-in/200x150/filters:strip_icc()/pic6889632.png,,2,4,15,30,30,,1,6,,,,,1,0,0,0,3,0,0,0,0,,2026-05-31 20:22:45,1,7,6.33333,0,3,0.471405,0,,Game Crafter,2023-01-24,,20.99,USD,,,,,,,,,,,,,,[3-Transient]
383607,107688818,Barcelona,Barcelona,2023,https://cf.geekdo-images.com/clBx1kfB-8OpO86B2-vsgg__original/img/4Wmp2fgPbYKAfL4UC3QXSv9YATM=/0x0/filters:format(jpeg)/pic7442376.jpg,https://cf.geekdo-images.com/clBx1kfB-8OpO86B2-vsgg__small/img/8w625ctGlolYNodQdbXJtyOC3wg=/fit-in/200x150/filters:strip_icc()/pic7442376.jpg,,1,4,60,90,90,,3.3614,7864,"1,2,3,4",3,12+,No necessary in-game text,0,0,0,0,3,0,0,0,1,,2026-01-13 15:51:59,2,8,7.72052,6.94639,4583,1.22467,562,Strategy Game Rank: 328,Cardhaus,2023-07-23,2026-01-13,39.85,USD,25,USD,Sold - Geekmarket,,,,,,,,,,,"Expected AUg 11

Sold Geekmarket $25 2026-01-13"
343684,145534349,Bark Avenue,Bark Avenue,2023,https://cf.geekdo-images.com/eMf3EfVYSmyYiP06fXWBfw__original/img/pBkCjCS42-jKoHCoUrWNEDDnL1M=/0x0/filters:format(jpeg)/pic7589516.jpg,https://cf.geekdo-images.com/eMf3EfVYSmyYiP06fXWBfw__small/img/tDfira-KZh0s-9jUl8QPc_QKsEk=/fit-in/200x150/filters:strip_icc()/pic7589516.jpg,,1,5,45,60,60,,2.2083,1353,"2,3,4,5",3,8+,,1,0,0,0,3,1,0,0,0,,2026-05-31 20:26:59,0,0,7.04352,5.76357,523,1.55624,5255,Strategy Game Rank: 2038; Family Game Rank: 1579,Indy Spiel,2026-04-29,2026-05-15,5,USD,,,Angie Game,,,,,,,,,,,[4-Evaluate]
251247,52963719,Barrage,Barrage,2019,https://cf.geekdo-images.com/jEPmWvvYpqkWrKOzqIHFsg__original/img/rkHKwkUqpQC7PAGG7n2gbrcQiUY=/0x0/filters:format(png)/pic4336469.png,https://cf.geekdo-images.com/jEPmWvvYpqkWrKOzqIHFsg__small/img/kMLIpeqA6UcUvQg2AdMwwQoEIfU=/fit-in/200x150/filters:strip_icc()/pic4336469.png,,1,4,90,180,180,,4.1141,26612,"2,3,4",4,14+,No necessary in-game text,0,0,0,0,4,0,0,0,0,,2023-01-17 19:56:28,1,6,8.13602,7.83732,21758,1.44414,40,Strategy Game Rank: 32,,,,,,,,,,,,,,,,,"Kickstarter
Origins / Gencon 2019 - DEMO
Not sure I would like this or not, but am intrigued. Check it out first.","In my single play of this, I spent a lot of brain power and felt a lot of pain in return.  Always one resource or one dollar or one worker short…. I would play again now that I know how it works, but not sure I see why this is so highly touted.",
377068,109793395,Battle Card: Market Garden,Battle Card: Market Garden,2023,https://cf.geekdo-images.com/utEGRHSxbSY07qpqP-U8nA__original/img/N0JzCK4kmeJeo0_CIYbLMhsPFQA=/0x0/filters:format(png)/pic7244517.png,https://cf.geekdo-images.com/utEGRHSxbSY07qpqP-U8nA__small/img/8KBPFS5RIZIWoiA4QQapcM2P86c=/fit-in/200x150/filters:strip_icc()/pic7244517.png,,1,1,3,5,5,,1.0714,370,1,1,12+,Some necessary text - easily memorized or small crib sheet,1,0,0,0,3,0,0,0,0,,2026-05-31 20:23:27,3,7,6.36013,5.54945,158,1.29272,13365,War Game Rank: 2396,,,,,,,,Print n Play,,,,,,,,,,,[2-Resident]
398947,110370165,Battle Card: Series 1,Battle Card: Series 1,2023,https://cf.geekdo-images.com/kDqYXm0Oubfw2uTCLkEKOg__original/img/Wo04soyMon64XM2YHYJc59_D_8c=/0x0/filters:format(png)/pic7704386.png,https://cf.geekdo-images.com/kDqYXm0Oubfw2uTCLkEKOg__small/img/6gZzEhOWSvldhm0veqdb_Q_gSdI=/fit-in/200x150/filters:strip_icc()/pic7704386.png,,1,1,5,10,10,,1.3636,685,1,1,12+,Moderate in-game text - needs crib sheet or paste ups,1,0,0,0,3,0,0,0,0,,2026-05-31 20:23:09,1,0,6.56165,5.57063,182,1.21014,11313,War Game Rank: 2414,KS,2023-09-19,2023-10-04,5,USD,,,Print n Play,,,,,,,,,,,"[2-Resident]
https://www.dropbox.com/scl/fo/1pdzmj6dvfdldvo8gji8y/h?rlkey=xzybtob76y2x83yeck4sr0lc0&dl=0"
254992,58101879,Battle of the Bards,Battle of the Bards,2019,https://cf.geekdo-images.com/IHQ9akkCKdE9L8flyWMpwQ__original/img/y7tVIFEyOEw4slk51m-AD4OEmiE=/0x0/filters:format(jpeg)/pic4337607.jpg,https://cf.geekdo-images.com/IHQ9akkCKdE9L8flyWMpwQ__small/img/03Nyj5VUBa9fCXAbz4zmaX6A9tI=/fit-in/200x150/filters:strip_icc()/pic4337607.jpg,,2,4,20,60,60,,2.2222,476,"2,3,4",2,10+,,0,0,0,0,3,0,0,0,1,,2024-07-14 20:30:22,1,7,6.91699,5.59284,183,1.37248,9799,Family Game Rank: 2384,Kickstarter,2019-02-02,,39,USD,15,USD,Sold,"Played once. 

This is the Veteran Bard edition ($39) from the Feb 2019 KS",,,,,,,,Listed $15 OctoCon,,"Veteran Bard edition

Sold for $15 to johnweldy at OctoCon
NOT Paid"
447090,145183478,BattleForge: Berserker,BattleForge: Berserker,2026,https://cf.geekdo-images.com/DPCtjKdgrcFI81zIwf5Ozw__original/img/S4BfH85ljG0nLCyZEsoU5VAvCko=/0x0/filters:format(png)/pic8969106.png,https://cf.geekdo-images.com/DPCtjKdgrcFI81zIwf5Ozw__small/img/TtlN9mlFsllLi_z19J6KU9xQCEQ=/fit-in/200x150/filters:strip_icc()/pic8969106.png,,1,4,60,120,120,,3,26,,,,,0,0,0,0,3,0,0,0,0,,2026-05-21 20:46:56,0,0,9.4881,5.51174,42,1.09375,22123,,,,,,,,,,,,,,,,,,"Gen Con 2026
Looks like Crusaders Thy Will be Done
Co-op",,
148531,133618145,Beer Mug Dice,Beer Mug Dice,2013,https://cf.geekdo-images.com/yiESulMf2-1Opb54BP9EJw__original/img/zrtp8jItPm_8UBZEor9bhUMd73s=/0x0/filters:format(jpeg)/pic8905595.jpg,https://cf.geekdo-images.com/yiESulMf2-1Opb54BP9EJw__small/img/Jky78oJao0IHz1nb2FsrSSkW0iw=/fit-in/200x150/filters:strip_icc()/pic8905595.jpg,,3,6,20,20,20,,1.5769,829,"3,4,5,6","4,5",8+,No necessary in-game text,0,0,0,0,3,0,0,0,0,,2025-08-12 18:55:38,0,0,6.40463,5.6751,574,1.33182,6886,Party Game Rank: 409,,,,,,,,,,,,,,,,,"GenCon2025
Drinking / Party Game",,
217974,43565628,Bemused,Bemused,2017,https://cf.geekdo-images.com/cIUqIilg3qEc63EMYMic9w__original/img/NUIRLGKaRY41Y9NTNbwEcIymYCE=/0x0/filters:format(png)/pic3396300.png,https://cf.geekdo-images.com/cIUqIilg3qEc63EMYMic9w__small/img/Stvc6VNiE2t0j-StSSiya4y-IGw=/fit-in/200x150/filters:strip_icc()/pic3396300.png,,4,6,15,30,30,,2.125,366,"4,5,6",6,,,1,0,0,0,4,0,0,0,0,,2026-05-31 20:25:11,1,7,6.73876,5.56447,177,1.84008,11811,,Jim Felli - Gift,2019-07-11,,0.0001,USD,,,,,,,,,,,,Gen Con 2017,,[3-Transient]
1544,39977837,Beyond Balderdash,Beyond Balderdash,1993,https://cf.geekdo-images.com/FfLekRrX3dNKQAfTsYuVxw__original/img/eSv2hpZDatd4Gvvez7EG-aJWGRw=/0x0/filters:format(jpeg)/pic3364.jpg,https://cf.geekdo-images.com/FfLekRrX3dNKQAfTsYuVxw__small/img/nbv0q9vRLK-kWyk2JprmTsgHmSM=/fit-in/200x150/filters:strip_icc()/pic3364.jpg,,2,6,45,45,45,,1.4714,5294,"4,5,6",6,12+,Unplayable in another language,1,0,0,0,3,0,0,0,0,,2026-05-31 16:27:32,1,8,6.82895,6.25166,3363,1.44249,2030,Party Game Rank: 123,,2017-01-21,,,,,,,,,,,,,,,,,"[1-Permanent]
"
317985,74356522,Beyond the Sun,Beyond the Sun,2020,https://cf.geekdo-images.com/BfEHqHQAvZLbRX7y7e9TWg__original/img/h2NEwLqn5mNkcEfMdP_8oMWa9KE=/0x0/filters:format(jpeg)/pic5617866.jpg,https://cf.geekdo-images.com/BfEHqHQAvZLbRX7y7e9TWg__small/img/6rZLxebQyTXasbAPddxpdE1LVls=/fit-in/200x150/filters:strip_icc()/pic5617866.jpg,,2,4,60,120,120,,3.1536,19847,"2,3,4",3,12+,Moderate in-game text - needs crib sheet or paste ups,1,0,0,0,3,0,0,0,0,,2026-05-31 20:25:19,3,9,7.86251,7.5572,17571,1.17108,112,Strategy Game Rank: 78,Christmas Gift from Angie,2022-12-25,,58,USD,,,,,,,,,,,,"Keep an eye on this.  Sep-Oct Geekpreview list
Zee Top 10 Surprises of 2020
Tom Top 10 of 2020",,[2-Resident]
378291,105000079,Beyond the Sun: Leaders of the New Dawn,Beyond the Sun: Leaders of the New Dawn,2023,https://cf.geekdo-images.com/u_jw17ffD1Qr1OmVCsNCRw__original/img/wAd9G71avrJ5I01t40_qDJh4-Bs=/0x0/filters:format(jpeg)/pic7362301.jpg,https://cf.geekdo-images.com/u_jw17ffD1Qr1OmVCsNCRw__small/img/-SuwClEndSOZqQ9lBIvREPMHZ0s=/fit-in/200x150/filters:strip_icc()/pic7362301.jpg,,1,4,45,90,90,,2.8667,4925,"1,2,3,4",3,12+,Moderate in-game text - needs crib sheet or paste ups,1,0,0,0,3,0,0,0,0,1,2023-04-17 17:09:04,0,0,7.77652,6.0699,809,1.3078,0,,CoolStuffInc,2023-03-27,,26.49,USD,,,,,,,,,,,,,,
178335,56679721,Biergarten,Biergarten,2016,https://cf.geekdo-images.com/5oUXmuZqN1Qm_OqruoAr7g__original/img/d5JNlgIWQ7fNGzvvP_Sj510c9wc=/0x0/filters:format(jpeg)/pic2536296.jpg,https://cf.geekdo-images.com/5oUXmuZqN1Qm_OqruoAr7g__small/img/33rYIzcE6pk3r84Ev4DvRVb4UeA=/fit-in/200x150/filters:strip_icc()/pic2536296.jpg,,2,5,15,20,20,,2,471,"2,3,4","3,4",10+,No necessary in-game text,0,0,0,0,3,0,0,0,1,,2024-07-14 16:48:35,1,5,6.00371,5.53426,188,1.24933,15768,,KS,2018-02-10,,15,USD,5,USD,Sold at MayCon 2024,KS.  Played once,,,,,,,,Listed $5 OctoCon,,Sold for $5 to bryanspellman at MayCon 2024
414174,132113787,Big Sur,Big Sur,2025,https://cf.geekdo-images.com/ruO2ugbjSPswzbzFwnTZOw__original/img/64OB68Qtbs8fRll25P9zMj_f4KQ=/0x0/filters:format(png)/pic8055176.png,https://cf.geekdo-images.com/ruO2ugbjSPswzbzFwnTZOw__small/img/IJr2WIzNKfJY603hGBml1NNG-SU=/fit-in/200x150/filters:strip_icc()/pic8055176.png,,2,4,15,30,30,,1.9333,1278,"2,3,4",2,8+,Some necessary text - easily memorized or small crib sheet,0,0,0,0,3,0,0,0,0,,2025-08-07 19:59:23,1,6,7.00177,5.74381,464,1.18255,5532,,,,,,,,,,,,,,,,,,"GenCon 2025 
Looks like a simple card game",,
407577,138739396,Big Time Hockey,Big Time Hockey,2024,https://cf.geekdo-images.com/xwqAA2j7WIUr_zZA_fUwKg__original/img/Ri3CLELsJIV64muRW1RrpUhYOPc=/0x0/filters:format(jpeg)/pic8252160.jpg,https://cf.geekdo-images.com/xwqAA2j7WIUr_zZA_fUwKg__small/img/V1aiNxHqSSEHZ8500dZIWOIcDIA=/fit-in/200x150/filters:strip_icc()/pic8252160.jpg,,2,2,30,60,60,,2,55,2,2,,,1,0,0,0,2,0,0,0,0,,2026-05-31 20:25:25,2,7,7.20714,0,14,1.50735,0,,Christmas Gift,2025-12-25,2025-12-25,,,,,,,,,,,,,,"Asked for Christmas 2025, Worthington Sale $15",,[2-Resident]
369899,137027383,Big Top,Big Top,2023,https://cf.geekdo-images.com/_Y6g4FXjeolGkh2Uut0qaQ__original/img/gCA9yGWjZ1GCiX_RITH4om4XCkM=/0x0/filters:format(jpeg)/pic7133667.jpg,https://cf.geekdo-images.com/_Y6g4FXjeolGkh2Uut0qaQ__small/img/Frw3qs-UijWlXinPza-6p7nMygA=/fit-in/200x150/filters:strip_icc()/pic7133667.jpg,,3,4,40,40,40,,1.8947,1857,"3,4",4,10+,No necessary in-game text,0,0,0,0,3,0,0,0,0,,2025-10-03 23:30:57,1,7,6.97974,5.8977,847,1.15103,3899,Strategy Game Rank: 1659; Family Game Rank: 1185,,,,,,,,,,,,,,,,,,,
258210,67716667,Blitzkrieg!: World War Two in 20 Minutes,Blitzkrieg!: World War Two in 20 Minutes,2019,https://cf.geekdo-images.com/O03NSgVOl-FsbLiAg_GV1w__original/img/ZUTVxECQWoM6lGek5g6LTgj-ypE=/0x0/filters:format(jpeg)/pic4306846.jpg,https://cf.geekdo-images.com/O03NSgVOl-FsbLiAg_GV1w__small/img/_Oz_KuJStdA9akO-zfZ1rlrdxr4=/fit-in/200x150/filters:strip_icc()/pic4306846.jpg,,1,2,20,45,45,,1.907,10466,"1,2",2,12+,No necessary in-game text,1,0,0,0,2,0,0,1,0,,2026-05-31 20:11:27,3,8,7.53043,6.99869,6859,1.1352,506,War Game Rank: 76; Strategy Game Rank: 312,EBay,2020-10-14,,38,USD,,,,,,,,,,,,"Tom V recommended in Top 100 
Small Twilight Struggle",,[5-Exiting]
170216,56446798,Blood Rage,Blood Rage,2015,https://cf.geekdo-images.com/HkZSJfQnZ3EpS214xtuplg__original/img/Myy6IPDJDzLoPdXrPXVZcddBQoQ=/0x0/filters:format(jpeg)/pic2439223.jpg,https://cf.geekdo-images.com/HkZSJfQnZ3EpS214xtuplg__small/img/NLhVdU8xazrgS5dA6nVCYmN2DNI=/fit-in/200x150/filters:strip_icc()/pic2439223.jpg,,2,4,60,90,90,,2.8821,61972,"3,4",4,12+,Moderate in-game text - needs crib sheet or paste ups,1,0,0,0,2,0,0,0,0,,2026-05-31 16:28:15,6,8,7.89683,7.72184,51868,1.42038,65,Strategy Game Rank: 65,Amazon,2018-12-07,,63,USD,,,,,,,,,,,,,,"[1-Permanent]
"
174801,56471013,Blood Rage: Deluxe Gods of Asgard,Blood Rage: Gods of Ásgard,2020,https://cf.geekdo-images.com/uXiyEsjoIzhGpYFPUX90qw__original/img/OcHnahEnoJoZ0ry_IAlOYyqlLXU=/0x0/filters:format(png)/pic5191363.png,https://cf.geekdo-images.com/uXiyEsjoIzhGpYFPUX90qw__small/img/3Hm_3FpRAdydcqwaeUO4HP56p6o=/fit-in/200x150/filters:strip_icc()/pic5191363.png,,2,4,60,90,90,,2.5682,14073,"3,4",4,10+,Some necessary text - easily memorized or small crib sheet,1,0,0,0,3,0,0,0,0,,2020-04-10 21:56:07,0,0,7.646,6.65228,3020,1.31332,0,,KS,2018-12-10,,123,USD,,,,,,,,CMON Global Limited,English,2020,English edition,,,"Digital, promos, Golden Gods of Asgard, Stag Clan, game mat, and sculpted tokens"
175100,56470984,Blood Rage: Mystics of Midgard,Blood Rage: Mystics of Midgard,2015,https://cf.geekdo-images.com/2Ez2kIGPCX37wTCKb8xRqA__original/img/Ap6GijHWQfbC9qBxxHi_4NV5dZo=/0x0/filters:format(jpeg)/pic3320482.jpg,https://cf.geekdo-images.com/2Ez2kIGPCX37wTCKb8xRqA__small/img/o-UfASIcl3UWHODWIBoO1o0Cjxw=/fit-in/200x150/filters:strip_icc()/pic3320482.jpg,,2,4,60,90,90,,2.7442,14300,"3,4",4,12+,Moderate in-game text - needs crib sheet or paste ups,1,0,0,0,3,0,0,0,0,,2023-08-19 13:25:13,0,0,7.88869,6.83422,3229,1.26299,0,,Amazon,2018-12-08,,21,USD,,,,,,,,,,,,,,
286883,68430972,Blood Rage: Promos Box,Blood Rage: Promos Box,2019,https://cf.geekdo-images.com/KpfUwFfRW66D2Kjun2yv4A__original/img/lgdTeGtquUOdrH0bqXimyOcPY1E=/0x0/filters:format(jpeg)/pic5173066.jpg,https://cf.geekdo-images.com/KpfUwFfRW66D2Kjun2yv4A__small/img/2biPOOchhKMwvkn8ImCYbbbuRNo=/fit-in/200x150/filters:strip_icc()/pic5173066.jpg,,2,5,60,90,90,,3,3200,"3,4,5",4,12+,Some necessary text - easily memorized or small crib sheet,1,0,0,0,3,0,0,0,0,,2023-03-20 19:37:58,0,0,8.55078,6.11637,624,1.39939,0,,KS,2020-02-01,,0.0001,USD,,,,,,,,,,,,,,Included in KS Digital Deluxe
449472,134025924,Blood Rage: Valhalla,Blood Rage: Valhalla,2026,https://cf.geekdo-images.com/Kl7Ozg_a4GLkwE2kg9pAzQ__original/img/ToanV_bgP8MRZbarUTfyFQW3FL8=/0x0/filters:format(jpeg)/pic8967559.jpg,https://cf.geekdo-images.com/Kl7Ozg_a4GLkwE2kg9pAzQ__small/img/GKfBhwTRDiz1HceXTpaobQ4dqU4=/fit-in/200x150/filters:strip_icc()/pic8967559.jpg,,3,5,60,90,90,,0,54,,,,,0,0,0,0,3,0,0,0,0,,2025-10-07 21:28:45,0,0,3.42,5.44703,98,3.66152,30182,,,,,,,,,,,,,,,,,,"New Bloodrage?
Keep an eye on it.  Does Eric Lang still have it?",,
244331,53036458,Blue Lagoon,Blue Lagoon,2018,https://cf.geekdo-images.com/wFggDB9IbU47-drR4GUQBw__original/img/L4ZGFJOUs0huPAZWNYa8Ol_ra_A=/0x0/filters:format(png)/pic4122624.png,https://cf.geekdo-images.com/wFggDB9IbU47-drR4GUQBw__small/img/mSvWn1J5pCwZGLqeiCQkTC7W2U4=/fit-in/200x150/filters:strip_icc()/pic4122624.png,,2,4,30,45,45,,2.0353,8173,"2,3,4",4,8+,No necessary in-game text,1,0,0,0,3,0,0,0,0,,2026-05-31 20:25:42,5,8,7.20503,6.70374,5838,1.16397,914,Abstract Game Rank: 28; Family Game Rank: 218,Gen Con,2018-08-02,,33,USD,,,,,,,,,,,,2018 Gen Con,"This game feels very unique in our collection.  It has a nice blend of area majority and set collection. While we don’t play it often, we do enjoy it when it makes it to the table.","[2-Resident]
PP Estimate"
21882,68186657,Blue Moon City,Blue Moon City,2006,https://cf.geekdo-images.com/1MRXcnaF8VqPaeIS6cEUDQ__original/img/lEJBqf8knsJjfPOGXtLa7Dc71bA=/0x0/filters:format(jpeg)/pic4757841.jpg,https://cf.geekdo-images.com/1MRXcnaF8VqPaeIS6cEUDQ__small/img/sihUuUe4alBkHpkPdUSoDvri3Hs=/fit-in/200x150/filters:strip_icc()/pic4757841.jpg,,2,4,30,50,50,,2.2852,10513,"2,3,4","3,4",8+,No necessary in-game text,1,0,0,0,3,0,0,1,0,1,2026-05-31 17:24:50,1,7,7.03783,6.70146,9009,1.21319,917,Strategy Game Rank: 590; Family Game Rank: 246,IndyCon Raffle,2020-03-07,2020-03-07,0.001,USD,,,,,,,,,,,,"DT Top 100
Mike Dilisio Top10",,"[5-Exiting]
Won in Raffle"
446065,132141423,Bog Hollow Brigade,Bog Hollow Brigade,2026,,,,2,4,30,45,45,,0,0,,,,,0,0,1,1,1,0,0,0,0,,2025-05-09 20:46:16,1,0,0,0,0,0,0,,,,,,,,,,,,,,,,,,,,
304420,73855485,Bonfire,Bonfire,2020,https://cf.geekdo-images.com/q9sYvC0Tt-1mEiuKnVTS4w__original/img/6CZ5GNkB6vO0w6QGYe0kV_SvnP0=/0x0/filters:format(jpeg)/pic5301335.jpg,https://cf.geekdo-images.com/q9sYvC0Tt-1mEiuKnVTS4w__small/img/Vi9tZ60juVkTpNoUIdLFzW8N9Aw=/fit-in/200x150/filters:strip_icc()/pic5301335.jpg,,1,4,70,100,100,,3.6299,13241,"1,2,3,4",3,12+,No necessary in-game text,1,0,0,0,2,0,0,0,0,,2026-05-31 20:25:54,4,9,7.5984,7.07375,7639,1.25971,415,Strategy Game Rank: 263,Christmas Gift,2020-12-20,,45,USD,,,,,,,,,,,,Feld.  Board looks pretty cool too,,"[2-Resident]
PP Estimate"
355433,134915314,boop.,boop.,2022,https://cf.geekdo-images.com/LPZHyg3KP_JI0x5CRut9lQ__original/img/qV7_RqqlgH_Cn_VXt8MLiGKC97U=/0x0/filters:format(png)/pic6643190.png,https://cf.geekdo-images.com/LPZHyg3KP_JI0x5CRut9lQ__small/img/F1jYA7KSf96S5j7zRMD5t35GNb8=/fit-in/200x150/filters:strip_icc()/pic6643190.png,,2,2,20,30,30,,1.3868,8910,2,2,8+,No necessary in-game text,1,0,0,0,3,0,0,0,0,,2026-05-31 20:26:46,5,8,7.0369,6.50175,5062,1.34117,1325,Abstract Game Rank: 70,GenCon,2025-08-02,2025-08-02,42,USD,,,Angie Game,,,,,,,,,,,"[2-Resident]
Includes a Kitten Kaboodle set (Noodle and Wiggle) - $12"
68876,138739269,Boots on the Ground,Boots on the Ground,2010,https://cf.geekdo-images.com/z1e1eCw31xiH1gPF9sGibg__original/img/obnH6QiK0Qn1pGRLubKkQBZFLco=/0x0/filters:format(jpeg)/pic3473391.jpg,https://cf.geekdo-images.com/z1e1eCw31xiH1gPF9sGibg__small/img/j5YGX80NsN8G9cPCPl8lW_nhTeE=/fit-in/200x150/filters:strip_icc()/pic3473391.jpg,,1,3,30,90,90,,1.9048,506,"1,2",2,12+,Some necessary text - easily memorized or small crib sheet,0,0,1,0,3,0,0,0,0,,2025-11-17 21:33:35,0,0,6.40029,5.56279,194,1.6038,11975,War Game Rank: 2011,,,,,,,,,,,,,,,,,"Worthington Holiday Sale 2025 sparked my interest
If I can find the Deluxe 2024 edition for $25 or less, buy it

Solo or 2P coop",,
127060,72360921,Bora Bora,Bora Bora,2013,https://cf.geekdo-images.com/9YEjZIVdWVcUVWC7o8aKsQ__original/img/FmxZfRUytUU35lwbNkTetKJT6YM=/0x0/filters:format(jpeg)/pic1542342.jpg,https://cf.geekdo-images.com/9YEjZIVdWVcUVWC7o8aKsQ__small/img/DvUZLxCdQsrU6uMqXnLU-ksIEJs=/fit-in/200x150/filters:strip_icc()/pic1542342.jpg,,2,4,60,120,120,,3.7255,13100,"2,3,4",4,14+,No necessary in-game text,1,0,0,0,3,0,0,0,0,,2026-05-31 20:25:59,2,8,7.55787,7.17075,10719,1.33441,327,Strategy Game Rank: 217,BGG Auction Sorrelbo,2020-07-15,,35,USD,,,Lakehouse,,,,,,,,,Played with Adam and Ellen.  Really enjoyed the point salad of this game!,,[2-Resident]
269036,59837839,Borgata,Borgata,2019,https://cf.geekdo-images.com/Fud5czwPLAs6cXg2AThOlQ__original/img/F_trLaLXHaE8CJ6_UtKYWLLxVJI=/0x0/filters:format(jpeg)/pic5195030.jpg,https://cf.geekdo-images.com/Fud5czwPLAs6cXg2AThOlQ__small/img/9gFs_GqSvuKXsAL644xdrtGSxpc=/fit-in/200x150/filters:strip_icc()/pic5195030.jpg,,2,5,60,90,90,,2.75,54,"3,4,5",4,10+,Some necessary text - easily memorized or small crib sheet,0,0,0,0,4,0,0,0,1,1,2024-08-07 21:24:36,2,8,7.74206,0,28,2.27362,0,,KS,2019-12-13,2024-07-31,35,USD,,,GenCon 2024 Auction / Store,Kickstarter Edition; only played twice,,,,,,,,Kickstarter,,GenCon 2024 Auction - DID NOT SELL
452264,135350277,Brass: Pittsburgh,Brass: Pittsburgh,2027,https://cf.geekdo-images.com/cIlF4DxfLAtLUr6ZE-AYKA__original/img/i_j6c1ZAh1zb2cGs4Y2vbR7hviw=/0x0/filters:format(png)/pic9503415.png,https://cf.geekdo-images.com/cIlF4DxfLAtLUr6ZE-AYKA__small/img/B0r1VVhClhpwxoK_jtSL8u7nlhY=/fit-in/200x150/filters:strip_icc()/pic9503415.png,,1,4,60,120,120,,3.6857,499,"1,2,3,4",4,12+,No necessary in-game text,0,0,1,0,3,0,0,0,0,,2025-11-17 20:56:18,0,0,7.23918,5.71257,386,3.69598,6066,Strategy Game Rank: 2174,,,,,,,,,,,,,,,,,Need more info,,
332386,83231609,Brew,Brew,2021,https://cf.geekdo-images.com/8eN5t1p4ncee-eVN9NswDA__original/img/Hhv8kruqZZH1vv5W7gR7QXNZ_KM=/0x0/filters:format(png)/pic6007253.png,https://cf.geekdo-images.com/8eN5t1p4ncee-eVN9NswDA__small/img/EI64n63DbQ9DHhTf72s7UpUFMBY=/fit-in/200x150/filters:strip_icc()/pic6007253.png,,2,4,45,90,90,,2.4519,9282,"2,3,4",3,8+,Moderate in-game text - needs crib sheet or paste ups,0,0,0,0,3,0,0,0,0,,2022-12-05 20:49:25,0,0,7.01851,6.45419,4539,1.25201,1441,Strategy Game Rank: 854,,,,,,,,,,,,,,,,,GenCon 2021,,
439310,134842584,Brick Like This!,Brick Like This!,2025,https://cf.geekdo-images.com/CZKKeMBDeyPCRvFmOKsqKQ__original/img/l9Aoe-C73_ZGsAnMUV0Ao5pF_w0=/0x0/filters:format(png)/pic9048844.png,https://cf.geekdo-images.com/CZKKeMBDeyPCRvFmOKsqKQ__small/img/JzxeNsSqDDQSrhWVdzxmfFX-wV4=/fit-in/200x150/filters:strip_icc()/pic9048844.png,,2,8,15,0,15,,1.25,1760,"4,6,8",4,6+,No necessary in-game text,1,0,0,0,3,0,0,0,0,,2026-05-31 20:26:36,2,6,6.65645,5.69144,491,1.2359,6504,Party Game Rank: 374,GenCon,2025-07-31,2025-07-31,20,USD,,,Angie Game,,,,,,,,,,,"[2-Resident]
Angie Game"
285193,74082430,Brief Border Wars,Brief Border Wars,2020,https://cf.geekdo-images.com/904x8lSxKkjLkFFfSHUquQ__original/img/H-R2TwaQMFqAcvM2vMecJ87Mzws=/0x0/filters:format(jpeg)/pic4864016.jpg,https://cf.geekdo-images.com/904x8lSxKkjLkFFfSHUquQ__small/img/Gvc1FLfy18Kr2NrjzlpnOqhg4yQ=/fit-in/200x150/filters:strip_icc()/pic4864016.jpg,,2,2,60,120,120,,2.4545,282,"1,2",2,16+,Extensive use of text - massive conversion needed to be playable,0,0,0,0,3,0,0,0,0,,2023-01-23 19:35:51,0,0,7.23348,5.57419,112,1.61648,11031,War Game Rank: 1478,,,,,,,,,,,,,,,,,,,
172081,135244614,Burgle Bros.,Burgle Bros.,2015,https://cf.geekdo-images.com/cPZZhbehOr-cXE1HRa6T3w__original/img/GAmiCfqQ1UdkVxYw4LAkryGW4dY=/0x0/filters:format(png)/pic2439102.png,https://cf.geekdo-images.com/cPZZhbehOr-cXE1HRa6T3w__small/img/snQ34rjbfQk96R_-pljlOetsYC4=/fit-in/200x150/filters:strip_icc()/pic2439102.png,,1,4,45,90,90,,2.3134,19644,"1,2,3,4",3,10+,Moderate in-game text - needs crib sheet or paste ups,0,0,0,0,3,0,0,0,0,,2025-08-10 21:00:45,1,8,7.40096,7.07328,12644,1.22421,416,Thematic Rank: 119; Family Game Rank: 93,,,,,,,,,,,,,,,,,,,
338957,84118840,Caesar!: Seize Rome in 20 Minutes!,Caesar!: Seize Rome in 20 Minutes!,2021,https://cf.geekdo-images.com/Mw_WmNeSTRgEgiQG87YPgQ__original/img/fgw5B0oFNDZlNj6Yig97m4625lI=/0x0/filters:format(png)/pic6228356.png,https://cf.geekdo-images.com/Mw_WmNeSTRgEgiQG87YPgQ__small/img/vq3rQ-SOu-77cD61UeJq58dcZZQ=/fit-in/200x150/filters:strip_icc()/pic6228356.png,,1,2,20,20,20,,1.9435,7549,"1,2",2,10+,No necessary in-game text,0,0,0,0,3,0,0,0,0,,2023-02-25 22:24:02,0,0,7.5025,6.76456,4170,1.13584,811,Strategy Game Rank: 474,,,,,,,,,,,,,,,,,Blitzkrieg designer,,
341496,100796810,Caesar's Empire,Caesar's Empire,2022,https://cf.geekdo-images.com/K55c5g1QUyh5vhtQbI0hxQ__original/img/S-DaCuTgPZqEKyJ1iZu65diGwbA=/0x0/filters:format(jpeg)/pic6253596.jpg,https://cf.geekdo-images.com/K55c5g1QUyh5vhtQbI0hxQ__small/img/2P-w4UWq6vbRliHfExkVvi8-x4U=/fit-in/200x150/filters:strip_icc()/pic6253596.jpg,,2,5,30,60,60,,1.5636,2567,"2,3,4,5",4,6+,No necessary in-game text,0,0,0,0,3,0,0,0,0,,2025-08-12 19:03:10,0,0,7.16855,6.18933,1641,1.18558,2275,Family Game Rank: 651,,,,,,,,,,,,,,,,,Tom Top 10 Surprises 2022.  Fast playing game with a lot of points,,
199383,112378795,Calimala,Calimala,2017,https://cf.geekdo-images.com/6-Pj_AxP0mjjFXYs2ukMWw__original/img/u607jS_nxYDDnpFkd0ZaJE-eFE8=/0x0/filters:format(jpeg)/pic7611495.jpg,https://cf.geekdo-images.com/6-Pj_AxP0mjjFXYs2ukMWw__small/img/XhyVFdk2GZEaU6AXLiOZQAIEr2o=/fit-in/200x150/filters:strip_icc()/pic7611495.jpg,,2,5,75,75,75,,2.798,4255,"3,4,5",4,12+,No necessary in-game text,0,0,0,0,3,0,0,0,0,,2025-08-12 19:03:07,0,0,7.30377,6.53117,3177,1.21966,1252,Strategy Game Rank: 681,,,,,,,,,,,,,,,,,"KS Nov 2023
Game looks cool
New 2 player mode… but makes me wonder if it really plays well at 2?  
Might wait to see",,
386403,105873054,Call of Duty: The Board Game,Call of Duty: The Board Game,2026,https://cf.geekdo-images.com/8UUtWLztflDnnQN6q3Te7A__original/img/upyOyj1rbsaamxXsROgifFDYdsk=/0x0/filters:format(png)/pic7654318.png,https://cf.geekdo-images.com/8UUtWLztflDnnQN6q3Te7A__small/img/pnsahK82WOQzrNFiHP4mfZXXTBM=/fit-in/200x150/filters:strip_icc()/pic7654318.png,,2,2,45,90,90,,3.3333,47,,,,Extensive use of text - massive conversion needed to be playable,0,0,0,0,3,0,0,0,0,,2023-08-12 23:18:27,0,0,6.33696,5.50787,46,2.76833,23436,War Game Rank: 4306,,,,,,,,,,,,,,,,,GenCon 2023 videos etc didnt really draw me in,,
238992,54237582,Call to Adventure,Call to Adventure,2019,https://cf.geekdo-images.com/oz_C4Hwf1Hb6KHt6KTxJJA__original/img/0Yr5q3uSGhilPz2dYe3k2rqFO9Q=/0x0/filters:format(jpeg)/pic4165094.jpg,https://cf.geekdo-images.com/oz_C4Hwf1Hb6KHt6KTxJJA__small/img/WKPD4ypqNftdXn2L3q4aPM8UXh0=/fit-in/200x150/filters:strip_icc()/pic4165094.jpg,,1,4,30,60,60,,2.0059,14271,"1,2,3,4",3,10+,Moderate in-game text - needs crib sheet or paste ups,0,0,0,0,3,0,0,0,1,,2024-07-14 16:42:48,1,7,7.04673,6.59287,7094,1.43193,1118,Thematic Rank: 302,KS ,2018-08-13,2019-03-06,75,USD,15,USD,Sold at MayCon 2024,Very Good.  Played a few times.  Includes Name of the Wind Expansion,,,,,,,,,,"Sold at MayCon 2024 to earthlindz Lidsay Grossman for $15

with Name of the Wind Expansion and Playmat"
259162,54383026,Call to Adventure: The Name of the Wind,Call to Adventure: The Name of the Wind,2019,https://cf.geekdo-images.com/lQff0u4__dXVjcT7jJEVtQ__original/img/XBNkUvuchUjwkGqMQyHIXHQCG58=/0x0/filters:format(jpeg)/pic4472994.jpg,https://cf.geekdo-images.com/lQff0u4__dXVjcT7jJEVtQ__small/img/HEakGuIBIsNtRZ5MNyn4lV-HeTA=/fit-in/200x150/filters:strip_icc()/pic4472994.jpg,,2,4,30,60,60,,2.375,4757,"1,2,3",2,,,0,0,0,0,3,0,0,0,1,,2024-07-14 16:42:26,0,0,7.16313,5.91289,823,1.3541,0,,KS,2018-08-13,,0.0001,USD,,,Sold at MayCon 2024,Included with base game only,,,,,,,,,,Sold With Base Game
192947,77422942,Camel Up Cards,Camel Up Cards,2016,https://cf.geekdo-images.com/8OA8L-EvrHSTIdLcZrZTJw__original/img/kvgIhqG6laLt_QiFlc5XilXonO8=/0x0/filters:format(jpeg)/pic3152346.jpg,https://cf.geekdo-images.com/8OA8L-EvrHSTIdLcZrZTJw__small/img/S0RNcItSGHd-qS_0qiRkWKnRG5s=/fit-in/200x150/filters:strip_icc()/pic3152346.jpg,,2,6,30,60,60,,1.7273,3027,"2,3,4,5,6",4,6+,No necessary in-game text,0,0,0,0,3,0,0,0,0,,2020-12-22 01:01:13,1,6,6.66242,5.91277,1389,1.30376,3767,Family Game Rank: 1189,,,,,,,,,,,,,,,,,,,
41,139781694,Can't Stop,Can't Stop,1980,https://cf.geekdo-images.com/nMitZr9Lu4Ux7LLqBy7Z8A__original/img/A_bSjGJJXDFfSocVclabxi8ArY8=/0x0/filters:format(png)/pic6875169.png,https://cf.geekdo-images.com/nMitZr9Lu4Ux7LLqBy7Z8A__small/img/mLHWOFfdxrWljImkFZ2ulIhHt7A=/fit-in/200x150/filters:strip_icc()/pic6875169.png,,2,4,30,30,30,,1.1429,22751,"2,3,4",3,8+,No necessary in-game text,0,0,0,0,3,0,0,0,0,,2025-12-14 22:44:42,1,6,6.94581,6.78965,21745,1.31022,768,Family Game Rank: 216,,,,,,,,,,,,,,,,,,,
295607,72472999,Canopy,Canopy,2021,https://cf.geekdo-images.com/-zWPMAXd1IZllCMAP5IeVA__original/img/vk0v34dLBl4utcZV-Kqc3QXVIUo=/0x0/filters:format(jpeg)/pic5090694.jpg,https://cf.geekdo-images.com/-zWPMAXd1IZllCMAP5IeVA__small/img/qkimPPOS3fMxvXDtXZvPemc-Lvc=/fit-in/200x150/filters:strip_icc()/pic5090694.jpg,,1,4,30,30,30,,2.0069,10035,"1,2,3",2,10+,Moderate in-game text - needs crib sheet or paste ups,0,0,0,0,3,0,0,0,1,,2025-01-14 18:35:16,1,7,7.23171,6.56718,4079,1.16299,1167,Family Game Rank: 307,GeekMarket racinrod,2023-02-27,2025-01-14,20,USD,15,USD,Sold via GeekMarket,Only Played a couple times.,,,,,,,,"KS June 2020
2 Player card drafting and set collection
Didn;t see a need to back on KS, but game might be fun.",,Sold to DBendit for $15 via GeekMarket on 2025-01-14
281248,90657900,Cape May,Cape May,2021,https://cf.geekdo-images.com/04Zfpi5663NsO5u_eRhi7Q__original/img/qs1wBLuogb_eIq6tnr4H074m8lM=/0x0/filters:format(png)/pic5673416.png,https://cf.geekdo-images.com/04Zfpi5663NsO5u_eRhi7Q__small/img/1AKCWxdL12eh1nBOT90bbH5YsTM=/fit-in/200x150/filters:strip_icc()/pic5673416.png,,1,4,60,120,120,,2.4146,1974,"1,2,3,4",4,10+,Moderate in-game text - needs crib sheet or paste ups,1,0,0,0,3,1,0,0,0,,2026-05-31 20:28:41,1,8,7.19873,5.99424,993,1.19925,3217,,Game Preserve,2023-05-30,,30,USD,,,,,,,,,,,,Very different feel and gameplay from anything I have.,,[3-Transient]
822,56045546,Carcassonne,Carcassonne,2000,https://cf.geekdo-images.com/peUgu3A20LRmAXAMyDQfpQ__original/img/bP18m_PYjyFOv1IBGgMOteQUneA=/0x0/filters:format(jpeg)/pic8621446.jpg,https://cf.geekdo-images.com/peUgu3A20LRmAXAMyDQfpQ__small/img/oEEslN-EGqh82sNI6Aj4_MFXYg0=/fit-in/200x150/filters:strip_icc()/pic8621446.jpg,,2,5,30,45,45,,1.8848,223786,"2,3,4,5",2,8+,No necessary in-game text,1,0,0,0,3,0,0,0,0,,2026-05-31 20:28:46,1,7,7.41628,7.29872,139909,1.31221,238,Family Game Rank: 52,Christmas Gift,2018-12-25,,33,USD,,,,,,,,,,,,,,[2-Resident]
50381,31974989,Cards Against Humanity,Cards Against Humanity,2009,https://cf.geekdo-images.com/nYLrPiI9gnvlrwOrKQ4_CA__original/img/EgMpdhoG38LUTApk0kyFFsmoQPk=/0x0/filters:format(jpeg)/pic2909692.jpg,https://cf.geekdo-images.com/nYLrPiI9gnvlrwOrKQ4_CA__small/img/fIhQLjWueNPYZhCZ_LzjAIhPm5U=/fit-in/200x150/filters:strip_icc()/pic2909692.jpg,,4,30,30,30,30,,1.1714,56622,"4,5,6,7,8,9,10","6,7,8",16+,Extensive use of text - massive conversion needed to be playable,1,0,0,0,3,0,0,0,0,,2026-05-31 20:28:57,1,8,5.70367,5.53366,30700,2.1018,15887,Party Game Rank: 930,Amazon,2014-05-31,,25,USD,,,,,,,,,,,,,"This is stupid fun, drink some beers, etc...",[1-Permanent]
341489,123668327,Carrooka,Carrooka,2021,https://cf.geekdo-images.com/qmMPfL3JGGOaZ1G1cmSCjQ__original/img/yl5X85DaKtH-RCZeZWq8jsan2LI=/0x0/filters:format(jpeg)/pic7791756.jpg,https://cf.geekdo-images.com/qmMPfL3JGGOaZ1G1cmSCjQ__small/img/dkgWuDw8yrmKySo_Ze_X8O0L12g=/fit-in/200x150/filters:strip_icc()/pic7791756.jpg,,2,4,20,60,60,,1.1,370,"2,4",2,6+,,0,0,0,0,3,0,0,0,0,,2024-09-27 22:57:27,2,9,8.20415,5.75975,275,1.55486,5312,,,,,,,,,,,,,,,,,,,,
248117,53369175,Carson City: The Card Game,Carson City: The Card Game,2018,https://cf.geekdo-images.com/np3F4Rx1ZC9rb1kVhWbQNg__original/img/fpRHEfIg6sEx4eMZtHmiHTgNeU0=/0x0/filters:format(jpeg)/pic4023265.jpg,https://cf.geekdo-images.com/np3F4Rx1ZC9rb1kVhWbQNg__small/img/CgcrIT8RQp30Z7BpniniGK_vJjo=/fit-in/200x150/filters:strip_icc()/pic4023265.jpg,,1,6,30,45,45,,2.2069,1681,"1,2,3,4,5,6",4,12+,No necessary in-game text,1,0,0,0,3,0,0,0,0,,2026-05-31 20:29:10,2,6,6.81362,5.90205,1029,1.27574,3860,Strategy Game Rank: 1662,Gen Con,2018-08-05,,25,USD,,,Angie Game,,,,,,,,,,,"[2-Resident]
PP Estimate"
401216,119763427,Cascadero,Cascadero,2024,https://cf.geekdo-images.com/yQDaiaHhxRRLA27gFoMO1Q__original/img/sO-3Lt-_2EiVw3PujwHSqu2fhhQ=/0x0/filters:format(jpeg)/pic7732734.jpg,https://cf.geekdo-images.com/yQDaiaHhxRRLA27gFoMO1Q__small/img/ihEiZUScwJaM7CWCjkZw8pg_Zaw=/fit-in/200x150/filters:strip_icc()/pic7732734.jpg,,2,4,45,60,60,,2.5652,3085,"2,3,4","3,4",10+,No necessary in-game text,0,0,0,0,3,0,0,0,0,,2024-09-28 20:19:41,0,0,7.26666,6.3036,1939,1.21735,1857,Strategy Game Rank: 942,,,,,,,,,,,,,,,,,Origins 2024 Preview.  Watched the Monique and Naveen video and it seems interesting enough,,
295947,119572399,Cascadia,Cascadia,2021,https://cf.geekdo-images.com/MjeJZfulbsM1DSV3DrGJYA__original/img/B374C04Eip7fmQBGJzgiOTp-jyQ=/0x0/filters:format(jpeg)/pic5100691.jpg,https://cf.geekdo-images.com/MjeJZfulbsM1DSV3DrGJYA__small/img/tVSFjSxYEcw7sKj3unIIQV8kxoc=/fit-in/200x150/filters:strip_icc()/pic5100691.jpg,,1,4,30,45,45,,1.8418,93085,"1,2,3,4","2,3",8+,Some necessary text - easily memorized or small crib sheet,1,0,0,0,3,0,0,0,0,1,2026-05-31 20:29:26,5,9,7.889,7.73522,55340,1.13986,60,Family Game Rank: 9,Cardhaus,2024-05-27,2024-05-29,32,USD,,,,,,,,,,,,,,[1-Permanent]
446815,132948231,Cascadia: Alpine Lakes,Cascadia: Alpine Lakes,2026,https://cf.geekdo-images.com/4IiXVZwvsS0Z-BGlv15Qlw__original/img/w5YBWK-W_YLUPlbRGIX3O2h8zGE=/0x0/filters:format(jpeg)/pic8893820.jpg,https://cf.geekdo-images.com/4IiXVZwvsS0Z-BGlv15Qlw__small/img/vnzCSNq0debhbxVbnev_YzWzMPQ=/fit-in/200x150/filters:strip_icc()/pic8893820.jpg,,1,4,30,45,45,,2,157,"2,3",2,,,0,0,1,0,3,0,0,0,0,,2025-06-04 20:08:54,0,0,7.78509,5.53805,55,1.95746,15048,,,,,,,,,,,,,,,,,,"GenCon 2025
Cascadia… imagine Angie will want it",,
385318,119572403,Cascadia: Landmarks,Cascadia: Landmarks,2023,https://cf.geekdo-images.com/sD3EGm2CyvQGrp7FhScs0w__original/img/MS_E_-lJJ8SDopcqra9yq4JopbA=/0x0/filters:format(jpeg)/pic7453773.jpg,https://cf.geekdo-images.com/sD3EGm2CyvQGrp7FhScs0w__small/img/wPg8YV5oURy3SQ18vYrpBf-R3_s=/fit-in/200x150/filters:strip_icc()/pic7453773.jpg,,1,6,30,45,45,,2.2405,17539,"1,2,3,4,5,6",2,8+,Some necessary text - easily memorized or small crib sheet,1,0,0,0,3,0,0,0,0,1,2024-05-29 19:38:10,0,0,7.73787,6.8109,3555,1.17074,0,,Cardhaus,2024-05-27,2024-05-29,28,USD,,,,,,,,,,,,,,
407317,121778774,Cascadia: Rolling Hills,Cascadia: Rolling Hills,2024,https://cf.geekdo-images.com/mMRhKYMGTyoeKxmwXqpdNA__original/img/zmeLh9JBDI7TspOVRcxp7Oy6FGM=/0x0/filters:format(png)/pic7880978.png,https://cf.geekdo-images.com/mMRhKYMGTyoeKxmwXqpdNA__small/img/A_RLhXTJF4trW215qGKK2DWe47I=/fit-in/200x150/filters:strip_icc()/pic7880978.png,,1,4,15,30,30,,1.9615,5487,"1,2,3,4",1,10+,Some necessary text - easily memorized or small crib sheet,1,0,0,0,3,0,0,0,0,1,2026-05-31 20:29:53,1,6,7.1319,6.03202,1182,1.30581,3012,,GenCon 2024,2024-08-02,2024-08-02,25,USD,,,,,,,,,,,,,,[3-Transient]
425651,121778752,Cascadia: Rolling Hills – Summits Mini-Expansion,Cascadia: Rolling Hills – Summits Mini-Expansion,2024,https://cf.geekdo-images.com/DiFZQTq173H-HlAGmbbI7w__original/img/neLadvHR-nNt_P9y_b5kQv9hiNI=/0x0/filters:format(jpeg)/pic8378857.jpg,https://cf.geekdo-images.com/DiFZQTq173H-HlAGmbbI7w__small/img/2UHz9EoO19_SyeF0ZvsC9oT3f1Y=/fit-in/200x150/filters:strip_icc()/pic8378857.jpg,,1,4,15,30,30,,0,547,,,,,1,0,0,0,3,0,0,0,0,,2024-08-02 22:58:27,0,0,7.74194,5.52637,31,1.05396,0,,GenCon 2024,2024-08-02,2024-08-02,10,USD,,,,,,,,,,,,,,In base game box
407318,121778723,Cascadia: Rolling Rivers,Cascadia: Rolling Rivers,2024,https://cf.geekdo-images.com/UvdyFCLA0LEddVA7o2gmpg__original/img/YQiLJxkDjb9k5l6TN1Y_ZzbbDDk=/0x0/filters:format(png)/pic7880984.png,https://cf.geekdo-images.com/UvdyFCLA0LEddVA7o2gmpg__small/img/g7qCqrGZiPh0cdgxN-msWC7WMx0=/fit-in/200x150/filters:strip_icc()/pic7880984.png,,1,4,15,30,30,,1.96,6046,"1,2,3,4","1,2",8+,Some necessary text - easily memorized or small crib sheet,1,0,0,0,3,0,0,0,0,1,2026-05-31 20:30:04,1,6,7.16998,6.1248,1450,1.23353,2550,,GenCon 2024,2024-08-02,2024-08-02,25,USD,,,,,,,,,,,,,,[3-Transient]
425652,121778743,Cascadia: Rolling Rivers – Forces of Nature Mini-Expansion,Cascadia: Rolling Rivers – Forces of Nature Mini-Expansion,2024,https://cf.geekdo-images.com/p8--bx2JkmsijHxG_7ng9A__original/img/zVYfPJWGRfclxFDl4gQ4qjQmF64=/0x0/filters:format(jpeg)/pic8378858.jpg,https://cf.geekdo-images.com/p8--bx2JkmsijHxG_7ng9A__small/img/Se8uCAcEsFJSJDQLcfufrb6XWiY=/fit-in/200x150/filters:strip_icc()/pic8378858.jpg,,1,4,15,30,30,,0,570,,,,,1,0,0,0,3,0,0,0,0,1,2024-08-02 22:58:50,0,0,7.51562,5.52503,32,0.995964,0,,GenCon 2024,2024-08-02,2024-08-02,10,USD,,,,,,,,,,,,,,In base game box
416851,145695177,Castle Combo,Castle Combo,2024,https://cf.geekdo-images.com/rGomBfj0FGrZM-w3h5HFWQ__original/img/XtVFdYXLAxdGOjQOGCkrms-hLUU=/0x0/filters:format(png)/pic8250341.png,https://cf.geekdo-images.com/rGomBfj0FGrZM-w3h5HFWQ__small/img/DnptKBxT6l_W2B3jGXdnEDEkDM0=/fit-in/200x150/filters:strip_icc()/pic8250341.png,,2,5,10,25,25,,1.738,24505,"2,3,4",2,8+,Some necessary text - easily memorized or small crib sheet,0,0,1,1,2,0,0,0,0,,2026-05-22 20:48:05,1,8,7.67678,7.32646,14484,1.12394,224,Family Game Rank: 31,,,,,,,,,,,,,,,,,,,
357841,94845017,Castles by the Sea,Castles by the Sea,2023,https://cf.geekdo-images.com/ifbA4doJA-Jv0Hz9Ltgw4A__original/img/kR03FnQ6M7FnL6x3afh5tJNrQ6Q=/0x0/filters:format(png)/pic6712750.png,https://cf.geekdo-images.com/ifbA4doJA-Jv0Hz9Ltgw4A__small/img/FZWeOZXXW1VZK6JShT_xjAMr4Ao=/fit-in/200x150/filters:strip_icc()/pic6712750.png,,1,4,30,60,60,,2.1538,1298,"1,2,3,4","2,3",10+,Moderate in-game text - needs crib sheet or paste ups,0,0,0,0,3,0,0,0,0,,2024-01-08 20:55:26,0,0,6.88887,5.71041,426,1.35938,6107,,,,,,,,,,,,,,,,,,Looks different.. maybe like Expancity though,,
345972,103972671,Cat in the Box: Deluxe Edition,Cat in the Box: Deluxe Edition,2022,https://cf.geekdo-images.com/M1gT_9LjNqUzAx3RAqdGRQ__original/img/euRCLPNg4Zpqqtvwdcjvbrna9JQ=/0x0/filters:format(jpeg)/pic6731829.jpg,https://cf.geekdo-images.com/M1gT_9LjNqUzAx3RAqdGRQ__small/img/3I1JU_hP5YtIg6RzcJePmmNOWAQ=/fit-in/200x150/filters:strip_icc()/pic6731829.jpg,,2,5,20,40,40,,2.0418,24625,"3,4,5",4,10+,No necessary in-game text,0,0,0,0,3,0,0,0,0,,2023-03-23 07:30:08,1,7,7.43136,7.11372,12885,1.22613,374,Family Game Rank: 74,,,,,,,,,,,,,,,,,,Played one time at 4P and enjoyed the novelty of this game.  Not sure if it will be as good at 2P and I think it will only work with groups that really know trick taking games,
254894,52946044,Catalyst,Catalyst,2018,https://cf.geekdo-images.com/Ot70TGjuT-bOnaYgjDWGWQ__original/img/dNKAH65iB4lM99kpkI1q4I5_wto=/0x0/filters:format(png)/pic4193636.png,https://cf.geekdo-images.com/Ot70TGjuT-bOnaYgjDWGWQ__small/img/zvo4mwNfcJuydNMkuLGmi6L6C-I=/fit-in/200x150/filters:strip_icc()/pic4193636.png,,2,4,20,40,40,,2,488,"2,3,4","2,3,4",10+,No necessary in-game text,0,0,0,0,2,0,0,0,1,,2024-07-14 20:18:13,3,7,6.62199,5.61879,292,1.18272,8548,Strategy Game Rank: 2487; Family Game Rank: 2226,Gen Con,2018-08-04,,25,USD,15,USD,Sold,Very Good.  Played a few times,,,,,,,,Listed in Geekmarket on 11/20/2022 for $15,,"Sold for $15 to MetaGames via BGG Marketplace on 2023-12-13
PP Estimate"
13,26673755,Catan,Catan,1995,https://cf.geekdo-images.com/0XODRpReiZBFUffEcqT5-Q__original/img/oRc0AomWA9ZtFqQDZiZbIyKE1j0=/0x0/filters:format(png)/pic9156909.png,https://cf.geekdo-images.com/0XODRpReiZBFUffEcqT5-Q__small/img/SNVfF23OQafv3u8xdFolJnMkBoM=/fit-in/200x150/filters:strip_icc()/pic9156909.png,,3,4,60,120,120,,2.2821,240633,"3,4",4,8+,Some necessary text - easily memorized or small crib sheet,1,0,0,0,3,0,0,0,0,,2026-05-31 20:30:44,2,7,7.09052,6.90355,142419,1.50649,620,Strategy Game Rank: 582; Family Game Rank: 207,,2015-01-18,,45,USD,,,,,,,,,,,,,,"[1-Permanent]
PP Estimate"
374200,107363405,Celtae,Celtae,2023,https://cf.geekdo-images.com/i3i5FUA1rCV49P2XTbkTyw__original/img/a9KJEjf3wYftL-Eo0ivKjjs_xtc=/0x0/filters:format(png)/pic7431802.png,https://cf.geekdo-images.com/i3i5FUA1rCV49P2XTbkTyw__small/img/dd7U-GCEh67DGXIpwj0Iro9rq70=/fit-in/200x150/filters:strip_icc()/pic7431802.png,,1,4,50,100,100,,2.6786,1309,"1,2,3,4","2,4",10+,No necessary in-game text,0,0,1,0,2,0,0,0,0,,2025-12-07 13:32:09,0,0,7.11201,5.81107,583,1.28226,4684,,,,,,,,,,,,,,,,,,Box Cover art,,
299928,69671068,Celtic,Celtic,2020,https://cf.geekdo-images.com/_WV-IR4o6M4TmkE7kbU6QQ__original/img/_WfKzUvBA3MqglKkdicNW49stPA=/0x0/filters:format(jpeg)/pic5241060.jpg,https://cf.geekdo-images.com/_WV-IR4o6M4TmkE7kbU6QQ__small/img/dLe6Q4RZ3H9WiQOkMv32ocKjRe8=/fit-in/200x150/filters:strip_icc()/pic5241060.jpg,,2,4,40,60,60,,1.3333,379,"2,3,4",4,8+,No necessary in-game text,0,0,0,0,3,0,0,0,0,,2023-01-23 19:36:28,0,0,6.03436,5.53746,188,1.3796,15150,,,,,,,,,,,,,,,,,,"Don't have (m)any p/u & deliver games, so this might be something different.  Artwork looks nice.  Check it out... maybe play it first.",,
270970,58026424,Century: A New World,Century: A New World,2019,https://cf.geekdo-images.com/KJQ1TdlDkLeCfQ3PK75rTA__original/img/h8SUiPGdnSyUriRaLPMqMCFkPD4=/0x0/filters:format(jpeg)/pic4547312.jpg,https://cf.geekdo-images.com/KJQ1TdlDkLeCfQ3PK75rTA__small/img/SbmmquD2QkGsuCJM7AdwiYnCw6s=/fit-in/200x150/filters:strip_icc()/pic4547312.jpg,,2,4,30,45,45,,2.1101,12494,"2,3,4",3,8+,No necessary in-game text,0,0,0,0,1,0,0,0,1,,2024-07-14 20:30:04,3,7,7.2721,6.72039,5618,1.13064,878,Strategy Game Rank: 537; Family Game Rank: 211,Birthday Gift,2019-07-28,,,,10,USD,Sold,,,,,,,,,Listed $10 OctoCon,Great intro worker placement game,Sold for $10 to @Xadocs at Octo-Con 2022
242574,48799201,Century: Eastern Wonders,Century: Eastern Wonders,2018,https://cf.geekdo-images.com/l1xKAcYniMJQNq60H5DdEA__original/img/S37tZ3Ph0N2rryfkjcpgmU4qmCY=/0x0/filters:format(jpeg)/pic3898507.jpg,https://cf.geekdo-images.com/l1xKAcYniMJQNq60H5DdEA__small/img/G3If6BTwLAGBZm6u2b-N_YZcZ4k=/fit-in/200x150/filters:strip_icc()/pic3898507.jpg,,2,4,30,45,45,,2.1081,15857,"2,3,4",4,8+,No necessary in-game text,0,0,0,0,1,0,0,0,1,,2024-07-14 20:29:49,2,5,7.09753,6.7054,8064,1.14381,909,Family Game Rank: 235,Miniature Market,2018-06-25,,27.99,USD,10,USD,Sold,,,,,,,,,Listed $10 OctoCon,"After second play, I lowered my rating from 8 to 5. This game takes a while to set up; and with 2 players it ends quickly with no player interaction.  It was not fun at 2 players.  

 Original thoughts:  I love the familiarity of the set building mechanic coupled with the new pick up and deliver mechanic. This is our first pick up and delivery game.",Sold for $10 to @Xadocs at Octo-Con 2022
209685,43573853,Century: Spice Road,Century: Spice Road,2017,https://cf.geekdo-images.com/0_KEDk4lCvryf1Ju3YQJxA__original/img/zv58Iylm_N8nfVFgRkMVM0Q9Fh8=/0x0/filters:format(jpeg)/pic3339551.jpg,https://cf.geekdo-images.com/0_KEDk4lCvryf1Ju3YQJxA__small/img/FticvQmaT_qfdrX-hpSSK1ttRb0=/fit-in/200x150/filters:strip_icc()/pic3339551.jpg,,2,5,30,45,45,,1.7986,35320,"2,3,4,5","3,4",8+,No necessary in-game text,1,0,0,0,2,0,0,0,0,,2026-05-31 20:30:55,9,9,7.28976,7.10389,27737,1.22679,387,Family Game Rank: 95,Gen Con,2017-08-17,,32.5,USD,,,,,,,,,,,,Gen Con 2017,,"[1-Permanent]
PP Estimate"
172287,55870808,Champions of Midgard,Champions of Midgard,2015,https://cf.geekdo-images.com/VJwOnMF5vwJg2Yaq6ozn3Q__original/img/iEgr80D4UtP0x_WQUYSB60JwGJ0=/0x0/filters:format(jpeg)/pic2869714.jpg,https://cf.geekdo-images.com/VJwOnMF5vwJg2Yaq6ozn3Q__small/img/Ms3h8cBxGzfcKB16q1KPOsmnoG8=/fit-in/200x150/filters:strip_icc()/pic2869714.jpg,,2,4,60,90,90,,2.6208,26348,"2,3,4",4,10+,Some necessary text - easily memorized or small crib sheet,1,0,0,0,2,1,0,1,0,,2026-05-31 20:12:27,1,8,7.70277,7.41449,18793,1.2604,165,Strategy Game Rank: 137,Christmas gift,2018-12-23,,48,USD,,,,,,,,,,,,,,"[3-Transient]
PP Estimate"
38194,85724211,Cheaty Mages!,Cheaty Mages!,2008,https://cf.geekdo-images.com/Kax6ZZUb_ro3_4fUM5xUCw__original/img/UpPBDW19vwvQb1OjLyOgUYKKWVc=/0x0/filters:format(jpeg)/pic1644921.jpg,https://cf.geekdo-images.com/Kax6ZZUb_ro3_4fUM5xUCw__small/img/99aJMT2fT2V_ajaEw5nLZpMMKG4=/fit-in/200x150/filters:strip_icc()/pic1644921.jpg,,3,6,30,30,30,,1.6075,3811,"3,4,5,6",4,8+,Some necessary text - easily memorized or small crib sheet,0,0,0,0,3,0,0,0,1,1,2024-07-14 20:29:37,0,0,6.25043,5.84557,2155,1.23703,4349,Family Game Rank: 1439,AEG Big Game Night GenCon 2021,2021-09-17,,,,,,Sold,,,,,,,,,Listed FREE OctoCon,,Free to @BC Indy at Octo-Con 2022
329588,85035425,Chili Mafia,Chili Mafia,2022,https://cf.geekdo-images.com/K-onn4bvqAsVhoUIiUoOzw__original/img/7TRomb_FOasGJlaqZEmh5CTI6LM=/0x0/filters:format(png)/pic7700690.png,https://cf.geekdo-images.com/K-onn4bvqAsVhoUIiUoOzw__small/img/dJ7PFT2s_k_kusBmxS_5fL4XnMQ=/fit-in/200x150/filters:strip_icc()/pic7700690.png,,2,8,20,40,40,,1.8333,504,"2,3,4,5,6,7,8","5,6",10+,,0,0,0,0,3,0,0,0,1,,2025-08-03 20:41:47,3,7,6.94982,5.56773,148,1.4004,11560,,KS,2021-08-25,2025-07-08,54,USD,,,GenCon Store / Auction 2025,"Deluxe Edition. Base Game + Goodfellas Expansion including Hot Property Deck PLUS KSE Yatsufusa, Taste Me, and Rumble Hot Card Promo packs. Does NOT include Playmat.  Only played a couple times.",,,,,,,,Looks like a good party/filler game similar to rummy with a fun theme,,"$39 Hot Pledge plus 3 x $5 Add On card packs

Listed Geekmarket on 2024-09-22 for $25

lowered to $10"
163642,63695475,Chimera Station,Chimera Station,2017,https://cf.geekdo-images.com/1CiJrEhD6UpRNFNIy-1R5g__original/img/uKIUspzZN1U3gWpWSOZDoJgONUA=/0x0/filters:format(jpeg)/pic3160959.jpg,https://cf.geekdo-images.com/1CiJrEhD6UpRNFNIy-1R5g__small/img/ptY_o-lbmIVvqtbFRRERIODbetk=/fit-in/200x150/filters:strip_icc()/pic3160959.jpg,,2,4,60,90,90,,3.1429,4825,"2,3,4",3,12+,Moderate in-game text - needs crib sheet or paste ups,1,0,0,0,3,0,0,0,0,,2026-05-31 20:31:09,3,8,7.18235,6.4554,3144,1.29809,1433,Strategy Game Rank: 777,BGG Auction,2019-09-26,,20,USD,,,,,,,,,,,,Looked cool on Rahdo’s Top 10 WP Games pt2.  Build workers,I can’t decide if I like the slow start (hard to do a lot in early rounds)... but I love the big time turns in the last couple rounds!  Wonder if this needs some specific starting modules to help the ramp up???,[1-Permanent]
288558,121810853,Chu Han,Chu Han,2024,https://cf.geekdo-images.com/GBwBv0ax9_5lw1YOML0h6g__original/img/jeMYDfimr9nri1EiZPYrpq9Saag=/0x0/filters:format(jpeg)/pic8001986.jpg,https://cf.geekdo-images.com/GBwBv0ax9_5lw1YOML0h6g__small/img/8f3HwPtpt7ATz4sYr0FzrYhaOpY=/fit-in/200x150/filters:strip_icc()/pic8001986.jpg,,2,2,25,25,25,,2.1667,1921,2,2,10+,Some necessary text - easily memorized or small crib sheet,1,0,0,0,2,0,0,1,0,,2026-05-31 20:31:28,1,7,6.99758,5.89091,863,1.53983,3947,Strategy Game Rank: 1674,Amazon,2025-07-16,2025-07-18,28,USD,,,,,,,,,,,,"Keep an eye.  Lehmann, trick taking, shedding",,[5-Exiting]
124052,109543883,Cinque Terre,Cinque Terre,2013,https://cf.geekdo-images.com/tKGmB7xfdX5g6nv9pfAUmw__original/img/-XemMw8yO-j4aWVwXRywx40D0mA=/0x0/filters:format(jpeg)/pic1299610.jpg,https://cf.geekdo-images.com/tKGmB7xfdX5g6nv9pfAUmw__small/img/Hgci2PVX1zh3qvIwT_D6qOLhtzQ=/fit-in/200x150/filters:strip_icc()/pic1299610.jpg,,2,5,60,60,60,,2.3523,1598,"2,3,4",2,8+,No necessary in-game text,0,0,0,0,3,0,0,0,0,,2024-01-08 20:55:31,0,0,7.06479,6.10893,1527,1.26093,2618,Strategy Game Rank: 1242; Family Game Rank: 762,,,,,,,,,,,,,,,,,,,
402676,120842548,Cities,Cities,2024,https://cf.geekdo-images.com/jJsq3gVshPzWL9MJnhmO_A__original/img/axK1CrNKWxZgxJHOApHbV9H0qy4=/0x0/filters:format(jpeg)/pic7977800.jpg,https://cf.geekdo-images.com/jJsq3gVshPzWL9MJnhmO_A__small/img/1a_eu28Vr0EZZkW5XoL_7YPwqHw=/fit-in/200x150/filters:strip_icc()/pic7977800.jpg,,2,4,45,45,45,,1.8857,9173,"2,3,4",4,10+,Some necessary text - easily memorized or small crib sheet,0,0,0,0,3,0,0,0,0,,2025-10-25 22:12:34,0,0,7.28869,6.66412,4864,1.1232,983,Family Game Rank: 231,,,,,,,,,,,,,,,,,GenCon 2024 - worth checking out,,
369116,106898415,Cities of Venus: Lost Contact,Cities of Venus: Lost Contact,2025,https://cf.geekdo-images.com/z8ffTh_vT2E-0ZlBkp1BzA__original/img/5nat_pfEjWMC7CtbzB4CjzTQPgA=/0x0/filters:format(png)/pic8744059.png,https://cf.geekdo-images.com/z8ffTh_vT2E-0ZlBkp1BzA__small/img/5DwTcVTs0IQ2KqLD6OykvAC3_78=/fit-in/200x150/filters:strip_icc()/pic8744059.png,,2,6,45,90,90,,1.7143,313,"2,3,4,5,6",2,,,1,0,0,0,3,1,0,0,0,,2026-05-31 17:24:22,0,0,6.5163,5.52492,92,2.01415,17931,,KS,2023-05-29,2025-02-05,103,USD,,,,,,,,,,,,,,"[4-Evaluate]
KS Base plus 6 player expansion and First Player AddOn"
282707,77375453,Città-Stato,Città-Stato,2022,https://cf.geekdo-images.com/szNlbkkHHPgkGSN06_Jx4w__original/img/bDN6Rzl3eWFif3kfK4cD9crzq6c=/0x0/filters:format(jpeg)/pic4811372.jpg,https://cf.geekdo-images.com/szNlbkkHHPgkGSN06_Jx4w__small/img/gM95C9RpYSsYc31vRfy8Au-fPII=/fit-in/200x150/filters:strip_icc()/pic4811372.jpg,,1,4,60,90,90,,3.4783,693,"1,2,3,4",3,12+,Moderate in-game text - needs crib sheet or paste ups,0,0,0,0,3,0,0,0,1,1,2024-07-14 16:43:09,1,7,6.96679,5.679,330,1.27731,6791,Strategy Game Rank: 2221,KS,2020-12-20,,36,USD,25,USD,Sold,Very Good or better.  Kickstarter edition Base game plus 5th Player Expansion.  Only Played once,,,,Giochix.it,English,2022,English edition,,,"Sold for $25 on BGG Marketplace to shannan_north on 2024-05-05

Listed for sale on BGG market place for $25 on 2023-01-02

Venezia Early Bird
Base game plus 5th Player Expansion"
233961,56010093,Claim,Claim,2017,https://cf.geekdo-images.com/XTnU0KdAC1l4WxxGr46F-g__original/img/HpGvBwJ-yjUkDT3Y0ZQuJgYY84s=/0x0/filters:format(jpeg)/pic3714302.jpg,https://cf.geekdo-images.com/XTnU0KdAC1l4WxxGr46F-g__small/img/68PxtuISom2wysDawXSuHaIdT5U=/fit-in/200x150/filters:strip_icc()/pic3714302.jpg,,2,2,25,25,25,,1.6471,12870,2,2,8+,No necessary in-game text,1,0,0,0,2,0,0,0,0,,2026-05-31 20:31:39,3,8,6.89685,6.45981,5831,1.21486,1424,Family Game Rank: 428,Cardhaus,2019-07-01,,10.49,USD,,,,,,,,,,,,2 player trick taking. Zee recommendation,,"[2-Resident]
2019 GenCon pre-purchase"
249763,61655565,Claim 2,Claim 2,2018,https://cf.geekdo-images.com/lLKWqJzEFSlOU8Cs5G54dg__original/img/1q0pZOcxTcxeXNc50x5j0BQIHKM=/0x0/filters:format(jpeg)/pic4059108.jpg,https://cf.geekdo-images.com/lLKWqJzEFSlOU8Cs5G54dg__small/img/DLLZXQ3IX8VVEu5Ck8BVLO_-53w=/fit-in/200x150/filters:strip_icc()/pic4059108.jpg,,2,2,25,25,25,,1.5957,6886,2,2,10+,No necessary in-game text,1,0,0,0,2,0,0,0,0,1,2026-05-31 20:31:45,1,7,6.92663,6.17231,2242,1.23616,2332,Family Game Rank: 718,Deepwater Games Store,2020-02-14,,15,USD,,,,,,,,,,,,"2019 Gen Con - DEMO
Love Claim",,"[2-Resident]
"
287199,63473024,Claim: Reinforcements – Magic,Claim: Reinforcements – Magic,2019,https://cf.geekdo-images.com/SBTCUrgvw95KsXA-nW29Kg__original/img/d8Mq4PqlnDW4w23cVOTOGOzZK3Y=/0x0/filters:format(jpeg)/pic4916846.jpg,https://cf.geekdo-images.com/SBTCUrgvw95KsXA-nW29Kg__small/img/1_0dqdIK0JB8a_bpMUT_hR4ixl4=/fit-in/200x150/filters:strip_icc()/pic4916846.jpg,,2,2,25,25,25,,1.8571,1942,2,2,10+,,0,0,0,0,2,0,0,0,0,,2023-02-25 22:24:34,0,0,7.26,5.67667,294,1.14764,0,,,,,,,,,,,,,,,,,,Love Claim base game,,
287202,63473034,Claim: Reinforcements – Maps,Claim: Reinforcements – Maps,2019,https://cf.geekdo-images.com/jX0fdpneJQCUh648bwYFlQ__original/img/mlXWjfYTbG_mzHYziV4IN9IQp0c=/0x0/filters:format(jpeg)/pic4916847.jpg,https://cf.geekdo-images.com/jX0fdpneJQCUh648bwYFlQ__small/img/zvjqgyJRLXxxShxSsdKgqta_ZOg=/fit-in/200x150/filters:strip_icc()/pic4916847.jpg,,2,2,25,25,25,,1.5,1724,2,2,,,0,0,0,0,2,0,0,0,0,,2023-02-25 22:24:39,0,0,7.15608,5.64949,254,1.26925,0,,,,,,,,,,,,,,,,,,Love CLaim base game,,
287201,63473039,Claim: Reinforcements – Mercenaries,Claim: Reinforcements – Mercenaries,2019,https://cf.geekdo-images.com/tU8Sees4czmaAytLz52vNg__original/img/2EHDzuj6cpFQsRk0Km3DQT8V-PE=/0x0/filters:format(jpeg)/pic4916848.jpg,https://cf.geekdo-images.com/tU8Sees4czmaAytLz52vNg__small/img/N-CbVQCv0lx7U9BavAFy8mWUTOw=/fit-in/200x150/filters:strip_icc()/pic4916848.jpg,,2,2,25,25,25,,1.6667,1652,2,2,10+,,0,0,0,0,2,0,0,0,0,,2023-02-25 22:24:42,0,0,7.26416,5.63555,217,1.16091,0,,,,,,,,,,,,,,,,,,Love Claim bas game,,
201808,98128030,Clank!: A Deck-Building Adventure,Clank!: A Deck-Building Adventure,2016,https://cf.geekdo-images.com/DPjV1iI0ygo5Bl3XLNRiIg__original/img/cXqOdM3BLyIeRt0GP3M3V--gF1M=/0x0/filters:format(jpeg)/pic4449526.jpg,https://cf.geekdo-images.com/DPjV1iI0ygo5Bl3XLNRiIg__small/img/O2WnqJew5gNjQqPUH3gqmTBc1pQ=/fit-in/200x150/filters:strip_icc()/pic4449526.jpg,,2,4,30,60,60,,2.2317,62310,"2,3,4",3,8+,Moderate in-game text - needs crib sheet or paste ups,0,0,0,0,3,0,0,0,0,,2022-12-05 21:13:07,1,9,7.76036,7.59476,47522,1.20877,100,Strategy Game Rank: 97; Family Game Rank: 16,,,,,,,,,,,,,,,,,,,
365717,95425680,Clank!: Catacombs,Clank!: Catacombs,2022,https://cf.geekdo-images.com/cCLn9Mvb7jRSaZzHeUXhoQ__original/img/NK4hsA9nc-kdI07hR0Nc23dL_bk=/0x0/filters:format(jpeg)/pic6937913.jpg,https://cf.geekdo-images.com/cCLn9Mvb7jRSaZzHeUXhoQ__small/img/B8BFQLR2Po3ekI_7XSG1kR9oil0=/fit-in/200x150/filters:strip_icc()/pic6937913.jpg,,2,4,45,90,90,,2.4887,24862,"2,3,4",3,10+,Moderate in-game text - needs crib sheet or paste ups,1,0,0,0,2,0,0,0,0,,2026-05-31 20:31:52,5,9,8.22867,7.77362,14065,1.1691,52,Strategy Game Rank: 39,Time Well Spent,2022-12-28,,47,USD,,,,,,,,,,,,,This game seems to get better each time we play it.  I love the tension when you are trying to make it out!  I don’t get this feeling playing any other game.,"[2-Resident]
"
422869,120369422,Clank!: Catacombs – Lairs and Lost Chambers,Clank!: Catacombs – Lairs and Lost Chambers,2024,https://cf.geekdo-images.com/0jl5lJVuloaevS8rFRXaJw__original/img/HW5eQ3DvExSUQ1kDlR5WrwJnf1k=/0x0/filters:format(png)/pic8254579.png,https://cf.geekdo-images.com/0jl5lJVuloaevS8rFRXaJw__small/img/ekq31aweouiGpaqWJodwmWv9l7M=/fit-in/200x150/filters:strip_icc()/pic8254579.png,,2,4,45,90,90,,2.5,5434,"2,3,4",3,12+,Moderate in-game text - needs crib sheet or paste ups,1,0,0,0,2,0,0,0,0,1,2024-08-02 23:05:04,0,0,8.27101,6.25286,928,1.18538,0,,GenCon 2024,2024-08-01,2024-08-01,30,USD,,,,,,,,,,,,,,Base Game Box
447586,132976608,Clank!: Catacombs – Underworld,Clank!: Catacombs – Underworld,2025,https://cf.geekdo-images.com/ecjuUwnOl0nwA7O7Xv4r-Q__original/img/hAaQmU4oLpbkJqZjxXRBI0O0lCQ=/0x0/filters:format(jpeg)/pic8918885.jpg,https://cf.geekdo-images.com/ecjuUwnOl0nwA7O7Xv4r-Q__small/img/pP73Tc7EgSPPCq2wTeuXnfsOCUM=/fit-in/200x150/filters:strip_icc()/pic8918885.jpg,,2,4,45,90,90,,2.9167,2691,"2,3",3,,Unplayable in another language,1,0,0,0,2,0,0,0,0,,2025-11-05 19:08:17,0,0,8.29643,5.80797,311,1.32701,0,,KS,2025-08-03,2025-10-30,35,USD,,,,,,,,,,,,,,
158753,66323354,Clash of Rage,Clash of Rage,2018,https://cf.geekdo-images.com/gLFurAGKodT45DaWNgOdSQ__original/img/1AoTqhBZXnJ-07NhiXe3DZQRZLQ=/0x0/filters:format(jpeg)/pic3507986.jpg,https://cf.geekdo-images.com/gLFurAGKodT45DaWNgOdSQ__small/img/6JBwa3y_cJEmTmTJNpubky-4xDk=/fit-in/200x150/filters:strip_icc()/pic3507986.jpg,,1,4,45,90,90,,2.3158,931,"2,3,4","3,4",8+,Moderate in-game text - needs crib sheet or paste ups,0,0,0,0,2,0,0,0,0,,2023-04-04 12:46:24,0,0,7.26159,5.71441,427,1.61887,6038,War Game Rank: 1345,,,,,,,,,,,,,,,,,La Boîte de Jeu,,
442093,132394681,Class of '89,Class of '89,2026,https://cf.geekdo-images.com/pVydKos06Ml0e5O85dy6aA__original/img/Or-6A9laFXNiqasF2vW4JYoa1d0=/0x0/filters:format(jpeg)/pic8794278.jpg,https://cf.geekdo-images.com/pVydKos06Ml0e5O85dy6aA__small/img/SWXXuGR75UiRK-Ml_zUVX86OEFE=/fit-in/200x150/filters:strip_icc()/pic8794278.jpg,,1,4,60,90,90,,3,1,,,,,0,0,1,1,3,0,1,0,0,,2025-11-07 11:52:08,0,0,7.54545,0,11,1.93596,0,,,,,,,,,,,,,,,,,,"GenCon 2025
Theme must be awesome!",,
257518,55770005,Claustrophobia 1643,Claustrophobia 1643,2019,https://cf.geekdo-images.com/zOyQ475uu4x14hbSHNFxIg__original/img/ZTYrSikw7VgAztTS9-p34CEhDZA=/0x0/filters:format(jpeg)/pic5045343.jpg,https://cf.geekdo-images.com/zOyQ475uu4x14hbSHNFxIg__small/img/GSiKQuAldKU7Gn8gVfEiSNIpzfA=/fit-in/200x150/filters:strip_icc()/pic5045343.jpg,,2,2,45,90,90,,2.7407,4113,2,2,12+,Moderate in-game text - needs crib sheet or paste ups,0,0,0,0,4,0,0,0,1,,2025-08-10 21:02:44,1,8,7.97479,6.44322,1636,1.34421,1464,Thematic Rank: 207,KS,2018-11-16,,98,USD,,,Traded,"Trade interest is low for this one.  Would entertain significant offers only.

This is the Nov 2018 KS Collectors Edition",,,,,,,,Kickstarter,,"Want $100 
Take $80
BGG trade with U is for Unicron for Labyrinth plus expansion and Trick Shot KS edition with painted minis"
1294,104777383,Clue,Clue,2009,https://cf.geekdo-images.com/VXUE9ko88gb2GdawrmSeuw__original/img/04m2UaL8xZ7CrnaWrJ3Xlfgc39I=/0x0/filters:format(jpeg)/pic639623.jpg,https://cf.geekdo-images.com/VXUE9ko88gb2GdawrmSeuw__small/img/u77pt-aeMDDJcmH79G_9dLTJsrc=/fit-in/200x150/filters:strip_icc()/pic639623.jpg,,2,6,45,45,45,,1.6419,42832,"3,4,5,6","4,5",8+,Some necessary text - easily memorized or small crib sheet,1,0,0,0,3,0,0,0,0,,2026-05-31 20:32:32,1,5,5.6855,5.57322,22552,1.51996,11099,Family Game Rank: 2948,,2000-01-01,,,,,,Lakehouse,,,,,Hasbro; Parker Brothers,English,2009,Parker Brothers Vintage Collection wooden box edition  2009,,,[2-Resident]
224037,77422943,Codenames: Duet,Codenames: Duet,2017,https://cf.geekdo-images.com/VG31TvBpKngZ8ztV-N4Dcg__original/img/w-FZ84fzPZSNCI1HtrsTOfLT2B4=/0x0/filters:format(png)/pic8911183.png,https://cf.geekdo-images.com/VG31TvBpKngZ8ztV-N4Dcg__small/img/FW3sD3Ci-5t07QceD_q1r6Wnrzw=/fit-in/200x150/filters:strip_icc()/pic8911183.png,,2,2,15,30,30,,1.3601,56190,2,2,12+,Unplayable in another language,0,0,0,0,3,0,0,0,0,,2020-12-22 01:01:19,2,5,7.40674,7.23314,26692,1.25184,275,Party Game Rank: 9; Family Game Rank: 55,,,,,,,,,,,,,,,,,,,
198773,44680880,Codenames: Pictures,Codenames: Pictures,2016,https://cf.geekdo-images.com/TGHPcdYEnD3_QzMohEIrNw__original/img/BjCphUnm_GLYJ2I1VAkxqNiNTWk=/0x0/filters:format(png)/pic9206059.png,https://cf.geekdo-images.com/TGHPcdYEnD3_QzMohEIrNw__small/img/0bZIFaJEW-3FquBb8jY-SqrrUx8=/fit-in/200x150/filters:strip_icc()/pic9206059.png,,2,8,15,15,15,,1.2382,45430,"4,5,6,7,8",6,8+,No necessary in-game text,0,0,0,0,3,0,0,0,1,,2024-07-14 20:31:57,0,5,7.17559,6.99843,25194,1.2802,507,Party Game Rank: 32,Gen Con,2017-08-19,,,,10,USD,Gianna,,,,,,,,,,,
200934,59448495,Coldwater Crown,Coldwater Crown,2017,https://cf.geekdo-images.com/CQfWcpB3jawTLHAnlRjnTg__original/img/7cC1SbIv5SiCWVeTFughQW9pwRg=/0x0/filters:format(png)/pic3370578.png,https://cf.geekdo-images.com/CQfWcpB3jawTLHAnlRjnTg__small/img/Pq3a3ITNQG95pOPb2inpWK7_29o=/fit-in/200x150/filters:strip_icc()/pic3370578.png,,1,4,40,90,90,,2.2273,1879,"1,2,3,4","2,3",10+,No necessary in-game text,0,0,0,0,2,0,0,0,1,,2024-07-14 20:19:33,1,6,7.18862,6.02675,1114,1.31928,3039,Strategy Game Rank: 1389,BGG Auction,2019-04-07,,20,USD,20,USD,Sold,Purchased Used.  Played once,,,,,,,,Listed in Geekmarket on 11/20/2022 for $20,,"Purchased from PanzersEast via BGG Auction

Sold BGG Marketplace $20 on 2023-09-15"
453893,137026982,Collect!,Collect!,2025,https://cf.geekdo-images.com/4BOrkLzSy1Oquo3VwaToiA__original/img/r-vY54792Z8w1FpLx6_7UyzLLpk=/0x0/filters:format(png)/pic9091458.png,https://cf.geekdo-images.com/4BOrkLzSy1Oquo3VwaToiA__small/img/IOrvq7TpHpu41mStx10f0C_xICw=/fit-in/200x150/filters:strip_icc()/pic9091458.png,,2,5,15,30,30,,1.2308,1050,"2,3,4,5","3,4",8+,No necessary in-game text,0,0,1,1,3,0,0,0,0,,2025-10-03 23:31:19,1,8,6.81253,5.73194,545,1.31361,5725,,,,,,,,,,,,,,,,,,"Played at Indy Spiel.  Fun, but max of 5 players",,
96949,18134001,Commander-In-Chief,Commander-In-Chief,2011,https://cf.geekdo-images.com/_NPHE7L7FzHnXdD5EcHIaQ__original/img/LqVYfDyBmi9TpeepTBdlixK6bVc=/0x0/filters:format(jpeg)/pic970086.jpg,https://cf.geekdo-images.com/_NPHE7L7FzHnXdD5EcHIaQ__small/img/sZ-q06GQOWFUvVXPCOi6s0v-IrY=/fit-in/200x150/filters:strip_icc()/pic970086.jpg,,2,4,30,30,30,,2.75,70,2,2,,No necessary in-game text,1,0,0,0,3,0,0,0,0,,2026-05-31 20:32:24,1,5,6.05556,0,27,3.01027,0,,Gen Con,2012-08-19,,40,USD,,,Wet Bar,,,,,,,,,,Picked this up at GenCon 2012. It's like a modern war version of chess.  Ok... Not great. ,"[2-Resident]
PP Estimate"
406652,120031394,Compile: Main 1,Compile: Main 1,2024,https://cf.geekdo-images.com/KMSUmBs9elKj4qBMxGVFgw__original/img/gE1a5OvsMQJt-LSDS7ktEoYzX1w=/0x0/filters:format(png)/pic8778267.png,https://cf.geekdo-images.com/KMSUmBs9elKj4qBMxGVFgw__small/img/3WDRoqcgMnl-Xd-KBnXkZdpVdPc=/fit-in/200x150/filters:strip_icc()/pic8778267.png,,2,2,20,30,30,,2.3636,11169,2,2,12+,Moderate in-game text - needs crib sheet or paste ups,0,0,0,0,3,0,0,0,0,,2025-07-18 21:22:39,1,6,7.80969,6.90902,4017,1.28683,608,Customizable Rank: 17; Strategy Game Rank: 367,,,,,,,,,,,,,,,,,"GenCon 2024.  Theme sounds cool.  WEM review didn’t do it for me.  Another card battler.  Might as well keep Sanctuary if I want a game like this

Was just OK…. Played at GenCon 2024 in BGG Hot games Room.  Almost too simple of a battler… maybe the protocols we chose that didn;t give much interaction",,
118174,36682576,Compounded,Compounded,2013,https://cf.geekdo-images.com/y8JfVb35fNbp2vVREDtMBg__original/img/Ftg1jZeQ-OmHmMDSRBH7UHZDAOM=/0x0/filters:format(jpeg)/pic1322957.jpg,https://cf.geekdo-images.com/y8JfVb35fNbp2vVREDtMBg__small/img/HAVgY5kLAxwrZ9xF1VDEDUq5SCA=/fit-in/200x150/filters:strip_icc()/pic1322957.jpg,,2,5,30,90,90,,2.4435,6260,"3,4,5",4,12+,Some necessary text - easily memorized or small crib sheet,0,0,0,0,3,0,0,0,1,,2025-08-03 20:42:00,2,6,6.68559,6.13097,2869,1.34889,2512,Strategy Game Rank: 1315,KS,2013-02-17,2025-07-08,42,USD,,,GenCon Store / Auction 2025,Original KS edition from 2013.  Very Good.  Played a few times ,,,,,,,,,"One of, if not the first games I ever Kickstarted","Lowered to $10 Geekmarket 2025-07-08
"
163257,31974953,Compounded: Geiger Expansion,Compounded: Geiger Expansion,2015,https://cf.geekdo-images.com/3jXHG2VrdkO-paUrMNiE4Q__original/img/aAr_ZWVW3MryGHFwWaqOYaqKNdc=/0x0/filters:format(jpeg)/pic2094101.jpg,https://cf.geekdo-images.com/3jXHG2VrdkO-paUrMNiE4Q__small/img/_MIyuGAzuS2CcNb4_sTLn2uaqhs=/fit-in/200x150/filters:strip_icc()/pic2094101.jpg,,1,5,30,90,90,,2.375,2011,"3,4",4,,Some necessary text - easily memorized or small crib sheet,0,0,0,0,3,0,0,0,1,,2025-08-03 20:42:12,0,0,6.87553,5.60835,217,1.53421,0,,KS,2014-08-31,2025-07-08,20,USD,,,GenCon Store / Auction 2025,Included with base game only,,,,,,,,,,In Base Box
365084,95621222,Compounded: The Peer-Reviewed Edition,Compounded: The Peer-Reviewed Edition,2023,https://cf.geekdo-images.com/46vY8TeBLdUZqCeu96dSRg__original/img/AlRRiQJ0U7TNALjIcbcY-ZGFBas=/0x0/filters:format(png)/pic6917897.png,https://cf.geekdo-images.com/46vY8TeBLdUZqCeu96dSRg__small/img/O_EunIQfLuR0wqAA9Wac1Oy4TTI=/fit-in/200x150/filters:strip_icc()/pic6917897.png,,2,5,45,70,70,,2,409,"2,3,4,5",4,10+,,1,0,0,0,3,0,0,0,0,,2026-05-31 17:20:04,1,0,6.96102,5.53265,59,1.3133,16105,,Greater Than Games / Backerkit,2022-10-12,2023-09-15,35,USD,,,,,,,,,,,,,,[2-Resident]
37231,123366690,Comuni,Comuni,2008,https://cf.geekdo-images.com/-1GEskclsjUCFvU-4ex4Qg__original/img/cGta385vHyMM-UAspRlLgTyjFhw=/0x0/filters:format(jpeg)/pic387531.jpg,https://cf.geekdo-images.com/-1GEskclsjUCFvU-4ex4Qg__small/img/5Fu2TbqeoTTH2itrFlIbX9G1--w=/fit-in/200x150/filters:strip_icc()/pic387531.jpg,,2,5,90,90,90,,3.3095,1267,"2,3,4,5",4,12+,No necessary in-game text,1,0,0,0,3,0,0,1,0,,2026-05-31 20:33:05,0,0,6.67652,5.86355,1079,1.28444,4167,Strategy Game Rank: 1749,Indy Spiel,2024-09-18,2024-09-28,1,USD,,,,,,,,,,,,,,[5-Exiting]
244305,61417478,Coral Islands,Coral Islands,2019,https://cf.geekdo-images.com/hsllaHWiQ4nqvgN6wu-fQg__original/img/8XB2C1XAoHvxxYqk0s8Zv4l36nQ=/0x0/filters:format(jpeg)/pic4089179.jpg,https://cf.geekdo-images.com/hsllaHWiQ4nqvgN6wu-fQg__small/img/naMR_mJIM_GeCy1s-3AdLDxwHp0=/fit-in/200x150/filters:strip_icc()/pic4089179.jpg,,1,4,15,45,45,,2,512,"1,2,3,4",2,8+,,0,0,0,0,4,0,0,0,0,,2025-10-19 21:24:47,0,0,5.94278,5.52978,180,1.37714,16748,,,,,,,,,,,,,,,,,,"GenCon 2019 - DEMO
Looks cool. Dice stacking.  Neat colors",,
436935,132948467,Corgi Pileup,Corgi Pileup,2025,https://cf.geekdo-images.com/oV9ggBnRATPsfEbyDWDsJA__original/img/e4hzEpbn62VeuN9cqRc3zczdMUY=/0x0/filters:format(png)/pic8708138.png,https://cf.geekdo-images.com/oV9ggBnRATPsfEbyDWDsJA__small/img/XNWiLYiQsyvFaHUOnz8we948J_Y=/fit-in/200x150/filters:strip_icc()/pic8708138.png,,2,7,20,20,20,,1,233,"3,4,5,6,7","5,6",,,0,0,0,0,3,0,0,0,0,,2025-08-10 12:32:21,0,0,5.79725,5.50859,91,1.49053,23182,,,,,,,,,,,,,,,,,,"GenCon 2025
Trick Taking with Corgis
BGG Hot Games on Friday",,
298572,114110014,Cosmic Encounter Duel,Cosmic Encounter Duel,2020,https://cf.geekdo-images.com/kroYzAvfIIwlO5N824qPzA__original/img/uKJ-qYkr0t2OW_jTy_YJAjmphGg=/0x0/filters:format(jpeg)/pic6352686.jpg,https://cf.geekdo-images.com/kroYzAvfIIwlO5N824qPzA__small/img/VGj1lpkgIBx-JR-d8dyeliMLk1c=/fit-in/200x150/filters:strip_icc()/pic6352686.jpg,,2,2,30,30,30,,2.381,4238,2,2,12+,Extensive use of text - massive conversion needed to be playable,1,0,0,0,3,1,0,0,0,,2026-05-31 17:24:59,0,0,6.54796,5.8367,1168,1.57435,4434,Strategy Game Rank: 1852,Miniature Market,2023-12-28,2024-01-03,6,USD,,,,,,,,,,,,,,[4-Evaluate]
295905,66704015,Cosmic Frog,Cosmic Frog,2020,https://cf.geekdo-images.com/AIpQGJA6fG1ArnX-5F1tsA__original/img/oZz18WcyOVNt0eVzq8Y-kbVauAw=/0x0/filters:format(png)/pic5278075.png,https://cf.geekdo-images.com/AIpQGJA6fG1ArnX-5F1tsA__small/img/Cf6BQt9HI1bFg1abueAWUZK4oPE=/fit-in/200x150/filters:strip_icc()/pic5278075.png,,2,6,45,90,90,,2.9857,3993,"3,4,5,6","4,5",12+,Moderate in-game text - needs crib sheet or paste ups,1,0,0,0,1,0,0,0,0,,2026-05-31 16:19:28,6,10,7.19742,6.27651,2091,1.56874,1957,Thematic Rank: 393; Strategy Game Rank: 1001,Devious Weasel,2020-07-15,,75,USD,,,,,,,,,,,,,,[1-Permanent]
419217,120678534,Cosmic Frog: Devious Pack,Cosmic Frog: Devious Pack,2024,https://cf.geekdo-images.com/IAjPD1hzuApN2cWRUO4rTA__original/img/t_jCN5J4hW1WqCxn7BKJssyXuGM=/0x0/filters:format(png)/pic8144338.png,https://cf.geekdo-images.com/IAjPD1hzuApN2cWRUO4rTA__small/img/IyYEpe-30pckQHuaw7nO5FEg0c8=/fit-in/200x150/filters:strip_icc()/pic8144338.png,,2,6,0,0,0,,0,239,,,,,1,0,0,0,3,0,0,0,0,1,2024-08-01 20:53:35,0,0,7.95,0,10,1.05948,0,,GenCon 2024,2024-08-01,2024-08-01,,,,,,,,,,,,,,,,
378028,107119853,Cosmic Frog: Find Muck,Cosmic Frog: Find Muck,2023,https://cf.geekdo-images.com/CIwELbbz_94Nplb7UUWvTA__original/img/jKmNpr1uMX7gwM8IpJg6UPPKNBw=/0x0/filters:format(png)/pic7350534.png,https://cf.geekdo-images.com/CIwELbbz_94Nplb7UUWvTA__small/img/8T3f6CdpeaIGDTdTl_bu6pKtm00=/fit-in/200x150/filters:strip_icc()/pic7350534.png,,2,6,45,90,90,,0,740,,,,Moderate in-game text - needs crib sheet or paste ups,1,0,0,0,1,0,0,0,0,,2023-08-19 10:32:31,0,0,7.52857,5.54292,56,1.71047,0,,GenCon 2023 Devious Weasal,2023-08-03,2023-08-18,35,USD,,,,,,,,,,,,,,
419218,120678533,Cosmic Frog: Gluttony Pack,Cosmic Frog: Gluttony Pack,2024,https://cf.geekdo-images.com/DRIR3Eteljlm_p6E2_pYzw__original/img/9OTAxaI1ede6DWIoC6laBRn_6JQ=/0x0/filters:format(png)/pic8144340.png,https://cf.geekdo-images.com/DRIR3Eteljlm_p6E2_pYzw__small/img/_w70kO-tg6NfvdVwvSnDn8GV-K8=/fit-in/200x150/filters:strip_icc()/pic8144340.png,,2,6,0,0,0,,0,269,,,,,0,0,0,0,3,0,0,0,0,,2025-08-12 18:59:38,0,0,7.71429,0,14,1.48461,0,,,,,,,,,,,,,,,,,,,,
362020,109191949,Cosmoctopus,Cosmoctopus,2023,https://cf.geekdo-images.com/Z3qXypltJpHxWwz7-qXg6A__original/img/7JgCu4u6irJXF_5BxPNAALnX7Wo=/0x0/filters:format(jpeg)/pic7467120.jpg,https://cf.geekdo-images.com/Z3qXypltJpHxWwz7-qXg6A__small/img/fFXFAGxCRjabVeZRGQ8uQWxxASk=/fit-in/200x150/filters:strip_icc()/pic7467120.jpg,,1,4,60,90,90,,2.2456,4987,"2,3,4",2,10+,Some necessary text - easily memorized or small crib sheet,0,0,0,0,3,0,0,0,0,,2023-08-12 22:58:20,1,6,7.17068,6.30768,2436,1.31502,1844,Strategy Game Rank: 1022,,,,,,,,,,,,,,,,,,,
131357,29648909,Coup,Coup,2012,https://cf.geekdo-images.com/MWhSY_GOe2-bmlQ2rntSVg__original/img/ayAAWBK1rAEumARNmROsOtvqW-4=/0x0/filters:format(jpeg)/pic2016054.jpg,https://cf.geekdo-images.com/MWhSY_GOe2-bmlQ2rntSVg__small/img/vuR_0PCX1w2EkjO_LbchOHZPOwU=/fit-in/200x150/filters:strip_icc()/pic2016054.jpg,,2,6,15,15,15,,1.4156,93581,"3,4,5,6",5,10+,Some necessary text - easily memorized or small crib sheet,1,0,0,0,3,0,0,0,0,,2026-05-31 20:33:19,3,7,6.97518,6.83151,52288,1.43123,716,Party Game Rank: 70,Amazon,2015-08-06,,11,USD,,,,,,,,,,,,,"Fun, quick game to play with the family.  I like the simplicity with the ability to bluff your way to a strategic win. ","[2-Resident]
Stored in Coup Rebellion G54 Box"
148943,30031043,Coup: Rebellion G54,Coup: Rebellion G54,2014,https://cf.geekdo-images.com/GSmvywVBtV0MSGCqnsulbQ__original/img/parnEMdyHhi507Ze-trzo18pndw=/0x0/filters:format(jpeg)/pic2809076.jpg,https://cf.geekdo-images.com/GSmvywVBtV0MSGCqnsulbQ__small/img/YtNOmzXjO4HYlmsZGgYrcdWYO80=/fit-in/200x150/filters:strip_icc()/pic2809076.jpg,,3,6,15,15,15,,1.9529,7830,"3,4,5,6","5,6",12+,Moderate in-game text - needs crib sheet or paste ups,1,0,0,0,1,0,0,0,0,,2026-05-31 20:33:24,2,8,6.98159,6.29529,3011,1.46159,1889,Party Game Rank: 106,,2015-08-31,,26,USD,,,,,,,,,,,,,Adds a lot of depth to a previously fun game that got boring with time. The random draw makes so many different combinations that games will be different all the time!  It will take some time to learn all these roles in order to bluff consistently and successfully,"[2-Resident]
PP Estimate
Stored in Coup Rebellion G54 Box"
148931,30784508,Coup: Reformation,Coup: Reformation,2013,https://cf.geekdo-images.com/-Pnt6sTdrbrGhCH0uPvdSQ__original/img/Yge9TxsRfjTbG2QuXC3kM9vVZjs=/0x0/filters:format(jpeg)/pic1978817.jpg,https://cf.geekdo-images.com/-Pnt6sTdrbrGhCH0uPvdSQ__small/img/LLNU6pQ0o1tejgTGDuFstJkJJP0=/fit-in/200x150/filters:strip_icc()/pic1978817.jpg,,2,10,15,15,15,,1.6025,21530,"4,5,6,7,8",6,12+,Some necessary text - easily memorized or small crib sheet,1,0,0,0,3,0,0,0,0,,2023-08-19 13:27:08,0,0,7.25276,6.71131,6093,1.29368,0,,,2015-10-16,,12,USD,,,,,,,,,,,,,Not very impressed with this expansion. It doesn't add much to the game,"PP Estimate
Stored in Coup Rebellion G54 Box"
248918,61464855,Court of the Dead: Mourners Call,Court of the Dead: Mourners Call,2019,https://cf.geekdo-images.com/nliIf4DWpFmR1XCcZoRB5A__original/img/AtgQ4ytg44FPn3GMptFi37_DrYw=/0x0/filters:format(jpeg)/pic4045405.jpg,https://cf.geekdo-images.com/nliIf4DWpFmR1XCcZoRB5A__small/img/-Jr6g6WPxpeYofyTxew8E9mnILM=/fit-in/200x150/filters:strip_icc()/pic4045405.jpg,,2,5,90,90,90,,2.9333,2225,"3,4,5",4,10+,Moderate in-game text - needs crib sheet or paste ups,0,0,0,0,4,0,0,0,1,,2024-07-14 16:42:02,0,0,7.58212,6.11106,1168,1.49728,2611,Thematic Rank: 455; Strategy Game Rank: 1253,IndyCon Flea Market,2020-02-08,,65,USD,40,USD,Sold to Tim Aberli at MayCon 2024,New in shrink. Trade interest somewhat low.  Would need a significant offer for consideration.,,,,The Op Games; Project Raygun,English,2019,Faction of Flesh edition,"
Area control with cool minis and cards; a little scythe, a little Blood Rage",,"Sold at May Con 2024 to Tim Aberli timb0t for $40

Listed for Sale on BGG Marketplace for $100 on 2023-01-02

Purchased from Mark Burke (The Chubby Meeple)
(bloominoctober)"
402283,120080994,Courtisans,Courtisans,2024,https://cf.geekdo-images.com/JK1HbIGtiVfsIbnw3Q543w__original/img/kPNCItrb8GwoIwV9R-vjczIkJR4=/0x0/filters:format(jpeg)/pic8004908.jpg,https://cf.geekdo-images.com/JK1HbIGtiVfsIbnw3Q543w__small/img/aLX0aSFbj4WBlK69h0x7j_8bItc=/fit-in/200x150/filters:strip_icc()/pic8004908.jpg,,2,5,20,30,30,,1.3061,8616,"2,3,4,5",4,8+,Some necessary text - easily memorized or small crib sheet,0,0,0,0,3,0,0,0,0,,2024-08-03 22:12:32,0,0,7.26065,6.61699,4554,1.19635,1071,Party Game Rank: 57; Family Game Rank: 282,,,,,,,,,,,,,,,,,"2024 GenCon. Looks interesting and simple
Only plays up to 5.  Seems like others and wouldn;t play much",,
429863,137262372,Covenant,Covenant,2025,https://cf.geekdo-images.com/4XkIFGbIAXtA-pDb6nlvsg__original/img/poJ-o9gvMirUyEz7PjrwLH7w6PU=/0x0/filters:format(jpeg)/pic8968542.jpg,https://cf.geekdo-images.com/4XkIFGbIAXtA-pDb6nlvsg__small/img/uQ9etIk8_uvoJuVA9ZzTtNYORKg=/fit-in/200x150/filters:strip_icc()/pic8968542.jpg,,1,4,100,100,100,,3.7156,3301,"1,2,3,4",3,14+,No necessary in-game text,0,0,1,0,3,0,1,0,0,,2025-11-07 11:52:17,0,0,7.70847,6.37034,1647,1.32873,1667,Strategy Game Rank: 845,,,,,,,,,,,,,,,,,"2025 Essential 
MvM Preview looked good.  Action Selection.  Dwarves.  
Artwork is meh",,
10815,145754344,Craps,Craps,1125,https://cf.geekdo-images.com/FZvpAsmgphfnd0yrytevKQ__original/img/awGdH_hb6H1n8OFBRwlHn187twQ=/0x0/filters:format(jpeg)/pic243141.jpg,https://cf.geekdo-images.com/FZvpAsmgphfnd0yrytevKQ__small/img/gSEpL1YiNefFwmk8h7ZnQgKbCrA=/fit-in/200x150/filters:strip_icc()/pic243141.jpg,,1,16,20,60,60,,1.7907,240,"3,4,5,6,7,8,9,10,11,12,13,14,15,16","7,11",10+,Some necessary text - easily memorized or small crib sheet,0,0,0,0,3,0,0,0,0,,2026-05-22 20:46:29,1,10,5.02249,5.4326,334,2.22869,30316,Party Game Rank: 931,,,,,,,,,,,,,,,,,,,
220988,107118449,Criss Cross,Criss Cross,2017,https://cf.geekdo-images.com/AW89h064a5hruvSf6oF2ng__original/img/gZHNBwb2ZPC8x2t1n2YbbULULxA=/0x0/filters:format(jpeg)/pic3680034.jpg,https://cf.geekdo-images.com/AW89h064a5hruvSf6oF2ng__small/img/GHXdJ-nM-4-ezuuPjnY90D7MueY=/fit-in/200x150/filters:strip_icc()/pic3680034.jpg,,1,6,10,10,10,,1.2941,1739,"1,2,3,4,5,6","2,6",6+,No necessary in-game text,1,0,0,0,3,0,0,0,0,,2026-05-31 20:33:57,2,5,6.51808,5.72639,1046,1.36721,5818,Family Game Rank: 1741,Miniature Market,2023-06-05,,4,USD,,,Lakehouse ,,,,,,,,,,,[3-Transient]
436907,133140714,Crits & Tricks,Crits & Tricks,2026,https://cf.geekdo-images.com/D8KVw6zRpRzzbXA2IOX1Jg__original/img/3HBnpXcfMlUhCjX22mDBYZNRyDQ=/0x0/filters:format(png)/pic8644669.png,https://cf.geekdo-images.com/D8KVw6zRpRzzbXA2IOX1Jg__small/img/Wzu8flJsdlEuPfSumRUT6ZjmZFI=/fit-in/200x150/filters:strip_icc()/pic8644669.png,,1,4,20,45,45,,2,223,"1,2,3,4","3,4",,,0,0,1,0,3,0,0,0,0,,2025-11-17 20:48:48,0,0,7.55947,5.58069,95,1.54656,10550,,,,,,,,,,,,,,,,,,"GenCon 2025 Demo Only
Trick taker with cool D&D Theme

Need to see more info",,
521,77422948,Crokinole,Crokinole,1876,https://cf.geekdo-images.com/DOwZ7_Q1w68iBhARcDAxig__original/img/0E7UQ_sXErRusbZVixlIiN8MIJQ=/0x0/filters:format(jpeg)/pic8549797.jpg,https://cf.geekdo-images.com/DOwZ7_Q1w68iBhARcDAxig__small/img/nkY1mEj6fItSXJHctfzFcRIcDT0=/fit-in/200x150/filters:strip_icc()/pic8549797.jpg,,2,4,30,30,30,,1.2256,20514,"2,4","2,4",6+,No necessary in-game text,0,0,0,0,3,0,0,0,0,,2020-12-22 01:01:26,1,9,8.06616,7.79996,21154,1.60703,46,Family Game Rank: 5,,,,,,,,,,,,,,,,,,,
256570,61101909,Crown of Emara,Crown of Emara,2018,https://cf.geekdo-images.com/fbpFsvwOHlm35p215DXMMg__original/img/vssfilc2Za5P83J9xulHw6I53rU=/0x0/filters:format(jpeg)/pic7415514.jpg,https://cf.geekdo-images.com/fbpFsvwOHlm35p215DXMMg__small/img/Uv71KmElItbtpXW0Pw4VKwYwtDY=/fit-in/200x150/filters:strip_icc()/pic7415514.jpg,,1,4,45,75,75,,3.0481,6241,"1,2,3,4",3,12+,No necessary in-game text,0,0,0,0,4,0,0,0,0,,2022-12-05 20:50:09,0,0,7.34865,6.67464,4226,1.10733,961,Strategy Game Rank: 539,,,,,,,,,,,,,,,,,"Origins / GenCon 2019 - FOR SALE
Looks ok... worth checking out",,
253574,63695453,Crusader Kings,Crusader Kings,2019,https://cf.geekdo-images.com/Fk4WoYU5PCHSLi8URsxUxw__original/img/GEIW2mI-j-oW2GjJdpZf9Lg-e7k=/0x0/filters:format(jpeg)/pic4141490.jpg,https://cf.geekdo-images.com/Fk4WoYU5PCHSLi8URsxUxw__small/img/OJJL4VnvVPcbe-ocmwR2qZAiRvg=/fit-in/200x150/filters:strip_icc()/pic4141490.jpg,,1,5,180,180,180,,3.34,2004,"3,4,5",5,14+,Moderate in-game text - needs crib sheet or paste ups,0,0,0,0,3,0,0,0,0,,2023-04-04 12:46:37,0,0,6.81846,5.81007,935,1.69397,4696,War Game Rank: 1077; Thematic Rank: 874,,,,,,,,,,,,,,,,,"Interesting looking mechanisms.  Tokens in bags, card driven, area control, minis.  Board game Kaptain video",,
170624,60607548,Crusaders: Thy Will Be Done,Crusaders: Thy Will Be Done,2018,https://cf.geekdo-images.com/FDJNeXF3PLJDhRHPYXO4GQ__original/img/HS0xb3e1s_GncdYp3AOjGPu-DAo=/0x0/filters:format(png)/pic3187849.png,https://cf.geekdo-images.com/FDJNeXF3PLJDhRHPYXO4GQ__small/img/xw2zPE7UtVxcqYcTCphOcPERXAs=/fit-in/200x150/filters:strip_icc()/pic3187849.png,,2,4,40,60,60,,2.4771,7864,"2,3,4","3,4",10+,Some necessary text - easily memorized or small crib sheet,1,0,0,0,2,0,0,0,0,,2026-05-31 20:34:03,3,9,7.47697,6.87101,5458,1.16514,654,Strategy Game Rank: 387,BGG Auction (Brian Lewis verballyinsane),2019-07-15,,70,USD,,,,,,,,Tasty Minstrel Games,English,2018,English deluxified first edition,"Origins / GenCon 2019 - FOR SALE
Look for deluxe edition with very cool shaped metal coins",,[2-Resident]
289240,95223348,Crusaders: Thy Will Be Done – Divine Influence,Crusaders: Thy Will Be Done – Divine Influence,2022,https://cf.geekdo-images.com/KZI-ijJ7aF6xIYIIV4YmlQ__original/img/TSYz85_vGRWVxpu151spfYc7oTY=/0x0/filters:format(png)/pic4956163.png,https://cf.geekdo-images.com/KZI-ijJ7aF6xIYIIV4YmlQ__small/img/if9v2Y7NmvPEWK8ZzI35d2P_N8g=/fit-in/200x150/filters:strip_icc()/pic4956163.png,,2,4,45,60,60,,2.75,1989,"3,4",4,,No necessary in-game text,0,0,0,0,3,0,0,0,0,,2024-01-08 20:55:44,0,0,7.9022,5.88224,438,1.18897,0,,,,,,,,,,,,,,,,,,Love the base game. Do we need the expansion?,,
192457,53290925,Cry Havoc,Cry Havoc,2016,https://cf.geekdo-images.com/OaKLFUgTVdUYvGxLT5QjsQ__original/img/9hr6b_e0WOJJZKLBcuBfuZ0wBuE=/0x0/filters:format(jpeg)/pic3090929.jpg,https://cf.geekdo-images.com/OaKLFUgTVdUYvGxLT5QjsQ__small/img/Q_G1GlSoIsbibsaOFDmr4_YGwhM=/fit-in/200x150/filters:strip_icc()/pic3090929.jpg,,2,4,60,120,120,,3.2972,11110,"2,3,4",4,12+,Moderate in-game text - needs crib sheet or paste ups,0,0,0,0,4,0,0,0,0,,2023-07-15 17:16:20,0,0,7.08543,6.64808,7136,1.43111,1012,War Game Rank: 299; Strategy Game Rank: 634,,,,,,,,,,,,,,,,,Recommended by guy from Texas at Gen Con 2018,,
330608,81717436,Cryo,Cryo,2021,https://cf.geekdo-images.com/iJuOcywlYkbWJmDtioACWg__original/img/TOGnbs7VNh2PhMZ4w4zOzHRHLmo=/0x0/filters:format(jpeg)/pic5970903.jpg,https://cf.geekdo-images.com/iJuOcywlYkbWJmDtioACWg__small/img/nQ5WgIeYxNRnWn_1NmyoOvdSub8=/fit-in/200x150/filters:strip_icc()/pic5970903.jpg,,2,4,60,90,90,,2.7791,4147,"2,3,4",3,12+,Moderate in-game text - needs crib sheet or paste ups,0,0,0,0,3,0,0,0,1,,2024-08-07 21:06:25,1,7,7.19125,6.32934,2343,1.15124,1776,Strategy Game Rank: 925,Game Preserve,2023-05-30,2024-07-31,30,USD,10,USD,GenCon 2024 Auction / Store,,,,,,,,,Luke Laurie,,Sold for $10 GenCon 2024 Store
298069,83646607,Cubitos,Cubitos,2021,https://cf.geekdo-images.com/_WY_JrQQRrSUlVof11hMpQ__original/img/x5IICp6q86ozlyzJjTcoNkMELnI=/0x0/filters:format(png)/pic5226311.png,https://cf.geekdo-images.com/_WY_JrQQRrSUlVof11hMpQ__small/img/YBgLAPTM5xOW3fDj_if3-r3oDs0=/fit-in/200x150/filters:strip_icc()/pic5226311.png,,2,4,30,60,60,,2.1682,17846,"2,3,4","3,4",8+,Moderate in-game text - needs crib sheet or paste ups,0,0,0,0,3,0,0,0,0,,2023-02-10 23:33:41,1,7,7.35731,6.9932,10817,1.23114,510,Family Game Rank: 112,,,,,,,,,,,,,,,,,,,
275973,77422951,Curios,Curios,2019,https://cf.geekdo-images.com/uhwNwL-2RKJEg3u-HtPBZQ__original/img/HAB1FUnD-eOx9DT8u6YA3dEIg9U=/0x0/filters:format(jpeg)/pic4643794.jpg,https://cf.geekdo-images.com/uhwNwL-2RKJEg3u-HtPBZQ__small/img/QyEDN9H8_1csXSK2lZGaF4KnD-M=/fit-in/200x150/filters:strip_icc()/pic4643794.jpg,,2,5,15,20,20,,1.2,1081,"2,3,4,5",4,8+,No necessary in-game text,1,0,0,0,3,0,0,0,0,,2026-05-31 20:34:17,1,6,6.5406,5.70372,596,1.249,6237,,May Con Raffle,2024-05-25,2024-05-25,,,,,,,,,,Alderac Entertainment Group,English,2019,English edition,,,[5-Exiting]
249411,60978949,Cuzco,Cuzco,2018,https://cf.geekdo-images.com/XFN0Xykb4R1l_8FleeOS1w__original/img/sg35o3lGndfxCgyQ17wub-SdLsE=/0x0/filters:format(jpeg)/pic4019762.jpg,https://cf.geekdo-images.com/XFN0Xykb4R1l_8FleeOS1w__small/img/WOFuWqyGiOt_WobLaxh9wMIKrVM=/fit-in/200x150/filters:strip_icc()/pic4019762.jpg,,2,4,90,90,90,,2.6462,3240,"2,3,4",3,12+,No necessary in-game text,0,0,0,0,4,0,0,0,0,,2023-07-15 17:16:29,0,0,7.41391,6.14385,1239,1.19768,2455,Strategy Game Rank: 1181,,,,,,,,,,,,,,,,,"Gencon 2019 - FOR SALE
Place tiles, build temples",,
237145,71822358,Daimyo: Rebirth of the Empire,Daimyo: Rebirth of the Empire,2021,https://cf.geekdo-images.com/lN-cUNC9pnhifBGUnn53xw__original/img/90sxIzNQXYs-O3KdPICwnRrbmVw=/0x0/filters:format(jpeg)/pic6101593.jpg,https://cf.geekdo-images.com/lN-cUNC9pnhifBGUnn53xw__small/img/dqtxwECQx_mNq5SIrKjWKSq8-O8=/fit-in/200x150/filters:strip_icc()/pic6101593.jpg,,1,4,60,90,90,,3.2174,2560,"1,2,3,4",4,14+,Moderate in-game text - needs crib sheet or paste ups,0,0,0,0,3,0,0,0,1,1,2024-07-14 16:41:44,1,7,7.27811,5.9788,949,1.23936,3313,Strategy Game Rank: 1471,KS,2020-07-20,,79,USD,40,USD,Sold to Scott McColgin at MayCon 2024,Very good or better.  Only played once.  Kickstarter edition with miniatures.,,,,La Boîte de Jeu,English,2021,English edition,"KS July 2020
LeBoite de Jeu
Looks like Scythe plus something...",,"Sold at MayCon 2024 to fury00 Scott McColgin for $25 plus trade for Ubongo Duel for GB

Listed on BGG Marketplace on 2023-01-02 for $70"
368309,108411087,DANTE: Inferno,DANTE: Inferno,2025,https://cf.geekdo-images.com/AL4Tt4QEjKAOQDKpypCIgw__original/img/mqs8UXHfNeDk4gikPf_gv4MHpls=/0x0/filters:format(jpeg)/pic7935239.jpg,https://cf.geekdo-images.com/AL4Tt4QEjKAOQDKpypCIgw__small/img/K8Ica4WK3JJDdJ_e5lonvApi5ic=/fit-in/200x150/filters:strip_icc()/pic7935239.jpg,,1,4,90,120,120,,3.3,708,"1,2,3,4",1,,,0,0,0,0,3,0,0,0,0,,2024-08-03 22:13:22,0,0,7.51291,5.58512,196,2.59053,10277,,,,,,,,,,,,,,,,,,"Keep an eye. 
Theme 
Co-op…",,
295535,69855683,Dark Ages: Heritage of Charlemagne,Dark Ages: Heritage of Charlemagne,2021,https://cf.geekdo-images.com/2DsTgz7kzY0lgycj5xhV0A__original/img/NY6RQW5kD4LTD6D-3onVXsNLKJ8=/0x0/filters:format(jpeg)/pic5092357.jpg,https://cf.geekdo-images.com/2DsTgz7kzY0lgycj5xhV0A__small/img/QGtKhIGmw-jQcpiISHWxRQasj0c=/fit-in/200x150/filters:strip_icc()/pic5092357.jpg,,1,4,120,180,180,,3.5152,1497,"1,2,3,4","3,4",12+,Moderate in-game text - needs crib sheet or paste ups,0,0,0,0,3,0,0,0,0,,2023-02-25 22:27:41,0,0,7.7867,5.96785,666,1.52096,3387,Strategy Game Rank: 1476,,,,,,,,,,,,,,,,,"KS March 2020.  A big 4X game!  WOuld love to play this, but not sure I need to own it...",,
166854,54683912,Dark Domains,Dark Domains,2019,https://cf.geekdo-images.com/CE16UwFFekyrjNhOcngUwQ__original/img/Yq5qxY9BnvYGmWayjOhxlgbDqcY=/0x0/filters:format(jpeg)/pic8654201.jpg,https://cf.geekdo-images.com/CE16UwFFekyrjNhOcngUwQ__small/img/0J3LX_lkshNBbpiJOwCloi4UCog=/fit-in/200x150/filters:strip_icc()/pic8654201.jpg,,2,5,120,120,120,,2.9583,973,"2,3,4,5","3,4",12+,Moderate in-game text - needs crib sheet or paste ups,1,0,0,0,3,0,0,0,0,,2026-05-31 20:34:26,1,9,7.50975,5.80228,451,1.48142,4784,Strategy Game Rank: 1864,KS,2018-09-30,,65,USD,,,,,,,,,,,,,,[2-Resident]
395479,110010225,Dark Domains: Lotus District,Dark Domains: Lotus District,2024,https://cf.geekdo-images.com/vse7ID--3LJoMEJoA1AqSg__original/img/MgUQfLD7g7eJg0CM1UTwwOp5kC0=/0x0/filters:format(png)/pic8896557.png,https://cf.geekdo-images.com/vse7ID--3LJoMEJoA1AqSg__small/img/1eMBSUEf5jVCE_0LxBLjAzOi4PM=/fit-in/200x150/filters:strip_icc()/pic8896557.png,,2,5,90,120,120,,0,9,,,,,0,1,0,0,3,0,0,0,0,,2023-09-07 17:29:25,0,0,0,0,0,0,0,,KS,2023-09-07,,38,USD,,,,,,,,,,,,,,Backed the v1 Conversion Kit + Lotus Expansion + Tracker Mats (set of 5)
322289,111347445,Darwin's Journey,Darwin's Journey,2023,https://cf.geekdo-images.com/-A_ABjMw4PdoAZrH-FjiiA__original/img/GuDlOog3eTRrkxCUzCEgRc17B-g=/0x0/filters:format(png)/pic5726930.png,https://cf.geekdo-images.com/-A_ABjMw4PdoAZrH-FjiiA__small/img/_rJRtHzqatLg9OQM0x1UaC1cRGY=/fit-in/200x150/filters:strip_icc()/pic5726930.png,,1,4,60,120,120,,3.8921,16968,"1,2,3,4",3,14+,No necessary in-game text,1,0,0,0,3,1,0,0,0,,2026-05-31 20:08:49,0,0,8.09333,7.63167,12309,1.29835,89,Strategy Game Rank: 60,Indy Spiel (Jeff Williams @ScrappedHeap),2026-04-27,2026-05-15,25,USD,,,,,,,,,,,,,,[3-Transient]
328413,110485068,Darwin's Journey: Collector's Edition,Darwin's Journey: Collector's Edition,2023,https://cf.geekdo-images.com/-A_ABjMw4PdoAZrH-FjiiA__original/img/GuDlOog3eTRrkxCUzCEgRc17B-g=/0x0/filters:format(png)/pic5726930.png,https://cf.geekdo-images.com/-A_ABjMw4PdoAZrH-FjiiA__small/img/_rJRtHzqatLg9OQM0x1UaC1cRGY=/fit-in/200x150/filters:strip_icc()/pic5726930.png,,1,4,60,120,120,,3.8431,4565,"1,2,3,4",3,12+,No necessary in-game text,0,0,0,0,2,0,0,0,0,,2026-05-16 22:38:31,0,0,8.55675,6.69047,1562,1.06987,0,,,,,,,,,,,,,,,,,,,,
266564,68823388,Dawn of Mankind,Dawn of Mankind,2019,https://cf.geekdo-images.com/tOweJ-4vxzeE8uJJlqQ_wQ__original/img/gjwo6iHqiNFIW4nCp0IFjKHG5Hk=/0x0/filters:format(jpeg)/pic4454128.jpg,https://cf.geekdo-images.com/tOweJ-4vxzeE8uJJlqQ_wQ__small/img/HcWe8kwOLYntGgTI2dyG4hBFJ4A=/fit-in/200x150/filters:strip_icc()/pic4454128.jpg,,2,5,45,60,60,,2.25,769,"2,3,4,5","4,5",10+,Extensive use of text - massive conversion needed to be playable,0,0,0,0,2,0,0,0,1,1,2025-08-03 20:52:48,1,7,6.72593,5.68294,413,1.14591,6689,,Cardhaus,2020-03-08,2025-07-08,26.99,USD,15,USD,GenCon Store / Auction 2025 ,Played Once,,,,,,,,Listed on Geekmarket on 11/20/2022 for $15,,$10 Geekmarket
75165,114748505,De Vulgari Eloquentia,De Vulgari Eloquentia,2010,https://cf.geekdo-images.com/mAyx-NXFYvTj6Dz-YKormQ__original/img/Ch4TL5VvsCZGDrEfAvpA65Drym8=/0x0/filters:format(jpeg)/pic778029.jpg,https://cf.geekdo-images.com/mAyx-NXFYvTj6Dz-YKormQ__small/img/k56Pz_BhVJ2ojAzx9Z5BeZth3pQ=/fit-in/200x150/filters:strip_icc()/pic778029.jpg,,2,5,120,120,120,,3.6381,3142,"2,3,4,5",4,14+,No necessary in-game text,1,0,0,0,3,1,0,0,0,1,2026-05-31 20:06:48,0,0,7.1828,6.27897,2045,1.36972,1946,Strategy Game Rank: 988,BGG Marketplace bigcoop122,2024-01-12,2024-01-20,30,USD,,,,,,,,,,,,Prefer the deluxe edition,,"[4-Evaluate]
Includes Upgrade Kit
9405536105536143031349"
275010,60875630,De Vulgari Eloquentia: Deluxe Edition,De Vulgari Eloquentia: Deluxe Edition,2019,https://cf.geekdo-images.com/cuiKY2WCI4OxYbNXo-aIVQ__original/img/OJeaVHyQDt_XEfxseZk27pZDfHo=/0x0/filters:format(jpeg)/pic4908173.jpg,https://cf.geekdo-images.com/cuiKY2WCI4OxYbNXo-aIVQ__small/img/IQ6LeGwQ29V5J5LHk7MRzyT9txo=/fit-in/200x150/filters:strip_icc()/pic4908173.jpg,,2,5,90,120,120,,3.6757,1380,"2,3,4,5","3,4",14+,No necessary in-game text,0,0,0,0,2,0,0,0,0,,2024-01-12 22:09:59,0,0,7.77739,5.9284,568,1.31694,3655,Strategy Game Rank: 1545,,,,,,,,,,,,,,,,,KS,,
292360,115362823,De Vulgari Eloquentia: Upgrade Pack,De Vulgari Eloquentia: Upgrade Pack,2019,https://cf.geekdo-images.com/KKyeU8x3nCPaEKUlJkXOGw__original/img/orOTrZzxMIMWoReACr5u1RRuo90=/0x0/filters:format(jpeg)/pic6330231.jpg,https://cf.geekdo-images.com/KKyeU8x3nCPaEKUlJkXOGw__small/img/GQSR3AWme0j2qKiVb9snZx56DXI=/fit-in/200x150/filters:strip_icc()/pic6330231.jpg,,2,5,90,120,120,,3,101,"2,3,4,5","4,5",14+,,1,0,0,0,3,0,0,0,0,,2024-01-21 19:40:40,0,0,7.29962,0,16,1.62329,0,,,2024-01-12,2024-01-20,,,,,,,,,,,,,,,,In the Base game box
172837,85035675,Dead Man's Chest,Dead Man's Chest,2015,https://cf.geekdo-images.com/Qf5RLK9kQseyM6glEmCYvA__original/img/6GqTPEzU8e5PfZk-QuV5zx1ugTg=/0x0/filters:format(jpeg)/pic7087480.jpg,https://cf.geekdo-images.com/Qf5RLK9kQseyM6glEmCYvA__small/img/wDkmuWZU8I5M9CTrLrkNiSryeGk=/fit-in/200x150/filters:strip_icc()/pic7087480.jpg,,3,8,20,30,30,,1.2143,808,"3,4,5,6,7,8","4,5,6",12+,No necessary in-game text,1,0,0,0,3,0,0,0,0,,2026-05-31 20:34:44,0,0,5.84315,5.52546,240,1.76376,17796,Party Game Rank: 705,KS,2021-08-25,,5,USD,,,,,,,,,,,,,,"[3-Transient]
Price Paid is estamiated from

6 for the Road Bundle was $49 and contains:

The Mother Road, Route 66
America's Main Street -- 2 new Travel-Size Route 66 Family Games
Sixes, The Portable Party Game for 6-106 Players and Ages
Dead Man's Chest, the Pint-Sized party game
The Pink Cadillac Expansion to Route 66, The Mother Road
The Great Races, an original roll and write game by Sid Sackson"
276182,72727619,Dead Reckoning,Dead Reckoning,2022,https://cf.geekdo-images.com/4q_5Ox7oYtK3Ma73iRtfAg__original/img/67KL6z6m8eD2MprJ7JfsxXoAPlM=/0x0/filters:format(jpeg)/pic4650725.jpg,https://cf.geekdo-images.com/4q_5Ox7oYtK3Ma73iRtfAg__small/img/TU4UOoot_zqqUwCEmE_wFnLRRCY=/fit-in/200x150/filters:strip_icc()/pic4650725.jpg,,1,4,90,150,150,,3.4358,7219,"1,2,3,4",3,12+,Moderate in-game text - needs crib sheet or paste ups,0,0,0,0,3,0,0,0,0,,2023-02-25 22:27:47,0,0,8.14271,7.13082,4113,1.35978,362,Strategy Game Rank: 189,,,,,,,,,,,,,,,,,"John D Clair.  Mechanics look cool.
Set up time?",,
243430,72281783,Dealt!,Dealt!,2018,https://cf.geekdo-images.com/VQvEmtoFrOrjgF18yfh9Lw__original/img/lXbEsAQqO1WdO2UF_D6WhBc8yZg=/0x0/filters:format(png)/pic5518213.png,https://cf.geekdo-images.com/VQvEmtoFrOrjgF18yfh9Lw__small/img/5DPm6BDeLC1pzgL98vDy9ReUGBs=/fit-in/200x150/filters:strip_icc()/pic5518213.png,,3,5,30,30,30,,1.44,3705,"3,4",4,8+,No necessary in-game text,1,0,0,0,3,0,0,0,0,,2026-05-31 20:34:59,3,7,7.02232,6.1975,1961,1.31995,2245,Family Game Rank: 663,Geekmarket - Casarmom,2025-11-03,2025-11-07,10,USD,,,,,,,,,,,,"2020 Summer Preview
Zee Garcia review was lukewarm, but game looks straightforward and fun",,[3-Transent]
443306,137466990,Deckers,Deckers,2025,https://cf.geekdo-images.com/QIiMCGc9zpv_XKAI-zbqmQ__original/img/2riPUBkY_TmfAnyLQUHeENJEEyI=/0x0/filters:format(jpeg)/pic8907989.jpg,https://cf.geekdo-images.com/QIiMCGc9zpv_XKAI-zbqmQ__small/img/WaxhjFWQeablIaDyzDTe9XWpOlw=/fit-in/200x150/filters:strip_icc()/pic8907989.jpg,,1,4,60,90,90,,3.7879,2299,"1,2,3",1,12+,Moderate in-game text - needs crib sheet or paste ups,0,0,1,1,3,0,0,0,0,,2025-11-23 22:31:37,0,0,8.15045,6.0917,736,1.39243,2701,Strategy Game Rank: 1258,,,,,,,,,,,,,,,,,"Looks pretty cool.  Essen 2025. Look for some gameplay videos

Co-op",,
225694,108662321,Decrypto,Decrypto,2018,https://cf.geekdo-images.com/X6HDeg8AhGXGhB8je65MTw__original/img/A2cgVhqNzUMUGg7_GJ5omWcdkt8=/0x0/filters:format(jpeg)/pic7303572.jpg,https://cf.geekdo-images.com/X6HDeg8AhGXGhB8je65MTw__small/img/qbUM87MS9CKeCSZ9qCfzU8cMdV4=/fit-in/200x150/filters:strip_icc()/pic7303572.jpg,,3,8,15,45,45,,1.8268,45984,"4,5,6,7,8","4,6",10+,Unplayable in another language,0,0,0,0,3,0,0,0,0,,2026-05-31 20:35:30,3,5,7.76638,7.54918,27539,1.26705,116,Party Game Rank: 2,,,,,,,,,,,,,,,,,,,
225694,108491355,Decrypto: 5th Anniversary Edition,Decrypto,2023,https://cf.geekdo-images.com/X6HDeg8AhGXGhB8je65MTw__original/img/A2cgVhqNzUMUGg7_GJ5omWcdkt8=/0x0/filters:format(jpeg)/pic7303572.jpg,https://cf.geekdo-images.com/X6HDeg8AhGXGhB8je65MTw__small/img/qbUM87MS9CKeCSZ9qCfzU8cMdV4=/fit-in/200x150/filters:strip_icc()/pic7303572.jpg,,3,8,15,45,45,,1.8268,45984,"4,5,6,7,8","4,6",10+,Unplayable in another language,1,0,0,0,3,0,0,1,0,,2026-05-31 20:35:30,3,5,7.76638,7.54918,27539,1.26705,116,Party Game Rank: 2,Hachette,2023-07-24,,24.99,USD,,,,,,,,Hachette Boardgames USA; Scorpion Masqué,English,2023,English 5th Anniversary edition 2023,,,[5-Exiting]
397931,127643066,Deep Regrets,Deep Regrets,2025,https://cf.geekdo-images.com/WUvpRzsNSZgq1gyvjiQcWw__original/img/wXnREOcKLkysXorXqRQXKslz-iI=/0x0/filters:format(jpeg)/pic8156363.jpg,https://cf.geekdo-images.com/WUvpRzsNSZgq1gyvjiQcWw__small/img/XJyLMXaTHUGyAv7n-G0DpR1W1SU=/fit-in/200x150/filters:strip_icc()/pic8156363.jpg,,1,5,30,150,150,,2.3208,8447,"1,2,3,4",3,12+,Moderate in-game text - needs crib sheet or paste ups,0,0,0,0,3,0,0,0,0,,2025-10-06 13:51:14,0,0,7.31688,6.48036,3580,1.59906,1374,Thematic Rank: 362; Family Game Rank: 418,,,,,,,,,,,,,,,,,"Tom Vasel Most Anticipated 2025 #4
Fishing theme
Karl, Adam D and others have said this is not great",,
427866,135007962,Deep Sea Adventure Boost,Deep Sea Adventure Boost,2024,https://cf.geekdo-images.com/rHDvwG45RCSBnVYM65mVIA__original/img/R5Sl-SOfwIOBhAkuz_w0UCXMmHA=/0x0/filters:format(png)/pic8393449.png,https://cf.geekdo-images.com/rHDvwG45RCSBnVYM65mVIA__small/img/Zs5BP5rZQYm5c-0t00FnYAy2Pc0=/fit-in/200x150/filters:strip_icc()/pic8393449.png,,2,6,30,30,30,,1.0952,2034,"2,3,4,5,6","4,5",6+,No necessary in-game text,1,0,0,0,3,0,0,1,0,,2026-05-31 20:35:51,1,6,7.15008,5.82871,610,1.14169,0,,GenCon,2025-07-31,2025-07-31,20,USD,,,,,,,,,,,,,,[5-Exiting]
322354,107119787,DEFCON 1,DEFCON 1,2023,https://cf.geekdo-images.com/5kPnvJoZhN6NTqpomgPulg__original/img/Pmx631L0rJ5DCiDVXuIdaui2-TU=/0x0/filters:format(png)/pic5735750.png,https://cf.geekdo-images.com/5kPnvJoZhN6NTqpomgPulg__small/img/sBu61jo-Nx_ep4ls6eiUSWXCvWs=/fit-in/200x150/filters:strip_icc()/pic5735750.png,,2,5,90,180,180,,3.5789,349,"2,3,4,5",5,8–14,Moderate in-game text - needs crib sheet or paste ups,0,0,0,0,3,0,0,0,0,,2024-01-08 21:01:18,0,0,7.55515,5.57088,198,2.81933,11291,War Game Rank: 3569,,,,,,,,,,,,,,,,,,,
273814,83204542,Deliverance,Deliverance,2023,https://cf.geekdo-images.com/FjrxN24O7MwcV4tNY8xPRg__original/img/OS9D65X8Kz5Sedk4IXlBT0KcFRs=/0x0/filters:format(jpeg)/pic6096569.jpg,https://cf.geekdo-images.com/FjrxN24O7MwcV4tNY8xPRg__small/img/YyysiXN9utF9_V8dKw0FtTOYPVw=/fit-in/200x150/filters:strip_icc()/pic6096569.jpg,,1,4,60,120,120,,3.1091,1476,"1,2,3,4","2,3",12+,Extensive use of text - massive conversion needed to be playable,0,0,0,0,3,0,0,0,0,,2025-08-24 20:14:34,0,0,8.33683,6.06956,896,1.94064,2820,Thematic Rank: 530; Strategy Game Rank: 1365,,,,,,,,,,,,,,,,,"KS June 21
Great, different theme 
Not sure I want to back a first time creator
Co-operative… but looks cool.  Gonna pass",,
285192,64452884,Destinies,Destinies,2021,https://cf.geekdo-images.com/oaD1ZQ3yGj6lacLdtqgdnQ__original/img/LJXy5--WfYNypO-Xd7nhkzU5Xzs=/0x0/filters:format(png)/pic5558118.png,https://cf.geekdo-images.com/oaD1ZQ3yGj6lacLdtqgdnQ__small/img/1mCz7HPEFMeqaqJHsDZwEUc9ftw=/fit-in/200x150/filters:strip_icc()/pic5558118.png,,1,3,90,150,150,,1.919,18693,"1,2,3",2,10+,Extensive use of text - massive conversion needed to be playable,0,0,0,0,3,0,0,0,0,,2022-07-28 19:51:28,0,0,7.6469,7.08155,10127,1.52393,408,Thematic Rank: 94,,,,,,,,,,,,,,,,,"KS October 2019
App driven competitive D&D like adventeure. Seems OKish...  Will keep an eye on this over time
TRIAGE",,
223321,52960182,Detective: A Modern Crime Board Game,Detective: A Modern Crime Board Game,2018,https://cf.geekdo-images.com/wJphcoCCYScWCNkE32D_hw__original/img/qSYnPWdXgggfxYvT03Oa32zSrh0=/0x0/filters:format(jpeg)/pic5756205.jpg,https://cf.geekdo-images.com/wJphcoCCYScWCNkE32D_hw__small/img/9FV7H95C0vPv_y60nitZVlMTTgc=/fit-in/200x150/filters:strip_icc()/pic5756205.jpg,,1,5,120,180,180,,2.7438,24511,"1,2,3,4",2,16+,Extensive use of text - massive conversion needed to be playable,0,0,0,0,2,0,0,0,1,,2024-07-14 20:21:07,1,6,7.6071,7.16148,11469,1.64951,339,Thematic Rank: 73,Gen Con,2018-08-02,,,,,,Katelyn,,,,,,,,,$10 OctoCon,,Gave to Katelyn and Keegan 
439742,139691844,Dewan,Dewan,2025,https://cf.geekdo-images.com/sTyIZTri7fO2Mt33udtjrA__original/img/2Jq3MDjUlWrgP0l3P37H7pvY8OM=/0x0/filters:format(jpeg)/pic8955937.jpg,https://cf.geekdo-images.com/sTyIZTri7fO2Mt33udtjrA__small/img/qDHpVB8DR1DOy_TuwvpdO3DdYNE=/fit-in/200x150/filters:strip_icc()/pic8955937.jpg,,2,4,40,40,40,,2.098,2225,"2,3,4",3,10+,No necessary in-game text,0,0,1,0,3,0,0,0,0,,2025-12-12 14:05:27,0,0,7.36393,6.21743,1610,1.15954,2177,Family Game Rank: 609,,,,,,,,,,,,,,,,,"Board Game Ramblings nice review

Surprise of the year 

Light game 4P",,
152162,124116762,Diamonds,Diamonds,2014,https://cf.geekdo-images.com/jWa2swVQ1oJ_lmBjOqKvJA__original/img/kT1-MhelQgFGYSXiJsIZnQRG4zQ=/0x0/filters:format(jpeg)/pic4812860.jpg,https://cf.geekdo-images.com/jWa2swVQ1oJ_lmBjOqKvJA__small/img/F4sphH6518FTStZ5iH10525L8Nc=/fit-in/200x150/filters:strip_icc()/pic4812860.jpg,,2,6,20,30,30,,1.5611,8367,"3,4,5,6","4,5",6+,No necessary in-game text,1,0,0,0,3,0,0,0,0,,2026-05-31 20:35:57,6,7,6.85048,6.45212,5805,1.23475,1446,Family Game Rank: 430,Game Preserve,2024-11-29,2024-11-29,15,USD,,,,,,,,,,,,,,[2-Resident]
354866,96202626,Dice Conquest,Dice Conquest,2022,https://cf.geekdo-images.com/PeLS8uxasQkJUrTvKKSRcA__original/img/6Tasqh8ZMAjFThrl-TRpUMUzeLs=/0x0/filters:format(jpeg)/pic6825180.jpg,https://cf.geekdo-images.com/PeLS8uxasQkJUrTvKKSRcA__small/img/gtkIPDCTmLbpG4gXEfbxT0VXuZA=/fit-in/200x150/filters:strip_icc()/pic6825180.jpg,,1,4,30,30,30,,1.3571,827,"1,2,3",1,,Some necessary text - easily memorized or small crib sheet,0,0,0,0,3,0,0,0,0,,2023-04-04 12:48:22,0,0,6.90516,5.6781,374,1.24914,6817,,,,,,,,,,,,,,,,,,,,
299933,77837998,Dice Flick,Dice Flick,2021,https://cf.geekdo-images.com/qL_ybEMP5KrJLUI_ih1yZg__original/img/hVif3BRyTU5L83ZTZRGkU3eAPAI=/0x0/filters:format(jpeg)/pic5883139.jpg,https://cf.geekdo-images.com/qL_ybEMP5KrJLUI_ih1yZg__small/img/RmtX4FFRCrAvgRulWuNbU3vs6bc=/fit-in/200x150/filters:strip_icc()/pic5883139.jpg,,2,4,10,20,20,,1.1667,674,"2,3,4",4,6–16,,0,0,0,0,3,0,0,0,0,,2023-04-04 12:48:28,0,0,6.18278,5.57889,327,1.37641,10680,,,,,,,,,,,,,,,,,,Dice flicking...  looks like a quick different game,,
194594,70468654,Dice Forge,Dice Forge,2017,https://cf.geekdo-images.com/4BTVGQWO0M9ayxyku3FW6Q__original/img/8G3m0Cc_y3Qa0jcFn4ynWTwOV3A=/0x0/filters:format(jpeg)/pic3477004.jpg,https://cf.geekdo-images.com/4BTVGQWO0M9ayxyku3FW6Q__small/img/BWNtptZ90Cutx39I3Celuvirt78=/fit-in/200x150/filters:strip_icc()/pic3477004.jpg,,2,4,45,45,45,,1.9724,38806,"2,3,4",4,8+,No necessary in-game text,0,0,0,0,3,0,0,0,1,1,2024-07-14 20:29:02,1,6,7.2125,7.00559,24535,1.23721,499,Family Game Rank: 126,Cardhaus,2020-04-16,2020-04-16,35,USD,20,USD,Sold,Only played once.,,,,,,,,,,
310632,71771776,Dice Miner,Dice Miner,2021,https://cf.geekdo-images.com/K03e7G5PaII4S5ILIWPNfw__original/img/kXFUOkYDQFfay31uUBmwSPe6y6E=/0x0/filters:format(jpeg)/pic5440150.jpg,https://cf.geekdo-images.com/K03e7G5PaII4S5ILIWPNfw__small/img/qfEKfhMLEFqXYQAtcbOTEcfhSGo=/fit-in/200x150/filters:strip_icc()/pic5440150.jpg,,1,4,20,30,30,,1.625,5798,"1,2,3,4","2,3",8+,No necessary in-game text,1,0,0,0,3,0,0,0,0,,2026-05-31 20:36:08,5,7,7.28541,6.49157,3168,1.23084,1355,Family Game Rank: 351,GeekMarket racinrod,2023-02-27,,20,USD,,,,,,,,,,,,"KS June 2020
Wait for retail release to see if it looks good
Dice drafting with neat mountain gimmick.",This game is much more fun that it should be!  Really enjoy it.,[2-Resident]
288080,68211248,Dice Realms,Dice Realms,2022,https://cf.geekdo-images.com/skZevmPejkfkydeyd3TLxg__original/img/Ejekq3HIYo50fBIieGSRvcgWaAI=/0x0/filters:format(jpeg)/pic9043111.jpg,https://cf.geekdo-images.com/skZevmPejkfkydeyd3TLxg__small/img/9SJNw-6YYxoOTx_gRLz16iPZ5-U=/fit-in/200x150/filters:strip_icc()/pic9043111.jpg,,1,4,45,60,60,,2.3889,2317,"2,3,4",2,8+,Some necessary text - easily memorized or small crib sheet,0,0,0,0,2,0,0,0,0,,2023-02-25 22:30:02,0,0,7.10079,6.07795,1395,1.45936,2777,Strategy Game Rank: 1282,,,,,,,,,,,,,,,,,"Tom Lehman
Worth checking out",,
40793,142574307,Dice Town,Dice Town,2009,https://cf.geekdo-images.com/l49r5hKd5hmevQQ0t17Yiw__original/img/rJZeoSIUEvhLTF-WtUF4p9PYTHI=/0x0/filters:format(jpeg)/pic3763073.jpg,https://cf.geekdo-images.com/l49r5hKd5hmevQQ0t17Yiw__small/img/-WfbpNcDeucmvZP4JkMKcap-wvY=/fit-in/200x150/filters:strip_icc()/pic3763073.jpg,,2,5,45,45,45,,1.6865,10340,"3,4,5","4,5",8+,Some necessary text - easily memorized or small crib sheet,1,0,0,0,3,0,0,0,0,,2026-05-31 20:36:13,2,7,6.8748,6.5497,8198,1.26076,1199,Family Game Rank: 361,Gift from Angie’s Pilates Teacher,2026-02-12,2026-02-12,,,,,,,,,,,,,,,,[2-Resident]
275785,60978972,Die Hard: The Nakatomi Heist Board Game,Die Hard: The Nakatomi Heist Board Game,2019,https://cf.geekdo-images.com/-YQ8Tt4erO-1DTyfa2UPFg__original/img/NKzO7rHQ7DnAkBdloOM4L4ZE9y8=/0x0/filters:format(jpeg)/pic4640681.jpg,https://cf.geekdo-images.com/-YQ8Tt4erO-1DTyfa2UPFg__small/img/vltgLc_A2WeonLnT2kQqBedH-_M=/fit-in/200x150/filters:strip_icc()/pic4640681.jpg,,2,4,60,90,90,,2.25,1210,"2,3,4",4,14+,,0,0,0,0,2,0,0,0,1,,2024-07-14 20:28:53,0,0,6.47224,5.60129,331,1.63556,9356,,GenCon,2019-08-01,,,,35,USD,Sold,NIS,,,,,,,,Listed $20 OctoCon (hard to find),,Sold via GeekMarket for $35 on 11/11/2022 to timepieces141
256382,53521636,Disney Villainous: The Worst Takes it All,Disney Villainous: The Worst Takes it All,2018,https://cf.geekdo-images.com/7Ej5V5Dq92QdvVFvISfl_A__original/img/XHykA7cqZ0F4tYiKXw095TvHRno=/0x0/filters:format(jpeg)/pic4216110.jpg,https://cf.geekdo-images.com/7Ej5V5Dq92QdvVFvISfl_A__small/img/8tU6KCVSI5dlcibYTT6mq3K9ljk=/fit-in/200x150/filters:strip_icc()/pic4216110.jpg,,2,6,45,120,120,,2.4808,54536,"2,3,4",3,10+,Extensive use of text - massive conversion needed to be playable,0,0,0,0,1,0,0,0,1,,2024-07-14 20:28:42,1,6,6.90872,6.67863,22936,1.46861,951,Family Game Rank: 313,Christmas Gift,2018-12-25,,,,15,USD,Traded,,,,,,,,,"2018 Gen Con
Reviews really have me intrigued",,"Traded on BGG for Castles of Burgundy with snake01515
https://boardgamegeek.com/user/Snake01515"
295895,105029443,Distilled,Distilled,2023,https://cf.geekdo-images.com/8YPBUoAlAvGSfcRTxr7EZQ__original/img/OTf94SbWPGDsg5Oms3D8S4tDja8=/0x0/filters:format(png)/pic7104213.png,https://cf.geekdo-images.com/8YPBUoAlAvGSfcRTxr7EZQ__small/img/JKBgv_MiQOOCmzS4KVzwjPW_yso=/fit-in/200x150/filters:strip_icc()/pic7104213.png,,1,5,30,150,150,,3.0313,14798,"1,2,3,4",3,12+,Moderate in-game text - needs crib sheet or paste ups,1,0,0,0,2,0,0,0,0,1,2026-05-31 16:26:08,3,9,7.75515,7.23228,8930,1.35448,276,Strategy Game Rank: 186,GeekMarket - MayberryNut,2025-01-07,2025-01-14,52,USD,,,,,,,,,,,,Reviews so far hav been great,,"[1-Permanent]
"
342219,136777325,Distilled: Africa & Middle East Expansion,Distilled: Africa & Middle East Expansion,2023,https://cf.geekdo-images.com/SwUK0Xe9k7iH_8b07Yx-fQ__original/img/qkU8REbzz0g_hDR-fY-i9fya8UM=/0x0/filters:format(png)/pic7104218.png,https://cf.geekdo-images.com/SwUK0Xe9k7iH_8b07Yx-fQ__small/img/CXaBp4-84doNpO2Mpxbvdl8EKm8=/fit-in/200x150/filters:strip_icc()/pic7104218.png,,1,5,30,120,120,,2.8333,6104,"1,2,3,4","2,3",,Extensive use of text - massive conversion needed to be playable,1,0,0,0,1,0,0,0,0,,2025-10-17 07:45:24,0,0,8.14466,6.16929,827,1.19019,0,,Paverson,2025-10-12,2025-10-16,14,USD,,,,,,,,,,,,,,
410381,136777332,Distilled: Cask Strength,Distilled: Cask Strength,2024,https://cf.geekdo-images.com/PsBwm6-vGZBhA8Jg33mNsA__original/img/j7LqucTRd5sC_zvpZt23mWlM8CM=/0x0/filters:format(png)/pic7942113.png,https://cf.geekdo-images.com/PsBwm6-vGZBhA8Jg33mNsA__small/img/cn0vC0d9SpS1yIHLUzpiJxmF0bU=/fit-in/200x150/filters:strip_icc()/pic7942113.png,,1,5,30,150,150,,2.8571,2892,"1,2,3,4","3,4",,,1,0,0,0,1,0,0,0,0,,2025-10-17 07:45:27,0,0,8.39771,5.85281,336,1.12513,0,,Paverson,2025-10-12,2025-10-16,10,USD,,,,,,,,,,,,,,
431123,136807253,Distilled: Cocktails,Distilled: Cocktails,2026,https://cf.geekdo-images.com/uvvmtKJqtJQ4-OvK43ThtQ__original/img/6WivuhoifpFdQ0zRsuOgButYBqg=/0x0/filters:format(jpeg)/pic8495267.jpg,https://cf.geekdo-images.com/uvvmtKJqtJQ4-OvK43ThtQ__small/img/CDUnsxPO_BWHPlNaKpTGrfZWBc0=/fit-in/200x150/filters:strip_icc()/pic8495267.jpg,,1,5,45,150,150,,0,117,,,,,0,1,0,0,3,0,0,0,0,,2025-09-26 21:37:38,0,0,7.13333,0,15,3.00814,0,,Kickstarter,2025-09-26,,149,USD,,,,,,,,,,,,,,"Collector's Cask (contains Distilled: Cocktails)
Dice Cocktail Shaker
Metal Player Keys
Acrylic Mixer Tokens
Enamel Metal Washback Tokens
Metal Cocktail Glass Minis
Stainless Steel Cocktail Shaker
Cocktail Umbrellas
Year One Promo Pack"
376295,136777334,Distilled: Promo Pack 1,Distilled: Promo Pack 1,2023,https://cf.geekdo-images.com/4SsYp4E3IHB4s0Sn1em48g__original/img/5S-OHUb45AD0axl67TkiGK4-fDA=/0x0/filters:format(png)/pic9600950.png,https://cf.geekdo-images.com/4SsYp4E3IHB4s0Sn1em48g__small/img/ScQJpK5iLbAczLTadpaWN5pP1Jk=/fit-in/200x150/filters:strip_icc()/pic9600950.png,,1,5,0,0,0,,3,2794,,,,Moderate in-game text - needs crib sheet or paste ups,1,0,0,0,1,0,0,0,0,,2025-11-05 19:37:04,0,0,8.11902,5.79058,297,1.193,0,,Paverson,2025-10-12,2025-10-16,5,USD,,,,,,,,,,,,,,
384150,110582531,Djinn,Djinn,2023,https://cf.geekdo-images.com/9LnXSuY7a-GIWkFmcgcz7Q__original/img/LwB5hieIJ59_o-r43srrf8n2xwM=/0x0/filters:format(jpeg)/pic7734815.jpg,https://cf.geekdo-images.com/9LnXSuY7a-GIWkFmcgcz7Q__small/img/HPNEq0SUufh56_ApqSsmQHl0CgQ=/fit-in/200x150/filters:strip_icc()/pic7734815.jpg,,1,4,60,90,90,,2.9524,1894,"1,2,3,4",3,12+,Some necessary text - easily memorized or small crib sheet,0,0,1,0,3,0,0,0,0,,2025-11-07 11:52:51,0,0,7.24216,5.98904,928,1.08361,3250,Strategy Game Rank: 1449,,,,,,,,,,,,,,,,,Essen 23,,
432456,139781687,DNUP,DNUP,2025,https://cf.geekdo-images.com/mhNZFwA0kAS0gX2Tjh0pJw__original/img/Jn6VRUdLjUQx7mVwyupAnUPxKFk=/0x0/filters:format(jpeg)/pic9490614.jpg,https://cf.geekdo-images.com/mhNZFwA0kAS0gX2Tjh0pJw__small/img/tBPESzLWbnCadOhKaSlmtkL2Vlo=/fit-in/200x150/filters:strip_icc()/pic9490614.jpg,,2,5,15,20,20,,1.4286,1111,"3,4,5",4,8+,No necessary in-game text,0,0,0,0,3,0,0,0,0,,2025-12-14 22:44:23,1,7,7.12853,5.84168,680,1.25876,4383,Family Game Rank: 1327,,,,,,,,,,,,,,,,,,,
331401,85918188,Dog Park,Dog Park,2022,https://cf.geekdo-images.com/cCAAceyvbbqMXqX5QgwSmQ__original/img/xf9bMEHqyjw8QO2NgC6arF5jOnQ=/0x0/filters:format(jpeg)/pic6257426.jpg,https://cf.geekdo-images.com/cCAAceyvbbqMXqX5QgwSmQ__small/img/jrjnG4MTuOgIs_Z4l_W-P7Hy0ME=/fit-in/200x150/filters:strip_icc()/pic6257426.jpg,,1,4,40,80,80,,2.1618,8850,"1,2,3,4","3,4",10+,Moderate in-game text - needs crib sheet or paste ups,1,0,0,0,3,0,0,0,0,1,2026-05-31 20:36:39,2,8,6.87324,6.31232,4014,1.38514,1825,Family Game Rank: 574,KS,2021-09-24,,65,USD,,,Angie Game,,,,,,,,,,,"[2-Resident]
KS Edition with Famous Dogs and European Dogs add-ons"
346847,107516189,Dog Park: European Dogs Expansion,Dog Park: European Dogs Expansion,2022,https://cf.geekdo-images.com/F9-XaxfDlHl2a0CiaWUzcg__original/img/CIJujCzxkJ8DRvzfAqQUYUXBvzM=/0x0/filters:format(jpeg)/pic6914450.jpg,https://cf.geekdo-images.com/F9-XaxfDlHl2a0CiaWUzcg__small/img/FRzmaK2aTR5Ln7gW4gnfZPb3erE=/fit-in/200x150/filters:strip_icc()/pic6914450.jpg,,1,4,40,80,80,,2,2330,"1,2,3,4",3,8+,Moderate in-game text - needs crib sheet or paste ups,1,0,0,0,3,0,0,0,0,,2023-08-19 13:27:45,0,0,7.35803,5.67579,269,1.28405,0,,,2021-09-24,,,,,,,,,,,,,,,,,
346845,107516190,Dog Park: Famous Dogs Expansion,Dog Park: Famous Dogs Expansion,2022,https://cf.geekdo-images.com/UWFms2OsUPX5RuEjFIn1Ng__original/img/0_HXGdfduzy8uo_3fta958rn5_E=/0x0/filters:format(jpeg)/pic6914451.jpg,https://cf.geekdo-images.com/UWFms2OsUPX5RuEjFIn1Ng__small/img/h_LCru7cDEw0YEsBw78LRe1D7Qg=/fit-in/200x150/filters:strip_icc()/pic6914451.jpg,,1,4,40,80,80,,2,2320,"1,2,3,4",3,8+,Moderate in-game text - needs crib sheet or paste ups,1,0,0,0,3,0,0,0,0,,2023-08-19 13:27:59,0,0,7.45018,5.6735,258,1.27108,0,,,2021-09-24,,,,,,,,,,,,,,,,,
381242,107516188,Dog Park: New Tricks,Dog Park: New Tricks,2024,https://cf.geekdo-images.com/lZUyXO0FpFRyrzu5lmp31w__original/img/2tCBe6jDr82KcyMOPuvGDr8f02o=/0x0/filters:format(png)/pic7371890.png,https://cf.geekdo-images.com/lZUyXO0FpFRyrzu5lmp31w__small/img/Y2W4TSaas_DdHRY84TmzfT33tMk=/fit-in/200x150/filters:strip_icc()/pic7371890.png,,1,5,50,90,90,,2.2857,1749,"1,3,4,5","1,3",8+,Moderate in-game text - needs crib sheet or paste ups,1,0,0,0,3,0,0,0,0,,2026-05-31 17:23:28,0,0,7.4384,5.61549,170,1.20325,0,,KS,2023-06-20,2024-04-08,35,USD,,,,,,,,,,,,,,
148083,70157546,Dogs,Dogs,2013,https://cf.geekdo-images.com/WJUAu6IXVDxW_fPeAczhdg__original/img/ZGaWEe8u9FY7XVRNsqFsOdl9KHI=/0x0/filters:format(jpeg)/pic1784419.jpg,https://cf.geekdo-images.com/WJUAu6IXVDxW_fPeAczhdg__small/img/zJq-F6AGyV1CyAq3L7c2CDPIe1c=/fit-in/200x150/filters:strip_icc()/pic1784419.jpg,,2,4,60,60,60,,2.375,1037,"2,3,4","3,4",12+,No necessary in-game text,1,0,0,0,3,0,0,0,0,,2026-05-31 20:36:51,1,7,6.85805,5.71508,488,1.39664,6019,Family Game Rank: 1754,BGG Trade,2020-09-18,,20,USD,,,Lakehouse,,,,,,,,,Dog theme.  Worth checking out if really cheap,,"[3-Transient]
Traded Nagaraja for this and Times Square

PP Estimate from trade value

PP Estimate based on price for NagaRaja"
422685,121962698,Dogs With Jobs,Dogs With Jobs,2025,https://cf.geekdo-images.com/odQTAMenzzaiIvZxZk7EYw__original/img/HEeZoFOX8igNBW8grgJPuleBQOo=/0x0/filters:format(jpeg)/pic8966440.jpg,https://cf.geekdo-images.com/odQTAMenzzaiIvZxZk7EYw__small/img/4VgDWHqNN__mCeNtX5Z4v03zNjA=/fit-in/200x150/filters:strip_icc()/pic8966440.jpg,,2,5,15,30,30,,2,583,"2,3,4,5","4,5",8+,,1,0,0,0,3,0,0,0,0,,2025-09-29 17:50:15,2,8,8.13794,5.56237,199,1.67871,12007,,Kickstarter,2024-08-07,2025-09-03,45,USD,,,,,,,,,,,,,,"[3-Transient]
Base Game + Utility Board + Gears Expansion + Odd Jobs Expansion + All Stretch Goals"
422685,134915410,Dogs With Jobs,Dogs With Jobs,2025,https://cf.geekdo-images.com/odQTAMenzzaiIvZxZk7EYw__original/img/HEeZoFOX8igNBW8grgJPuleBQOo=/0x0/filters:format(jpeg)/pic8966440.jpg,https://cf.geekdo-images.com/odQTAMenzzaiIvZxZk7EYw__small/img/4VgDWHqNN__mCeNtX5Z4v03zNjA=/fit-in/200x150/filters:strip_icc()/pic8966440.jpg,,2,5,15,30,30,,2,583,"2,3,4,5","4,5",8+,,0,0,0,0,3,0,0,0,1,,2025-09-29 17:50:15,2,8,8.13794,5.56237,199,1.67871,12007,,GenCon,2025-08-02,2025-08-02,,,,,Sold - Indy Spiel,,,,,,,,,,,"Gift from the publisher since the game had delayed delivery to GenCon.  They gave backers a copy since they had some to sell at GenCon and asked that they donate the copy when their reward arrives.

Gifted to Tim Aberli (Board Game Rundown) in the hopes he will do a review"
426273,121962704,Dogs With Jobs: Gear,Dogs With Jobs: Gear,2025,https://cf.geekdo-images.com/NqQYhITAIHraJMmthZoyDA__original/img/er1fweqLkEWksLIADmrEM7TImfc=/0x0/filters:format(jpeg)/pic8967810.jpg,https://cf.geekdo-images.com/NqQYhITAIHraJMmthZoyDA__small/img/t-hQC6scodMSj7XtdY_kGaMJixo=/fit-in/200x150/filters:strip_icc()/pic8967810.jpg,,2,5,15,30,30,,0,232,,,,,1,0,0,0,3,0,0,0,0,,2025-09-03 16:04:36,0,0,9.41667,0,6,0.931695,0,,,,,,,,,,,,,,,,,,,,
426271,121962707,Dogs With Jobs: Odd Jobs,Dogs With Jobs: Odd Jobs,2025,https://cf.geekdo-images.com/tEIwzqgB8rJYPSxYp0oXEw__original/img/ZowpVwm1YOgiG61Ib7KOBrEEQ_4=/0x0/filters:format(jpeg)/pic8967849.jpg,https://cf.geekdo-images.com/tEIwzqgB8rJYPSxYp0oXEw__small/img/bUZR9-24m45YXvSxfqlpkvS-3f4=/fit-in/200x150/filters:strip_icc()/pic8967849.jpg,,2,5,15,30,30,,0,237,,,,,1,0,0,0,3,0,0,0,0,,2025-09-03 16:04:45,0,0,8.75,0,10,1.43614,0,,,,,,,,,,,,,,,,,,,,
307862,72727134,Dollars to Donuts,Dollars to Donuts,2021,https://cf.geekdo-images.com/Bvtai-3myw46PSe9dmEvMQ__original/img/KuMdX5GITUUejJDoCAxG3sfY8Po=/0x0/filters:format(jpeg)/pic5366353.jpg,https://cf.geekdo-images.com/Bvtai-3myw46PSe9dmEvMQ__small/img/dG4z6NHmpX4wzpQ8PXsZnkztBlM=/fit-in/200x150/filters:strip_icc()/pic5366353.jpg,,1,4,30,45,45,,1.8,1059,"1,2,3,4",3,8+,No necessary in-game text,0,0,0,0,3,0,0,0,0,,2022-10-11 09:05:37,0,0,6.93818,5.7386,507,1.31673,5611,Family Game Rank: 1677,,,,,,,,,,,,,,,,,"KS July 2020
Looks mildly interesting... would like to play it to see if its a sleeper like Point Salad",,
36218,29473103,Dominion,Dominion,2008,https://cf.geekdo-images.com/j6iQpZ4XkemZP07HNCODBA__original/img/96COuakNiLRrjDLc1sM4Zxsw4WE=/0x0/filters:format(jpeg)/pic394356.jpg,https://cf.geekdo-images.com/j6iQpZ4XkemZP07HNCODBA__small/img/B2u2ghwlmI_qsUtCwuvcbnBcIqU=/fit-in/200x150/filters:strip_icc()/pic394356.jpg,,2,4,30,30,30,,2.3444,130595,"2,3,4",3,10+,Moderate in-game text - needs crib sheet or paste ups,1,0,0,0,3,0,0,0,0,,2026-05-31 16:08:06,36,10,7.59769,7.47427,96723,1.41344,145,Strategy Game Rank: 141,Amazon,2015-08-06,,28,USD,,,Art Box,,,,,,,,,,By far our favorite family game!  Working on getting the expansions,[1-Permanent]
171915,36079778,Dominion: Adventures,Dominion: Adventures,2015,https://cf.geekdo-images.com/BZPtZPNjkHKA_wEGe5iTYQ__original/img/vSHlkBQIQZLaeZ7EKAqsEtZsIWY=/0x0/filters:format(jpeg)/pic2374911.jpg,https://cf.geekdo-images.com/BZPtZPNjkHKA_wEGe5iTYQ__small/img/0VwWVsDU9S6NrFnbXNyiT_2U8yo=/fit-in/200x150/filters:strip_icc()/pic2374911.jpg,,2,4,30,30,30,,2.7209,11682,"2,3,4","2,3",10+,Extensive use of text - massive conversion needed to be playable,0,0,0,0,4,0,0,0,0,,2025-11-07 11:52:59,0,0,8.09868,7.00013,3459,1.24714,0,,,,,,,,,,,,,,,,,,,,
66098,32034723,Dominion: Alchemy,Dominion: Alchemy,2010,https://cf.geekdo-images.com/mwz6KkKz5F_NtmGtZKTwxQ__original/img/a_GfPrwPUN4Zm9CkcskwOyS_T48=/0x0/filters:format(jpeg)/pic698779.jpg,https://cf.geekdo-images.com/mwz6KkKz5F_NtmGtZKTwxQ__small/img/UaQDZw9glX1m9dyOr27OkpMjWX8=/fit-in/200x150/filters:strip_icc()/pic698779.jpg,,2,4,30,30,30,,2.4461,21268,"2,3,4",3,10+,Extensive use of text - massive conversion needed to be playable,1,0,0,0,4,0,0,0,0,,2020-03-06 21:20:22,0,0,6.92128,6.58453,8946,1.46835,0,,Indy Con Flea Market,2020-02-08,,10,USD,,,Art Box,,,,,,,,,"Erik Angelotti
(airsocgoxcoun)",,
347307,86459247,Dominion: Allies,Dominion: Allies,2022,https://cf.geekdo-images.com/ciPd3-T7ejgAY4gWzsxUqQ__original/img/OVz0g7KbVgvuPJtn9694Cn2vTuU=/0x0/filters:format(jpeg)/pic6399550.jpg,https://cf.geekdo-images.com/ciPd3-T7ejgAY4gWzsxUqQ__small/img/3SB6I_ELSpVGar-3-bh1y2sTabw=/fit-in/200x150/filters:strip_icc()/pic6399550.jpg,,2,4,30,60,60,,2.25,3048,"2,3,4",2,10+,Moderate in-game text - needs crib sheet or paste ups,0,0,0,0,3,0,0,0,0,,2025-11-07 11:53:02,0,0,8.21079,6.05013,618,1.3068,0,,,,,,,,,,,,,,,,,,,,
90850,32034728,Dominion: Cornucopia,Dominion: Cornucopia,2011,https://cf.geekdo-images.com/RDizhr6N-fuEZiPLGMMCqA__original/img/WOyQvSKWc5g9vTYe0HjWuexpOKM=/0x0/filters:format(jpeg)/pic950200.jpg,https://cf.geekdo-images.com/RDizhr6N-fuEZiPLGMMCqA__small/img/NRRQyHOnCrRSuV50xXxEhh15_R0=/fit-in/200x150/filters:strip_icc()/pic950200.jpg,,2,4,30,30,30,,2.3862,15547,"2,3,4",3,10+,Extensive use of text - massive conversion needed to be playable,0,0,0,0,4,0,0,0,0,,2025-11-07 11:53:05,0,0,7.67214,7.03439,6246,1.25474,0,,,,,,,,,,,,,,,,,,,,
125403,32034738,Dominion: Dark Ages,Dominion: Dark Ages,2012,https://cf.geekdo-images.com/ewZazg5StWU8_kOWh0dqNg__original/img/Wpa9TgLvV1cd_7EcEsTXKRwmgbk=/0x0/filters:format(jpeg)/pic1321190.jpg,https://cf.geekdo-images.com/ewZazg5StWU8_kOWh0dqNg__small/img/f1aeKCQ6FA8h2nT2nbbe9acMlO8=/fit-in/200x150/filters:strip_icc()/pic1321190.jpg,,2,4,30,30,30,,2.7,18704,"2,3,4","2,3",10+,Extensive use of text - massive conversion needed to be playable,0,0,0,0,4,0,0,0,0,,2025-11-07 11:53:08,0,0,7.98011,7.29012,6706,1.26986,0,,,,,,,,,,,,,,,,,,,,
192951,36079763,Dominion: Empires,Dominion: Empires,2016,https://cf.geekdo-images.com/JPUvgHftSAmqocl9zq5stA__original/img/O7TxK5Euj-f2Zfbp6mUmGR9mgMo=/0x0/filters:format(jpeg)/pic2868179.jpg,https://cf.geekdo-images.com/JPUvgHftSAmqocl9zq5stA__small/img/Hivv3FLtgMIXoA7T6rQD5cdamrM=/fit-in/200x150/filters:strip_icc()/pic2868179.jpg,,2,4,30,30,30,,2.7674,9299,"2,3,4","2,3",10+,Moderate in-game text - needs crib sheet or paste ups,1,0,0,0,1,0,0,0,0,,2023-01-08 14:36:09,0,0,8.34641,6.99085,2762,1.19756,0,,,,,36,USD,,,Art Box,,,,,,,,,,,PP Estimate
137166,72456759,Dominion: Guilds,Dominion: Guilds,2013,https://cf.geekdo-images.com/kHg6k8Y72deaQjOW1y2U0A__original/img/lvkMYheh1lq4_2zO-15_jJSQyhU=/0x0/filters:format(jpeg)/pic1646917.jpg,https://cf.geekdo-images.com/kHg6k8Y72deaQjOW1y2U0A__small/img/Ii0TCbqL6YYFiW4D1oZml1uORBg=/fit-in/200x150/filters:strip_icc()/pic1646917.jpg,,2,4,30,30,30,,2.479,9863,"2,3,4",3,10+,Moderate in-game text - needs crib sheet or paste ups,0,0,0,0,4,0,0,0,0,,2025-11-07 11:53:12,0,0,7.84782,6.83058,3262,1.21149,0,,,,,,,,,,,,,,,,,,,,
104557,32034745,Dominion: Hinterlands,Dominion: Hinterlands,2011,https://cf.geekdo-images.com/J6mcvuL1AbP3n5B-hqH3ng__original/img/_N6Lvbxqi6Oqkw_DfHezDOtwjDI=/0x0/filters:format(jpeg)/pic1077695.jpg,https://cf.geekdo-images.com/J6mcvuL1AbP3n5B-hqH3ng__small/img/Ti_hqI1AdEMzsCHHW3xVVB3PEz0=/fit-in/200x150/filters:strip_icc()/pic1077695.jpg,,2,4,30,30,30,,2.5381,17744,"2,3,4",3,10+,Moderate in-game text - needs crib sheet or paste ups,0,0,0,0,4,0,0,0,0,,2025-11-07 11:53:17,0,0,7.93023,7.24581,6635,1.15823,0,,,,,,,,,,,,,,,,,,,,
40834,32024681,Dominion: Intrigue,Dominion: Intrigue,2009,https://cf.geekdo-images.com/OGOmpi0GgwOwH2y28QgkuA__original/img/VHMKsFZvoK2KKGZiLyoKZb_YhNQ=/0x0/filters:format(jpeg)/pic460011.jpg,https://cf.geekdo-images.com/OGOmpi0GgwOwH2y28QgkuA__small/img/jnSHqOXWLN3PfdpCtnfjf44oTsA=/fit-in/200x150/filters:strip_icc()/pic460011.jpg,,2,6,30,30,30,,2.4108,51405,"2,3,4",3,10+,Moderate in-game text - needs crib sheet or paste ups,1,0,0,0,3,0,0,0,0,,2026-05-31 16:27:02,1,8,7.68586,7.501,34705,1.34822,133,Strategy Game Rank: 119,,,,24.99,USD,,,Art Box,,,,,,,,,,This definitely takes longer to think through the options on each card. ,"[1-Permanent]
PP Estimate"
298055,70915709,Dominion: Menagerie,Dominion: Menagerie,2020,https://cf.geekdo-images.com/H2DMvSKMNxUMi45QHmLn2A__original/img/E7tJzKLCZOwwJt2GirbKmqt5QFc=/0x0/filters:format(jpeg)/pic5153393.jpg,https://cf.geekdo-images.com/H2DMvSKMNxUMi45QHmLn2A__small/img/lF9QNIzgtRDA0FKmcrXhQTJ2Kbo=/fit-in/200x150/filters:strip_icc()/pic5153393.jpg,,2,4,30,30,30,,2.6957,4519,"2,3,4",3,10+,Some necessary text - easily memorized or small crib sheet,0,0,0,0,2,0,0,0,0,,2025-11-07 11:53:22,0,0,8.27813,6.3702,1111,1.23618,0,,,,,,,,,,,,,,,,,,,,
232452,72456720,Dominion: Nocturne,Dominion: Nocturne,2017,https://cf.geekdo-images.com/V7tSsQGq_ADFByx5dvTb7w__original/img/dEy2iWdPpzCUu57XMWK4oxCgi2g=/0x0/filters:format(jpeg)/pic3677538.jpg,https://cf.geekdo-images.com/V7tSsQGq_ADFByx5dvTb7w__small/img/x_S9T5ktKnDfH4sJG7FUlkz3o-M=/fit-in/200x150/filters:strip_icc()/pic3677538.jpg,,2,4,30,30,30,,2.875,6295,"2,3,4",2,10+,Some necessary text - easily memorized or small crib sheet,0,0,0,0,4,0,0,0,0,,2025-11-07 11:53:25,0,0,7.86561,6.44023,1689,1.3825,0,,,,,,,,,,,,,,,,,,,,
369536,103447232,Dominion: Plunder,Dominion: Plunder,2022,https://cf.geekdo-images.com/ttjcFg6m2ISBXDxJisf8TQ__original/img/DtwPWPIy2cd4AoZ6K6KbjuNI1Jk=/0x0/filters:format(jpeg)/pic7035290.jpg,https://cf.geekdo-images.com/ttjcFg6m2ISBXDxJisf8TQ__small/img/gSJPPRFqf32aV4q9CLz-LmddW9U=/fit-in/200x150/filters:strip_icc()/pic7035290.jpg,,2,4,30,30,30,,2.5,2720,"2,3,4",2,12+,Extensive use of text - massive conversion needed to be playable,0,0,0,0,1,0,0,0,0,,2025-11-07 11:53:30,0,0,8.38412,6.05073,577,1.25788,0,,,,,,,,,,,,,,,,,,,,
66690,30780136,Dominion: Prosperity,Dominion: Prosperity,2010,https://cf.geekdo-images.com/fEawLvevkxPv9AQ3mSiwVQ__original/img/NhQI64z4i8MpZZyHPKiHVvbcKaA=/0x0/filters:format(jpeg)/pic1747320.jpg,https://cf.geekdo-images.com/fEawLvevkxPv9AQ3mSiwVQ__small/img/sjhU3XIXbxzrphkW5UGP2ZMuNMU=/fit-in/200x150/filters:strip_icc()/pic1747320.jpg,,2,4,30,30,30,,2.4724,35074,"2,3,4",3,10+,Extensive use of text - massive conversion needed to be playable,1,0,0,0,3,0,0,0,0,,2023-01-08 14:36:55,0,0,8.22105,7.81669,15556,1.1724,0,,,,,31.99,USD,,,Art Box,,,,,,,,,,,
257673,56856656,Dominion: Renaissance,Dominion: Renaissance,2018,https://cf.geekdo-images.com/A8eKS09rQjkuuKHtzPmVhA__original/img/kuDm8id1XPxAKTK_oWf-0j2kwQc=/0x0/filters:format(jpeg)/pic4250088.jpg,https://cf.geekdo-images.com/A8eKS09rQjkuuKHtzPmVhA__small/img/b7mi_GATaLtDx3j53bBq6zH3c4k=/fit-in/200x150/filters:strip_icc()/pic4250088.jpg,,2,4,30,30,30,,2.4444,6283,"2,3,4",3,10+,Extensive use of text - massive conversion needed to be playable,1,0,0,0,3,0,0,0,0,,2023-01-08 14:37:37,0,0,8.27497,6.58939,1606,1.12978,0,,Christmas Gift,2018-12-25,,32.95,USD,,,Art Box,,,,,,,,,,,"PP Estimate

Angie’s game"
51811,32024697,Dominion: Seaside,Dominion: Seaside,2009,https://cf.geekdo-images.com/n1_bOankhLYghTFscRAG8A__original/img/Ubjei_-JstZdPfaj542hkxeoHDk=/0x0/filters:format(jpeg)/pic543471.jpg,https://cf.geekdo-images.com/n1_bOankhLYghTFscRAG8A__small/img/0MteLi-LAm8AwqbIzj_GD7gmRS4=/fit-in/200x150/filters:strip_icc()/pic543471.jpg,,2,4,30,30,30,,2.4912,35820,"2,3,4",3,10+,Moderate in-game text - needs crib sheet or paste ups,1,0,0,0,3,0,0,0,0,,2023-01-08 14:38:07,0,0,8.01358,7.65117,16264,1.19789,0,,,,,42,USD,,,Art Box,,,,,,,,,,Great expansion!  The action-duration cards make the player think!!,PP Estimate
325853,77837371,Don't L.L.A.M.A. Dice,Don't L.L.A.M.A. Dice,2022,https://cf.geekdo-images.com/HyuiLSbeKn_aap3kIa4mNA__original/img/oNMAhXR0BK-lIG4-8BOiEa6EDCk=/0x0/filters:format(jpeg)/pic6937668.jpg,https://cf.geekdo-images.com/HyuiLSbeKn_aap3kIa4mNA__small/img/B4lERqIjRLz-KWPZvOHZEWgMO8k=/fit-in/200x150/filters:strip_icc()/pic6937668.jpg,,2,6,20,20,20,,1.1176,3841,"2,3,4,5,6",4,6+,No necessary in-game text,1,0,0,0,3,0,0,0,0,,2026-05-31 20:37:18,3,7,6.56733,5.94457,1742,1.33818,3539,Family Game Rank: 1124,CoolStuffInc,2022-09-21,,11.99,USD,,,,,,,,AMIGO,English,2022,English edition,,,[3-Transient]
324413,99882144,Doomlings,Doomlings,2022,https://cf.geekdo-images.com/v3c8Z12rTB_0lHndnnKZIw__original/img/HnfGCJi2Z2rMIVnCRip4DU3LnIs=/0x0/filters:format(jpeg)/pic8493673.jpg,https://cf.geekdo-images.com/v3c8Z12rTB_0lHndnnKZIw__small/img/W7rBCi1G8WMKHfFxd66N8d3nLnc=/fit-in/200x150/filters:strip_icc()/pic8493673.jpg,,2,6,20,45,45,,1.6,8040,"2,3,4,5,6",4,8+,Moderate in-game text - needs crib sheet or paste ups,0,0,0,0,3,0,0,0,0,,2024-01-08 21:03:00,0,0,6.76587,6.03238,2573,1.70351,3010,Family Game Rank: 1091,,,,,,,,,,,,,,,,,Recommend to me by AC,,
1654,120278428,Double Crossing,Double Crossing,1988,https://cf.geekdo-images.com/lNYT8gezVadeZqlgrtYX_Q__original/img/Qd2exwaspioMn-nTxFqRoyRyQps=/0x0/filters:format(jpeg)/pic6477228.jpg,https://cf.geekdo-images.com/lNYT8gezVadeZqlgrtYX_Q__small/img/B0xO5-UdToyh8tYgMK9skREW-B0=/fit-in/200x150/filters:strip_icc()/pic6477228.jpg,,2,6,90,60,90,,1.2857,302,,,5+,Some necessary text - easily memorized or small crib sheet,0,0,0,0,3,0,0,0,1,,2026-05-08 08:57:10,0,0,5.56295,5.49726,112,1.38228,26499,,,,2025-07-08,,,,,GenCon Store / Auction 2025,Recevied from an estate auction,,,,,,,,,,
193981,61051959,Downfall,Downfall,2019,https://cf.geekdo-images.com/UC8nxAJINDKQAAvOys9Qhg__original/img/aLzjkK1PsY1wHTL9vZ-oun0wuPU=/0x0/filters:format(jpeg)/pic6570177.jpg,https://cf.geekdo-images.com/UC8nxAJINDKQAAvOys9Qhg__small/img/Vio3amEEBYkNa3MBD1OAnL4osTo=/fit-in/200x150/filters:strip_icc()/pic6570177.jpg,,3,6,90,180,180,,3.8,880,"3,4,6","3,4",,Extensive use of text - massive conversion needed to be playable,0,0,0,0,4,0,0,0,1,1,2024-08-07 21:07:20,0,0,6.38958,5.56391,240,1.86257,11865,Strategy Game Rank: 2791,IndyCon Flea Market,2020-01-28,2024-07-31,10,USD,,,GenCon 2024 Auction / Store,Acquired via trade.  In Excellent / Like New condition.,,,,Tasty Minstrel Games,English,2019,English first edition,Listed Geekmarket $15 (24 July 2023),,GenCon 2024 Store - DID NOT SELL
215311,43574170,Downforce,Downforce,2017,https://cf.geekdo-images.com/c74C-NVJHuMVxt6A_j2TsA__original/img/FHgW4u5dIooEJnNjm2RXcO_yJWs=/0x0/filters:format(png)/pic3432548.png,https://cf.geekdo-images.com/c74C-NVJHuMVxt6A_j2TsA__small/img/OUdT3uFyqBBzN7q9ZDFN6WBiecU=/fit-in/200x150/filters:strip_icc()/pic3432548.png,,2,6,20,40,40,,1.7354,20454,"2,3,4,5,6","3,6",8+,Some necessary text - easily memorized or small crib sheet,1,0,0,0,3,0,0,0,0,,2026-05-31 20:37:29,2,7,7.25449,6.99215,15249,1.21736,513,Family Game Rank: 120,Gen Con,2017-08-17,,32,USD,,,,,,,,,,,,Gen Con 2017,,"[2-Resident]
PP Estimate"
458433,138725662,Dr. Science,Dr. Science,2026,https://cf.geekdo-images.com/YJ7Xju1UoAUE2U4b-WqHVw__original/img/uHSjek6qvFQ3qDfS35raYJEi8mQ=/0x0/filters:format(png)/pic9229617.png,https://cf.geekdo-images.com/YJ7Xju1UoAUE2U4b-WqHVw__small/img/UEENssn_PSAQVNUUQSFNpP3xIfY=/fit-in/200x150/filters:strip_icc()/pic9229617.png,,2,4,30,30,30,,0,14,,,,,1,0,0,0,1,0,0,0,0,,2026-05-31 16:26:45,1,9,7.5,0,8,1.03078,0,,KS,2026-02-24,2026-05-16,75,USD,,,,,,,,,,,,,,"[1-Permanent]
Early Delivery Tier"
264055,77422958,Draftosaurus,Draftosaurus,2019,https://cf.geekdo-images.com/JahbLRZ_jEe8P8gisXUtJw__original/img/Ug7yXzMmgpaqcv7B_lNTXsAk7_g=/0x0/filters:format(jpeg)/pic4447676.jpg,https://cf.geekdo-images.com/JahbLRZ_jEe8P8gisXUtJw__small/img/XGKi6qBOizS_IdLqOHny-rf0JZw=/fit-in/200x150/filters:strip_icc()/pic4447676.jpg,,2,5,15,15,15,,1.2423,27771,"2,3,4,5",4,6+,No necessary in-game text,0,0,0,0,3,0,0,0,0,,2020-12-22 01:01:51,1,7,7.08125,6.8556,16895,1.13884,680,Family Game Rank: 182,,,,,,,,,,,,,,,,,,,
449349,145715352,Dragon Scrolls,Dragon Scrolls,2026,https://cf.geekdo-images.com/Fj71n7AuHnMGal6QdzPhJg__original/img/uu0Twvro7eMZY4AfQ6g6Otl-9-E=/0x0/filters:format(jpeg)/pic8969610.jpg,https://cf.geekdo-images.com/Fj71n7AuHnMGal6QdzPhJg__small/img/5kyC1UmOUCVFhJLtv3zGnrKiRXk=/fit-in/200x150/filters:strip_icc()/pic8969610.jpg,,2,5,5,10,10,,0,8,,,,,0,0,1,1,3,0,0,0,0,,2026-05-21 13:59:23,0,0,7.05714,0,14,0.731646,0,,,,,,,,,,,,,,,,,,Board Game Rundown - Bob,,
272993,77422959,Dragonrealm,Dragonrealm,2019,https://cf.geekdo-images.com/izl-fQWG77J6GWcy7cAhKQ__original/img/Kp_jwnciILrbmDEiR5GnDfG8dKk=/0x0/filters:format(jpeg)/pic4781299.jpg,https://cf.geekdo-images.com/izl-fQWG77J6GWcy7cAhKQ__small/img/bcBZNxfwznomyP-jH8H847yMUN0=/fit-in/200x150/filters:strip_icc()/pic4781299.jpg,,2,4,20,30,30,,1.6071,3285,"2,3,4",4,6+,Moderate in-game text - needs crib sheet or paste ups,0,0,0,0,3,0,0,0,0,,2020-12-22 01:01:57,1,7,6.95795,5.87975,935,1.18338,4039,Family Game Rank: 1236,,,,,,,,,,,,,,,,,,,
375215,104048569,Dreamworld: An Unconscious Mind Card Game,Dreamworld: An Unconscious Mind Card Game,2024,https://cf.geekdo-images.com/x0R7JBcXhpIb9dortWWEJg__original/img/TH9nvzO0M-eHWNFhtYw6YRqvgng=/0x0/filters:format(jpeg)/pic7194826.jpg,https://cf.geekdo-images.com/x0R7JBcXhpIb9dortWWEJg__small/img/-5ANpiiqp-x20xF_R7wDCBpeJSs=/fit-in/200x150/filters:strip_icc()/pic7194826.jpg,,1,4,20,30,30,,1.8333,952,"2,3,4",4,8+,No necessary in-game text,0,0,0,0,3,0,0,0,1,,2026-05-08 08:20:10,1,6,6.62635,5.5782,192,1.38838,10729,,Gamefound Late Pledge,2023-02-27,2026-05-08,15,USD,5,USD,Sold - Indy Spiel,,,,,,,,,,,"Sold to John Hines Indy Spiel May 2026
AddOn to Unconscious Mind"
259388,85724133,Drinks With Frenemies: Original Edition,Drinks With Frenemies: Original Edition,2017,https://cf.geekdo-images.com/NRm2sxkqzUodab_CbA4Vxw__original/img/4kCvQLBTPI-xe61ktTFRruXNWQ8=/0x0/filters:format(jpeg)/pic6706805.jpg,https://cf.geekdo-images.com/NRm2sxkqzUodab_CbA4Vxw__small/img/RYY333at7fBoqrbm3_sB1sr4_dM=/fit-in/200x150/filters:strip_icc()/pic6706805.jpg,,3,20,10,60,60,,1,96,"3,4,5,6,7,8,9,10","6,7,8,9,10",,,1,0,0,0,3,1,0,0,0,,2026-05-31 20:37:53,0,0,7.0625,0,16,2.4359,0,,GenCon 2021,2021-09-16,,20,USD,,,Lakehouse,,,,,,,,,,,[4-Evaluate]
193295,101013723,Drunk Stoned or Stupid: A Party Game,Drunk Stoned or Stupid: A Party Game,2014,https://cf.geekdo-images.com/GEwgdALQjf6iz9Qm7zIkCQ__original/img/Xazs_kavlJwaTE99FfRtKldfbW0=/0x0/filters:format(jpeg)/pic6207884.jpg,https://cf.geekdo-images.com/GEwgdALQjf6iz9Qm7zIkCQ__small/img/_IHeBOhW-BCFbFwrPsevvGdC5Ls=/fit-in/200x150/filters:strip_icc()/pic6207884.jpg,,4,99,15,30,30,,1,1809,"4,5,6,7,8,9,10,11",6,16+,Extensive use of text - massive conversion needed to be playable,0,0,0,0,3,0,0,0,1,,2025-08-03 20:42:41,0,0,4.30293,5.33256,389,1.88274,30569,Party Game Rank: 957,Christmas Gift from Abby,2022-12-19,2025-07-08,0.0001,USD,,,GenCon Store / Auction 2025,New in Shrink,,,,,,,,,,$5 Geekmarket
1122,76565856,Dry Gulch,Dry Gulch,1999,https://cf.geekdo-images.com/3-RoUBF7c5_ZWXxFdg1qPg__original/img/PGwrN7R1hsUXZTk_VCzEOknXQI8=/0x0/filters:format(jpeg)/pic115473.jpg,https://cf.geekdo-images.com/3-RoUBF7c5_ZWXxFdg1qPg__small/img/3COvfS_jgybtN3blcr-lhvMw3iw=/fit-in/200x150/filters:strip_icc()/pic115473.jpg,,3,6,150,150,150,,1.875,131,"3,4","3,4",,Extensive use of text - massive conversion needed to be playable,0,0,0,0,3,0,0,0,0,,2022-10-11 09:05:51,0,0,5.32836,5.49459,67,1.73823,27086,,,,,,,,,,,,,,,,,,,,
447243,139795443,Duel for Cardia,Duel for Cardia,2025,https://cf.geekdo-images.com/e-Xx7mz_tgisEx2Aq4Wa6w__original/img/pe7roKL2-gtXSvGIzHBiXzb0yzk=/0x0/filters:format(png)/pic8910865.png,https://cf.geekdo-images.com/e-Xx7mz_tgisEx2Aq4Wa6w__small/img/ie98O_KC7v3m_jSXZpYd1vqmd_I=/fit-in/200x150/filters:strip_icc()/pic8910865.png,,2,2,15,15,15,,1.7692,9055,2,2,10+,Moderate in-game text - needs crib sheet or paste ups,0,0,1,0,3,0,0,0,0,,2025-12-15 09:19:20,0,0,7.51589,6.7297,3995,1.1384,863,Strategy Game Rank: 522; Family Game Rank: 196,,,,,,,,,,,,,,,,,"Looks like a fun, quick 2 player simple battle",,
316554,77251407,Dune: Imperium,Dune: Imperium,2020,https://cf.geekdo-images.com/PhjygpWSo-0labGrPBMyyg__original/img/mZzaBAEEJpMlHWWmC0R6Su0OibQ=/0x0/filters:format(jpeg)/pic5666597.jpg,https://cf.geekdo-images.com/PhjygpWSo-0labGrPBMyyg__small/img/JGgY-nBmkyB8WRp8vcoBLlNMQ5U=/fit-in/200x150/filters:strip_icc()/pic5666597.jpg,,1,4,60,120,120,,3.0781,78048,"1,2,3,4","3,4",12+,Moderate in-game text - needs crib sheet or paste ups,1,0,0,0,2,0,0,0,0,1,2026-05-31 16:25:29,3,9,8.41105,8.22132,58500,1.2909,6,Strategy Game Rank: 7,Cardhaus,2020-12-29,,50,USD,,,,,,,,,,,,,,[1-Permanent]
367466,96096593,Dune: Imperium – Immortality,Dune: Imperium – Immortality,2022,https://cf.geekdo-images.com/wp-Xtg49QE1gEdaik08q9A__original/img/e-TGyTMoEbDJ83ZweLaJ6u3bKBM=/0x0/filters:format(png)/pic6972857.png,https://cf.geekdo-images.com/wp-Xtg49QE1gEdaik08q9A__small/img/IcRLaWsDjmlbXM0714WyaGKesZc=/fit-in/200x150/filters:strip_icc()/pic6972857.png,,1,4,60,120,120,,3.3265,19368,"1,2,3,4","3,4",12+,Moderate in-game text - needs crib sheet or paste ups,0,0,1,0,2,0,0,0,0,,2024-01-08 21:03:14,0,0,8.54018,7.51034,5132,1.18017,0,,,,,,,,,,,,,,,,,,,,
342031,83824006,Dune: Imperium – Rise of Ix,Dune: Imperium – Rise of Ix,2022,https://cf.geekdo-images.com/M6FiBz2SrUMgJyW8RAW1Tw__original/img/VR0tqI8UI4o6p1v4m4WX2JZWtvs=/0x0/filters:format(jpeg)/pic6982671.jpg,https://cf.geekdo-images.com/M6FiBz2SrUMgJyW8RAW1Tw__small/img/Yr8gM_O_BDpyU69JFeGRtJ-3ctc=/fit-in/200x150/filters:strip_icc()/pic6982671.jpg,,1,4,60,120,120,,3.2337,29127,"1,2,3,4","3,4",12+,Moderate in-game text - needs crib sheet or paste ups,1,0,0,0,3,0,0,0,0,,2022-02-13 10:36:32,0,0,8.80189,8.09296,9757,1.08474,0,,Cardhaus,2022-02-11,,40,USD,,,,,,,,,,,,Expansion… sure… why not?,,
260300,74247710,Dungeon Mayhem,Dungeon Mayhem,2018,https://cf.geekdo-images.com/faJfKYz6tG8JvDYqYHBjHg__original/img/-DwgkWe6yIa2GAaf5VugWHMNrH4=/0x0/filters:format(jpeg)/pic5322689.jpg,https://cf.geekdo-images.com/faJfKYz6tG8JvDYqYHBjHg__small/img/JGJi0rrNusi2_aZ3d9SCN9wp4aw=/fit-in/200x150/filters:strip_icc()/pic5322689.jpg,,2,4,10,10,10,,1.1504,13118,"2,3,4",4,6+,Some necessary text - easily memorized or small crib sheet,1,0,0,0,3,0,0,0,0,,2026-05-31 20:38:27,1,6,6.86407,6.3031,4708,1.51332,1859,Family Game Rank: 648,Amazon,2020-09-06,,9.99,USD,,,,,,,,,,,,GB Recommendation,,[3-Transient]
4746,87809359,Dungeons & Dragons Computer Labyrinth Game,Dungeons & Dragons Computer Labyrinth Game,1980,https://cf.geekdo-images.com/twWhGHZdxbyLBNfBCrDIhw__original/img/Y2Pfl_-zWHi60ZN_kIWk3FtPe2E=/0x0/filters:format(jpeg)/pic878157.jpg,https://cf.geekdo-images.com/twWhGHZdxbyLBNfBCrDIhw__small/img/VbZdsyzJHrhPgmnhp-q1pkJ8mUA=/fit-in/200x150/filters:strip_icc()/pic878157.jpg,,1,2,20,20,20,,1.7027,834,"1,2",1,8+,Some necessary text - easily memorized or small crib sheet,0,0,1,1,3,0,0,0,1,,2025-10-24 18:22:49,0,0,6.12196,5.56621,378,1.80936,11663,Thematic Rank: 1532,,,,,,,,,,,,,,,,,,,
359835,95415673,Dungeons & Dragons: Onslaught,Dungeons & Dragons: Onslaught,2023,https://cf.geekdo-images.com/83RlI0OT8qyRAbbNxqNJqA__original/img/GrxpAm58WebMzbr6QzYJ6qN9GlA=/0x0/filters:format(png)/pic6940539.png,https://cf.geekdo-images.com/83RlI0OT8qyRAbbNxqNJqA__small/img/R00J6RSpdMC--YqeD8y-ywW_Qdk=/fit-in/200x150/filters:strip_icc()/pic6940539.png,,2,2,90,0,90,,3,638,2,2,8+,Extensive use of text - massive conversion needed to be playable,0,0,0,0,3,0,0,0,0,,2025-07-10 14:43:26,0,0,7.48975,5.61381,200,1.64901,8750,,,,,,,,,,,,,,,,,,,,
193715,59278957,Dungeons of Infinity,Dungeons of Infinity,2021,https://cf.geekdo-images.com/oIQvMdRJwh6GhuPqLErf1g__original/img/mAt5Imgbt9LaU8SLlBMXBeoKpTo=/0x0/filters:format(jpeg)/pic6354436.jpg,https://cf.geekdo-images.com/oIQvMdRJwh6GhuPqLErf1g__small/img/CMbkgQFR73ztb8YfJgs8Nnn9yJw=/fit-in/200x150/filters:strip_icc()/pic6354436.jpg,,1,5,60,120,120,,2.8182,1088,"1,2,3,4,5",2,14+,Extensive use of text - massive conversion needed to be playable,1,0,0,0,3,0,0,0,0,,2026-05-31 20:38:38,1,8,7.26923,5.65309,304,1.791,7423,Thematic Rank: 1154; Strategy Game Rank: 2420,Kickstarter,2019-03-20,,49,USD,,,,,,,,,,,,,,"[2-Resident]
Deep Dungeon
Hide details
One copy of Dungeons of Infinity and all unlocked stretch goals! The game will sell for $59 on the Infinity and More web site after the Kick Starter. Shipping will be charged after the campaign ends when your game is very close to being shipped."
2346,53158394,DVONN,DVONN,2001,https://cf.geekdo-images.com/A-6gi-KVQ4ShlhgXU3dRwg__original/img/RLTB6n_kOLYLCGQ-sY1Na3hqUqE=/0x0/filters:format(jpeg)/pic3324136.jpg,https://cf.geekdo-images.com/A-6gi-KVQ4ShlhgXU3dRwg__small/img/_ZK7GthCCZu1yH-XPvGbMUoBjfk=/fit-in/200x150/filters:strip_icc()/pic3324136.jpg,,2,2,30,30,30,,2.6491,7804,2,2,10+,No necessary in-game text,1,0,0,0,2,0,0,0,0,1,2026-05-31 16:36:04,1,7,7.44418,6.85658,5753,1.34527,677,Abstract Game Rank: 11,BGG Trade at IndyCon,2020-02-23,,10,USD,,,,,,,,,,,,"David Schuth
(mrteacherusa)",,[1-Permanent]
233783,71938831,Dwarf,Dwarf,2017,https://cf.geekdo-images.com/oQrNmJvnYe2eJRjkg_6dbw__original/img/efxr-Fkh5WP9vTvJ2T38nEoQPFY=/0x0/filters:format(png)/pic4608257.png,https://cf.geekdo-images.com/oQrNmJvnYe2eJRjkg_6dbw__small/img/rlnfAmSbbfqoZQxoYdjqViaspNk=/fit-in/200x150/filters:strip_icc()/pic4608257.png,,1,3,30,60,60,,2,320,"1,2,3","1,2,3",10+,Some necessary text - easily memorized or small crib sheet,0,0,0,0,3,0,0,0,0,,2026-05-31 10:20:23,0,0,6.54919,5.5432,123,1.48232,14239,,,,,,,,,,,,,,,,,,"2020 Summer Preview
Very Targi like WP Game, Looks fun
Wouldn’t spend too much on this one though",,
271055,60430578,Dwellings of Eldervale,Dwellings of Eldervale,2020,https://cf.geekdo-images.com/qJQXn0kvzvHBKWzSQN7vpw__original/img/NAq9RfDsv-qPEsco3W0ES8ofHEA=/0x0/filters:format(jpeg)/pic4742944.jpg,https://cf.geekdo-images.com/qJQXn0kvzvHBKWzSQN7vpw__small/img/nyFpcKV3cBOVO1pEImnBYLc_BRE=/fit-in/200x150/filters:strip_icc()/pic4742944.jpg,,1,5,60,150,150,,3.2354,12787,"1,2,3,4,5",3,12+,Moderate in-game text - needs crib sheet or paste ups,1,0,0,0,1,0,0,0,0,1,2026-05-31 20:38:55,5,9,8.10746,7.52096,9507,1.47402,128,Strategy Game Rank: 75,KS,,,139,USD,,,,,,,,Breaking Games,English,2020,English Legendary edition,Kickstarter planned for June 2019,,"[1-Permanent]
PM DONE 2 Oct 2019
Tales will be told of the day you acquired this limited edition and special copy of Dwellings of Eldervale, an epic fantasy worker placement game designed by Luke Laurie. Includes everything in the standard and deluxe editions, plus the limited Legendary Echoes box with 8 more elemental minis and the exciting roars from our minis sound fx - adding a whole new level of fun on your tabletop. Includes all stretch goals. Shipping will be charged after the campaign, please see the shipping section for more details.

INCLUDES:
Dwellings of Eldervale Game
Fearsome Beasts Miniatures Set
Legendary Echoes Miniatures Set
GameTrayz Inside
Custom Wooden Meeples
All Standard Stretch Goals
All Deluxe Stretch Goals
All Legendary Stretch Goals"
246508,51169978,Dȗhr: The Lesser Houses,Dȗhr: The Lesser Houses,2018,https://cf.geekdo-images.com/JKJkaZnJG3bRieKX3KPEkA__original/img/JL5POVcVrzfIkPswQXqLYHcjazQ=/0x0/filters:format(png)/pic4096709.png,https://cf.geekdo-images.com/JKJkaZnJG3bRieKX3KPEkA__small/img/ZuMg1UmXv0wHYC1aU9ADgmU-ykg=/fit-in/200x150/filters:strip_icc()/pic4096709.png,,4,6,30,30,30,,2.6,377,"4,5,6",6,,,1,0,0,0,1,0,0,0,0,,2026-05-31 20:38:03,1,9,6.40779,5.54177,122,1.98488,14440,,Gen Con,2018-08-02,,25,USD,,,,,,,,,,,,2018 Gen Con,,[2-Resident]
350184,103974224,Earth,Earth,2023,https://cf.geekdo-images.com/0xqF_KyOb7V26Lu5YT3fxw__original/img/uqxMcj1QPt-U34drYdL6mmv2eos=/0x0/filters:format(jpeg)/pic6699821.jpg,https://cf.geekdo-images.com/0xqF_KyOb7V26Lu5YT3fxw__small/img/ABTwzzMGekkz2jVl01LC4789TcQ=/fit-in/200x150/filters:strip_icc()/pic6699821.jpg,,1,5,45,90,90,,2.9114,34932,"1,2,3,4","2,3",12+,Moderate in-game text - needs crib sheet or paste ups,0,0,0,0,3,0,0,0,0,,2025-10-25 22:12:47,0,0,7.61808,7.35566,21326,1.43098,210,Strategy Game Rank: 160,,,,,,,,,,,,,,,,,,,
367911,137519794,Earth 2053: Tipping Point,Earth 2053: Tipping Point,2025,https://cf.geekdo-images.com/UEH4umklulMqYkDC9wDlmA__original/img/Ci01hs4paW1uw6PL64JPtmf2el0=/0x0/filters:format(png)/pic8251321.png,https://cf.geekdo-images.com/UEH4umklulMqYkDC9wDlmA__small/img/5JtatY2Os42BoTiWx2G2YSSBvOc=/fit-in/200x150/filters:strip_icc()/pic8251321.png,,1,4,45,75,75,,3,193,1,1,,,0,0,1,0,3,0,0,0,0,,2025-10-18 20:51:35,0,0,6.19319,5.51813,72,2.43862,19966,,,,,,,,,,,,,,,,,,"Cool balancing board (gimmick?)
But looks different to me.  Keep an eye out for this",,
441850,134197649,Echoes of Time,Echoes of Time,2025,https://cf.geekdo-images.com/rU_Ce-FjPz26aGxMyHgyag__original/img/nB12Im1PAQUxlmhFjNJu9aqGfHM=/0x0/filters:format(jpeg)/pic8791732.jpg,https://cf.geekdo-images.com/rU_Ce-FjPz26aGxMyHgyag__small/img/Fyu_ROcaOPdOSdUt_c9E8AWG8Pk=/fit-in/200x150/filters:strip_icc()/pic8791732.jpg,,2,4,30,60,60,,2.4722,2209,"2,3,4",2,12+,Moderate in-game text - needs crib sheet or paste ups,0,0,0,0,2,0,0,0,1,,2026-05-03 17:06:29,1,6,7.21692,6.033,1135,1.24826,3008,Strategy Game Rank: 1402,Geekmarket - posterchild21,2025-11-01,2026-05-01,60,USD,20,USD,Sold - Indy Spiel,,,,,,,,,"2025 Essen
Luciani
Card game with sliding tile mechanism",,Sold to Tim Aberli $20
229491,61913817,Edge of Darkness,Edge of Darkness,2019,https://cf.geekdo-images.com/DyesLCFFkjOKcJXqa_ySNg__original/img/lZGYYptmZBr3EfgOXlV64FeoJXM=/0x0/filters:format(jpeg)/pic3691121.jpg,https://cf.geekdo-images.com/DyesLCFFkjOKcJXqa_ySNg__small/img/ScXmjOSuZhbfM7ZOjnvla_BxyZY=/fit-in/200x150/filters:strip_icc()/pic3691121.jpg,,1,4,120,120,120,,3.4694,4711,"1,2,3,4",3,12+,Moderate in-game text - needs crib sheet or paste ups,1,0,0,0,2,0,0,0,0,1,2026-05-31 17:25:42,2,8,7.45859,6.40921,2189,1.55734,1563,Strategy Game Rank: 815,KS,,,120,USD,,,,,,,,,,,,"2019 GenCon - FOR SALE
Game is HUGE... card building looks cool, but game is HUGE",,"[2-Resident]
Sold extra copy to stealthcobalt for $95"
113636,107118603,Edo,Edo,2012,https://cf.geekdo-images.com/wwgXfmp8X1ZaE7P85xpsuA__original/img/RwC79gZBGkuTWyvfBVToM6yRlI8=/0x0/filters:format(jpeg)/pic7285666.jpg,https://cf.geekdo-images.com/wwgXfmp8X1ZaE7P85xpsuA__small/img/b5IEFMsv0yGL46BHiEUvj6crjME=/fit-in/200x150/filters:strip_icc()/pic7285666.jpg,,2,4,60,60,60,,2.9643,2868,"2,3,4",4,12+,No necessary in-game text,0,0,0,0,3,0,0,0,0,,2025-08-12 19:02:11,0,0,7.0159,6.15687,1789,1.19136,2395,Strategy Game Rank: 1184,,,,,,,,,,,,,,,,,Same designers as Valpo,,
205185,52879060,Einstein: His Amazing Life and Incomparable Science,Einstein: His Amazing Life and Incomparable Science,2017,https://cf.geekdo-images.com/XA6XyYpQ99lQTwQ4Kvbaag__original/img/DtN25fiSs5TKBNwaTFOorYepttA=/0x0/filters:format(png)/pic3640946.png,https://cf.geekdo-images.com/XA6XyYpQ99lQTwQ4Kvbaag__small/img/bVGgozf9YOhUZC-EaYWIXSfEezg=/fit-in/200x150/filters:strip_icc()/pic3640946.png,,2,4,15,30,30,,1.5714,1372,"2,3,4",2,8+,Some necessary text - easily memorized or small crib sheet,0,0,0,0,3,0,0,0,1,,2025-08-03 20:42:52,0,0,6.55567,5.6966,554,1.30659,6376,,Miniature Market,2018-07-08,2025-07-08,15,USD,,,GenCon Store / Auction 2025,New.  Never Played,,,,,,,,$5 OctoCon,,$7 Geekmarket
379625,110583183,Elawa,Elawa,2023,https://cf.geekdo-images.com/wXJ7m8Ytp-vaEa62BqaPkg__original/img/q3Zwwz01LRJUg9g3o43fnGL9MPc=/0x0/filters:format(png)/pic7467997.png,https://cf.geekdo-images.com/wXJ7m8Ytp-vaEa62BqaPkg__small/img/n8ldGKQ58T9B3vndOg5xtERoiGw=/fit-in/200x150/filters:strip_icc()/pic7467997.png,,2,4,30,30,30,,1.6522,1124,"2,3,4","2,3",8+,No necessary in-game text,0,0,1,0,3,0,1,0,0,,2025-11-02 09:58:33,0,0,6.84372,5.83825,838,1.25281,4418,Family Game Rank: 1370,,,,,,,,,,,,,,,,,"Goupy - looks like simple set up and play
Essen 23",,
421762,128050284,Emerald Skulls,Emerald Skulls,2025,https://cf.geekdo-images.com/ezobkkspuLeWR2xutKQS1w__original/img/GVpoHagGeGCa2LluSTlhQPe8J5M=/0x0/filters:format(png)/pic8225225.png,https://cf.geekdo-images.com/ezobkkspuLeWR2xutKQS1w__small/img/fHzNoCzT2Gg_p7MyZ6iyoMF3z3o=/fit-in/200x150/filters:strip_icc()/pic8225225.png,,1,6,30,45,45,,1.9231,1232,"4,5,6",5,12+,Some necessary text - easily memorized or small crib sheet,1,0,0,0,2,0,0,1,0,,2026-05-31 20:12:04,1,7,6.91883,5.71488,444,1.4405,6023,,Cardhaus,2025-07-11,2025-07-15,20,USD,,,,,,,,,,,,"6 Player
Roll Player Universe",,"[5-Exiting]
2025 GenCon Pre-Purchase"
387201,108535324,Emerge,Emerge,2023,https://cf.geekdo-images.com/YfbTZtTj3dQ1FJfl2UiRsA__original/img/zIWp_qNhHULxPfN3a1-kbLi7xp8=/0x0/filters:format(jpeg)/pic7502185.jpg,https://cf.geekdo-images.com/YfbTZtTj3dQ1FJfl2UiRsA__small/img/hFrjnXRU3YThDoI2W4tqFQs5vzU=/fit-in/200x150/filters:strip_icc()/pic7502185.jpg,,2,4,75,75,75,,2.1333,1186,"2,3,4",3,,Some necessary text - easily memorized or small crib sheet,0,0,0,0,3,0,0,0,0,,2023-08-23 18:05:42,0,0,6.83894,5.74501,580,1.31883,5518,,,,,,,,,,,,,,,,,,"Game boy Geek GenCon 23 Preview
Game looks cool… WP, first time designer, Pandasaurus
Adam says it is just OK",,
279581,60429191,Empire of the Stars,Empire of the Stars,2021,https://cf.geekdo-images.com/iY04V-6YlW1B3bStneQ8UQ__original/img/vG0HbdCWdH1kqFdB_UOzUyNLmss=/0x0/filters:format(jpeg)/pic4733614.jpg,https://cf.geekdo-images.com/iY04V-6YlW1B3bStneQ8UQ__small/img/xBJ4V9g5I3UiirEtHOQCdYbg9hI=/fit-in/200x150/filters:strip_icc()/pic4733614.jpg,,2,4,60,90,90,,2.8,289,"1,2,3,4","2,3",16+,Moderate in-game text - needs crib sheet or paste ups,1,0,0,0,1,0,0,0,0,1,2026-05-31 16:15:28,4,10,6.94069,5.55669,102,1.49965,12519,War Game Rank: 2271,KS,2020-03-13,,79,USD,,,,,,,,,,,,,,"[1-Permanent]

PM DONE 19 March 2020 
GET IT ALL! Everything you want from a 4X board game - blazing fast play where everyone is involved every turn, all-in combat system, amazing miniatures, 75 technologies, 30 player powers in a beautiful package.

PLUS get ALL of the add-ons at a REDUCED price! That means 50 METAL COINS, ADDITIONAL CUSTOM MINIATURES plus EVERYTHING to add in a 5th player, AND a custom deck for SOLO EVENTS!

INCLUDES:
EMPIRE of the STARS Board Game
70 Custom Spaceship Miniatures
PLUS 5th Player Components
PLUS 50 Metal Coins
PLUS Solo/Event Deck
PLUS ALL KICKSTARTER STRETCH GOALS"
356952,94845055,Empire's End,Empire's End,2023,https://cf.geekdo-images.com/pCZ_8As3NLfLJzVbDAAvwQ__original/img/972qVgCga7eosj9K4Nfw10wBm14=/0x0/filters:format(jpeg)/pic7991852.jpg,https://cf.geekdo-images.com/pCZ_8As3NLfLJzVbDAAvwQ__small/img/vtlFwprtFdJsr1itCTe0y7Gh_Uo=/fit-in/200x150/filters:strip_icc()/pic7991852.jpg,,2,4,45,60,60,,2.4177,4397,"2,3,4","3,4",10+,Some necessary text - easily memorized or small crib sheet,0,0,0,0,3,0,0,0,1,,2024-08-21 19:38:34,1,7,6.92523,6.20833,2407,1.26302,2205,Strategy Game Rank: 1108,KS,2022-11-30,2023-10-20,55,USD,40,USD,GeekMarket,Only played once.  Deluxe edition from Kickstarter with wooden tokens,,,,,,,,John Clair.  Interesting reverse bidding mechanism?,,"Deluxe edition plus wooden tokens

Listed BGG Marketplace on 2024-08-20 for $40"
367966,123698855,Endeavor: Deep Sea,Endeavor: Deep Sea,2024,https://cf.geekdo-images.com/wIbevITv9W79ELP8rEZoKA__original/img/41fYEG_IYb9ECcCO24Dk4dZUNT0=/0x0/filters:format(jpeg)/pic6996584.jpg,https://cf.geekdo-images.com/wIbevITv9W79ELP8rEZoKA__small/img/7_DqsUgdrpbeLfkA2ko8bXhgpGw=/fit-in/200x150/filters:strip_icc()/pic6996584.jpg,,1,4,60,120,120,,2.9275,15654,"1,2,3,4",3,12+,Some necessary text - easily memorized or small crib sheet,0,0,0,0,3,0,0,0,0,,2024-09-28 19:48:07,1,7,8.21852,7.66798,10260,1.10339,78,Strategy Game Rank: 49,,,,,,,,,,,,,,,,,,,
305096,75840035,Endless Winter: Paleoamericans,Endless Winter: Paleoamericans,2022,https://cf.geekdo-images.com/TFX_awTwbJxoG74GtRHytw__original/img/plU9ZhUubz-1LHGfbsDstEOE9vg=/0x0/filters:format(jpeg)/pic5624523.jpg,https://cf.geekdo-images.com/TFX_awTwbJxoG74GtRHytw__small/img/gUl5oqRjGtrEIBlTDCDnfm_m1Wg=/fit-in/200x150/filters:strip_icc()/pic5624523.jpg,,1,4,60,120,120,,3.3262,18200,"1,2,3,4",3,12+,No necessary in-game text,0,0,0,0,3,0,0,0,0,,2024-01-08 21:05:07,0,0,7.6215,7.16083,10031,1.36554,340,Strategy Game Rank: 228,,,,,,,,,,,,,,,,,"KS Nov 2020
Looks cool, first time creator",,
301728,69855496,Endogenesis: 2nd Edition,Endogenesis: 2nd Edition,2021,https://cf.geekdo-images.com/vREwrzlghNaaawkVQSXT2g__original/img/g6H4DoimVmd0nwT4fDowr4AizSo=/0x0/filters:format(jpeg)/pic5229907.jpg,https://cf.geekdo-images.com/vREwrzlghNaaawkVQSXT2g__small/img/jb-GBijeiVNg20e3X-xgLXc8KHU=/fit-in/200x150/filters:strip_icc()/pic5229907.jpg,,1,5,45,120,120,,2,435,,"1,2",,,0,0,0,0,3,0,0,0,0,,2023-04-04 12:50:35,0,0,7.21387,5.5792,137,1.6978,10647,,,,,,,,,,,,,,,,,,"KS Reprint March 2020. Passing on the KS, but might keep an eye on this one.  Artwork looks phenomenal.

A lot of rule changes in the 2nd edition... makes me wonder if they rushed an incomplete game to market with first edition?",,
462941,145181342,Entropy,Entropy,2026,https://cf.geekdo-images.com/N6_JQSyPBMT4U7PYO05ZRg__original/img/RiIgSc49ZDKUe56YCEKIxvAhzBg=/0x0/filters:format(jpeg)/pic9357499.jpg,https://cf.geekdo-images.com/N6_JQSyPBMT4U7PYO05ZRg__small/img/XLzvvPI2lLO_wPkafEv_0jAz8Mo=/fit-in/200x150/filters:strip_icc()/pic9357499.jpg,,1,4,90,150,150,,3.5,32,"1,2,3,4","1,3",,,0,0,1,0,3,0,0,0,0,,2026-05-04 11:25:27,0,0,7.73433,5.55538,67,1.9667,12669,,,,,,,,,,,,,,,,,,"2026 GenCon?
Luciani",,
412086,136888710,Etherstone,Etherstone,2025,https://cf.geekdo-images.com/K0DaAMxsEtQV7h7ac47OGQ__original/img/Lr-xBjN5Tzb45lLYwYlhTe9YGr4=/0x0/filters:format(png)/pic7986687.png,https://cf.geekdo-images.com/K0DaAMxsEtQV7h7ac47OGQ__small/img/8IhNJT7IE0AcqzEK1Rq0rW08e88=/fit-in/200x150/filters:strip_icc()/pic7986687.png,,2,4,30,60,60,,2.4242,2687,"2,3,4",2,10+,Extensive use of text - massive conversion needed to be playable,0,0,1,1,2,0,1,0,0,,2026-01-01 15:16:11,0,0,7.63614,6.21315,1247,1.26669,2191,Customizable Rank: 41; Strategy Game Rank: 1052,,,,,,,,,,,,,,,,,Zee says it is Res Arcana like,,
206718,103972818,Ethnos,Ethnos,2017,https://cf.geekdo-images.com/UIKUXkcnH3Bd4fjcPGINcA__original/img/IrqDqjjm1LY66Zkw7l4RwppaBBI=/0x0/filters:format(png)/pic3304124.png,https://cf.geekdo-images.com/UIKUXkcnH3Bd4fjcPGINcA__small/img/oNhw2e_wcBc37ItkTRZVio2gMGQ=/fit-in/200x150/filters:strip_icc()/pic3304124.png,,2,6,45,60,60,,2.1091,16718,"2,3,4,5,6",4,10+,Some necessary text - easily memorized or small crib sheet,1,0,0,0,3,0,0,0,0,1,2026-05-31 20:39:31,1,7,7.45684,7.16622,14783,1.23208,335,Strategy Game Rank: 242,BGG Marketplace dong1343@gmail.com,2023-03-01,,30,USD,,,,,,,,,,,,,,[3-Transient]
6901,135244603,Euchre,Euchre,1848,https://cf.geekdo-images.com/RsdsjiY3uk3S2GpcLXDE7w__original/img/_-AqUSuiJZSxvmHkjjN846MZx6Q=/0x0/filters:format(jpeg)/pic1128756.jpg,https://cf.geekdo-images.com/RsdsjiY3uk3S2GpcLXDE7w__small/img/TiDHETsgiz9dDnviox06FBZWFEc=/fit-in/200x150/filters:strip_icc()/pic1128756.jpg,,2,7,45,45,45,,1.6932,2504,4,4,10+,No necessary in-game text,0,0,0,0,3,0,0,0,0,,2025-08-10 21:00:32,2,10,6.86975,6.23085,2987,1.72656,2118,Family Game Rank: 672,,,,,,,,,,,,,,,,,,,
260147,72299502,Europe Divided,Europe Divided,2020,https://cf.geekdo-images.com/3zgHS83z_iy7lot14i2HHw__original/img/r0mt4_m41T5W13HmzS9EcA1RTjM=/0x0/filters:format(jpeg)/pic4537879.jpg,https://cf.geekdo-images.com/3zgHS83z_iy7lot14i2HHw__small/img/NFfQV4A9p80c62yDT4BGJiru6I0=/fit-in/200x150/filters:strip_icc()/pic4537879.jpg,,2,2,60,75,75,,2.7917,973,2,2,12+,Moderate in-game text - needs crib sheet or paste ups,0,0,0,0,3,0,0,0,0,,2023-04-04 12:50:40,0,0,6.89337,5.6979,412,1.57008,6359,War Game Rank: 885; Strategy Game Rank: 2186,,,,,,,,,,,,,,,,,"Almost like TS in Europe after the fall of the Soviet Union
Game to play with Bub",,
6205,74043839,Europe Engulfed: WWII European Theatre Block Game,Europe Engulfed: WWII European Theatre Block Game,2003,https://cf.geekdo-images.com/OadS3iCMp55aVjs8JVm0rQ__original/img/ZdrgGcwKuyRDg32_Q0OHwkyxE8s=/0x0/filters:format(jpeg)/pic36736.jpg,https://cf.geekdo-images.com/OadS3iCMp55aVjs8JVm0rQ__small/img/6GS3BQ-yZD8ruBbIvjScTKettlg=/fit-in/200x150/filters:strip_icc()/pic36736.jpg,,2,3,720,720,720,,3.745,2387,"2,3","2,3",16+,Moderate in-game text - needs crib sheet or paste ups,0,0,0,0,3,0,0,0,0,,2023-01-23 19:40:41,0,0,7.44946,6.13955,1325,1.68353,2476,War Game Rank: 174,,,,,,,,,,,,,,,,,blocks and counters... HUGE!,,
382843,110581944,Evacuation,Evacuation,2023,https://cf.geekdo-images.com/tNO7HW6Hn_O3xY11R80pFA__original/img/9wrRs7GtVVRuNblz64QXvNJMb-4=/0x0/filters:format(jpeg)/pic7672387.jpg,https://cf.geekdo-images.com/tNO7HW6Hn_O3xY11R80pFA__small/img/XAQYaQnO9WiZ-dVy4QV2jN8IjYI=/fit-in/200x150/filters:strip_icc()/pic7672387.jpg,,1,4,60,150,150,,3.9761,7565,"1,2,3,4","2,3",14+,Some necessary text - easily memorized or small crib sheet,0,0,0,0,3,0,0,0,0,,2025-11-07 11:56:55,0,0,7.47954,6.7063,3796,1.24619,906,Strategy Game Rank: 504,,,,,,,,,,,,,,,,,Essen 23,,
396989,110613175,Evenfall,Evenfall,2023,https://cf.geekdo-images.com/hEbikkJceop4K5OIVPOmSQ__original/img/oDLN2BjWHv7yPL309ZFHJ-oYXcs=/0x0/filters:format(jpeg)/pic7657810.jpg,https://cf.geekdo-images.com/hEbikkJceop4K5OIVPOmSQ__small/img/dwb_evoSkkc6WBGYzaLYsaGLarU=/fit-in/200x150/filters:strip_icc()/pic7657810.jpg,,1,4,60,120,120,,3.1081,5286,"1,2,3,4","2,3",12+,Extensive use of text - massive conversion needed to be playable,0,0,0,0,3,0,0,0,0,,2024-07-05 09:55:03,0,0,7.60783,6.62457,2832,1.22341,1060,Strategy Game Rank: 567,,,,,,,,,,,,,,,,,MvM Review Essen 23,,
238908,52871849,Evil Corp,Evil Corp,2021,https://cf.geekdo-images.com/j0HNnxATSfb8YTA_zEz69w__original/img/8Wyy9iBhYbnVleX0wdTlaj54uVo=/0x0/filters:format(png)/pic4165831.png,https://cf.geekdo-images.com/j0HNnxATSfb8YTA_zEz69w__small/img/mEZGSFpo8LMElNTG-aVlDr7c8R0=/fit-in/200x150/filters:strip_icc()/pic4165831.png,,2,6,40,120,120,,2,81,,,,Moderate in-game text - needs crib sheet or paste ups,0,0,0,0,3,0,0,0,1,,2024-09-05 13:13:08,0,0,6.45,5.4989,40,2.59759,26101,,KS,2018-07-14,2024-09-05,63,USD,25,USD,Sold GeekMarket,“Thoroughly Evil Core Edition”. Kickstarter.  Opened but never played,,,,,,,,Geekmarket 11/20/2022 for $50,,"Sold to Wesley Pomroy GeekMarket $25 2024-09-05

PM DONE 23 July 2018 
""Thoroughly Evil"" Core Edition
Hide details
Kickstarter special price - worldwide delivery included.

The beautiful and distinctive trapezium-boxed Core Edition of Evil Corp - everything you need to 'Save the World'.

INCLUDES:
Core game
All unlocked stretch goals
Special Funder's early access to future expansions
""Thoroughly Evil Funder"" citation in the Evil Corp Hall of Fame"
434172,145182994,Excalibur,Excalibur,2026,https://cf.geekdo-images.com/_a4_mDMXdTK8U5Ngul9Gcw__original/img/1xVw_4NVb_PKN-uoloqdoFK5bwA=/0x0/filters:format(png)/pic9556500.png,https://cf.geekdo-images.com/_a4_mDMXdTK8U5Ngul9Gcw__small/img/ABH9NMTb9jSlsF2dj1U0KiwKWcg=/fit-in/200x150/filters:strip_icc()/pic9556500.png,,2,8,15,25,25,,1.0833,2028,"4,5,6,7,8",6,5–10,,0,0,0,0,3,0,0,0,0,,2026-05-31 16:21:58,3,10,7.37712,5.84538,608,1.57759,4351,,,,,,,,,,,,,,,,,,"2026 Gen Con?
Deduction game, plays 6
Swords",,
434172,145534323,Excalibur,Excalibur,2026,https://cf.geekdo-images.com/_a4_mDMXdTK8U5Ngul9Gcw__original/img/1xVw_4NVb_PKN-uoloqdoFK5bwA=/0x0/filters:format(png)/pic9556500.png,https://cf.geekdo-images.com/_a4_mDMXdTK8U5Ngul9Gcw__small/img/ABH9NMTb9jSlsF2dj1U0KiwKWcg=/fit-in/200x150/filters:strip_icc()/pic9556500.png,,2,8,15,25,25,,1.0833,2028,"4,5,6,7,8",6,5–10,,1,0,0,0,3,0,0,0,0,,2026-05-31 16:21:58,3,10,7.37712,5.84538,608,1.57759,4351,,Geekmarket,2026-05-15,2026-05-22,90,USD,,,,,,,,Roxley,English,2026,English Collector's edition,,,[1-Permanent]
292126,70353604,Excavation Earth,Excavation Earth,2021,https://cf.geekdo-images.com/wMXOMmbO9ktgHYhEQSrDlg__original/img/8MgkcxDPuseX4VWk9kakMQCNogc=/0x0/filters:format(jpeg)/pic5012390.jpg,https://cf.geekdo-images.com/wMXOMmbO9ktgHYhEQSrDlg__small/img/-W5iM9fVpNFalBSsBKimlXV_vUI=/fit-in/200x150/filters:strip_icc()/pic5012390.jpg,,1,4,30,120,120,,3.8077,3830,"1,2,3,4","3,4",12+,Some necessary text - easily memorized or small crib sheet,0,0,0,0,3,0,0,0,0,,2024-01-08 21:06:04,0,0,7.10915,6.13717,1652,1.45595,2490,Strategy Game Rank: 1197,,,,,,,,,,,,,,,,,"KS April 2020
Looks interesting.  Would like to play sometime, but don;t think we would play it much at 2 players.",,
215841,119602441,EXIT: The Game – The Forgotten Island,EXIT: The Game – The Forgotten Island,2017,https://cf.geekdo-images.com/MKkrHjarx6m1uLTVWFn1Cw__original/img/h678iny8mQUHrRHMrEPwFzAWCEQ=/0x0/filters:format(jpeg)/pic3663356.jpg,https://cf.geekdo-images.com/MKkrHjarx6m1uLTVWFn1Cw__small/img/LMa0Mkq7SnHscpL3CN1gcRv_2Mo=/fit-in/200x150/filters:strip_icc()/pic3663356.jpg,,1,4,45,90,90,,2.625,7757,"1,2,3",2,12+,Unplayable in another language,0,0,0,0,3,0,0,0,1,,2024-07-14 16:41:09,0,0,6.86347,6.34677,3944,1.43471,1719,Thematic Rank: 376,MayCon Raffle Prize,2024-05-25,2024-05-27,,,,,Gave to Gianna,,,,,,,,,,,Gave to Gianna
201846,52716944,Expancity,Expancity,2018,https://cf.geekdo-images.com/e_JVc5oTeZyV2yT-KytG7Q__original/img/mQhBRLvsP8JcYr1X5p7rFczw_ic=/0x0/filters:format(jpeg)/pic4129126.jpg,https://cf.geekdo-images.com/e_JVc5oTeZyV2yT-KytG7Q__small/img/xTW_PDN5A84bhQVNZJiwOSC5ZC0=/fit-in/200x150/filters:strip_icc()/pic4129126.jpg,,2,4,60,90,90,,2,960,"2,3,4",3,8+,,0,0,0,0,4,0,0,0,1,,2024-09-28 19:45:24,2,7,6.89445,5.78469,737,1.84228,4987,,Gen Con,2018-08-02,2024-09-27,60,USD,20,USD,Sold - Indy Spiel,Only played twice.  In Like New Condtion. Purchased at GenCon 2018,,,,,,,,"2018 Gen Con
GB might like this",,"Sold to Brian Current Indy Spiele 2024 for $20
PP Estimate
Listed on BGG Marketplace on 2024-08-20 for $50"
379078,103408759,Expeditions,Expeditions,2023,https://cf.geekdo-images.com/9eBww9iAi472T2goijVqwQ__original/img/uvxTECY9yY2ONOllPgv7xLZCrGU=/0x0/filters:format(jpeg)/pic7320023.jpg,https://cf.geekdo-images.com/9eBww9iAi472T2goijVqwQ__small/img/xR6PqvTMNBFaGlnN9WDAeIooBNM=/fit-in/200x150/filters:strip_icc()/pic7320023.jpg,,1,5,60,90,90,,3.0621,16230,"1,2,3",3,12+,Moderate in-game text - needs crib sheet or paste ups,1,0,0,0,3,0,0,0,0,1,2026-05-31 20:39:43,2,8,7.62437,7.10929,8578,1.37966,378,Strategy Game Rank: 254,Stonemaier,2023-02-10,2023-07-11,69,USD,,,,,,,,Stonemaier Games,English,2023,English standard edition,,,"[2-Resident]
Ordered plastic Mech edition with metal coins"
223,119827100,Expeditions: Around the World,Expeditions: Around the World,1996,https://cf.geekdo-images.com/NLW9mPb9B4Sc9upbOD8lKA__original/img/cx-1smnej9Vf4LE-7NnDb-p8s6A=/0x0/filters:format(png)/pic7388989.png,https://cf.geekdo-images.com/NLW9mPb9B4Sc9upbOD8lKA__small/img/WJOwgUhXYp8IM44VQQfKs9PRdgM=/fit-in/200x150/filters:strip_icc()/pic7388989.png,,2,6,30,45,45,,1.9774,2539,"2,3,4,5",3,8+,Some necessary text - easily memorized or small crib sheet,0,0,0,0,3,0,0,0,0,,2024-07-05 11:59:19,0,0,6.72879,6.02975,1894,1.33913,3028,Family Game Rank: 949,,,,,,,,,,,,,,,,,TtR vibe to it but different enough,,
172225,44876240,Exploding Kittens,Exploding Kittens,2015,https://cf.geekdo-images.com/N8bL53-pRU7zaXDTrEaYrw__original/img/0ciN1VZYifUd0qIDO0e8cGXmiss=/0x0/filters:format(png)/pic2691976.png,https://cf.geekdo-images.com/N8bL53-pRU7zaXDTrEaYrw__small/img/3tH4pIc1Udzkd0tXc6MgVQ59BC0=/fit-in/200x150/filters:strip_icc()/pic2691976.png,,2,5,15,15,15,,1.0804,93484,"3,4,5","4,5",8+,Some necessary text - easily memorized or small crib sheet,1,0,0,0,3,0,0,0,0,,2026-05-31 20:39:49,3,7,6.06963,5.88572,41663,1.74209,3992,Party Game Rank: 573,Gen Con,,,12,USD,,,,,,,,,,,,,,"[2-Resident]
PP Estimate"
204053,45062598,Exploding Kittens: Imploding Kittens,Exploding Kittens: Imploding Kittens,2016,https://cf.geekdo-images.com/I5JSKlcAKikJ8GlcFRwD6w__original/img/ZpfgFS7Ru7C6N6EZ4OlIzfT_EvU=/0x0/filters:format(jpeg)/pic3518497.jpg,https://cf.geekdo-images.com/I5JSKlcAKikJ8GlcFRwD6w__small/img/4XKbpNyF4f2QCOB2ITjBI5YaSQ8=/fit-in/200x150/filters:strip_icc()/pic3518497.jpg,,2,6,15,0,15,,1.1017,22868,"3,4,5,6","4,5",8+,Some necessary text - easily memorized or small crib sheet,1,0,0,0,3,0,0,0,0,,2023-03-20 19:45:46,1,4,6.97574,6.40745,5559,1.45725,0,,Amazon,,,12,USD,,,,,,,,,,,,,,PP Estimate
371932,114870373,Explorers of Navoria,Explorers of Navoria,2024,https://cf.geekdo-images.com/ytFv6aVdLQ4rNWxTlZhHlQ__original/img/M8rm24-ZpNTfkzSwpY2svdm-nAA=/0x0/filters:format(png)/pic7598950.png,https://cf.geekdo-images.com/ytFv6aVdLQ4rNWxTlZhHlQ__small/img/YotVsBbAnXKCyAYZ75Li81GWGRI=/fit-in/200x150/filters:strip_icc()/pic7598950.png,,2,4,40,80,80,,2.2637,5365,"2,3,4",3,10+,No necessary in-game text,1,0,0,0,3,1,0,0,0,,2026-05-31 20:40:08,1,7,7.48584,6.49449,2544,1.20069,1348,Strategy Game Rank: 727,Kickstarter,2024-01-11,2024-10-08,69,USD,,,,,,,,,,,,,,"[3-Transient]
Backed the Explorer Pledge
Base Game plus Expansion"
411026,114870390,Explorers of Navoria: Forgotten Lands,Explorers of Navoria: Forgotten Lands,2024,https://cf.geekdo-images.com/OgopsX_z4SgATqdUGYoMVQ__original/img/bba0Yz4xWhe4Mgft58g-_qQi8bU=/0x0/filters:format(jpeg)/pic7955033.jpg,https://cf.geekdo-images.com/OgopsX_z4SgATqdUGYoMVQ__small/img/kyKXUIGr151gMuUiHkb0FjuZ3O4=/fit-in/200x150/filters:strip_icc()/pic7955033.jpg,,1,5,40,80,80,,2.7143,2825,"1,2,3,4,5",3,10+,No necessary in-game text,1,0,0,0,3,0,0,0,0,,2024-10-08 14:57:52,0,0,7.70483,5.83111,435,1.29127,0,,Kickstarter,2024-01-11,2024-10-08,,,,,,,,,,,,,,,,"Backed the Explorer Pledge
Base Game plus Expansion"
386368,135244651,Ezra and Nehemiah,Ezra and Nehemiah,2024,https://cf.geekdo-images.com/MVflz8gmtK1DZy49E-Llog__original/img/4yClnRxvCH8fGd59XzyHYokt0WU=/0x0/filters:format(jpeg)/pic7474410.jpg,https://cf.geekdo-images.com/MVflz8gmtK1DZy49E-Llog__small/img/o7kbhWms7CO3dbgncofPaS4-hwg=/fit-in/200x150/filters:strip_icc()/pic7474410.jpg,,1,4,90,120,120,,3.8447,6754,"1,2,3,4",3,12+,No necessary in-game text,0,0,0,0,3,0,0,0,0,,2025-08-10 21:02:14,1,8,8.14566,7.02436,3401,1.22667,476,Strategy Game Rank: 245,,,,,,,,,,,,,,,,,,,
249670,52780719,Fae,Fae,2018,https://cf.geekdo-images.com/729b-paqJC23-yo9RrAUhA__original/img/C2uQuSn0DzqB6sB-DWpAT0VqXTA=/0x0/filters:format(jpeg)/pic4007851.jpg,https://cf.geekdo-images.com/729b-paqJC23-yo9RrAUhA__small/img/OCOQnwHa179KcbIxv3AJNHkwgpg=/fit-in/200x150/filters:strip_icc()/pic4007851.jpg,,2,4,30,30,30,,1.8,1181,"2,3,4",3,8+,No necessary in-game text,0,0,0,0,5,0,0,0,1,,2024-07-14 20:21:18,3,8,6.64375,5.758,713,1.30152,5339,Abstract Game Rank: 221,Gen Con,2018-08-03,,,,15,USD,Katelyn,,,,,,,,,Geekmrket 11/20/2022 $20,,Gave to Katelyn and Keegan
385245,107332485,Faeries & Magical Creatures,Faeries & Magical Creatures,2023,https://cf.geekdo-images.com/pb0ndbQima9RCUkX51yoqQ__original/img/yOK0GUl1wDbWOYmmxifNOROKi0E=/0x0/filters:format(jpeg)/pic7455539.jpg,https://cf.geekdo-images.com/pb0ndbQima9RCUkX51yoqQ__small/img/rhxdMqV39x7KBzZp2qXVjFT06YM=/fit-in/200x150/filters:strip_icc()/pic7455539.jpg,,2,4,30,60,60,,2,481,"2,3,4",3,12+,,0,0,0,0,3,0,0,0,1,,2024-07-14 16:49:02,1,6,6.57524,5.56796,170,1.55289,11537,,KS,2023-06-13,2024-03-22,89,USD,55,USD,Sold,"Kickstarter Faeries & Magical Creatures Premium Game including premium components. Premium components are: Plastic Faerie Kinship Tokens, XL Color-printed Wooden Starting Player Faerie Token, 3-D Miniature Faeries Player/Scoring tokens, Tarot sized Player Starting & Faerie Cards, and Silk Cinch Bag.",,,,Forbidden Games; University Games,English,2023,English edition,,,"Sold on BGG Marketplace for $55 2023-04-12

For Sale BGG Marketplace 2024-03-22 $55 
Kickstarter Edition"
288775,71938957,Fairy Trails,Fairy Trails,2020,https://cf.geekdo-images.com/TO_OL4LiYmGJShDt1u9JZg__original/img/LeueXY_CQPl1IHPrWPO-AJ1vGgU=/0x0/filters:format(jpeg)/pic4956653.jpg,https://cf.geekdo-images.com/TO_OL4LiYmGJShDt1u9JZg__small/img/kc_47_id6HIASAvZ1kWsN4-_kt4=/fit-in/200x150/filters:strip_icc()/pic4956653.jpg,,1,2,15,20,20,,1.1935,1788,2,2,6+,No necessary in-game text,0,0,0,0,3,0,0,0,0,,2023-04-04 12:50:55,0,0,6.10686,5.67519,1157,1.59215,6885,Family Game Rank: 1989,,,,,,,,,,,,,,,,,"2020 Summer Preview
Tile laying 2 player only",,
318983,90432594,Faiyum,Faiyum,2020,https://cf.geekdo-images.com/sl0ReaWGqY1LQjNoGtCPWg__original/img/9NqkDmUrzhYEOAOHGRE4zU6W71U=/0x0/filters:format(jpeg)/pic5638086.jpg,https://cf.geekdo-images.com/sl0ReaWGqY1LQjNoGtCPWg__small/img/wH5S7oMLlZsHZ-K2RLcsXIXRyi0=/fit-in/200x150/filters:strip_icc()/pic5638086.jpg,,1,5,110,140,140,,3.0687,4779,"2,3,4,5",4,12+,No necessary in-game text,1,0,0,0,3,1,0,0,0,,2026-05-31 17:25:58,1,8,7.46355,6.59105,2964,1.2385,1122,Strategy Game Rank: 596,Game Preserve,2023-05-30,,30,USD,,,,,,,,,,,,"All You Can Board Top 50 made me interested in this

Artwork is awful",,[4-Evaluate]
334829,82729414,Fall of the Mountain King,Fall of the Mountain King,2022,https://cf.geekdo-images.com/hqYlHff13x_cG2WE7FEP3w__original/img/rTnZFgdEo1Cf1TsR4QQBp6M4UaI=/0x0/filters:format(jpeg)/pic6072450.jpg,https://cf.geekdo-images.com/hqYlHff13x_cG2WE7FEP3w__small/img/CtsnU89KV1Ewr0o4xef8Gk0OEBI=/fit-in/200x150/filters:strip_icc()/pic6072450.jpg,,1,5,60,90,90,,3.4828,2384,"1,2,3,4",3,12+,Moderate in-game text - needs crib sheet or paste ups,0,0,0,0,3,0,0,0,0,1,2023-01-08 12:21:09,0,0,7.26614,5.89634,733,1.43362,3906,Strategy Game Rank: 1633,KS,2021-06-05,,99,USD,,,,,,,,,,,,Heptarchy!  Fun game but doubt Angie and I would ever play.,,
371956,98777658,Fall of the Mountain King (Kickstarter Edition),Fall of the Mountain King (Kickstarter Edition),2022,https://cf.geekdo-images.com/gNUi7bM0-Yq0_PFBleIvlQ__original/img/k8uOn7IsTI4HcDYGUBWh180p7OI=/0x0/filters:format(jpeg)/pic9072028.jpg,https://cf.geekdo-images.com/gNUi7bM0-Yq0_PFBleIvlQ__small/img/jEwv4zDqjLnwQCa4tM0on0ZBjAU=/fit-in/200x150/filters:strip_icc()/pic9072028.jpg,,1,5,60,90,90,,3.6667,802,"2,3,4",3,12+,,1,0,0,0,3,1,0,0,0,,2026-05-31 20:09:01,0,0,7.40058,5.62637,170,1.27627,0,,KS,2022-06-05,,99,USD,,,,,,,,,,,,,,[3-Transient]
293889,77250095,Fallout Shelter: The Board Game,Fallout Shelter: The Board Game,2020,https://cf.geekdo-images.com/JgTKT2j61ctBjhtzg_vZ-A__original/img/3KP-OIw2Sv1oqNXyXNYnHZafcng=/0x0/filters:format(jpeg)/pic5055378.jpg,https://cf.geekdo-images.com/JgTKT2j61ctBjhtzg_vZ-A__small/img/eW0qcRRQV9ho86Pl8aUDr8Hrxyc=/fit-in/200x150/filters:strip_icc()/pic5055378.jpg,,2,4,60,90,90,,2.0278,7870,"2,3,4",3,10+,Some necessary text - easily memorized or small crib sheet,0,0,0,0,3,0,0,0,0,,2023-01-23 19:41:01,0,0,7.22233,6.54107,4057,1.15544,1225,Family Game Rank: 339,,,,,,,,,,,,,,,,,"Top 10 - Roy and Zee
All of DT guys hype this game",,
170,83343444,Family Business,Family Business,1982,https://cf.geekdo-images.com/IuaCXGbnBz0n1qAu3RmSxw__original/img/mvqAzU7R5uklCrBIhPlNlIRD2Lk=/0x0/filters:format(jpeg)/pic5945292.jpg,https://cf.geekdo-images.com/IuaCXGbnBz0n1qAu3RmSxw__small/img/DVlXGgxNQt_3dmAEQ-SlXT26xLU=/fit-in/200x150/filters:strip_icc()/pic5945292.jpg,,2,6,30,30,30,,1.3178,6838,"3,4,5,6","5,6",8+,Some necessary text - easily memorized or small crib sheet,0,0,0,0,3,0,0,0,0,,2021-06-24 21:27:58,1,4,6.07677,5.83592,4339,1.55491,4438,Thematic Rank: 1051; Family Game Rank: 1629,,,,,,,,,,,,,,,,,,,
211895,59735742,Family Guy: Mouth full of BLANKS,Family Guy: Mouth full of BLANKS,2016,https://cf.geekdo-images.com/18sZVjvLX2X7XfB__quUmg__original/img/xLiEqHDuOgJ1rUwrq122honU8no=/0x0/filters:format(jpeg)/pic3240684.jpg,https://cf.geekdo-images.com/18sZVjvLX2X7XfB__quUmg__small/img/ApyRfhbAvFyZe-aobw3SKMmIRxs=/fit-in/200x150/filters:strip_icc()/pic3240684.jpg,,4,99,30,0,30,,0,31,,,,,1,0,0,0,1,0,0,0,0,,2023-03-20 19:46:27,0,0,1.5,0,2,0.5,0,,Miniature Market,2019-06-05,,2.5,USD,,,Lakehouse,,,,,,,,,,,
211897,59735744,Family Guy: Quagmire Card Pack,Family Guy: Quagmire Card Pack,2016,https://cf.geekdo-images.com/qJRFt0JtuUmvDhrpereHDg__original/img/lftEq87184e3edZfIVmb0zXL8IA=/0x0/filters:format(jpeg)/pic3240699.jpg,https://cf.geekdo-images.com/qJRFt0JtuUmvDhrpereHDg__small/img/hym8AYNaYnXaqQfKENA5593QzK8=/fit-in/200x150/filters:strip_icc()/pic3240699.jpg,,4,99,30,0,30,,0,45,,,,,1,0,0,0,1,0,0,0,0,,2023-03-20 19:46:32,0,0,5,0,4,0.707107,0,,Miniature Market,2019-06-05,,2.5,USD,,,Lakehouse,,,,,,,,,,,
182834,59735739,Family Guy: Stewie's Sexy Party Game,Family Guy: Stewie's Sexy Party Game,2016,https://cf.geekdo-images.com/BxGxbvq8fnPKD__7Cjj2sQ__original/img/njw4E3I_NiGYCSeRbd5EbpdlFIo=/0x0/filters:format(jpeg)/pic2644654.jpg,https://cf.geekdo-images.com/BxGxbvq8fnPKD__7Cjj2sQ__small/img/ngNSHzFqrVpkJwGzo-HCoH6LJmg=/fit-in/200x150/filters:strip_icc()/pic2644654.jpg,,4,99,30,0,30,,0,91,,,,,1,0,0,0,1,0,0,0,0,,2026-05-31 20:40:18,1,5,3.93529,0,17,1.64744,0,,Miniature Market,2019-06-05,,10.5,USD,,,Lakehouse,,,,,,,,,,,[2-Resident]
124759,138092964,Famous 500: The World's Smallest Car Racing Game,Famous 500: The World's Smallest Car Racing Game,2012,https://cf.geekdo-images.com/5gogdqGaXXiwhRGOOampCg__original/img/K6WqbT-Ru1gnYHVYgGIKRrLkSNQ=/0x0/filters:format(png)/pic1787284.png,https://cf.geekdo-images.com/5gogdqGaXXiwhRGOOampCg__small/img/idEL7M2ENJ-dQ7E-vfDSmaxVJKg=/fit-in/200x150/filters:strip_icc()/pic1787284.png,,2,2,30,30,30,,1.4545,260,2,2,,,1,0,0,0,2,0,0,0,0,,2026-05-31 16:47:10,0,0,6.38023,5.53211,88,1.29982,16239,,Geekmarket - Casarmom,2025-11-03,2025-11-07,5,USD,,,,,,,,,,,,,,[1-Permanent]
448371,137591563,Fantasy Brewers,Fantasy Brewers,2025,https://cf.geekdo-images.com/AppMm2df3K-w7PE7by7kVw__original/img/Gl4gvZwV77s6zSMG6TqXAvkqGLk=/0x0/filters:format(jpeg)/pic8942971.jpg,https://cf.geekdo-images.com/AppMm2df3K-w7PE7by7kVw__small/img/bGjHeR19_686X8_qt85CZh0ehDA=/fit-in/200x150/filters:strip_icc()/pic8942971.jpg,,2,4,60,90,90,,2,61,"2,3",3,,,0,0,1,1,3,0,0,0,0,,2025-10-20 19:13:19,0,0,6.30714,0,28,1.7738,0,,,,,,,,,,,,,,,,,,"Essen 2025 Stella and Tarrant
Brewing in Orctober Fest",,
385761,113981534,Faraway,Faraway,2023,https://cf.geekdo-images.com/u1cwi9BWSKsPxSkVO0BzbA__original/img/jTY6_PRF6FrUgInfMajzobVy0S8=/0x0/filters:format(png)/pic7570101.png,https://cf.geekdo-images.com/u1cwi9BWSKsPxSkVO0BzbA__small/img/5G45GN8CE7pq38fJMMocmPtV4_U=/fit-in/200x150/filters:strip_icc()/pic7570101.png,,2,6,15,30,30,,1.9387,32148,"2,3,4,5",3,10+,No necessary in-game text,1,0,0,0,2,0,0,0,0,1,2026-05-31 20:40:25,8,8,7.5407,7.26458,18278,1.1736,259,Family Game Rank: 46,Cardhaus,2024-05-27,2024-05-29,20,USD,,,,,,,,,,,,"Zee Top 10 Big Games in Small boxes
Sounds like it has an interesting different scoring mechanism - score cards in reverse at the end",,[2-Resident]
425029,137704964,Faraway: People From Below,Faraway: People From Below,2024,https://cf.geekdo-images.com/IAm2HJ23ikP6ixbm3Cbcbw__original/img/gs8wZCRecDoc29xB8OJF8Cg-ROI=/0x0/filters:format(jpeg)/pic8557413.jpg,https://cf.geekdo-images.com/IAm2HJ23ikP6ixbm3Cbcbw__small/img/2y38Fpj1I2aKank6S-nTIhNQH-A=/fit-in/200x150/filters:strip_icc()/pic8557413.jpg,,2,7,25,25,25,,1.9091,7708,"2,3,4,5,6","2,4",6+,No necessary in-game text,1,0,0,0,3,0,0,0,0,,2025-10-27 17:45:35,0,0,7.82567,6.27936,1241,1.09734,0,,Geekmarket - Shannyn_north@yahoo.com,2025-10-23,,10,USD,,,,,,,,,,,,,,Added to Base Game
89898,82949590,Faux•Cabulary,Faux•Cabulary,2011,https://cf.geekdo-images.com/Pqnon0PgvrWdLDO7FqeQLw__original/img/jNaz013KIlhg9TeMmqbd347zWYw=/0x0/filters:format(jpeg)/pic1229370.jpg,https://cf.geekdo-images.com/Pqnon0PgvrWdLDO7FqeQLw__small/img/rJI3HuiohxfV_2HkiUYmUhe_7i0=/fit-in/200x150/filters:strip_icc()/pic1229370.jpg,,3,7,20,30,30,,1.1111,444,"5,6,7",6,6+,Unplayable in another language,1,0,0,0,2,0,0,0,0,,2026-05-31 16:32:28,2,8,5.77451,5.51414,206,1.55822,21316,,BGG atarilynx,2023-07-27,2023-08-03,20,USD,,,,,,,,,,,,Roll dice to make a word to go with a definition. Looks fun,,"[1-Permanent]
"
112387,108605134,Faux•Cabulary: Expansion 1,Faux•Cabulary: Expansion 1,2012,https://cf.geekdo-images.com/ETi7Rs1fbH1xV_tlXNZHGg__original/img/e05x8Pyarj5AIEBB9adp8RxM9ks=/0x0/filters:format(jpeg)/pic1197225.jpg,https://cf.geekdo-images.com/ETi7Rs1fbH1xV_tlXNZHGg__small/img/L2vDD0aqNNn-zw4jKRmP5xZiZuM=/fit-in/200x150/filters:strip_icc()/pic1197225.jpg,,3,7,0,0,0,,1,81,,,,,1,0,0,0,2,0,0,0,0,,2023-08-03 13:39:07,0,0,6.40741,0,27,1.12247,0,,BGG atarilynx,2023-07-27,2023-08-03,5,USD,,,,,,,,,,,,,,
112388,108605136,Faux•Cabulary: Expansion 2,Faux•Cabulary: Expansion 2,2012,https://cf.geekdo-images.com/mJgfgjee1DQxHwUIOTMmNw__original/img/8l6CK9E1LrxP6ngjSCFjYmBWrps=/0x0/filters:format(jpeg)/pic1197224.jpg,https://cf.geekdo-images.com/mJgfgjee1DQxHwUIOTMmNw__small/img/CT2dfrqimO3Vp5OcDVkkw5eJq-4=/fit-in/200x150/filters:strip_icc()/pic1197224.jpg,,3,7,0,0,0,,1,65,,,,,1,0,0,0,2,0,0,0,0,,2023-08-03 13:39:14,0,0,6.34091,0,22,1.12195,0,,BGG atarilynx,2023-07-27,2023-08-03,5,USD,,,,,,,,,,,,,,
345868,100869717,Federation,Federation,2022,https://cf.geekdo-images.com/sdimOaBoZ6_VG1153BtzbQ__original/img/kkiEWOU0-9x9JZ2_VHR4lUVzxms=/0x0/filters:format(jpeg)/pic6362475.jpg,https://cf.geekdo-images.com/sdimOaBoZ6_VG1153BtzbQ__small/img/mY3CJjlViAX21LSxI0qcVFHpGa4=/fit-in/200x150/filters:strip_icc()/pic6362475.jpg,,2,4,60,120,120,,3.7485,4758,"2,3,4",4,14+,No necessary in-game text,0,0,0,0,3,0,0,0,0,,2025-08-12 19:02:01,0,0,7.82333,6.83434,3337,1.24617,714,Strategy Game Rank: 375,,,,,,,,,,,,,,,,,"Tom Top 10 of 2022.  Colorful Euro game.  Lots of tracks. Heavy euro.

Review videos have actually dropped this game for me",,
438442,134197564,Feya's Swamp,Feya's Swamp,2025,https://cf.geekdo-images.com/lxzo9PekKd4TRyBUlLH7Yw__original/img/5ofkerciKc8XsWYgejw3xTK0AkE=/0x0/filters:format(png)/pic8703614.png,https://cf.geekdo-images.com/lxzo9PekKd4TRyBUlLH7Yw__small/img/1cEL93SEH6KEoO7CAlde9Sqi12s=/fit-in/200x150/filters:strip_icc()/pic8703614.png,,2,4,80,100,100,,3.1569,1919,"2,3,4",4,12+,No necessary in-game text,0,0,1,0,3,0,0,0,0,,2025-11-07 12:03:29,0,0,7.60427,6.08057,973,1.27382,2760,Strategy Game Rank: 1268,,,,,,,,,,,,,,,,,"Essen 2025
Big complex game I think
Gaia Project Designers
Civ with some fishing theme",,
380439,113473627,Fiction,Fiction,2023,https://cf.geekdo-images.com/iGBMX7WcBvSOkeFQTb3YcQ__original/img/yCikjstEIw0kB4DvVWlRj7yn6Gk=/0x0/filters:format(png)/pic7349980.png,https://cf.geekdo-images.com/iGBMX7WcBvSOkeFQTb3YcQ__small/img/O_vWEL_O5QUoKrhBCpll1ConShs=/fit-in/200x150/filters:strip_icc()/pic7349980.png,,2,8,20,20,20,,1.7143,2521,"2,3,4,5",3,10+,Extensive use of text - massive conversion needed to be playable,0,0,0,0,3,0,0,0,1,1,2025-08-03 20:52:41,0,0,6.61267,5.80715,885,1.3854,4719,Family Game Rank: 1452,BGG Marketplace starwarsgirl ,2024-01-13,2025-07-08,10,USD,,,GenCon Store / Auction 2025,,,,,,,,,Wordle-like according to DT Reviews,,"1ZB8C753YW10392504
$4 Geekmarket 2025-07-08"
159675,73486107,Fields of Arle,Fields of Arle,2014,https://cf.geekdo-images.com/0w8go6cfvlpgJKydHUkDtA__original/img/322N77t8F7uTev-U_WCqX5uqmEE=/0x0/filters:format(png)/pic2225968.png,https://cf.geekdo-images.com/0w8go6cfvlpgJKydHUkDtA__small/img/0z1o-kU2xYwmVO8oNszdt1V4K54=/fit-in/200x150/filters:strip_icc()/pic2225968.png,,1,2,60,120,120,,3.847,19034,"1,2",2,12+,Some necessary text - easily memorized or small crib sheet,0,0,0,0,3,0,0,0,0,,2024-01-08 21:07:13,0,0,8.02215,7.59222,12449,1.29204,102,Strategy Game Rank: 71,,,,,,,,,,,,,,,,,,,
448488,134842309,Fight 5,Fight 5,2025,https://cf.geekdo-images.com/C52dSSFoCuYNJIj7IBkkcg__original/img/jqX29U5av2LYlsSkZ4bkDNKf-PM=/0x0/filters:format(png)/pic8946001.png,https://cf.geekdo-images.com/C52dSSFoCuYNJIj7IBkkcg__small/img/p9l9StrwWc59J-YkcdRgqywYyPo=/fit-in/200x150/filters:strip_icc()/pic8946001.png,,2,5,10,15,15,,1,377,"3,4,5",4,8+,,0,0,0,0,3,0,0,0,1,2,2025-07-31 19:21:56,1,5,6.26577,5.53265,142,1.95221,16106,,GenCon,2025-07-31,,25,USD,,,,,,,,,,,,,,2 Copies for $25.  Gave deluxe to Bub and Rossella and Standard to G&Mikey
436126,139781638,Finspan,Finspan,2025,https://cf.geekdo-images.com/BBefMnVYBDS3EbJ9fPaC8A__original/img/E2VsUBa6HUU0QKlp4eQOsbP1wUo=/0x0/filters:format(jpeg)/pic8634453.jpg,https://cf.geekdo-images.com/BBefMnVYBDS3EbJ9fPaC8A__small/img/Wo2snzBQJMaVXkFdYl-zXL8PrbA=/fit-in/200x150/filters:strip_icc()/pic8634453.jpg,,1,5,45,60,60,,2.3202,15356,"1,2,3,4","2,3",10+,Some necessary text - easily memorized or small crib sheet,0,0,0,0,3,0,0,0,0,,2025-12-14 22:41:22,1,7,7.68058,7.04446,6930,1.33919,454,Strategy Game Rank: 305; Family Game Rank: 87,,,,,,,,,,,,,,,,,,,
353304,100793143,First Empires,First Empires,2022,https://cf.geekdo-images.com/WQHVWTv_-lQ-G1QNd1VT-w__original/img/2ujpy12HoAaOpPtvp2DbU0OGUNE=/0x0/filters:format(jpeg)/pic6868336.jpg,https://cf.geekdo-images.com/WQHVWTv_-lQ-G1QNd1VT-w__small/img/LR9x2xJRZ2WiXhYDdDoFpr4-xI8=/fit-in/200x150/filters:strip_icc()/pic6868336.jpg,,2,5,45,60,60,,2.0667,1811,"2,3,4,5",5,12+,Some necessary text - easily memorized or small crib sheet,0,0,0,0,3,0,0,0,0,,2024-01-08 21:07:28,0,0,6.81327,5.86811,972,1.28901,4142,,,,,,,,,,,,,,,,,,"Zee Top 10 surprises 2022 had me interested.  Sand Castle Games did Res Arcana

Does it play well at 2p?  Need to look into it",,
347703,101075732,First Rat,First Rat,2022,https://cf.geekdo-images.com/TAmP5w8gDSXe7APvp8tMVw__original/img/sxlrsxj497dHDrWywWCKOL_senY=/0x0/filters:format(jpeg)/pic6502612.jpg,https://cf.geekdo-images.com/TAmP5w8gDSXe7APvp8tMVw__small/img/Mqb7UZI42-Xyz9yMFu1b-enn0F0=/fit-in/200x150/filters:strip_icc()/pic6502612.jpg,,1,5,30,75,75,,2.2721,7578,"1,2,3,4,5","3,4",10+,No necessary in-game text,0,0,0,0,3,0,0,0,0,,2024-01-08 21:07:36,0,0,7.51009,6.83842,4820,1.07585,708,Strategy Game Rank: 410; Family Game Rank: 142,,,,,,,,,,,,,,,,,Seems like some interesting worker placement mechanisms worth checking out,,
321835,78343261,Fish Flip,Fish Flip,2021,https://cf.geekdo-images.com/K2UdngBwE_nNiLFQ3pJ2Sg__original/img/sU7oHeyclfO4ymy4E6E-vCDkzlk=/0x0/filters:format(png)/pic5716547.png,https://cf.geekdo-images.com/K2UdngBwE_nNiLFQ3pJ2Sg__small/img/dGrNlq5SPe-yVOlWsPrIeb8UMe4=/fit-in/200x150/filters:strip_icc()/pic5716547.png,,2,2,10,30,30,,1,6,,,,,1,0,0,0,3,0,0,0,0,1,2026-05-31 20:40:31,2,8,7.5,0,2,0.5,0,,Game Crafter,,,17.99,USD,,,Lakehouse,,,,,,,,,,,[2-Resident]
419195,126678617,Fishing,Fishing,2024,https://cf.geekdo-images.com/LjqYcVKq6YrQ0rJ4H4Lusg__original/img/REAXkcbA-CtHuDU0BVNYsHUdyJM=/0x0/filters:format(png)/pic8149442.png,https://cf.geekdo-images.com/LjqYcVKq6YrQ0rJ4H4Lusg__small/img/mzUGdFOVFxq6kJfm41QTRvnxQSw=/fit-in/200x150/filters:strip_icc()/pic8149442.png,,3,5,40,60,60,,1.8906,7372,"3,4,5",4,8+,No necessary in-game text,1,0,0,0,3,0,0,1,0,1,2026-05-31 20:41:06,1,6,7.22835,6.53928,3575,1.25982,1228,Family Game Rank: 314,Cardhaus,2025-01-03,2025-01-10,16.49,USD,,,,,,,,,,,,Trick taking… plays up to 5,,[5-Exiting]
157354,79130798,Five Tribes: The Djinns of Naqala,Five Tribes: The Djinns of Naqala,2014,https://cf.geekdo-images.com/dmo-WD6HZHVUPrbVHunaTw__original/img/PS9HXrThM8Pepbd-cuA1tX8KCYU=/0x0/filters:format(jpeg)/pic2055255.jpg,https://cf.geekdo-images.com/dmo-WD6HZHVUPrbVHunaTw__small/img/I6KVJlQgS1GfWDPSWAFNqce4Cgc=/fit-in/200x150/filters:strip_icc()/pic2055255.jpg,,2,4,40,80,80,,2.839,59891,"2,3,4",2,12+,No necessary in-game text,1,0,0,0,3,0,0,0,0,,2026-05-31 20:41:19,4,9,7.76418,7.60772,45274,1.26807,97,Strategy Game Rank: 84,Trade with Board Game Co,2021-11-05,,52,USD,,,,,,,,,,,,,,"[2-Resident]
Game(s) From BoardGameCo
-----------------------
1. The Crew: The Quest for Planet Nine
2. Five Tribes

Game(s) From Indywiseguy
-----------------------
1. Rise of Tribes
2. The Grimm Forest
3. Planet
4. Paris
5. Dice Forge

PP Estimate"
336986,97482630,Flamecraft,Flamecraft,2022,https://cf.geekdo-images.com/EvGtnsBDcfnKiqSiXHothQ__original/img/7yj8nA0ObuZ1w5AYCThEOK6meWA=/0x0/filters:format(jpeg)/pic6605448.jpg,https://cf.geekdo-images.com/EvGtnsBDcfnKiqSiXHothQ__small/img/bQcyvzYRdMFFvcdQkFVnIRiCPjE=/fit-in/200x150/filters:strip_icc()/pic6605448.jpg,,1,5,60,60,60,,2.184,45393,"1,2,3,4,5",3,8+,Moderate in-game text - needs crib sheet or paste ups,0,0,0,0,3,0,0,0,0,,2023-04-27 18:24:26,0,0,7.37104,7.0902,21411,1.33664,398,Strategy Game Rank: 354; Family Game Rank: 103,,,,,,,,,,,,,,,,,,,
199478,77422877,Flamme Rouge,Flamme Rouge,2016,https://cf.geekdo-images.com/sUrK5CCscls-tTc2hJWDPg__original/img/hQOFypZgCn4CQrJnXiNaQc_hjCw=/0x0/filters:format(jpeg)/pic3482521.jpg,https://cf.geekdo-images.com/sUrK5CCscls-tTc2hJWDPg__small/img/tBSMuRSHRl4M8-dVxcThAC1yXbs=/fit-in/200x150/filters:strip_icc()/pic3482521.jpg,,2,4,30,45,45,,1.7015,25698,"2,3,4",4,8+,No necessary in-game text,0,0,0,0,3,0,0,0,0,,2023-01-23 19:41:42,1,7,7.47669,7.21592,19852,1.29404,289,Family Game Rank: 62,,,,,,,,,,,,,,,,,,,
138748,21604653,Flash!,Flash!,2013,https://cf.geekdo-images.com/LwGUb-Bnxr-u3cLmIVkQkQ__original/img/UNgdHMKx5HIudUKwql1g0cwll6E=/0x0/filters:format(jpeg)/pic8561920.jpg,https://cf.geekdo-images.com/LwGUb-Bnxr-u3cLmIVkQkQ__small/img/vasOuH83jK_LU2fuTiNJc0jdiYU=/fit-in/200x150/filters:strip_icc()/pic8561920.jpg,,2,6,10,10,10,,1,834,"2,3,4,5,6","4,5,6",6+,No necessary in-game text,1,0,0,0,3,0,0,0,0,,2026-05-31 20:41:33,9,3,5.66353,5.50588,207,1.50025,24111,Children's Game Rank: 672; Family Game Rank: 3241,,,,15,USD,,,,,,,,,,,,,,"[3-Transient]
PP Estimate"
420087,121743143,Flip 7,Flip 7,2024,https://cf.geekdo-images.com/V6xT0rYuJcgwnsT0AoB_EQ__original/img/7dUHKQvu3V2SWdgX0rpONnOXTF4=/0x0/filters:format(jpeg)/pic8172354.jpg,https://cf.geekdo-images.com/V6xT0rYuJcgwnsT0AoB_EQ__small/img/AwkzTqUGvoKuQAg4zPHs-9wAT1g=/fit-in/200x150/filters:strip_icc()/pic8172354.jpg,,3,18,20,20,20,,1.0255,50541,"3,4,5,6,7,8","5,6",6+,Some necessary text - easily memorized or small crib sheet,1,0,0,0,3,0,0,0,0,1,2026-05-31 16:35:16,11,8,7.21489,6.98436,22659,1.50536,520,Party Game Rank: 41; Family Game Rank: 133,GenCon 2024,2024-08-01,2024-08-01,,,,,,,,,,The Op Games,English,2024,English Promotional edition,,,"[1-Permanent]
Promotional Edition - Free with Purchase from The Op"
420087,125976372,Flip 7,Flip 7,2024,https://cf.geekdo-images.com/V6xT0rYuJcgwnsT0AoB_EQ__original/img/7dUHKQvu3V2SWdgX0rpONnOXTF4=/0x0/filters:format(jpeg)/pic8172354.jpg,https://cf.geekdo-images.com/V6xT0rYuJcgwnsT0AoB_EQ__small/img/AwkzTqUGvoKuQAg4zPHs-9wAT1g=/fit-in/200x150/filters:strip_icc()/pic8172354.jpg,,3,18,20,20,20,,1.0255,50541,"3,4,5,6,7,8","5,6",6+,Some necessary text - easily memorized or small crib sheet,1,0,0,0,3,0,0,0,0,,2026-05-31 16:35:16,11,8,7.21489,6.98436,22659,1.50536,520,Party Game Rank: 41; Family Game Rank: 133,Game Preserve,2024-11-29,2024-11-29,14,USD,,,,,,,,The Op Games,English,2024,English first edition,,,"[1-Permanent]
Big Box version"
223215,43565018,Flip Ships,Flip Ships,2017,https://cf.geekdo-images.com/u7TUWJk0WA7ENea9U9qDoQ__original/img/UTeihEfE2Ih0h8-0vWHiJogx1I4=/0x0/filters:format(jpeg)/pic3489147.jpg,https://cf.geekdo-images.com/u7TUWJk0WA7ENea9U9qDoQ__small/img/9IZwNJ-O88aooqVSBf_C73us1FM=/fit-in/200x150/filters:strip_icc()/pic3489147.jpg,,1,4,30,45,45,,1.4211,4054,"1,2,3,4","3,4",6+,Moderate in-game text - needs crib sheet or paste ups,0,0,0,0,3,0,0,0,1,,2024-07-14 20:28:35,1,6,6.97987,6.22982,2290,1.29861,2120,Family Game Rank: 625,Gen Con,2017-08-17,,,,15,USD,Sold,,,,,,,,,GenCon 2017,,"Currently for Sale on IndyCon 2020 Flea Market $15

Sold for $10 to BGG User Jrtolf (Jerry Wilkinson)"
363204,145178108,FLOE,FLOE,2026,https://cf.geekdo-images.com/OVGfbJL6TJDaGzNDlGa6sA__original/img/v0JJ_Xeu8f5VeEPsUwkU0F7iafU=/0x0/filters:format(jpeg)/pic7907058.jpg,https://cf.geekdo-images.com/OVGfbJL6TJDaGzNDlGa6sA__small/img/uBQJZyMc49Rt4CyGPo7J48VclDg=/fit-in/200x150/filters:strip_icc()/pic7907058.jpg,,1,4,60,90,90,,2.963,182,"2,3,4",3,,Moderate in-game text - needs crib sheet or paste ups,0,0,1,0,3,0,0,0,0,,2026-05-04 09:34:12,0,0,7.20103,5.54582,97,2.13264,13836,Thematic Rank: 1515; Family Game Rank: 2741,,,,,,,,,,,,,,,,,Gen Con 2026,,
317411,79752650,Florence,Florence,2022,https://cf.geekdo-images.com/jf0xszxbKqBQ3vgyrpKmJQ__original/img/AacEmU2UqKXsgWUyYEljs9i3twk=/0x0/filters:format(jpeg)/pic5609488.jpg,https://cf.geekdo-images.com/jf0xszxbKqBQ3vgyrpKmJQ__small/img/LLN3z88l0B1crsUf6vvZjlnSCGQ=/fit-in/200x150/filters:strip_icc()/pic5609488.jpg,,1,5,40,80,80,,3.0909,1225,"1,2,3,4,5",4,14+,Some necessary text - easily memorized or small crib sheet,0,0,0,0,3,0,0,0,0,,2023-08-12 23:18:37,0,0,6.89673,5.66258,322,1.34676,7182,Strategy Game Rank: 2317,,,,,,,,,,,,,,,,,"Already have Ragusa and Venice (still unplayed), so...",,
270538,73373832,Foothills,Foothills,2019,https://cf.geekdo-images.com/IqyvvLtGTfLYLNNkchBUcQ__original/img/WmarXlBYYZKes_5r9vTL5NYIkHQ=/0x0/filters:format(png)/pic4766329.png,https://cf.geekdo-images.com/IqyvvLtGTfLYLNNkchBUcQ__small/img/xIngoVD9hPHwdC-XLDJoEoTWCsU=/fit-in/200x150/filters:strip_icc()/pic4766329.png,,2,2,30,30,30,,2.8,2608,2,2,10+,Some necessary text - easily memorized or small crib sheet,0,0,0,0,3,0,0,0,0,,2023-06-05 19:51:03,0,0,6.90942,5.91219,993,1.29738,3771,Strategy Game Rank: 1615,,,,,,,,,,,,,,,,,MeepleTown Top 50,,
65244,36079717,Forbidden Island,Forbidden Island,2010,https://cf.geekdo-images.com/JgAkEBUaiHOsOS94iRMs2w__original/img/H5d4I5z_HSpPEu7EAl0DqLt9_pM=/0x0/filters:format(jpeg)/pic646458.jpg,https://cf.geekdo-images.com/JgAkEBUaiHOsOS94iRMs2w__small/img/5aPR8-KMbgucI_XkPE2PJaMQQsg=/fit-in/200x150/filters:strip_icc()/pic646458.jpg,,2,4,30,30,30,,1.7402,101170,"1,2,3,4",4,8+,Some necessary text - easily memorized or small crib sheet,0,0,0,0,4,0,0,0,0,,2023-01-23 19:42:08,0,0,6.7495,6.64096,54480,1.22168,1028,Family Game Rank: 352,,,,,,,,,,,,,,,,,Removed from Wishlist - No Longer Interested,,
245271,53003046,Forbidden Sky,Forbidden Sky,2018,https://cf.geekdo-images.com/DkKz70oUiLhhGLSntEaOTw__original/img/aMR_0OJ0hb4JfWQQyaSNjkmTEC4=/0x0/filters:format(jpeg)/pic4177924.jpg,https://cf.geekdo-images.com/DkKz70oUiLhhGLSntEaOTw__small/img/QFSJHD5hZ7F0PEt0AwYwDh0IcFY=/fit-in/200x150/filters:strip_icc()/pic4177924.jpg,,2,5,60,60,60,,2.5231,12217,"1,2,3,4,5","3,4",8+,Some necessary text - easily memorized or small crib sheet,0,0,0,0,4,0,0,0,0,,2023-01-23 19:42:13,0,0,6.36205,6.01183,3993,1.4174,3111,Strategy Game Rank: 1584; Family Game Rank: 1068,,,,,,,,,,,,,,,,,"2018 Gen Con
Electrical circuits?
Removed from Wishlist - No Longer Interested",,
391163,113097193,Forest Shuffle,Forest Shuffle,2023,https://cf.geekdo-images.com/08bC8NviSTNc4Zvur4pueA__original/img/GcBtTHjdPXagHE-IOCpQ0he6rN4=/0x0/filters:format(jpeg)/pic7578350.jpg,https://cf.geekdo-images.com/08bC8NviSTNc4Zvur4pueA__small/img/Xq8TNBmMl3Z7DoynvbUXchFAztc=/fit-in/200x150/filters:strip_icc()/pic7578350.jpg,,2,5,40,60,60,,2.2113,39019,"2,3,4",2,10+,Moderate in-game text - needs crib sheet or paste ups,1,0,0,0,3,0,0,0,0,,2026-05-31 20:42:03,5,7,7.72945,7.45468,21420,1.25727,153,Strategy Game Rank: 131; Family Game Rank: 20,Miniature Market,2023-12-28,2024-01-03,23.99,USD,,,,,,,,,,,,,,[2-Resident]
412576,119897948,Forest Shuffle: Alpine,Forest Shuffle: Alpine,2024,https://cf.geekdo-images.com/DHrlMA2XJr5T5IsO_X0Z3w__original/img/C0GOJ_wWW8s1wbMn6VTl74LRe18=/0x0/filters:format(jpeg)/pic7998961.jpg,https://cf.geekdo-images.com/DHrlMA2XJr5T5IsO_X0Z3w__small/img/IlSD7ds4GhNqbljlvotFU3mJtDY=/fit-in/200x150/filters:strip_icc()/pic7998961.jpg,,2,5,60,60,60,,2.0612,15115,"2,3,4",2,10+,Moderate in-game text - needs crib sheet or paste ups,1,0,0,0,1,0,0,0,0,,2024-07-14 07:56:31,0,0,8.19963,7.05083,3301,1.05842,0,,Amazon,2024-06-28,2024-07-01,12.99,USD,,,,,,,,,,,,,,
438402,133624277,Forest Shuffle: Dartmoor,Forest Shuffle: Dartmoor,2025,https://cf.geekdo-images.com/2mV8_A8ly2uTpifT-PnA_g__original/img/y06uWsSIw5rMZDXuJDBA8BJcZ-A=/0x0/filters:format(jpeg)/pic9058775.jpg,https://cf.geekdo-images.com/2mV8_A8ly2uTpifT-PnA_g__small/img/5hTbGVieOOlhrmgYJERulNc-HE8=/fit-in/200x150/filters:strip_icc()/pic9058775.jpg,,2,5,60,60,60,,2.283,5275,"2,3,4","2,3",10+,Moderate in-game text - needs crib sheet or paste ups,1,0,0,0,3,0,0,0,0,,2026-05-31 20:42:08,2,7,7.69069,6.56979,2346,1.25565,1164,Strategy Game Rank: 627,GenCon,2025-07-31,2025-07-31,28,,,,,,,,,,,,,GenCon 2025 Pre-Release,,[2-Resident]
385999,105685173,Forever Home,Forever Home,2023,https://cf.geekdo-images.com/IGiDskrRTDb1iaqhKunFMw__original/img/Ymt3a10rzS21ezfJ2jpa0eKhldM=/0x0/filters:format(jpeg)/pic7465204.jpg,https://cf.geekdo-images.com/IGiDskrRTDb1iaqhKunFMw__small/img/RREKXLETmQaoQaFLqQF1zE4H9ck=/fit-in/200x150/filters:strip_icc()/pic7465204.jpg,,1,5,20,45,45,,1.8276,1984,"1,2,3,4,5",2,8+,No necessary in-game text,1,0,0,0,3,0,0,0,0,,2026-05-31 20:42:23,2,6,6.67288,5.83965,977,1.26838,4402,,Birdwood Games Preorder,2023-04-18,2023-10-14,35,USD,,,Angie Game,,,,,,,,,,,[3-Transient]
367833,107049435,Forges of Ravenshire,Forges of Ravenshire,2024,https://cf.geekdo-images.com/h_Itp1hAGIrlVL_Zpi-pjw__original/img/RL96WLwJN_lTxleJp2PHSC7Zzmk=/0x0/filters:format(jpeg)/pic7020447.jpg,https://cf.geekdo-images.com/h_Itp1hAGIrlVL_Zpi-pjw__small/img/hBxUC65QsOoNWCWGs8C11vfShAg=/fit-in/200x150/filters:strip_icc()/pic7020447.jpg,,1,4,50,100,100,,2.8667,1134,"1,2,3,4",2,10+,,1,0,0,0,2,0,0,0,0,1,2026-05-31 20:42:42,2,8,7.58526,5.83474,481,1.2749,4446,,Cardhaus,2024-08-07,2024-08-30,60,USD,,,,,,,,,,,,"2023 Origins Preview.  Looks cool, but feels like Mechants of the Dark Road",,[2-Resident]
37904,145009923,Formula D,Formula D,2008,https://cf.geekdo-images.com/ScuaQBHRYnsqrwSxSdEdIw__original/img/xqbaVS5XaicATFoKXZn12X1-k_8=/0x0/filters:format(jpeg)/pic519914.jpg,https://cf.geekdo-images.com/ScuaQBHRYnsqrwSxSdEdIw__small/img/F7CaSsa_MWIbHGCoeZ98apbmFQM=/fit-in/200x150/filters:strip_icc()/pic519914.jpg,,2,10,60,60,60,,1.9643,28248,"3,4,5,6,7,8,9,10","5,6,7,8",8+,No necessary in-game text,1,0,0,0,3,1,0,0,0,,2026-05-31 17:26:27,0,0,6.98445,6.78661,20647,1.34336,774,Thematic Rank: 241; Family Game Rank: 228,Indy Spiel,2026-04-28,2026-05-15,20,USD,,,,,,,,,,,,,,"[4-Evaluate]
Purchased Indy Spiel May 2026 from Chris R (Indyboi)"
635,97121778,Formula Motor Racing,Formula Motor Racing,1995,https://cf.geekdo-images.com/Z1LLyelQQvCjdJy_92QaEg__original/img/DfsTgaZlMsjZKC0zH6Up2gAtbHM=/0x0/filters:format(jpeg)/pic1513026.jpg,https://cf.geekdo-images.com/Z1LLyelQQvCjdJy_92QaEg__small/img/0hJtw8fSSTlRzllZTH87k7IEk-o=/fit-in/200x150/filters:strip_icc()/pic1513026.jpg,,3,6,20,20,20,,1.1878,2440,"3,4,5,6",6,8+,Some necessary text - easily memorized or small crib sheet,0,0,0,0,3,0,0,0,0,,2023-04-04 12:52:51,0,0,6.4097,5.91798,2040,1.29959,3734,Family Game Rank: 1244,,,,,,,,,,,,,,,,,,,
296912,71144997,Fort,Fort,2020,https://cf.geekdo-images.com/hAsqLdANmtExR5Zi41v94Q__original/img/YSzUnMqcnTg-mSk8VEnBQaRRmJU=/0x0/filters:format(png)/pic5241325.png,https://cf.geekdo-images.com/hAsqLdANmtExR5Zi41v94Q__small/img/YqmIsRVLpQqM-r5i1rsN91Q6fzg=/fit-in/200x150/filters:strip_icc()/pic5241325.png,,2,4,20,40,40,,2.4456,22233,"2,3,4",3,10+,Some necessary text - easily memorized or small crib sheet,1,0,0,0,3,1,0,0,0,1,2026-05-31 20:43:00,3,8,7.05688,6.76003,11871,1.26027,818,Strategy Game Rank: 556,Leder Games,2020-07-21,,30,USD,,,,,,,,,,,,Leder Games. Nuff said,,[3-Transient]
341066,83545071,Fort: Cats & Dogs Expansion,Fort: Cats & Dogs Expansion,2021,https://cf.geekdo-images.com/Bo5z926oySr-KIhAZIyCQw__original/img/nUUGs4tAnltanENi0I7oGmYIA28=/0x0/filters:format(png)/pic6247166.png,https://cf.geekdo-images.com/Bo5z926oySr-KIhAZIyCQw__small/img/6igF7Fw14bhvurmaPqKma7-iADg=/fit-in/200x150/filters:strip_icc()/pic6247166.png,,2,4,20,40,40,,2.625,5370,"2,3,4","3,4",10+,Extensive use of text - massive conversion needed to be playable,1,0,0,0,1,0,0,0,0,,2023-01-08 12:24:34,0,0,7.47448,5.9953,832,1.14497,0,,Cardhaus,2021-12-24,,10.5,USD,,,,,,,,,,,,,,
284189,67951976,Foundations of Rome,Foundations of Rome,2022,https://cf.geekdo-images.com/RFx4cgrL0G6q8Wym2WYtpw__original/img/-34kUm9Y2-k_qfJAZ7kITfoBdWE=/0x0/filters:format(jpeg)/pic7215602.jpg,https://cf.geekdo-images.com/RFx4cgrL0G6q8Wym2WYtpw__small/img/WcsSNs3f7B4ybHBO51LjwFV8RWo=/fit-in/200x150/filters:strip_icc()/pic7215602.jpg,,1,5,60,90,90,,2.02,7035,"2,3,4,5",4,10+,Moderate in-game text - needs crib sheet or paste ups,1,0,0,0,2,0,0,0,0,,2026-05-31 16:29:14,5,8,8.02837,7.20557,5255,1.33065,300,Strategy Game Rank: 172,Christmas Gift,2022-12-25,,200,USD,,,,,,,,,,,,KS Jan 2020,,"[1-Permanent]
Angie bought from Patrick and Julia Olmsted and surprise me with a Christmas gift"
357304,102019472,Foundations of Rome: Monuments Expansion,Foundations of Rome: Monuments Expansion,2022,https://cf.geekdo-images.com/nFVokxXu7NmO-3MJ7gmBLg__original/img/aaAEzs5uDbawwx2ZUTqHtsJVMD0=/0x0/filters:format(jpeg)/pic6826873.jpg,https://cf.geekdo-images.com/nFVokxXu7NmO-3MJ7gmBLg__small/img/1keFzupOtYc5eEmxjuB3BdkjnFY=/fit-in/200x150/filters:strip_icc()/pic6826873.jpg,,1,5,60,90,90,,2,2345,"1,2,3,4,5","2,3,4,5",12+,,1,0,0,0,3,0,0,0,0,,2023-01-08 12:25:08,0,0,8.46527,5.87332,347,1.16168,0,,,,,0.001,USD,,,,,,,,,,,,,,Included in Emporer Pledge
368342,101888778,Foundations of Rome: Roads of Fortune,Foundations of Rome: Roads of Fortune,2024,https://cf.geekdo-images.com/dA7XsD25uE-fmc3cAILFUw__original/img/qPbl3Yd5Wca7VnUZcZgpbjenuF8=/0x0/filters:format(png)/pic7004383.png,https://cf.geekdo-images.com/dA7XsD25uE-fmc3cAILFUw__small/img/PlzfTKR9NFf59NsgrtwPE2QykDI=/fit-in/200x150/filters:strip_icc()/pic7004383.png,,1,5,60,90,90,,2,2230,"3,4,5","4,5",14+,Moderate in-game text - needs crib sheet or paste ups,1,0,0,0,3,0,0,0,0,,2026-05-31 17:26:49,0,0,8.07694,5.68782,193,1.36725,0,,,2023-01-05,,35,USD,,,,,,,,,,,,,,"[1-Permanent]
Add-Ons:  Extra metal coins, Metal First Playe Marker, and Stacking Scoring Cubes"
440509,132978821,Fountains,Fountains,2025,https://cf.geekdo-images.com/V_K4mmXJEZuwmmeFIn8Pbg__original/img/CtHu7NNdGfv2lLloiav7iZuURD4=/0x0/filters:format(jpeg)/pic8746818.jpg,https://cf.geekdo-images.com/V_K4mmXJEZuwmmeFIn8Pbg__small/img/KVgXmkY1zETHet9ReIHrmiCFXoA=/fit-in/200x150/filters:strip_icc()/pic8746818.jpg,,1,5,30,45,45,,2.1429,1319,"2,3,4,5","3,4",10+,No necessary in-game text,0,0,0,0,3,0,0,0,0,,2025-08-01 20:32:24,1,6,7.3942,5.84757,572,1.25702,4322,,,,,,,,,,,,,,,,,,"GenCon 2025
Looks like a clever little puzzly game
Played at GenCon 2025. Not a fan. Player colors suck balls. Too much work to put the fucking thing away.",,
368540,108010576,Four Horsemen,Four Horsemen,2025,https://cf.geekdo-images.com/5MWlJpqEssv_9iHq1OjUBA__original/img/pQUObjq7e6uUml1YQGQ8KgyYP9o=/0x0/filters:format(png)/pic7405762.png,https://cf.geekdo-images.com/5MWlJpqEssv_9iHq1OjUBA__small/img/6_DuvJMko_NwMns9pVsvIWHoqE0=/fit-in/200x150/filters:strip_icc()/pic7405762.png,,1,4,60,120,120,,3,183,"1,2,3,4",3,12+,Moderate in-game text - needs crib sheet or paste ups,0,0,0,0,3,0,0,0,0,,2024-01-08 21:08:03,0,0,7.89895,5.559,95,1.62186,12303,,,,,,,,,,,,,,,,,,"GenCon 2023 Demo only.  
Theme and art really looks awesome

Coop game…. ",,
313093,107949541,Four Humours,Four Humours,2022,https://cf.geekdo-images.com/9FgGS9JpDChgxLO9MWkK5g__original/img/cETf2SGtYGZL4HHpjU0a0C9tbP4=/0x0/filters:format(jpeg)/pic7553520.jpg,https://cf.geekdo-images.com/9FgGS9JpDChgxLO9MWkK5g__small/img/3bcC_-EK0ZNDYozmTdk1sSOByjk=/fit-in/200x150/filters:strip_icc()/pic7553520.jpg,,1,6,45,60,60,,2.1739,1068,"2,3,4,5","3,4",10+,No necessary in-game text,0,0,0,0,3,0,0,0,0,,2024-01-08 21:08:11,0,0,6.74395,5.72809,546,1.44268,5790,,,,,,,,,,,,,,,,,,"GenCon 2023 - Zee Garcia review
Looks fun and different",,
385833,113736633,Freaky Frogs From Outaspace,Freaky Frogs From Outaspace,2023,https://cf.geekdo-images.com/yh0lEJtVKr6goBEmbt9F4A__original/img/JallogkcmdXPIce96oftNCPa8lE=/0x0/filters:format(png)/pic7496711.png,https://cf.geekdo-images.com/yh0lEJtVKr6goBEmbt9F4A__small/img/LwnEpzrhyDYdcH4dTNYDLWvFRPg=/fit-in/200x150/filters:strip_icc()/pic7496711.png,,1,1,25,50,50,,2.2,1036,1,1,12+,No necessary in-game text,1,0,0,0,3,0,0,1,0,,2026-05-31 20:43:31,4,6,7.02158,5.68676,336,1.3825,6610,,Gift from Ross,2023-12-20,2023-12-20,,,,,,,,,,,,,,,,[5-Exiting]
463629,145181033,Frenzy Falls,Frenzy Falls,2026,https://cf.geekdo-images.com/fVwFoFjEaB5xBCaydiKF_w__original/img/G6LQrSnMNfcqQVjD5FsRck3japI=/0x0/filters:format(jpeg)/pic9376071.jpg,https://cf.geekdo-images.com/fVwFoFjEaB5xBCaydiKF_w__small/img/Mw2zTQqT5eHTfhkDl7Nf7G8UrKY=/fit-in/200x150/filters:strip_icc()/pic9376071.jpg,,2,6,30,45,45,,0,40,,,,,0,0,1,0,3,0,0,0,0,,2026-05-04 11:11:31,0,0,6.03077,0,13,2.11674,0,,,,,,,,,,,,,,,,,,"GenCon 2026
Monique and Naveen Preview
6 Players",,
262540,59448416,Freshwater Fly,Freshwater Fly,2019,https://cf.geekdo-images.com/EaHi3zL3D9bZwZWxWkrxFA__original/img/AhX-x7BrayURStUGSxaqDeaQ7Yg=/0x0/filters:format(png)/pic4454789.png,https://cf.geekdo-images.com/EaHi3zL3D9bZwZWxWkrxFA__small/img/TCgo8OXw8NdFesaXAOgXybjVWKc=/fit-in/200x150/filters:strip_icc()/pic4454789.png,,1,4,40,90,90,,2.377,2937,"1,2,3,4","1,2,3",10+,No necessary in-game text,1,0,0,0,3,1,0,0,0,,2026-05-31 20:45:42,1,7,7.1479,6.08273,1384,1.2893,2745,Strategy Game Rank: 1290,,2019-09-06,2019-09-06,69,USD,,,,,,,,,,,,,,[3-Transient]
227019,52403550,Friend or Faux: A Game of Ridiculously Revealing Questions,Friend or Faux: A Game of Ridiculously Revealing Questions,2017,https://cf.geekdo-images.com/Kj7N3iTnkTeKWU-OZdPtFQ__original/img/qiKRWgv28acLxHgii6bEP6P4e9E=/0x0/filters:format(jpeg)/pic7223460.jpg,https://cf.geekdo-images.com/Kj7N3iTnkTeKWU-OZdPtFQ__small/img/KsECaCrVpELh65ONSQAzIVplcZ8=/fit-in/200x150/filters:strip_icc()/pic7223460.jpg,,2,99,30,90,90,,0,122,,,,,0,0,0,0,3,0,0,0,1,,2025-08-10 21:02:38,1,5,4.68,0,27,1.95627,0,,Gen Con,2018-08-05,2025-07-08,15.49,USD,,,Geekmarket,"Opened, never played",,,,,,,,Listed $5 OctoCon,,"PP Estimate
$7 Geekmarket 2025-07-08"
353745,104337567,From the Moon,From the Moon,2024,https://cf.geekdo-images.com/Ov9EU4LGNZXIvVS86unsxQ__original/img/qu4wIH8smMDMtWt3zVEbNYlicBY=/0x0/filters:format(jpeg)/pic8109079.jpg,https://cf.geekdo-images.com/Ov9EU4LGNZXIvVS86unsxQ__small/img/K8-BsjBxYX8Is98_kXndniN75ZI=/fit-in/200x150/filters:strip_icc()/pic8109079.jpg,,1,4,90,90,90,,3.4667,1214,"2,3",3,10+,No necessary in-game text,0,0,0,0,3,0,0,0,1,,2026-04-17 21:21:03,1,7,7.40108,5.81323,504,1.4437,4661,,KS,2023-03-07,2026-04-17,70,USD,60,USD,Sold Geekmarket (Shane HD),Deluxe KS Edition.  Only played once.,,,,La Boîte de Jeu,English,2024,English deluxe edition,,,"61290985572527714931

Sold Geekmarket 17 April 2026 Shane HD"
384213,110164496,Fromage,Fromage,2024,https://cf.geekdo-images.com/h87Ft6qXbzwPifN7WGnx2Q__original/img/X5va643QzqHpbIJIPUGv5jp4qGs=/0x0/filters:format(jpeg)/pic7452200.jpg,https://cf.geekdo-images.com/h87Ft6qXbzwPifN7WGnx2Q__small/img/0qK0Iu8ahtXtY4E8UFJib4hQ1hw=/fit-in/200x150/filters:strip_icc()/pic7452200.jpg,,1,4,30,45,45,,2.375,10956,"1,2,3,4",4,12+,Some necessary text - easily memorized or small crib sheet,0,0,0,0,3,0,0,0,1,1,2024-12-18 14:24:48,4,6,7.67987,7.07846,6570,1.16717,411,Strategy Game Rank: 264,KS,2023-09-12,2024-11-14,49,USD,,,Sold,KS Deluxe edition,,,,,,,,,,"Deluxe Edition
Sold $60 Geekmarket - Mauriciogdantas 12/17/2024 "
370164,101013693,Fun Facts,Fun Facts,2022,https://cf.geekdo-images.com/wkj9lur-J5Bxun09mnI2rQ__original/img/4qUgF74h0l6EMn-HPzGI4Nydszk=/0x0/filters:format(jpeg)/pic7070521.jpg,https://cf.geekdo-images.com/wkj9lur-J5Bxun09mnI2rQ__small/img/WD6rjSm3DZS3JD2Bb4EXM9fL5bk=/fit-in/200x150/filters:strip_icc()/pic7070521.jpg,,4,8,30,30,30,,1.0339,5747,"4,5,6,7,8","6,7,8",8+,Extensive use of text - massive conversion needed to be playable,0,0,0,0,3,0,0,0,1,,2025-05-14 20:29:16,2,6,7.0213,6.36664,3162,1.2494,1674,Party Game Rank: 77,Christmas Gift from Abby,2022-12-19,2025-05-14,20,USD,5,USD,Sold - Indy Spiel,,,,,,,,,,,Sold for $5 at Indy Spiel 2025
318084,77221001,Furnace,Furnace,2020,https://cf.geekdo-images.com/7UK6bLlP0Cz3EFYCqhtcSw__original/img/jc4av13AOJpkqfvcpJ39HyoeCoM=/0x0/filters:format(png)/pic5934958.png,https://cf.geekdo-images.com/7UK6bLlP0Cz3EFYCqhtcSw__small/img/7WjwLTkySTiSMQu89ClZRhspd5Q=/fit-in/200x150/filters:strip_icc()/pic5934958.png,,2,4,30,60,60,,2.3213,19969,"2,3,4","3,4",10+,Some necessary text - easily memorized or small crib sheet,0,0,0,0,3,0,0,0,1,,2024-08-19 20:26:57,2,7,7.38516,7.08104,13382,1.14447,409,Strategy Game Rank: 286,GenCon 2021,,,35,USD,15,USD,Sold to Jon Bertelsman for Meetup at GenCon 2024,,,,,,,,,"DT Mike DeLisio Top 10 Surprises
Engine building",,
435861,133345337,Furnace Duel,Furnace Duel,2025,https://cf.geekdo-images.com/LZv1KlL0lD1bAgNByCBQLw__original/img/MbDLiywQMUn3XiPfZLtz7O4VJnc=/0x0/filters:format(jpeg)/pic8610685.jpg,https://cf.geekdo-images.com/LZv1KlL0lD1bAgNByCBQLw__small/img/kH_2km7pUOQpiEY4WCvrYt_LzlU=/fit-in/200x150/filters:strip_icc()/pic8610685.jpg,,2,2,30,60,60,,2.5,188,2,2,12+,No necessary in-game text,0,0,1,0,3,0,0,0,0,,2025-11-07 12:03:22,0,0,7.57172,5.57428,99,1.27494,11025,,,,,,,,,,,,,,,,,,"GenCon 2025
Liked the original, but didnt play well at 2... so duel!",,
171273,56454715,FUSE,FUSE,2015,https://cf.geekdo-images.com/q6V72bfqeoKi3bfThY3XfQ__original/img/WpL6_RxwhMEZJrS3Z4-DztN78l0=/0x0/filters:format(jpeg)/pic5172335.jpg,https://cf.geekdo-images.com/q6V72bfqeoKi3bfThY3XfQ__small/img/dUvznEJMuiiQvA729qtAa6iA40g=/fit-in/200x150/filters:strip_icc()/pic5172335.jpg,,1,5,10,10,10,,1.6628,13947,"1,2,3,4,5",4,8+,No necessary in-game text,1,0,0,0,3,1,0,0,0,,2026-05-31 20:46:13,4,8,6.98159,6.66175,9276,1.2406,987,Family Game Rank: 286,Miniature Market,2019-06-05,,22.5,USD,,,,,,,,,,,,Real time dice roller,,[2-Resident]
353150,96556793,FYFE,FYFE,2022,https://cf.geekdo-images.com/8sbztp4-rrCs4mXhLAPgvg__original/img/axPk6UYlGtmRuT18IKEWwbXf4cA=/0x0/filters:format(jpeg)/pic6573334.jpg,https://cf.geekdo-images.com/8sbztp4-rrCs4mXhLAPgvg__small/img/MJ_OGzT1XjaE9lzSie49A8eqrKM=/fit-in/200x150/filters:strip_icc()/pic6573334.jpg,,2,5,30,45,45,,2.0889,2559,"1,2,3,4,5","2,4",10+,No necessary in-game text,1,0,0,0,3,0,0,0,0,,2026-05-31 20:46:50,4,7,6.96682,5.98199,1207,1.30183,3296,Abstract Game Rank: 105,MM Preorder and Cardhaus Order,2022-08-09,,35.99,USD,,,Angie Game,,,,,,,,,Angie wants this,,[2-Resident]
443547,133223483,Gadget Builder,Gadget Builder,2025,https://cf.geekdo-images.com/SRT2J1NSEy6jBqSiRkyNlw__original/img/RjvnkNjh3QGBJba09JGWQOYfJKg=/0x0/filters:format(jpeg)/pic8953982.jpg,https://cf.geekdo-images.com/SRT2J1NSEy6jBqSiRkyNlw__small/img/Rb38gRGgxlJ5yCo3c-CLkzSE8Qk=/fit-in/200x150/filters:strip_icc()/pic8953982.jpg,,2,5,0,0,0,,1.6667,173,"2,3,4,5",4,10+,No necessary in-game text,0,0,0,0,3,0,0,0,0,,2025-10-07 21:36:34,0,0,6.61221,5.53463,86,1.3738,15686,,,,,,,,,,,,,,,,,,"Tom Lehman
Wish it played 6 instead of 5",,
220308,103900328,Gaia Project,Gaia Project,2017,https://cf.geekdo-images.com/hGWFm3hbMlCDsfCsauOQ4g__original/img/tjlflQtUPFiTpLpwk1NCVCS29Ic=/0x0/filters:format(png)/pic5375625.png,https://cf.geekdo-images.com/hGWFm3hbMlCDsfCsauOQ4g__small/img/NNG7Ijyx4evp5gcVReis9i0koas=/fit-in/200x150/filters:strip_icc()/pic5375625.png,,1,4,60,150,150,,4.4018,38712,"1,2,3,4","3,4",14+,No necessary in-game text,0,0,0,0,3,0,0,0,0,,2023-02-23 23:27:59,1,9,8.3516,8.08816,31322,1.41203,13,Strategy Game Rank: 9,,,,,,,,,,,,,,,,,,,
391137,117765402,Galactic Cruise,Galactic Cruise,2025,https://cf.geekdo-images.com/l-LMcklO683dyVlnRZS3mg__original/img/iCKYMpwsmiM18FHFT9Nzuk625bQ=/0x0/filters:format(jpeg)/pic7556818.jpg,https://cf.geekdo-images.com/l-LMcklO683dyVlnRZS3mg__small/img/8usx0HfsTXTpE2kklVRMtJGAwFY=/fit-in/200x150/filters:strip_icc()/pic7556818.jpg,,1,4,90,150,150,,3.9744,11109,"1,2,3,4",3,14+,Moderate in-game text - needs crib sheet or paste ups,1,0,0,0,3,0,0,0,0,,2026-05-31 16:20:54,2,10,8.31173,7.54591,7154,1.37266,119,Strategy Game Rank: 68,KS,2024-03-28,2025-02-19,129,USD,,,,"Kickstarter Future CEO Edition (includes Base Game, Advancements and Accommodations Expansions, and Deluxe Bits)",,,,,,,,,,"[2-Resident]
Future CEO Level
-Base Game
-Advancements Expansion
-Accommodations Expansion
-Deluxe Bits"
414976,117765405,Galactic Cruise: Accommodations,Galactic Cruise: Accommodations,2025,https://cf.geekdo-images.com/SU1b9UQ-MNq2YAked4GEKw__original/img/sjKl-v7Xra_pBZh-1N0v7Ny6VBA=/0x0/filters:format(jpeg)/pic8047043.jpg,https://cf.geekdo-images.com/SU1b9UQ-MNq2YAked4GEKw__small/img/RwlZcUyPsT2V__0lUCwocGTWUjY=/fit-in/200x150/filters:strip_icc()/pic8047043.jpg,,1,4,90,150,150,,4.1818,4027,"2,3,4",3,14+,No necessary in-game text,1,0,0,0,3,0,0,0,0,,2025-02-19 19:04:19,0,0,8.4489,5.85578,336,1.20306,0,,KS,2024-03-28,2025-02-19,,,,,,,,,,,,,,,,Included with Base Game (Future CEO Pledge)
414974,117765408,Galactic Cruise: Advancements,Galactic Cruise: Advancements,2025,https://cf.geekdo-images.com/5GuhBVrqsX4UTUCmtb2PEg__original/img/BWAJW9Mf83IQy7mZVfUSwbveyyY=/0x0/filters:format(jpeg)/pic8047044.jpg,https://cf.geekdo-images.com/5GuhBVrqsX4UTUCmtb2PEg__small/img/8btImRKUwxyRX5Qjk7bwgoHdoEE=/fit-in/200x150/filters:strip_icc()/pic8047044.jpg,,1,4,90,150,150,,3.9,3908,"2,3,4",3,14+,Moderate in-game text - needs crib sheet or paste ups,1,0,0,0,3,0,0,0,0,,2025-02-19 19:04:11,0,0,8.29729,5.82331,314,1.28538,0,,KS,2024-03-28,2025-02-19,,,,,,,,,,,,,,,,Included with Base Game (Future CEO Pledge)
27463,63513902,Galactic Emperor,Galactic Emperor,2008,https://cf.geekdo-images.com/pjdc_y51pte63YN-BwPT6A__original/img/onCrWCPUz8eG7N0FxRRsYbFwd24=/0x0/filters:format(jpeg)/pic330114.jpg,https://cf.geekdo-images.com/pjdc_y51pte63YN-BwPT6A__small/img/3jLI-knFiXdUqyoqNCWDh8CrVdo=/fit-in/200x150/filters:strip_icc()/pic330114.jpg,,3,6,90,90,90,,2.9034,1378,"3,4,5,6",4,12+,Some necessary text - easily memorized or small crib sheet,0,0,0,0,3,0,0,0,0,,2024-01-09 16:24:50,0,0,6.59376,5.91353,1429,1.44542,3760,Thematic Rank: 736; Strategy Game Rank: 1663,,,,,,,,,,,,,,,,,,,
223767,55461240,Galactic Warlords: Battle for Dominion,Galactic Warlords: Battle for Dominion,2018,https://cf.geekdo-images.com/kXnmcVWOxPeX_5hVC39MQg__original/img/hFEgFJHszxOItl6S3LyN9aT4c7c=/0x0/filters:format(jpeg)/pic3757381.jpg,https://cf.geekdo-images.com/kXnmcVWOxPeX_5hVC39MQg__small/img/doY9b2204GBWL3YfYgJdw4wA_cc=/fit-in/200x150/filters:strip_icc()/pic3757381.jpg,,1,4,30,90,90,,3,263,"2,3,4","2,3",12+,Some necessary text - easily memorized or small crib sheet,0,0,0,0,4,0,0,0,0,,2022-09-04 19:34:16,0,0,7.1045,5.56038,111,1.59138,12201,,,,,,,,,,,,,,,,,,Essen 2018 - Sam Healy Review has me intrigued,,
393333,132915826,Galileo Galilei,Galileo Galilei,2024,https://cf.geekdo-images.com/VxVtboFXPDhqw6Zd5Pcsrg__original/img/CcX8vq6saXy5hxE5C5C6pEbAmqE=/0x0/filters:format(jpeg)/pic7883604.jpg,https://cf.geekdo-images.com/VxVtboFXPDhqw6Zd5Pcsrg__small/img/pfH4t_A06XVpeM2A8WWF3am29OQ=/fit-in/200x150/filters:strip_icc()/pic7883604.jpg,,1,4,50,100,100,,3.0224,5457,"1,2,3,4",3,12+,No necessary in-game text,1,0,0,0,2,0,0,0,0,,2026-05-31 20:47:00,2,7,7.63996,6.67387,3008,1.17612,964,Strategy Game Rank: 521,Cardhaus,2025-07-11,2025-07-15,48,USD,,,,,,,,,,,,"GenCon 2025
Tomas Holek - SETI",,"[2-Resident]
2025 GenCon Pre-Purchase"
446834,135097646,Galileo Galilei: Luna,Galileo Galilei: Luna,2025,https://cf.geekdo-images.com/aZkX_eLEowxaUPeiVdnXsg__original/img/qR6ndBiO-f17Tplu0uFcQBAhhaI=/0x0/filters:format(jpeg)/pic8893583.jpg,https://cf.geekdo-images.com/aZkX_eLEowxaUPeiVdnXsg__small/img/s6hagAf9Wuf6PMyhXzHQVgbdIkg=/fit-in/200x150/filters:strip_icc()/pic8893583.jpg,,1,4,60,60,60,,3,1057,"1,2,3,4",2,,,0,0,1,1,3,0,0,0,0,,2025-08-06 20:53:55,0,0,8.02066,5.61424,121,1.17395,0,,,,,,,,,,,,,,,,,,,,
451676,137591533,Galileo's Truth,Galileo's Truth,2026,https://cf.geekdo-images.com/rxTaDS5kX4Bq27RYHtWg6A__original/img/uICaEPS0i1K2usa72zUsGEDxit4=/0x0/filters:format(png)/pic9025953.png,https://cf.geekdo-images.com/rxTaDS5kX4Bq27RYHtWg6A__small/img/TtmGjxNmQUDxA_tjf5RRJSEwLcs=/fit-in/200x150/filters:strip_icc()/pic9025953.png,,1,4,90,120,120,,3.6667,2,,,,,0,0,1,1,2,0,0,0,0,,2025-10-20 19:11:24,0,0,8.13326,0,16,1.51306,0,,,,,,,,,,,,,,,,,,"Brasini & Gigli
Deckbuilding and Worker Placement",,
4123,72874756,Gambler,Gambler,1975,https://cf.geekdo-images.com/WHzxoT5kEg2MKfzJ4vp7Jg__original/img/iEx4nY_qeXT7tNMHj7nxZmc7yyw=/0x0/filters:format(jpeg)/pic442366.jpg,https://cf.geekdo-images.com/WHzxoT5kEg2MKfzJ4vp7Jg__small/img/8TYlrKIcCQGxgcXr0TGW2efo0uA=/fit-in/200x150/filters:strip_icc()/pic442366.jpg,,2,4,45,45,45,,1.1333,771,"3,4",4,8+,Moderate in-game text - needs crib sheet or paste ups,0,0,0,0,3,0,0,0,1,,2026-05-31 20:47:26,1,7,5.68263,5.51097,331,1.4987,22385,,,,,0.00001,USD,,,,,,,,,,,,One of my favorite childhood games,,
370130,107951382,GAP,GAP,2022,https://cf.geekdo-images.com/Wh49wbO80I-4BLPQYv0_Bw__original/img/i3YFObRO6NE0q29-G2bs2NDX1R0=/0x0/filters:format(jpeg)/pic7055897.jpg,https://cf.geekdo-images.com/Wh49wbO80I-4BLPQYv0_Bw__small/img/FGtqIUGpp0KackDRnRgya1ZkGvs=/fit-in/200x150/filters:strip_icc()/pic7055897.jpg,,2,6,10,10,10,,1.2,1875,"2,3,4,5,6",3,6+,No necessary in-game text,0,0,0,0,3,0,0,0,0,,2023-07-26 20:51:01,1,6,6.24643,5.67387,762,1.3465,6916,Family Game Rank: 1952,,,,,,,,,,,,,,,,,Looks ok. Would play it. But feels very light and boring,,
252752,88647556,Genotype: A Mendelian Genetics Game,Genotype: A Mendelian Genetics Game,2021,https://cf.geekdo-images.com/vICtYft7WUXKiC3xfeh4Sg__original/img/_9MipvCmHUPDh40CqSVY9sEWoQ8=/0x0/filters:format(png)/pic5990046.png,https://cf.geekdo-images.com/vICtYft7WUXKiC3xfeh4Sg__small/img/0Puq3DB1WGZvJaiY8QjpcD__VJI=/fit-in/200x150/filters:strip_icc()/pic5990046.png,,1,5,45,90,90,,2.7841,6406,"1,2,3,4,5","3,4",12+,No necessary in-game text,0,0,0,0,3,0,0,0,1,,2026-04-26 20:22:01,0,0,7.41071,6.50014,2716,1.14372,1329,Strategy Game Rank: 721,Amazon Prime Day,2023-10-10,2026-05-15,39.99,USD,15,USD,Sold - Indy Spiel,Includes Deluxe components,,,,Genius Games,English,2021,English second standard edition,,,"Sold Indy Spiel May 2026$15 John Hines

Deluxe component add on"
249703,61052019,Gentes: Deluxified Edition,Gentes: Deluxified Edition,2018,https://cf.geekdo-images.com/6YAI1BsBqc5lqpEDFjFZ7g__original/img/eguMwxoRTeZRXjL8w_pGkkEJ2Vs=/0x0/filters:format(jpeg)/pic5819399.jpg,https://cf.geekdo-images.com/6YAI1BsBqc5lqpEDFjFZ7g__small/img/FcFSoC1SlY_D-njRpo8hFy64lE8=/fit-in/200x150/filters:strip_icc()/pic5819399.jpg,,1,4,75,120,120,,3.2241,4035,"1,2,3,4","3,4",14+,No necessary in-game text,0,0,0,0,4,0,0,0,0,,2026-05-31 10:20:28,0,0,7.65677,6.46279,1896,1.09655,0,,,,,,,,,,,,,,,,,,"Origins / GenCon 2019 - FOR SALE
Looks complex (3.36) - action selection / civ",,
188576,34763016,GG,GG,2016,https://cf.geekdo-images.com/UCQW9z0UsHx6l2AGarfKyA__original/img/Q-ccmFdKGlu_E71vdpP2nxw7TKw=/0x0/filters:format(jpeg)/pic3048552.jpg,https://cf.geekdo-images.com/UCQW9z0UsHx6l2AGarfKyA__small/img/EH4MzoB9PBKJb6tpCiUqb9SP8VI=/fit-in/200x150/filters:strip_icc()/pic3048552.jpg,,2,6,0,0,0,,1.4,243,"2,4",2,,No necessary in-game text,0,0,0,0,3,0,0,0,1,,2024-08-07 21:10:32,1,5,5.06667,5.4802,72,2.01908,29006,,KS,2016-01-10,2024-07-31,47,USD,7,USD,GenCon 2024 Auction / Store,Wooden Box Deluxe KS edition,,,,,,,,$10 OctoCon,"Pretty mindless simple game of rock, paper, scissors with a twist of small, medium, and big rocks, papers, or scissors. Decent quick family game.",Sold for $7 GenCon 2024 Auction
262624,59006850,Ghost Star,Ghost Star,0,https://cf.geekdo-images.com/eUq2fiE58xM4LGXFsxQhiQ__original/img/QtEfj6CGMYs-xqtg1mfv1cmWTrw=/0x0/filters:format(jpeg)/pic4962336.jpg,https://cf.geekdo-images.com/eUq2fiE58xM4LGXFsxQhiQ__small/img/MeksEfnpauubSJWFl_j-bbnfl3k=/fit-in/200x150/filters:strip_icc()/pic4962336.jpg,,1,1,30,60,60,,1,19,,,,,0,0,0,0,4,0,0,0,0,,2022-09-04 19:36:27,0,0,1.17742,5.46229,31,0.808707,29863,,,,,,,,,,,,,,,,,,"Kickstarter (KS has some controversy around it... so wait for retail!)
TRIAGE",,
527,53158391,GIPF,GIPF,1996,https://cf.geekdo-images.com/ZqhrkY3lhZ1ecQqaUovLHw__original/img/4JAfZ5lOMoQzwSaIL3dw-_Bt4rQ=/0x0/filters:format(png)/pic2844819.png,https://cf.geekdo-images.com/ZqhrkY3lhZ1ecQqaUovLHw__small/img/pdGCkH9cEjvZLbvR2wgooQihTGY=/fit-in/200x150/filters:strip_icc()/pic2844819.png,,2,2,30,60,60,,2.7555,5851,2,2,8+,No necessary in-game text,1,0,0,0,2,0,0,0,0,,2026-05-31 16:24:03,5,9,7.071,6.427,3546,1.35018,1510,Abstract Game Rank: 43,BGG Trade at IndyCon,2020-02-23,,10,USD,,,,,,,,,,,,"David Schuth
(mrteacherusa)",,[1-Permanent]
285232,69692838,Gladius,Gladius,2021,https://cf.geekdo-images.com/F4liE7whYI2-P4cDh7NhoA__original/img/NOaiBYyTAslKTedNhzfmPwdNF80=/0x0/filters:format(jpeg)/pic5034118.jpg,https://cf.geekdo-images.com/F4liE7whYI2-P4cDh7NhoA__small/img/BlKHLVIfPB_o9Nc0So6D7igvWtE=/fit-in/200x150/filters:strip_icc()/pic5034118.jpg,,2,5,20,30,30,,1.7143,1203,"2,3,4,5","3,4",8+,Moderate in-game text - needs crib sheet or paste ups,0,0,0,0,3,0,0,0,1,1,2024-09-28 19:45:29,2,6,6.87851,5.67815,451,1.54601,6815,,KS,2020-03-15,2024-09-27,25,USD,5,USD,Sold - Indy Spiel,Like New.  Only played once,,,,,,,,Listed $10 OctoCon,,"Sold at Indy Spiel 2024 for $5 to Andrew Garrison

Listed on BGG Marketplace for $10 on 2024-01-27
PM DONE 20 April 2020 
Get a copy of Gladius and more!

? Shipping charged after the campaign ends - see shipping section for details.

INCLUDES:
Gladius - Kickstarter Edition
Kickstarter Promo Cards
Gladius - Print and Play
All Unlocked Stretch Goals"
265188,69103263,Glen More II: Chronicles,Glen More II: Chronicles,2019,https://cf.geekdo-images.com/sMRuph3HFUcaSpJZihGZKw__original/img/ehoqoTirtFb5p9Wk2SwWV8nr6ZU=/0x0/filters:format(jpeg)/pic5841874.jpg,https://cf.geekdo-images.com/sMRuph3HFUcaSpJZihGZKw__small/img/UHuDcnjAwCiXbNfjuY26-EEnG2M=/fit-in/200x150/filters:strip_icc()/pic5841874.jpg,,2,4,90,120,120,,3.006,15089,"2,3,4",3,12+,No necessary in-game text,1,0,0,0,3,0,0,0,0,1,2026-05-31 20:47:48,3,8,7.85528,7.36065,9518,1.14793,207,Strategy Game Rank: 133,Gamenerdz,2020-07-06,,44,USD,,,,,,,,,,,,"Video play throughs now have me very intrigued.
Enjoyed my first play at IndyCon... ",,[2-Resident]
313646,73639528,Glen More II: Chronicles – Highland Games,Glen More II: Chronicles – Highland Games,2021,https://cf.geekdo-images.com/s21M8aK-9Ey-QGbkCvdIaA__original/img/UAgefarQMqtsYEhRCEBDjTA_YCw=/0x0/filters:format(jpeg)/pic5593400.jpg,https://cf.geekdo-images.com/s21M8aK-9Ey-QGbkCvdIaA__small/img/2LD7lmetjoiZ49mNOp-OsYURLh0=/fit-in/200x150/filters:strip_icc()/pic5593400.jpg,,1,4,45,120,120,,3.2308,3987,"1,2,3,4",3,12+,Some necessary text - easily memorized or small crib sheet,1,0,0,0,3,0,0,0,0,,2021-08-04 11:59:41,0,0,8.2796,6.01613,570,1.12426,0,,KS,2020-08-16,,42,USD,,,,,,,,,,,,,,
358807,107120032,Glitch Squad,Glitch Squad,2023,https://cf.geekdo-images.com/CoITArNWwgKrHwk4JpgBRg__original/img/vAeIn8Q77mFxzLkeZ-gIT3gWo8s=/0x0/filters:format(png)/pic6743772.png,https://cf.geekdo-images.com/CoITArNWwgKrHwk4JpgBRg__small/img/mGYXo0O5Wf-CDO5cQ6fW4SbHJ2o=/fit-in/200x150/filters:strip_icc()/pic6743772.png,,4,8,10,15,15,,1.5,236,"4,6",4,,,0,0,0,0,3,0,0,0,1,1,2025-08-03 20:43:20,0,0,6.61206,5.53937,88,1.53384,14821,,BGG Marketplace starwarsgirl,2024-01-13,2025-07-08,10,USD,,,GenCon Store / Auction 2025,,,,,,,,,"2023 GenCon
Very light Turing Machine-like game
Looks OK…ish",,"1ZB8C753YW10392504
$7 Geekmarket 2025-07-08"
385415,106480559,Glom,Glom,2023,https://cf.geekdo-images.com/g-KVVLY2wcDmVt4FGUPXrg__original/img/mMD1v0ICx0fGLaQg6hBcnFy7wa8=/0x0/filters:format(jpeg)/pic7519656.jpg,https://cf.geekdo-images.com/g-KVVLY2wcDmVt4FGUPXrg__small/img/tCr60xCz7ClLj5CBNrOJTgA7Ovc=/fit-in/200x150/filters:strip_icc()/pic7519656.jpg,,1,6,5,20,20,,2.6667,122,,,,,0,0,0,0,3,0,0,0,0,,2025-08-12 19:01:51,0,0,6.07593,5.5069,43,2.11644,23780,,,,,,,,,,,,,,,,,,Looks like a good team building game,,
206757,66516023,Glory: A Game of Knights,Glory: A Game of Knights,2021,https://cf.geekdo-images.com/exeBR60iH-pCZB-AbL5l9w__original/img/I9cCJ9Cf3WPrN7COEZRX3-dSroE=/0x0/filters:format(jpeg)/pic3815271.jpg,https://cf.geekdo-images.com/exeBR60iH-pCZB-AbL5l9w__small/img/nLkXoCzcj-ajuQavdHN3MdKiRso=/fit-in/200x150/filters:strip_icc()/pic3815271.jpg,,1,4,45,120,120,,2.8235,1506,"1,2,3,4",4,12+,No necessary in-game text,0,0,0,0,3,0,0,0,1,1,2024-07-14 20:20:28,0,0,7.46077,5.9883,887,1.39791,3257,Strategy Game Rank: 1463,KS,2019-12-08,,69,USD,60,USD,Sold,"Like New. Opened, punched and never played. 

Kickstarter Deluxe version that includes the game, all unlocked stretch goals, exclusive phase marker and full set of 24 metal coins.",,,,,,,,"Listed on GeekMarket on July 28, 2023 ($60)
KS Dec 2019",,"Sold for $60 on 28 July 2023 to 	kubaman on BGG Marketplace

PM DONE 14 March 2020
Get Deluxe version of Glory.

Shipping not included - please check the shipping section for details

INCLUDES:
one copy of the game
all unlocked stretch goals
exclusive phase marker
full set of 24 metal coins"
275044,111362701,Glow,Glow,2021,https://cf.geekdo-images.com/LF53VHdWBIRFrZRYtvyslg__original/img/0slSWYz-rzDnIuRrPhzUCfZ56B8=/0x0/filters:format(png)/pic5989627.png,https://cf.geekdo-images.com/LF53VHdWBIRFrZRYtvyslg__small/img/zMhJiHCItT7aXiUsaBOt4AprtYo=/fit-in/200x150/filters:strip_icc()/pic5989627.png,,2,4,45,45,45,,2.0814,6112,"2,3,4",3,10+,No necessary in-game text,0,0,0,0,3,0,0,0,1,,2025-08-03 20:43:29,1,7,6.95476,6.3019,3289,1.37313,1864,Family Game Rank: 567,BGG Auction drAsher25,2023-10-15,2025-07-08,10,USD,,,GenCon Store / Auction 2025,,,,,,,,,,,$25 Geekmarket 2025-07-08
332885,120678519,Gnome Hollow,Gnome Hollow,2024,https://cf.geekdo-images.com/kg2cK5kzUlxip4CONMY70Q__original/img/voKXqtNYiG8VEWLlPI2Rw1QJHO4=/0x0/filters:format(jpeg)/pic8035777.jpg,https://cf.geekdo-images.com/kg2cK5kzUlxip4CONMY70Q__small/img/R2CS3Eil35rzz6HL3jgnaMd0MMg=/fit-in/200x150/filters:strip_icc()/pic8035777.jpg,,2,4,45,60,60,,2.4667,3131,"2,3",3,10+,No necessary in-game text,0,0,0,0,2,0,0,0,1,1,2026-05-08 08:55:56,1,5,6.92672,6.02252,1486,1.4037,3063,Family Game Rank: 963,GenCon 2024,2024-08-01,2025-09-21,75,USD,20,USD,Sold - Geekmarket,"Contains Deluxe Bits Upgrade
Only played once",,,,,,,,,,"Sold $20 Indy Spiel Fall 2025 John Hines
Listed $40Indy Spiel 2025
Deluxe Bits Upgrade

$30 Geekmarket 2025-07-08"
451638,139091134,Go F**k Yourself,Go F**k Yourself,2025,https://cf.geekdo-images.com/_IfU9WEOJFmO0y-AniMV6A__original/img/YotB6nvkB-GeR4oGlz4CRfebuPE=/0x0/filters:format(jpeg)/pic9185107.jpg,https://cf.geekdo-images.com/_IfU9WEOJFmO0y-AniMV6A__small/img/XWPSg7VAh2UIArwwzaTtIAuHXNI=/fit-in/200x150/filters:strip_icc()/pic9185107.jpg,,2,6,5,15,15,,1,143,,,,,1,0,0,0,3,0,0,0,0,,2026-05-31 20:47:58,1,4,6.09762,0,28,1.92079,0,,Gift from Rossella,2025-11-26,2025-11-26,,,,,,,,,,,,,,,,[3-Transient]
286160,64074380,Godspeed,Godspeed,2020,https://cf.geekdo-images.com/c6PbgOFbLGvP_8Kg12dusg__original/img/-hh-6z-pQu9n4yTUhMaasepWldE=/0x0/filters:format(png)/pic4883601.png,https://cf.geekdo-images.com/c6PbgOFbLGvP_8Kg12dusg__small/img/VxPz6_vRa-3XrODF6d1hUSTG9VM=/fit-in/200x150/filters:strip_icc()/pic4883601.png,,2,5,45,90,90,,2.75,2861,"3,4,5",3,12+,Moderate in-game text - needs crib sheet or paste ups,0,0,0,0,3,0,0,0,0,,2024-01-08 21:09:35,0,0,6.99596,5.94096,1036,1.40383,3565,Strategy Game Rank: 1564,,,,,,,,,,,,,,,,,"Kickstarter September 2019
Worker Placement in alternate space exploration setting. Wrokers have mutliple abilities.  Bidding mechanism. Pandasaurus has made a bunch of games that I don't find interesting but are very popular... although I have never played any!",,
402450,145754341,Going Up? An Elevator Card Game,Going Up? An Elevator Card Game,2023,,,,2,6,15,30,30,,0,9,,,,,0,0,0,0,3,0,0,0,0,,2026-05-22 20:46:23,2,6,6.5,0,2,0.5,0,,,,,,,,,,,,,,,,,,,,
461367,145177995,Gold Country,Gold Country,2026,https://cf.geekdo-images.com/KY2AUIXtG-7ueuqlcJzX1w__original/img/nWf5kdf0akaeP4skTu_UhEq0uhg=/0x0/filters:format(jpeg)/pic9309401.jpg,https://cf.geekdo-images.com/KY2AUIXtG-7ueuqlcJzX1w__small/img/MgG01q0MDBaoPHk2ep4OVn4wK5Y=/fit-in/200x150/filters:strip_icc()/pic9309401.jpg,,2,4,30,60,60,,1.6667,113,"2,3,4",2,,,0,0,0,0,3,0,0,0,0,,2026-05-04 16:26:03,0,0,7.66087,5.53885,46,2.25451,14900,,,,,,,,,,,,,,,,,,"Gen Con 2026
Knizia / Bitewing

Feels a lot like Mines of Pekari",,
297661,79029417,Gold River,Gold River,2020,https://cf.geekdo-images.com/lu3RBvuYBfO9JqBqB0gaww__original/img/oPSGu7e9CYXmELP_NOxgMs9LMLY=/0x0/filters:format(png)/pic5146616.png,https://cf.geekdo-images.com/lu3RBvuYBfO9JqBqB0gaww__small/img/lgYZzAvWEmjklnuxz2X0puRFeL8=/fit-in/200x150/filters:strip_icc()/pic5146616.png,,2,5,35,35,35,,1.8333,441,"3,4,5","3,4",10+,Some necessary text - easily memorized or small crib sheet,0,0,1,0,3,0,1,0,0,,2025-11-07 12:02:59,0,0,6.6737,5.57186,173,1.36573,11203,,,,,,,,,,,,,,,,,,"Zee had this at #38 on his Top 100 in 2021
Card art looks neat",,
421299,123562516,Golden Cup,Golden Cup,2024,https://cf.geekdo-images.com/yF-5EbviUQk8T6Evwwzi2w__original/img/fpObeLcL2-5ezfo7Sys7ttcah3A=/0x0/filters:format(jpeg)/pic8315279.jpg,https://cf.geekdo-images.com/yF-5EbviUQk8T6Evwwzi2w__small/img/UjQZWflD6F6OyWt1CHQE45dbOS4=/fit-in/200x150/filters:strip_icc()/pic8315279.jpg,,1,6,60,60,60,,1.7143,363,"2,4,6",4,8+,Some necessary text - easily memorized or small crib sheet,0,0,0,0,3,0,0,0,0,,2025-11-17 21:08:47,0,0,6.48322,5.58866,245,1.53349,10046,,,,,,,,,,,,,,,,,,Luciani,,
298383,69305123,Golem,Golem,2021,https://cf.geekdo-images.com/9wDd5YVER3lwpGO3v5EkTA__original/img/RtYW5lfwrLzWDI0rorp_vqI9af8=/0x0/filters:format(jpeg)/pic5374175.jpg,https://cf.geekdo-images.com/9wDd5YVER3lwpGO3v5EkTA__small/img/81chTLWy3JxqRTktAuE4Nb4LamI=/fit-in/200x150/filters:strip_icc()/pic5374175.jpg,,1,4,90,120,120,,4.0062,8547,"1,2,3,4","2,3",14+,No necessary in-game text,1,0,0,0,3,0,0,0,0,,2026-05-31 20:48:29,1,9,7.50793,6.81444,4783,1.32648,742,Strategy Game Rank: 429,Atomic Empire,2023-09-22,2023-09-28,39.99,USD,,,,,,,,,,,,"Starting to get some hype on little info.  Keep an eye out for it.

Simone Luciani (Tiletum)",,[2-Resident]
295147,134915354,Good Puppers!,Good Puppers!,2021,https://cf.geekdo-images.com/X5yebGjfFOgOUHMPuM0aGQ__original/img/odj-Ru4qm4RYDCirujLK9rIQs6E=/0x0/filters:format(png)/pic5346733.png,https://cf.geekdo-images.com/X5yebGjfFOgOUHMPuM0aGQ__small/img/oCahsPIVFBjFFSMxJKCwcNA_ey8=/fit-in/200x150/filters:strip_icc()/pic5346733.png,,2,5,15,30,30,,1.8571,1422,"2,3,4","2,3",8+,Moderate in-game text - needs crib sheet or paste ups,1,0,0,0,3,0,0,0,0,,2026-05-31 20:48:39,1,6,6.57703,5.6866,499,1.36779,6615,,GenCon,2025-08-02,2025-08-02,15,USD,,,,,,,,,,,,,,[3-Transient]
255615,102763898,GoodCritters,GoodCritters,2018,https://cf.geekdo-images.com/3dcCBokxRf3Jy1GuZlZm1Q__original/img/zHmpudaPW2QMOzzquPVDxxX0CSQ=/0x0/filters:format(jpeg)/pic4783029.jpg,https://cf.geekdo-images.com/3dcCBokxRf3Jy1GuZlZm1Q__small/img/bhLAU5iY8tF-BcrRn-xt7JrmUZI=/fit-in/200x150/filters:strip_icc()/pic4783029.jpg,,4,8,30,45,45,,1.4286,3456,"4,5,6,7,8","6,7,8",10+,No necessary in-game text,1,0,0,0,3,1,0,0,0,,2026-05-31 20:48:58,1,7,6.98011,6.12955,1818,1.3071,2522,Party Game Rank: 121,Indy Spiel,2025-05-14,2025-05-16,5,USD,,,,,,,,,,,,High player count sounds interesting.,,[3-Transient]
270293,68769514,Gorinto,Gorinto,2021,https://cf.geekdo-images.com/PmNzEXa5jlsrzNL4l-X8-g__original/img/_c-Sy5HUwoKNJkWf3fdM2Hy4s8o=/0x0/filters:format(jpeg)/pic4943733.jpg,https://cf.geekdo-images.com/PmNzEXa5jlsrzNL4l-X8-g__small/img/pClbt6-RN-boUh6Ptot4sCN15fQ=/fit-in/200x150/filters:strip_icc()/pic4943733.jpg,,1,4,30,60,60,,1.9688,3002,"1,2,3,4",3,8+,Some necessary text - easily memorized or small crib sheet,1,0,0,0,3,1,0,0,0,,2026-05-31 20:49:20,2,8,7.18673,6.03804,1204,1.26732,2978,Abstract Game Rank: 98,KS,2020-02-12,,45,USD,,,,,,,,,,,,,,"[3-Transient]
PM DONE 14 March 2020
Seek balance and harmony with 1 copy of Gorinto KICKSTARTER editon. It is the most immersive experience of Gorinto.

In addition to everything on the Initiate level, the Kickstarter edition includes:

• Foil box
• 3D Gorinto miniature
• Metal coin start player marker
• Screen printed draw bag
• 5-tile Dragon mini-expansion"
253756,60975075,Gorus Maximus,Gorus Maximus,2018,https://cf.geekdo-images.com/-qTUmwLDumv7OmyrizQZ0g__original/img/MYJOBF3dCVqVztv4sfTItHJ_1QM=/0x0/filters:format(jpeg)/pic4630138.jpg,https://cf.geekdo-images.com/-qTUmwLDumv7OmyrizQZ0g__small/img/mkbsOcCd1m-zwZEVwuXY4is_YTY=/fit-in/200x150/filters:strip_icc()/pic4630138.jpg,,1,8,20,45,45,,1.4091,2480,"1,3,4,5,6,8",6,10+,No necessary in-game text,1,0,0,0,2,0,0,0,0,,2026-05-31 20:49:26,4,7,6.34108,5.76198,1192,1.55569,5283,Family Game Rank: 1648,GenCon,2019-08-01,,30,USD,,,,,,,,Inside Up Games,English,2018,English premium edition,"Origins / GenCon 2019 - FOR SALE
Trick taking",,[2-Resident]
182874,102629651,Grand Austria Hotel,Grand Austria Hotel,2015,https://cf.geekdo-images.com/d4It-gdWY4GZVYSjbq20gQ__original/img/q--Mlcev3k1VtDfk37jK_v26750=/0x0/filters:format(jpeg)/pic2728138.jpg,https://cf.geekdo-images.com/d4It-gdWY4GZVYSjbq20gQ__small/img/b_KgnMcnGbqF9xc3DdfLvVT-6Wo=/fit-in/200x150/filters:strip_icc()/pic2728138.jpg,,2,4,60,120,120,,3.1962,32765,"2,3",2,12+,No necessary in-game text,1,0,0,0,3,0,0,0,0,,2026-05-31 20:49:30,3,9,7.96324,7.71512,25131,1.25146,68,Strategy Game Rank: 53,BGG atarilynx,2023-07-27,2023-08-03,40,USD,,,,,,,,Mayfair Games,English,2015,English first edition,Luciani game (Tiletum).  Supposed to be great at 2P,,[2-Resident]
341169,85017043,Great Western Trail: Second Edition,Great Western Trail: Second Edition,2021,https://cf.geekdo-images.com/gDn7AhrDlmfCLSz9ZqoNFQ__original/img/yecB1xO32nnjBAyskVOTq9LBuLo=/0x0/filters:format(jpeg)/pic5988511.jpg,https://cf.geekdo-images.com/gDn7AhrDlmfCLSz9ZqoNFQ__small/img/0pt6XrFHTXpNetwMo9rdY7PdhfQ=/fit-in/200x150/filters:strip_icc()/pic5988511.jpg,,1,4,75,150,150,,3.7041,25543,"1,2,3,4",3,12+,No necessary in-game text,0,0,0,0,2,0,0,0,1,1,2024-09-28 19:45:47,1,9,8.2631,7.90544,18035,1.28403,31,Strategy Game Rank: 22,GenCon 2021,2021-09-17,2024-09-27,80,USD,40,USD,Sold - indy Spiel,,,,,,,,,,,"Listed BGG Marketplace 2024-08-20 for $40

Sold Indy Spiel Sep 2024 $40 (BigMike85)"
151247,54770449,Greed,Greed,2014,https://cf.geekdo-images.com/1LWj6rrebu8GAlQpauBISA__original/img/Tfi4tfYH_j4TIq1tf52uBuKlS0M=/0x0/filters:format(jpeg)/pic1949247.jpg,https://cf.geekdo-images.com/1LWj6rrebu8GAlQpauBISA__small/img/e2PsAwHNSbfjZ-QJHoWky6XRBVg=/fit-in/200x150/filters:strip_icc()/pic1949247.jpg,,2,5,30,30,30,,2,3686,"2,3,4,5",4,14+,Moderate in-game text - needs crib sheet or paste ups,0,0,0,0,3,0,0,0,1,,2025-08-03 20:43:44,5,8,6.62036,6.06954,2447,1.3426,2821,Strategy Game Rank: 1380,Miniature Market,2017-03-16,2025-07-08,15,USD,,,GenCon Store / Auction 2025,Very Good.  Played a few times,,,,,,,,Listed $5 OctoCon,,$7 Geekmarket
176334,52357633,Guns & Steel,Guns & Steel,2015,https://cf.geekdo-images.com/JV_fdAUl7Ekgu1gxbxGJ0Q__original/img/h3YL3SAssOnffu3_aq13P0toEI0=/0x0/filters:format(jpeg)/pic3539907.jpg,https://cf.geekdo-images.com/JV_fdAUl7Ekgu1gxbxGJ0Q__small/img/-PgltD_KmCu13HuIYIDyOFMklxQ=/fit-in/200x150/filters:strip_icc()/pic3539907.jpg,,2,4,45,60,60,,2.4048,2323,"2,3",3,12+,Moderate in-game text - needs crib sheet or paste ups,0,0,0,0,3,0,0,0,1,,2024-07-14 20:28:01,0,0,6.28423,5.73734,1051,1.42226,5626,Strategy Game Rank: 2108,Miniature Market,2018-05-28,,5,USD,,,Sold,,,,,,,,,Listed $5 OctoCon,,Given to knykk75@gmail.com for free when he bought Windward
269144,62017624,Hadara,Hadara,2019,https://cf.geekdo-images.com/17wJNXSBYuVmKryV9lEKsQ__original/img/3z-EkL0nYgFKPWI9jr0Hd8qeLBk=/0x0/filters:format(jpeg)/pic5099398.jpg,https://cf.geekdo-images.com/17wJNXSBYuVmKryV9lEKsQ__small/img/nVMvEWrTFCoOE9Y3tqFLelkjYWw=/fit-in/200x150/filters:strip_icc()/pic5099398.jpg,,2,5,45,60,60,,2.2083,9696,"2,3,4,5","4,5",10+,No necessary in-game text,0,0,0,0,4,0,0,0,0,,2020-07-31 09:38:23,1,6,7.37957,6.93897,8180,1.14059,575,Strategy Game Rank: 370,,,,,,,,,,,,,,,,,"So many games like 7 Wonders.  This one is OK...  not awesome.  But OK.

2019 GenCon FOR SALE 
Action Selection",,
287158,63866271,Half Truth,Half Truth,2020,https://cf.geekdo-images.com/agtC68DUMX6wvqj94EoGnA__original/img/pe78E9NOtrcnCOXwI81Kl1t29nw=/0x0/filters:format(jpeg)/pic5398236.jpg,https://cf.geekdo-images.com/agtC68DUMX6wvqj94EoGnA__small/img/KXTxSKlr4RZlK7HDU5rvYDfHJ14=/fit-in/200x150/filters:strip_icc()/pic5398236.jpg,,2,6,30,45,45,,1.3182,2472,"2,3,4,5,6","4,5,6",10+,Unplayable in another language,1,0,0,0,3,0,0,0,0,1,2026-05-31 20:50:02,4,7,6.85707,5.92803,1100,1.35351,3657,Party Game Rank: 200,KS,2020-03-13,2020-03-13,25,USD,,,,,,,,,,,,"KS Sept 2019
Ken Jennings and Ricahrd Garfield trivia game",,[2-Resident]
903,120030396,Hamster Roll,Hamster Roll,2000,https://cf.geekdo-images.com/-3dOkXfvk0fJ829LZATenQ__original/img/YCT_UBg6g8kIHT9KUDithndJdz8=/0x0/filters:format(png)/pic7961723.png,https://cf.geekdo-images.com/-3dOkXfvk0fJ829LZATenQ__small/img/1GsrSMUtbXL4eUC-a7UAGZxVfVU=/fit-in/200x150/filters:strip_icc()/pic7961723.png,,2,4,30,40,40,,1.0719,3209,"2,3,4",4,6+,No necessary in-game text,0,0,0,0,3,0,0,0,0,,2024-07-05 22:33:11,0,0,6.85437,6.22642,2708,1.2981,2137,Family Game Rank: 646,,,,,,,,,,,,,,,,,"GenCon 2024 Looks like an interesting dexterity game
Expensive!",,
43015,89222678,Hansa Teutonica,Hansa Teutonica,2009,https://cf.geekdo-images.com/3IkzYcplGfFtVrd3syClHg__original/img/RqYxJUdNXPmHUWrlADIbTf9Bi_g=/0x0/filters:format(jpeg)/pic839090.jpg,https://cf.geekdo-images.com/3IkzYcplGfFtVrd3syClHg__small/img/4350nWgj6kTrn8BWFI6cxvts_E0=/fit-in/200x150/filters:strip_icc()/pic839090.jpg,,2,5,45,90,90,,3.0892,14283,"3,4,5",5,12+,No necessary in-game text,0,0,0,0,3,0,0,0,0,,2022-07-05 09:14:14,1,8,7.75202,7.47203,17320,1.37978,146,Strategy Game Rank: 107,,,,,,,,,,,,,,,,,,,
186721,59693203,Healthy Heart Hospital,Healthy Heart Hospital,2015,https://cf.geekdo-images.com/NkLjjG49S9K1F2piLEAZPw__original/img/7H0aLj4KHBVgahy4D-fsm6C-abQ=/0x0/filters:format(jpeg)/pic3310061.jpg,https://cf.geekdo-images.com/NkLjjG49S9K1F2piLEAZPw__small/img/OlkCWSyIhL4V4cYMPvZ8NYuDVpA=/fit-in/200x150/filters:strip_icc()/pic3310061.jpg,,1,5,60,90,90,,2.8667,1259,"1,2,3",1,12+,Some necessary text - easily memorized or small crib sheet,1,0,0,0,3,0,0,0,0,1,2026-05-31 20:50:09,1,7,7.159,5.8736,690,1.32701,4088,Thematic Rank: 720; Strategy Game Rank: 1708,BGG Auction,2019-04-07,,15,USD,,,,,,,,,,,,,,"[2-Resident]
Purchased at BGG auction from PanzersEast"
240678,73701280,Healthy Heart Hospital: Nurses Expansion,Healthy Heart Hospital: Nurses Expansion,2020,https://cf.geekdo-images.com/u5nHv5o4IbBU7ImCjAPzCA__original/img/BD7BJ8-VYCqYuibNkRzaxY-f1Jo=/0x0/filters:format(png)/pic5436690.png,https://cf.geekdo-images.com/u5nHv5o4IbBU7ImCjAPzCA__small/img/TRBwz9ReChXcKctcZkjEWAuo3G4=/fit-in/200x150/filters:strip_icc()/pic5436690.png,,1,5,60,90,90,,3,126,,,,,0,0,1,1,3,0,1,0,0,,2024-01-08 20:00:14,0,0,7.925,0,12,0.759249,0,,,,,,,,,,,,,,,,,,,,
410291,114747810,Heat: Heavy Rain,Heat: Heavy Rain,2024,https://cf.geekdo-images.com/Vlbfl6z6JIwtAt-KjM_A3Q__original/img/-p2SASksKudVCoufG6R-3pltDD8=/0x0/filters:format(jpeg)/pic7947956.jpg,https://cf.geekdo-images.com/Vlbfl6z6JIwtAt-KjM_A3Q__small/img/pIHtymIWvfUZiJ-AB2C_62ci1Uw=/fit-in/200x150/filters:strip_icc()/pic7947956.jpg,,1,7,60,0,60,,2.3922,16275,"1,2,3,4,5,6,7","5,6",10+,No necessary in-game text,1,0,0,0,1,0,0,0,0,,2024-08-22 17:15:56,0,0,8.12436,6.86325,2781,1.28187,0,,Cardhaus,2024-07-29,2024-07-31,28,USD,,,,,,,,,,,,,,
463405,145837125,Heat: Legends,Heat: Legends,2026,https://cf.geekdo-images.com/456T_oFNw3uulcp1vyKcMg__original/img/RofxSKZFpMFgO9nAj53jm9-HE3s=/0x0/filters:format(png)/pic9373818.png,https://cf.geekdo-images.com/456T_oFNw3uulcp1vyKcMg__small/img/KBtR52ldl8mTNtJK107yDuAQeBk=/fit-in/200x150/filters:strip_icc()/pic9373818.png,,1,5,60,60,60,,2.3333,1814,"1,2,3,4,5",1,10+,,0,0,1,1,1,0,0,0,0,,2026-05-25 08:41:36,0,0,7.98984,5.65506,187,2.03348,0,,,,,,,,,,,,,,,,,,,,
366013,100859156,Heat: Pedal to the Metal,Heat: Pedal to the Metal,2022,https://cf.geekdo-images.com/-vOrd4bOspibyohYExLqWg__original/img/iXU8a9WaVlwrkiEiOxWN06y9y5g=/0x0/filters:format(png)/pic6940449.png,https://cf.geekdo-images.com/-vOrd4bOspibyohYExLqWg__small/img/2GbaKvYOzWIxfgbYTk2R9puiyzo=/fit-in/200x150/filters:strip_icc()/pic6940449.png,,1,6,30,60,60,,2.2021,61509,"1,2,3,4,5,6","5,6",8+,No necessary in-game text,1,0,0,0,2,0,0,0,0,,2026-05-31 16:33:45,10,8,7.99638,7.79546,41169,1.33496,47,Family Game Rank: 6,BGG Marketplace,2023-07-16,2023-07-21,75,USD,,,,,,,,,,,,Look at this a little more.  Could this be better than Flamme Rouge and also replace Downforce?,,"[1-Permanent]
Purchased from nicho148 on BGG Marketplace (Like New.  Only Played once)

Added custom gear shifters from Etsy"
459763,145837145,Heat: Rocky Roads,Heat: Rocky Roads,2026,https://cf.geekdo-images.com/6DfO2EfUiXNmvdfKTIqqiw__original/img/Lryypg_nPwY94IMC4krQ0dHG8Hg=/0x0/filters:format(jpeg)/pic9288354.jpg,https://cf.geekdo-images.com/6DfO2EfUiXNmvdfKTIqqiw__small/img/NOzFaxdaBt8Y4qW6sBu3ztskRao=/fit-in/200x150/filters:strip_icc()/pic9288354.jpg,,1,7,60,120,120,,2.3333,3573,"1,2,3,4,5,6,7","5,6",10+,No necessary in-game text,0,0,1,1,2,0,0,0,0,,2026-05-25 08:42:15,0,0,8.21364,5.79054,322,1.50677,0,,,,,,,,,,,,,,,,,,,,
436904,133468440,Heat: Tunnel Vision,Heat: Tunnel Vision,2025,https://cf.geekdo-images.com/ez01nzXEqZgLn0lx714eqA__original/img/T5g0_z266YqhJzy2RKn61G4cqqU=/0x0/filters:format(jpeg)/pic8647210.jpg,https://cf.geekdo-images.com/ez01nzXEqZgLn0lx714eqA__small/img/sw29GPWLzh7y3edW8CPqw258wFo=/fit-in/200x150/filters:strip_icc()/pic8647210.jpg,,1,7,30,60,60,,2.1538,10401,"1,2,3,4,5,6,7","5,6",10+,No necessary in-game text,1,0,0,0,3,0,0,0,0,,2025-06-20 22:09:51,0,0,8.20743,6.43273,1358,1.24237,0,,Game Preserve,2025-06-20,2025-06-20,35,USD,,,Main Game,,,,,,,,,,,
354610,110915849,Hermagor Market,Hermagor Market,2022,https://cf.geekdo-images.com/Zu_bFSYUZyoh6mraoOdsiw__original/img/HGDh5s_JkjT6u4-XQs8uQbjzsZI=/0x0/filters:format(png)/pic6704036.png,https://cf.geekdo-images.com/Zu_bFSYUZyoh6mraoOdsiw__small/img/gyiYEgKR6PVGvwK4ZE742p8bwnE=/fit-in/200x150/filters:strip_icc()/pic6704036.png,,1,99,30,60,60,,2.4,80,"1,2,3,4,5,6,7,8,9,10","1,5",10+,No necessary in-game text,1,0,0,0,3,0,0,0,0,,2026-05-31 20:50:23,0,0,6.91148,0,27,1.98747,0,,KS,2022-01-22,2022-02-16,4,USD,,,Print n Play,,,,,,,,,,,"[2-Resident]
https://mindthemoves.com/HermagorMarket/registration/login.php

indywiseguy@gmail.com
9Nrc-BTNV"
198994,55690963,Hero Realms,Hero Realms,2016,https://cf.geekdo-images.com/6xc4TuJynN5o_ZF0fHOdAA__original/img/H5xSdHoOk1x5nR16LebPVRh88ZI=/0x0/filters:format(png)/pic6162556.png,https://cf.geekdo-images.com/6xc4TuJynN5o_ZF0fHOdAA__small/img/sMbWo--LyzJw_weK0h1ESSPqdtU=/fit-in/200x150/filters:strip_icc()/pic6162556.png,,2,4,20,20,20,,1.8401,34522,"2,3,4",2,8+,Moderate in-game text - needs crib sheet or paste ups,1,0,0,0,4,0,0,1,0,,2026-05-31 20:50:52,0,0,7.49422,7.19695,19921,1.2476,306,Strategy Game Rank: 250,Christmas Gift,2018-12-25,,18,USD,,,,,,,,,,,,,,"[5- Exiting]
PP Estimate"
202103,56875019,Hero Realms: Character Pack – Cleric,Hero Realms: Character Pack – Cleric,2016,https://cf.geekdo-images.com/K6Um0R96J30BGhNEnLzxFA__original/img/srUx7MPDi0qVtaf_0r9kKPdCKPQ=/0x0/filters:format(jpeg)/pic3319850.jpg,https://cf.geekdo-images.com/K6Um0R96J30BGhNEnLzxFA__small/img/FImQp0jzMibiv9aInKN5ITBPXfE=/fit-in/200x150/filters:strip_icc()/pic3319850.jpg,,2,4,20,0,20,,1.8182,10514,"2,3,4",2,8+,Moderate in-game text - needs crib sheet or paste ups,1,0,0,0,1,0,0,0,0,,2023-01-08 12:31:19,0,0,7.65696,6.42667,1881,1.20079,0,,,,,5,USD,,,,,,,,,,,,,,PP Estimate
202104,56875026,Hero Realms: Character Pack – Fighter,Hero Realms: Character Pack – Fighter,2016,https://cf.geekdo-images.com/yVD7M9rDFokVHdNHq7zsGw__original/img/u9xV3gdGjqDE6DMSkudxdJeP6EM=/0x0/filters:format(jpeg)/pic3319865.jpg,https://cf.geekdo-images.com/yVD7M9rDFokVHdNHq7zsGw__small/img/6N4hYFgigBeg9L3HNmP4c1V9KRQ=/fit-in/200x150/filters:strip_icc()/pic3319865.jpg,,2,4,20,0,20,,1.8571,10453,"2,3,4",2,10+,Moderate in-game text - needs crib sheet or paste ups,1,0,0,0,1,0,0,0,0,,2023-01-08 12:31:28,0,0,7.687,6.42951,1842,1.19749,0,,,,,5,USD,,,,,,,,,,,,,,PP Estimate
202105,56875028,Hero Realms: Character Pack – Ranger,Hero Realms: Character Pack – Ranger,2016,https://cf.geekdo-images.com/eP7LQ86Xh_eSmyr20UB_oA__original/img/qWexGKwgVt3HE5NYLsWlrVk-MvY=/0x0/filters:format(jpeg)/pic3319858.jpg,https://cf.geekdo-images.com/eP7LQ86Xh_eSmyr20UB_oA__small/img/jlfsZmlxXxn-T2b0_xEO6o2UOQI=/fit-in/200x150/filters:strip_icc()/pic3319858.jpg,,2,4,20,0,20,,1.8947,10388,"2,3,4",2,6+,Moderate in-game text - needs crib sheet or paste ups,1,0,0,0,1,0,0,0,0,,2023-01-08 12:31:36,0,0,7.67625,6.42642,1853,1.22825,0,,,,,5,USD,,,,,,,,,,,,,,PP Estimate
202106,56875031,Hero Realms: Character Pack – Thief,Hero Realms: Character Pack – Thief,2016,https://cf.geekdo-images.com/oL2NCpEP9EK4P-OB2FVrFg__original/img/dEgFJAMmund2qJHvarOSRVm1R3g=/0x0/filters:format(jpeg)/pic3319863.jpg,https://cf.geekdo-images.com/oL2NCpEP9EK4P-OB2FVrFg__small/img/k_mgrWCZPRCsEDMaQxuWL2NaS7o=/fit-in/200x150/filters:strip_icc()/pic3319863.jpg,,2,4,20,0,20,,1.8636,10375,"2,3,4",2,10+,Moderate in-game text - needs crib sheet or paste ups,1,0,0,0,1,0,0,0,0,,2023-01-08 12:31:43,0,0,7.69922,6.42925,1832,1.22912,0,,,,,5,USD,,,,,,,,,,,,,,PP Estimate
202107,56875022,Hero Realms: Character Pack – Wizard,Hero Realms: Character Pack – Wizard,2016,https://cf.geekdo-images.com/yjtBh-4kmjASUSo7j0mVeA__original/img/vNNKZHMB7crGJnfCzi0D2qyKI40=/0x0/filters:format(jpeg)/pic3319861.jpg,https://cf.geekdo-images.com/yjtBh-4kmjASUSo7j0mVeA__small/img/X4SWOS6PiZZif16cwEyS-7tiPVg=/fit-in/200x150/filters:strip_icc()/pic3319861.jpg,,2,4,20,0,20,,1.9,10496,"2,3,4",2,6+,Moderate in-game text - needs crib sheet or paste ups,1,0,0,0,1,0,0,0,0,,2023-01-08 12:31:50,0,0,7.66985,6.4296,1882,1.20249,0,,,,,5,USD,,,,,,,,,,,,,,PP Estimate
286081,67919270,Herrlof,Herrlof,2020,https://cf.geekdo-images.com/nw1IAcxxqazwfLln0G1tzg__original/img/IqGTD7GgHhGhJLAK_XIpGzGK_xI=/0x0/filters:format(png)/pic5491933.png,https://cf.geekdo-images.com/nw1IAcxxqazwfLln0G1tzg__small/img/1YnNx-BsAhxSo0aCwAtHSAv1g_U=/fit-in/200x150/filters:strip_icc()/pic5491933.png,,2,3,30,45,45,,1.35,1196,2,2,10,No necessary in-game text,1,0,0,0,3,0,0,0,0,1,2026-05-31 20:51:01,3,9,6.60132,5.70338,570,1.39637,6242,,KS,,,10,USD,,,Lakehouse,,,,,,,,,"KS Jan 2020
Looks like your standard trick taking game with some special power cards.  Not sure it give us anything different than Gorus or Claim",Great simplicity makes this a very smooth playing trick taking game!  It adds just enough over the standard trick takers,"[2-Resident]
PM DONE 18 March 2020
Get one copy of Herrlof including all unlocked stretchgoals
This option will have Herrlof delivered to your home

INCLUDES:
One copy - Herrlof"
267568,61465741,HexRoller,HexRoller,2019,https://cf.geekdo-images.com/dYni331U6dBaZ-tttQ7_wA__original/img/VEEB3y-ZT21ucoItWI9Gv7S3Beg=/0x0/filters:format(png)/pic4477805.png,https://cf.geekdo-images.com/dYni331U6dBaZ-tttQ7_wA__small/img/FgDrRb3RQ88tPrXut1ekr791_hU=/fit-in/200x150/filters:strip_icc()/pic4477805.png,,1,8,10,15,15,,1.3125,1543,"1,2,3,4",1,8+,No necessary in-game text,0,0,0,0,4,0,0,0,0,,2021-09-29 21:56:23,0,0,6.22275,5.68614,886,1.22486,6626,Family Game Rank: 1899,,,,,,,,,,,,,,,,,"2019 GenCon FOR SALE
Roll and Write.  Play at BGG Hot Games Room",,
294357,69551532,High Roller Horse Racing,High Roller Horse Racing,2020,https://cf.geekdo-images.com/LiI4gspQqHTNyWFqBR8UsQ__original/img/zNbpKXbGSdSa468EmaJGKwypefA=/0x0/filters:format(jpeg)/pic5159356.jpg,https://cf.geekdo-images.com/LiI4gspQqHTNyWFqBR8UsQ__small/img/CZ6qbjEFHHA5WWGv42pVD7Z8CcY=/fit-in/200x150/filters:strip_icc()/pic5159356.jpg,,4,8,30,90,90,,0,6,,,,,1,0,0,0,3,0,0,0,0,1,2026-05-31 20:51:13,1,6,8.1,0,5,1.68523,0,,https://highrollerhorseracing.weebly.com/order.html,2020-03-09,,75,USD,,,,,,,,,,,,,,"[1-Permanent]
Includes Standard Edition"
398898,110288249,High Season: Grand Hotel Roll & Write,High Season: Grand Hotel Roll & Write,2023,https://cf.geekdo-images.com/Zt6AMK-u_lT1nRjIjwF_tQ__original/img/N2Rn0aDwqq5wYmfWQYNTTC9BvO0=/0x0/filters:format(jpeg)/pic7704802.jpg,https://cf.geekdo-images.com/Zt6AMK-u_lT1nRjIjwF_tQ__small/img/YdBVubNro5SGgPC__kxzTWkkY54=/fit-in/200x150/filters:strip_icc()/pic7704802.jpg,,2,4,45,90,90,,2.45,883,"1,2,3,4",2,12+,No necessary in-game text,0,0,0,0,3,0,0,0,0,,2026-01-01 15:21:14,0,0,6.48169,5.72349,677,1.37094,5871,,,,,,,,,,,,,,,,,,,,
220,72455704,High Society,High Society,2018,https://cf.geekdo-images.com/_3wm5Ikl8NtF6oTQ5KT-1g__original/img/Dv5M1RcWQ6UEZyd2eAey-OfSsrU=/0x0/filters:format(jpeg)/pic3894197.jpg,https://cf.geekdo-images.com/_3wm5Ikl8NtF6oTQ5KT-1g__small/img/m5NSJT2r-BoSXYt9d1wQGT4dbUA=/fit-in/200x150/filters:strip_icc()/pic3894197.jpg,,3,5,15,30,30,,1.4802,25163,"3,4,5","4,5",10+,No necessary in-game text,1,0,0,0,3,0,0,0,0,,2026-05-31 20:51:19,2,9,7.1992,6.97266,16560,1.24004,530,Family Game Rank: 129,Geekmarket - AMERICANBOYBAND,2025-11-17,2025-11-22,5,USD,,,,,,,,Osprey Games,English,2018,Osprey English edition,,,[2-Resident]
327971,94845440,Hippocrates,Hippocrates,2022,https://cf.geekdo-images.com/q9o0GqIslWhlr6qpHEgRRg__original/img/OiGITwWaKLHlRGG0RMX7FgD4zSs=/0x0/filters:format(png)/pic5897247.png,https://cf.geekdo-images.com/q9o0GqIslWhlr6qpHEgRRg__small/img/39vt_LbBeMyv9q6FjfvPNTwLPjg=/fit-in/200x150/filters:strip_icc()/pic5897247.png,,1,4,90,120,120,,2.9828,3320,"1,2,3,4",4,12+,No necessary in-game text,0,0,0,0,3,0,0,0,0,,2024-01-08 21:10:38,0,0,6.785,5.91978,1240,1.47899,3716,Strategy Game Rank: 1649,,,,,,,,,,,,,,,,,,,
2655,70225946,Hive,Hive,2001,https://cf.geekdo-images.com/fQe85tsBZoH6ibPnm1k1UA__original/img/eqUVrCJKcMBGBhw4Gfc9_9JabYE=/0x0/filters:format(jpeg)/pic791151.jpg,https://cf.geekdo-images.com/fQe85tsBZoH6ibPnm1k1UA__small/img/8ULXa8v7095ohgXMMmNlCGrC7zU=/fit-in/200x150/filters:strip_icc()/pic791151.jpg,,2,2,20,20,20,,2.313,58032,2,2,8+,No necessary in-game text,1,0,0,0,3,0,0,0,0,1,2026-05-31 16:19:36,12,10,7.31523,7.1671,40423,1.33187,334,Abstract Game Rank: 19,Cardhaus,2020-04-06,,23.99,USD,,,,,,,,,,,,,,[1-Permanent]
201308,77422935,Hive Mind,Hive Mind,2016,https://cf.geekdo-images.com/CdPotpqnreo8BjI0053MOQ__original/img/hScvBhtH5avBIrXQJLCqGFqHPtQ=/0x0/filters:format(png)/pic6706273.png,https://cf.geekdo-images.com/CdPotpqnreo8BjI0053MOQ__small/img/BufM56uPpL8K8c6IacQElBTmhtc=/fit-in/200x150/filters:strip_icc()/pic6706273.png,,3,12,30,90,90,,1.0909,1576,"4,5,6,7,8,9",6,10+,Moderate in-game text - needs crib sheet or paste ups,0,0,0,0,3,0,0,0,0,,2020-12-22 01:00:53,1,5,7.13816,5.86894,739,1.40378,4136,Party Game Rank: 206,,,,,,,,,,,,,,,,,,,
154597,77422931,Hive Pocket,Hive Pocket,2010,https://cf.geekdo-images.com/qxB2LU0536eKeByvNl3vcA__original/img/HxR4sVxK_YUaOSz89J_Y-o4qBcM=/0x0/filters:format(jpeg)/pic8229329.jpg,https://cf.geekdo-images.com/qxB2LU0536eKeByvNl3vcA__small/img/u-Mm0YOkr4MkmQqHLkh0uHTxHDI=/fit-in/200x150/filters:strip_icc()/pic8229329.jpg,,2,2,20,20,20,,2.2054,36446,2,2,8+,No necessary in-game text,0,0,0,0,3,0,0,0,0,,2020-12-22 01:00:26,2,9,7.68753,7.33803,15141,1.19241,0,,,,,,,,,,,,,,,,,,,,
70704,71857976,Hive: The Ladybug,Hive: The Ladybug,2010,https://cf.geekdo-images.com/DSmleWTHjL7uaGPWu94BBA__original/img/ov-3MI-a8NjJWMcgVYau-8bdXn0=/0x0/filters:format(jpeg)/pic767448.jpg,https://cf.geekdo-images.com/DSmleWTHjL7uaGPWu94BBA__small/img/Or-X1QFHMehUnH9Rs2ENKb_RXy0=/fit-in/200x150/filters:strip_icc()/pic767448.jpg,,2,2,20,20,20,,2.1613,9882,2,2,8+,No necessary in-game text,1,0,0,0,3,0,0,0,0,,2023-01-08 12:34:00,0,0,7.60724,6.62692,2859,1.20737,0,,Miniature Market,2020-05-23,,8,USD,,,,,,,,,,,,,,
30323,71857970,Hive: The Mosquito,Hive: The Mosquito,2007,https://cf.geekdo-images.com/Cj11Yvi8MS4-0ZPwkRvsuw__original/img/fO3rZwEkoDJUVcYk1jrp6RjSlRg=/0x0/filters:format(jpeg)/pic347192.jpg,https://cf.geekdo-images.com/Cj11Yvi8MS4-0ZPwkRvsuw__small/img/gqPscGEJl1n9pwKlZmvgAxNiwRI=/fit-in/200x150/filters:strip_icc()/pic347192.jpg,,2,2,20,20,20,,2.2342,11342,2,2,8+,No necessary in-game text,1,0,0,0,3,0,0,0,0,,2023-01-08 12:34:30,0,0,7.56543,6.71922,3637,1.20332,0,,Miniature Market,2020-05-23,,8,USD,,,,,,,,,,,,,,
139666,71857962,Hive: The Pillbug,Hive: The Pillbug,2013,https://cf.geekdo-images.com/CfwUY1PpOFskSvUYLTJejA__original/img/JS6dkFfViwvC4OIw-DTMXEszJfc=/0x0/filters:format(jpeg)/pic2843760.jpg,https://cf.geekdo-images.com/CfwUY1PpOFskSvUYLTJejA__small/img/oaCIccsjz856fsmEUimJ6bCk8to=/fit-in/200x150/filters:strip_icc()/pic2843760.jpg,,2,2,20,20,20,,2.3956,12834,2,2,10+,No necessary in-game text,1,0,0,0,3,0,0,0,0,,2023-01-08 12:34:51,0,0,7.72292,6.72615,3063,1.27664,0,,Miniature Market,2020-05-23,,8,USD,,,,,,,,,,,,,,
295957,69775175,Holi: Festival of Colors,Holi: Festival of Colors,2020,https://cf.geekdo-images.com/8Qn32fWSdwOPz9VHLGUhcw__original/img/ekZjIuO-zryeWOKyJj3UkuPSlKM=/0x0/filters:format(jpeg)/pic5734243.jpg,https://cf.geekdo-images.com/8Qn32fWSdwOPz9VHLGUhcw__small/img/UUveLP7HAsOurlP2McawMrc6m8M=/fit-in/200x150/filters:strip_icc()/pic5734243.jpg,,2,4,20,40,40,,2.05,2414,"2,3,4",3,8+,Some necessary text - easily memorized or small crib sheet,1,0,0,0,3,0,0,0,0,,2026-05-31 20:51:33,1,6,6.69746,5.81944,946,1.3931,4592,Abstract Game Rank: 162,Indy Spiel Flea Market -  Erik Angelotti,2025-09-14,2025-10-03,10,USD,,,,,,,,,,,,"Kickstarter March 2020

3D, puzzle, tetris-like

Why it's different:  3D Board",,[3-Transient]
446497,137843577,Hot Streak,Hot Streak,2025,https://cf.geekdo-images.com/co36SqyPYlM1QwVW6XSwyQ__original/img/ErbrDNguZzKtnCCAUiQCh1xwldc=/0x0/filters:format(jpeg)/pic8933083.jpg,https://cf.geekdo-images.com/co36SqyPYlM1QwVW6XSwyQ__small/img/dur_aXLM90CAW7CE_Tt5wjADaJk=/fit-in/200x150/filters:strip_icc()/pic8933083.jpg,,2,8,20,20,20,,1.2121,10535,"3,4,5,6,7,8","5,6",6+,Some necessary text - easily memorized or small crib sheet,1,0,0,0,2,0,0,0,0,,2026-05-31 16:35:38,5,8,7.85165,7.13849,5768,1.35265,356,Party Game Rank: 4,Geek market - blazealdrich,2025-11-10,2025-11-14,45,USD,,,,,,,,,,,,Played with Brian C and Ryan at Patrick & Julia’s.  Fun game.  Way better than Ready Set Bet,,[1-Permanent]
440458,134322696,How Many What?!,How Many What?!,2025,https://cf.geekdo-images.com/k-jDL4EzgKh3nEWeCHVQwQ__original/img/G9BfolP-G9OhyuqrB_8htvmutWo=/0x0/filters:format(jpeg)/pic8951979.jpg,https://cf.geekdo-images.com/k-jDL4EzgKh3nEWeCHVQwQ__small/img/cuxfENFCpgAn0jo0qCO1MfaXmFs=/fit-in/200x150/filters:strip_icc()/pic8951979.jpg,,3,8,20,20,20,,0,155,,,,,0,0,0,0,3,0,0,0,0,,2025-10-07 21:38:36,0,0,6.16053,5.52161,76,1.57314,18879,,,,,,,,,,,,,,,,,,"GenCon 2025
BGG Hot Games Room",,
143882,110581995,HUND,HUND,2013,https://cf.geekdo-images.com/8UajaMECbrYyJFnXbnpXJQ__original/img/qLFkFpjzrr-GYPyuFYQRt83VMeg=/0x0/filters:format(png)/pic7591952.png,https://cf.geekdo-images.com/8UajaMECbrYyJFnXbnpXJQ__small/img/3d6gQuYCKuGi-gHKcs9fdFnMSkE=/fit-in/200x150/filters:strip_icc()/pic7591952.png,,2,5,45,45,45,,2.16,785,"3,4,5",4,10+,No necessary in-game text,0,0,1,1,3,0,1,0,0,,2024-08-20 21:49:59,0,0,6.70524,5.74078,613,1.36697,5578,Abstract Game Rank: 188; Family Game Rank: 1652,,,,,,,,,,,,,,,,,"Trick taking with hounds
Essen 23",,
233973,66323561,Huns,Huns,2018,https://cf.geekdo-images.com/wQ66c36vPb-0SqHNknFmQA__original/img/vjaajdfClXg0uHZASzPbYuzX2ok=/0x0/filters:format(jpeg)/pic3925929.jpg,https://cf.geekdo-images.com/wQ66c36vPb-0SqHNknFmQA__small/img/DQ4UAMR-FBVAJTjc_8Mq1lGGT8Y=/fit-in/200x150/filters:strip_icc()/pic3925929.jpg,,2,4,30,45,45,,2.0857,1980,"2,3,4",4,12+,Moderate in-game text - needs crib sheet or paste ups,0,0,0,0,2,0,0,0,0,,2021-09-19 11:00:39,0,0,6.64698,5.77703,861,1.3088,5078,,,,,,,,,,,,,,,,,,La Boîte de Jeu,,
38504,145563772,Hurry'Cup!,Hurry'Cup!,2008,https://cf.geekdo-images.com/AOMQ3EP8fVay1OP33HtJIA__original/img/831hTFMpTawAxuGjSmpmzF5JmOM=/0x0/filters:format(jpeg)/pic375267.jpg,https://cf.geekdo-images.com/AOMQ3EP8fVay1OP33HtJIA__small/img/Wh2tcd2WpprgXk3kPG_9Nqogfmk=/fit-in/200x150/filters:strip_icc()/pic375267.jpg,,3,6,30,30,30,,1.3143,740,"3,4,5,6",4,8+,No necessary in-game text,1,0,0,0,3,1,0,0,0,,2026-05-31 17:27:06,0,0,5.46064,5.49028,347,1.35962,27856,Family Game Rank: 3358,Indy Spiel,2026-05-16,2026-05-16,,,,,,,,,,,,,,,,"[4-Evaluate]
Indy Spiel Raffle
NIS when we got it"
375557,124892722,I Made You a Mixtape,I Made You a Mixtape,2025,https://cf.geekdo-images.com/AsUXHIHBZ6E63sDKokVIdA__original/img/TuvMmkMpY3hzw3HXl7iw3xApQao=/0x0/filters:format(png)/pic8333973.png,https://cf.geekdo-images.com/AsUXHIHBZ6E63sDKokVIdA__small/img/tFhUZC-Mp1sOA0wWVfR5W-WyTC0=/fit-in/200x150/filters:strip_icc()/pic8333973.png,,1,4,30,45,45,,1.3571,1210,"1,2,3,4","1,4",10+,No necessary in-game text,1,0,0,0,3,0,0,1,0,,2026-05-31 20:51:56,1,7,7.07731,5.76994,490,1.27606,5170,,Kickstarter,2024-10-28,2025-09-08,25,USD,,,,,,,,,,,,Mike Delisio,,[5-Exiting]
177524,132290478,ICECOOL,ICECOOL,2016,https://cf.geekdo-images.com/xVx8ex1fjO9C7W8rRvWdVQ__original/img/rIyNSXqNgGs4Yqt0xL5CdTp9grg=/0x0/filters:format(png)/pic3320017.png,https://cf.geekdo-images.com/xVx8ex1fjO9C7W8rRvWdVQ__small/img/7ZeCdaJWigksF5wUHTGGXmmfP6Y=/fit-in/200x150/filters:strip_icc()/pic3320017.png,,2,4,30,30,30,,1.057,20587,"2,3,4",4,5+,No necessary in-game text,1,0,0,0,3,1,0,0,0,,2026-05-31 20:52:15,1,6,6.78219,6.55154,12270,1.2642,1195,Children's Game Rank: 29; Family Game Rank: 381,Indy Spiel,2025-05-14,2025-05-16,5,USD,,,,,,,,,,,,,,[3-Transient]
420915,132144248,Ichor,Ichor,2025,https://cf.geekdo-images.com/hRqHGC9qABpo_ZnolfpkDQ__original/img/1DuJw2-xkbbHCIxWgHI1JM_LDhU=/0x0/filters:format(png)/pic8195971.png,https://cf.geekdo-images.com/hRqHGC9qABpo_ZnolfpkDQ__small/img/M9x7JqnnC92yS0DyqoLHrL044Vs=/fit-in/200x150/filters:strip_icc()/pic8195971.png,,2,2,40,40,40,,1.9375,1941,2,2,8+,Some necessary text - easily memorized or small crib sheet,0,0,0,0,3,0,0,0,0,,2025-08-12 18:58:06,0,0,7.28062,5.89971,686,1.32122,3879,Abstract Game Rank: 97,,,,,,,,,,,,,,,,,Knizia 2 player chess battle like,,
371972,110583393,Ierusalem: Anno Domini,Ierusalem: Anno Domini,2023,https://cf.geekdo-images.com/TmeInxjp7SV_AtDLx2Kjbw__original/img/LgDPSEdVdADTwtQPfKsQ8a75vVY=/0x0/filters:format(jpeg)/pic7141460.jpg,https://cf.geekdo-images.com/TmeInxjp7SV_AtDLx2Kjbw__small/img/qofZgE_cizx-crfjiE310D1BFfQ=/fit-in/200x150/filters:strip_icc()/pic7141460.jpg,,1,4,90,90,90,,3.1441,4682,"2,3,4",4,12+,No necessary in-game text,0,0,0,0,3,0,0,0,0,,2025-08-12 19:01:41,0,0,7.47912,6.33848,2073,1.47616,1750,Strategy Game Rank: 945,,,,,,,,,,,,,,,,,,,
260934,60186958,Ignite,Ignite,2021,https://cf.geekdo-images.com/03jzWCRmClW6UYv18sOo8A__original/img/S6VvDUqh59DHkuHUWJY63OjGfEI=/0x0/filters:format(jpeg)/pic4318706.jpg,https://cf.geekdo-images.com/03jzWCRmClW6UYv18sOo8A__small/img/KUjv5TtLqctVn9uMtn0winT3Bl4=/fit-in/200x150/filters:strip_icc()/pic4318706.jpg,,2,8,40,160,160,,3,449,"2,3,4,5,6,7,8","4,5,6",8,,0,0,0,0,4,0,0,0,0,,2024-01-08 21:13:23,0,0,7.33118,5.59796,254,2.29557,9525,,,,,,,,,,,,,,,,,,Kickstarter - first time creator... wait for retail,,
420914,132900584,Iliad,Iliad,2025,https://cf.geekdo-images.com/V879Jjcv8gKWKWFn4tChKg__original/img/5_0PQDpb8vSN5u9jm5XkFp3MRwc=/0x0/filters:format(png)/pic8195970.png,https://cf.geekdo-images.com/V879Jjcv8gKWKWFn4tChKg__small/img/U1u67ZDp1FwrSMtrWPrBeduhkts=/fit-in/200x150/filters:strip_icc()/pic8195970.png,,2,2,30,30,30,,2.0571,3041,2,2,10+,No necessary in-game text,0,0,0,0,3,0,0,0,0,,2025-10-18 20:56:19,0,0,7.64963,6.25534,1283,1.21211,2021,Abstract Game Rank: 31,,,,,,,,,,,,,,,,,"GenCon 2025
Knizia 2 Player",,
191894,36079564,Imagine,Imagine,2015,https://cf.geekdo-images.com/K-Hp2v5Bc_UKMGlBF2oIEQ__original/img/Yrr-KrZV24OPZyqPq9KR5CJO-pA=/0x0/filters:format(jpeg)/pic3061260.jpg,https://cf.geekdo-images.com/K-Hp2v5Bc_UKMGlBF2oIEQ__small/img/7iWqJ6jHsgKCTcNs41nEgT7_NzA=/fit-in/200x150/filters:strip_icc()/pic3061260.jpg,,3,8,20,20,20,,1.0606,9140,"3,4,5,6,7,8","4,5,6",8+,Moderate in-game text - needs crib sheet or paste ups,0,0,0,0,4,0,0,0,1,,2024-07-14 20:31:33,0,6,6.80349,6.32362,4755,1.29867,1794,Party Game Rank: 116,Gen Con,,,,,10,USD,Sold,,,,,,,,,Listed $5 OctoCon,,
191862,96540513,Imhotep,Imhotep,2016,https://cf.geekdo-images.com/HkAt5n4R8XM0vNozl7fftA__original/img/934t5i7J90wlw6mb6p2m_3u98i0=/0x0/filters:format(jpeg)/pic3029488.jpg,https://cf.geekdo-images.com/HkAt5n4R8XM0vNozl7fftA__small/img/1JpxGZSWJf3mxnZZGaGOTqExoH4=/fit-in/200x150/filters:strip_icc()/pic3029488.jpg,,2,4,40,40,40,,2.0163,23513,"2,3,4",4,10+,Some necessary text - easily memorized or small crib sheet,1,0,0,0,3,0,0,0,0,,2026-05-31 20:52:31,3,8,7.12398,6.89698,16884,1.1446,624,Family Game Rank: 162,Trade with UnderSaturn_Games For Whirling Witchcraft,2023-09-20,2023-09-22,,,,,,,,,,,,,,,,"[2-Resident]
Value estimated based on getting Whirling Witchcraft for free"
234423,110417053,Imhotep: The Pharaoh's Favors – Mini Expansion,Imhotep: The Pharaoh's Favors – Mini Expansion,2017,https://cf.geekdo-images.com/NZBeE_TrYij860ISuaP2kw__original/img/fkKL64PCP9fusi35YO6692OsWDY=/0x0/filters:format(jpeg)/pic3719259.jpg,https://cf.geekdo-images.com/NZBeE_TrYij860ISuaP2kw__small/img/0wDQE9bElHGrFgmFFDUUJiNYVHM=/fit-in/200x150/filters:strip_icc()/pic3719259.jpg,,2,4,40,0,40,,2,1075,"3,4",4,10+,Some necessary text - easily memorized or small crib sheet,1,0,0,0,3,0,0,0,0,,2023-09-22 12:11:40,0,0,7.16263,5.60416,153,1.27921,0,,Trade with UnderSaturn_Games For Whirling Witchcraft,2023-09-20,2023-09-22,,,,,,,,,,,,,,,,Included in trade with base game
206442,110417062,Imhotep: The Stonemason's Wager – Mini Expansion,Imhotep: The Stonemason's Wager – Mini Expansion,2016,https://cf.geekdo-images.com/ejBemFyHFTVWaGx-waNxBA__original/img/2OtcdmG_TiE-mN2Ql8QsUH9s_Wk=/0x0/filters:format(jpeg)/pic3134584.jpg,https://cf.geekdo-images.com/ejBemFyHFTVWaGx-waNxBA__small/img/PlTVpuPk-jsAnGipnx5Yw6aEtRc=/fit-in/200x150/filters:strip_icc()/pic3134584.jpg,,2,4,40,40,40,,1.75,1337,"2,3,4",4,10+,No necessary in-game text,1,0,0,0,3,0,0,0,0,,2023-09-22 12:11:46,0,0,6.99874,5.62295,204,1.33588,0,,Trade with UnderSaturn_Games For Whirling Witchcraft,2023-09-20,2023-09-22,,,,,,,,,,,,,,,,Included with base game
206480,73544540,Imperial Struggle,Imperial Struggle,2020,https://cf.geekdo-images.com/FTE7dxVd4jQaIwwRcCQcRw__original/img/u10ruUkKuaXP9f2ZAswX9R9r9hM=/0x0/filters:format(jpeg)/pic5291148.jpg,https://cf.geekdo-images.com/FTE7dxVd4jQaIwwRcCQcRw__small/img/ydG55mHxOdtN5RFN9B9z7qAgLBI=/fit-in/200x150/filters:strip_icc()/pic5291148.jpg,,2,2,120,240,240,,4.072,8472,2,2,14+,Extensive use of text - massive conversion needed to be playable,0,0,0,0,3,0,0,0,0,,2023-04-04 12:54:20,0,0,8.22089,7.02641,3388,1.41535,473,War Game Rank: 6; Strategy Game Rank: 248,,,,,,,,,,,,,,,,,,,
318184,83984795,Imperium: Classics,Imperium: Classics,2021,https://cf.geekdo-images.com/MN0OvKejfrfwD6bupQHp4g__original/img/AYYyjw10ExHhOFLYectIclqQnxI=/0x0/filters:format(jpeg)/pic5623566.jpg,https://cf.geekdo-images.com/MN0OvKejfrfwD6bupQHp4g__small/img/MVh7xtQ4l17hprI4mFIk9Kswk6s=/fit-in/200x150/filters:strip_icc()/pic5623566.jpg,,1,4,40,160,160,,3.6205,17534,"1,2","1,2",14+,Extensive use of text - massive conversion needed to be playable,0,0,0,0,3,0,0,0,0,,2023-04-04 12:54:26,0,0,7.68274,7.16302,8767,1.44953,336,Strategy Game Rank: 222,,,,,,,,,,,,,,,,,"Looks like a very complex deck builder 
Already have a few deck builders",,
266448,99619159,Imperium: The Contention,Imperium: The Contention,2021,https://cf.geekdo-images.com/wqu8zPmdnm45LXwVx1_Bdw__original/img/kJRoHpwao_itAOFK4jUrrmUC-4w=/0x0/filters:format(jpeg)/pic4478243.jpg,https://cf.geekdo-images.com/wqu8zPmdnm45LXwVx1_Bdw__small/img/9WyKwFSoOu-0uOehIgaQ4ExnDvs=/fit-in/200x150/filters:strip_icc()/pic4478243.jpg,,1,6,30,120,120,,2.75,686,"1,2,3,4,5,6","2,4",12+,Moderate in-game text - needs crib sheet or paste ups,1,0,0,0,2,0,0,0,0,1,2026-05-31 17:27:13,1,9,7.84049,5.87225,514,1.49874,4105,Customizable Rank: 84; Strategy Game Rank: 1683,Le Crypte (Canada),2023-04-05,,35.5,USD,,,,,,,,Contention Games,English,2021,English edition,,,"[2-Resident]
Retail Version"
212404,145715956,In Vino Morte,In Vino Morte,2016,https://cf.geekdo-images.com/ZhZ8IcaDcwoewF5vFd2yEg__original/img/MIHFDXOfGm_n0GKOoa-3pPgKAYo=/0x0/filters:format(png)/pic4059153.png,https://cf.geekdo-images.com/ZhZ8IcaDcwoewF5vFd2yEg__small/img/j0k85kb-yxu_BSg1_ujL5oR13qw=/fit-in/200x150/filters:strip_icc()/pic4059153.png,,3,9,10,10,10,,1.1667,2872,"4,5,6,7,8,9","6,7,8,9",8+,No necessary in-game text,0,0,1,0,3,0,0,0,0,,2026-05-21 14:20:09,0,0,6.60742,5.84594,1095,1.52534,4342,Party Game Rank: 258,,,,,,,,,,,,,,,,,This is the wine or poison game,,
258209,76798014,Indian Ocean Region: South China Sea – Vol. II,Indian Ocean Region: South China Sea – Vol. II,2021,https://cf.geekdo-images.com/TMGPNkM8Wu58LXbQYUxsVA__original/img/WW3AK0D8ZAIA14B3M3GF_0LrsBI=/0x0/filters:format(jpeg)/pic4262978.jpg,https://cf.geekdo-images.com/TMGPNkM8Wu58LXbQYUxsVA__small/img/e3nX-guN7m0gpYbMR0UcNOjD0TU=/fit-in/200x150/filters:strip_icc()/pic4262978.jpg,,1,3,120,240,240,,3,263,2,2,,Moderate in-game text - needs crib sheet or paste ups,1,0,0,0,3,0,0,0,0,,2026-05-31 20:52:42,0,0,7.4619,5.5186,42,1.88351,19820,War Game Rank: 3339,KS,2020-12-01,,62.5,USD,,,Lakehouse,,,,,,,,,,,"[2-Resident]
Combined with South China Sea"
215308,48163320,Indulgence,Indulgence,2017,https://cf.geekdo-images.com/OmTnUYPR8T-zIKl8E3GOrA__original/img/RnDFnwEQq3NgDiqFneYHeKjbITU=/0x0/filters:format(jpeg)/pic3438634.jpg,https://cf.geekdo-images.com/OmTnUYPR8T-zIKl8E3GOrA__small/img/PxJzT9f6hzJGnH8Vd-Db0rBseyw=/fit-in/200x150/filters:strip_icc()/pic3438634.jpg,,3,4,40,60,60,,1.8333,1834,"3,4",4,12+,Some necessary text - easily memorized or small crib sheet,0,0,0,0,3,0,0,0,1,,2023-03-21 21:58:25,2,6,6.76329,5.85906,939,1.28678,4206,Family Game Rank: 1300,Gen Con 2017,,,15,USD,,,GeekMarket,Vey Good.  Only played a few times.  Purcahsed NEW at GenCon 2017.,,,,,,,,,,"PP Estimate

Sold for $25 to kyper71 on GeekMarket 2023-03-21"
393165,123561403,Inferno,Inferno,2024,https://cf.geekdo-images.com/spughd3LLwO-qNzK0jP0vg__original/img/gi3gyreRGaMg8wkuAEyK-q78W30=/0x0/filters:format(jpeg)/pic7588439.jpg,https://cf.geekdo-images.com/spughd3LLwO-qNzK0jP0vg__small/img/G4K-9MXWVGrxpszl-p8MbE6KhUU=/fit-in/200x150/filters:strip_icc()/pic7588439.jpg,,1,4,45,120,120,,3.6196,4369,"1,2,3,4","3,4",14+,No necessary in-game text,1,0,0,0,2,0,0,0,0,,2026-05-31 16:26:23,3,9,7.86058,6.5951,2420,1.47629,1114,Strategy Game Rank: 601,Cardhaus,2025-07-11,2025-07-15,65,USD,,,,,,,,,,,,"GenCon 2025
Board looks like something I would like
Worker Placement with cool system in Hell",,"[1-Permanent]
2025 GenCon Pre-Purchase
Miniatures, metal coins, Papal Bulls and Plutos & Phlegyas expansions in base game box"
430092,135417808,Inferno: Papal Bulls – Mini Expansion,Inferno: Papal Bulls – Mini Expansion,2024,https://cf.geekdo-images.com/a-O7tkU_Ej1ecx0dRG491A__original/img/wb51djoPMsWWtRvDwjAq6ZVJcZc=/0x0/filters:format(jpeg)/pic8460382.jpg,https://cf.geekdo-images.com/a-O7tkU_Ej1ecx0dRG491A__small/img/EzbtC-sTUf5gxk9gIF8cb9BDC3Q=/fit-in/200x150/filters:strip_icc()/pic8460382.jpg,,1,4,45,120,120,,3,389,"1,2,3,4","1,2,3,4",,No necessary in-game text,1,0,0,0,3,0,0,0,0,,2025-08-15 15:49:57,0,0,7.77931,0,29,1.20154,0,,,,,,,,,,,,,,,,,,,,
444192,135417805,Inferno: Plutus & Phlegyas,Inferno: Plutus & Phlegyas,2025,https://cf.geekdo-images.com/RYueHfDtHCIa7z3rGo4sMg__original/img/01-S2yB6ngQWxHVlsWNjUP9aakU=/0x0/filters:format(png)/pic8829979.png,https://cf.geekdo-images.com/RYueHfDtHCIa7z3rGo4sMg__small/img/JPzBtWLNHT-9CtdY-Xe80WPZsRM=/fit-in/200x150/filters:strip_icc()/pic8829979.png,,1,4,30,120,120,,3,289,,,12+,No necessary in-game text,1,0,0,0,3,0,0,0,0,,2025-08-15 15:49:53,0,0,8.39655,0,29,1.32209,0,,,,,,,,,,,,,,,,,,,,
293728,85724187,Inner Compass,Inner Compass,2020,https://cf.geekdo-images.com/mYQTbj8O-5Xp7GcRbshwoA__original/img/EwDqjIvPozMBoKVKErZV6jzY1us=/0x0/filters:format(jpeg)/pic5043219.jpg,https://cf.geekdo-images.com/mYQTbj8O-5Xp7GcRbshwoA__small/img/qKWiMD86iCYiC4ZgqPDjmrG6Ndk=/fit-in/200x150/filters:strip_icc()/pic5043219.jpg,,2,4,60,60,60,,1.6667,427,"2,3,4",2,,,0,0,0,0,3,0,0,0,1,1,2025-08-03 20:44:00,0,0,6.48897,5.54298,126,1.53949,14270,,AEG Big Game Night GenCon 2021,2021-09-17,,0.0001,USD,15,USD,GenCon Store / Auction 2025,NIS,,,,,,,,Geekmarket 11/20/2022 $15,,Included with AEG Big Game Night
183626,36095450,Internal Affairs,Internal Affairs,2015,https://cf.geekdo-images.com/FSB8PqijkFZzePjqFO5lQA__original/img/uEBKKT8SrcNpFC_xvbQ22xekHrQ=/0x0/filters:format(jpeg)/pic2906948.jpg,https://cf.geekdo-images.com/FSB8PqijkFZzePjqFO5lQA__small/img/4LT0WHUQdAeAU8nDCVStrWfwd6E=/fit-in/200x150/filters:strip_icc()/pic2906948.jpg,,2,8,20,35,35,,1.8333,698,"6,7,8","6,7",,,0,0,0,0,4,0,0,0,1,,2025-08-03 20:44:25,2,7,6.36751,5.55164,177,1.40528,13069,,Gen Con,,,10,USD,,,GenCon Store / Auction 2025,,,,,,,,,,Demo'd at GenCon 016 and really enjoyed it so we bought it!,PP Estimate
258783,70157686,Into the Black Forest,Into the Black Forest,2019,https://cf.geekdo-images.com/uD-Xg6gKKbOAG4tHj0QGmg__original/img/LzQkfPyFoyXLJxzlvUEx4WS7yTY=/0x0/filters:format(jpeg)/pic4461917.jpg,https://cf.geekdo-images.com/uD-Xg6gKKbOAG4tHj0QGmg__small/img/CAJwyX6rteVvCdkcvOgC19op6vg=/fit-in/200x150/filters:strip_icc()/pic4461917.jpg,,2,4,30,45,45,,2,287,"2,3,4",2,8+,No necessary in-game text,0,0,0,0,3,0,0,0,0,,2023-04-04 12:54:55,0,0,6.03067,5.51127,90,1.85178,22286,,,,,,,,,,,,,,,,,,Don’t know why this catches my eye,,
302461,72237948,Intrepid,Intrepid,2021,https://cf.geekdo-images.com/cYAB0vJjeAh75QOnlcLx7w__original/img/GAc_4u_NU13R1fkdB1kWfrxuPR0=/0x0/filters:format(jpeg)/pic7109773.jpg,https://cf.geekdo-images.com/cYAB0vJjeAh75QOnlcLx7w__small/img/_NGJHwrcoY6cahLpSb7Gm5I_YWM=/fit-in/200x150/filters:strip_icc()/pic7109773.jpg,,1,4,60,90,90,,3.2857,2176,"1,2,3,4",4,12+,Moderate in-game text - needs crib sheet or paste ups,0,0,0,0,3,0,0,0,1,1,2026-05-03 17:06:18,0,0,7.12043,5.84473,659,1.36464,4356,Strategy Game Rank: 1785,KS,2020-06-24,2026-05-08,60,USD,25,USD,Sold - Geekmarket,"KS Edition
INCLUDES:
Intrepid - Core Game
Intrepid: Mission Critical - Game Expansion
All unlocked stretch goals",,,,,,,,"KS June 2020
Coop save the space station
Trade interest is low",,"Sold via Geekmarket $25 John Williams

 Pledge Manager Complete 31 Aug 2020

You Are Intrepid
Hide details
One physical copy of Intrepid plus one copy of the expansion, Intrepid: Mission Critical. All unlocked stretch goals will be included.

Discounted shipping worldwide, charged through the pledge manager - see Shipping for details.

INCLUDES:
Intrepid - Core Game - MSRP $60
Intrepid: Mission Critical - Game Expansion - MSRP $30
All unlocked stretch goals"
261009,61032970,Inuit: The Snow Folk,Inuit: The Snow Folk,2019,https://cf.geekdo-images.com/1rcgdy0jY1EaTGR_xKFdhg__original/img/zgrviM6IHxMSUkIQBUwdn4ejLp4=/0x0/filters:format(jpeg)/pic4583623.jpg,https://cf.geekdo-images.com/1rcgdy0jY1EaTGR_xKFdhg__small/img/V2KXCC8bp6x0rWjbeOYK2XRRhA4=/fit-in/200x150/filters:strip_icc()/pic4583623.jpg,,2,4,30,45,45,,1.9444,1178,"2,3,4",3,8+,Some necessary text - easily memorized or small crib sheet,0,0,0,0,4,0,0,0,0,,2023-04-04 12:55:05,0,0,6.81607,5.81429,763,1.30795,4650,,,,,,,,,,,,,,,,,,Origins / Gencon 2019 - FOR SALE,,
148949,54154610,Istanbul,Istanbul,2014,https://cf.geekdo-images.com/PHH9Mreen2sBcxV6ZsE3ew__original/img/pHIJibqf-DmlOQD3CfT_rAjGmc0=/0x0/filters:format(jpeg)/pic1885326.jpg,https://cf.geekdo-images.com/PHH9Mreen2sBcxV6ZsE3ew__small/img/Vzpg3sdeAbCy0IxSAoh1aH9nvDE=/fit-in/200x150/filters:strip_icc()/pic1885326.jpg,,2,5,40,60,60,,2.5837,38975,"2,3,4,5",4,10+,No necessary in-game text,1,0,0,0,2,0,0,0,0,,2026-05-31 20:52:55,7,9,7.53438,7.37157,33755,1.15101,191,Strategy Game Rank: 155; Family Game Rank: 30,Christmas Gift,2018-12-25,,40,USD,,,Lakehouse,,,,,,,,,,,"[1-Permanent]
PP Estimate"
379037,108541852,Istanbul: Choose & Write,Istanbul: Choose & Write,2023,https://cf.geekdo-images.com/Dv2UWP5AYWnOimVJRBphpw__original/img/6ppyzMZ7SFL6fBRxidoE5YWlajI=/0x0/filters:format(jpeg)/pic7320330.jpg,https://cf.geekdo-images.com/Dv2UWP5AYWnOimVJRBphpw__small/img/sUz1f50dxsihDVSNEY3LQJCz50c=/fit-in/200x150/filters:strip_icc()/pic7320330.jpg,,1,5,30,45,45,,2.1429,888,"1,2,3,4,5",3,,No necessary in-game text,1,0,0,0,3,0,0,0,0,,2026-05-31 20:53:11,2,7,6.57171,5.6205,314,1.27918,8484,,Cardhaus,2023-07-24,2023-08-06,24.39,USD,,,Angie Game,,,,,,,,,,,"[2-Resident]
Angie’s birthday gift"
172505,59694507,Istanbul: Mocha & Baksheesh,Istanbul: Mocha & Baksheesh,2015,https://cf.geekdo-images.com/9bypOfBYU8e_YlPm6B6_gQ__original/img/HZ00gNYmnkREBjgWnYccHfSqZiY=/0x0/filters:format(jpeg)/pic2588706.jpg,https://cf.geekdo-images.com/9bypOfBYU8e_YlPm6B6_gQ__small/img/GoT1M2iLDFgqOES-KvZZHmGbtxU=/fit-in/200x150/filters:strip_icc()/pic2588706.jpg,,2,5,40,60,60,,2.7308,10270,"2,3,4,5",4,10+,Some necessary text - easily memorized or small crib sheet,1,0,0,0,2,0,0,0,0,,2023-03-20 19:49:50,0,0,7.88462,6.88857,3397,1.10636,0,,Christmas Gift,2019-12-25,,24,USD,,,,,,,,,,,,,,"PP Estimate

In Base Game Box"
235488,53091192,Istanbul: The Dice Game,Istanbul: The Dice Game,2017,https://cf.geekdo-images.com/1Plr8IRp0aXsfWOslhAgZQ__original/img/obry31vcOZx4Fg_bNFa_6mcJgRE=/0x0/filters:format(jpeg)/pic4017301.jpg,https://cf.geekdo-images.com/1Plr8IRp0aXsfWOslhAgZQ__small/img/dUJntOtZqXSlbtDl6PoqE6AKuSg=/fit-in/200x150/filters:strip_icc()/pic4017301.jpg,,2,4,20,40,40,,1.7983,8725,"2,3,4",3,8+,No necessary in-game text,1,0,0,0,3,0,0,0,0,,2026-05-31 16:23:58,22,9,7.14431,6.61677,5365,1.1692,1072,Family Game Rank: 283,Amazon,2018-08-08,,21.99,USD,,,Lakehouse,,,,,,,,,2018 Gen Con,,[1-Permanent]
248385,71954470,IT Startup,IT Startup,2018,https://cf.geekdo-images.com/x1VM0o_Sb9fcHytaeNDY3g__original/img/VYU1k_QE5dX2d0pmfHf9bkp1wNs=/0x0/filters:format(png)/pic4444029.png,https://cf.geekdo-images.com/x1VM0o_Sb9fcHytaeNDY3g__small/img/bfuh9tLWvhY6U6EjiqAMvK-wwO0=/fit-in/200x150/filters:strip_icc()/pic4444029.png,,2,4,10,60,60,,2,381,"2,3,4",4,8+,Extensive use of text - massive conversion needed to be playable,1,0,0,0,3,0,0,0,0,1,2026-05-31 20:53:20,2,8,6.34968,5.53056,123,1.58456,16561,,KS,2020-06-13,,40,USD,,,,,,,,,,,,KS June 2020,,"[2-Resident]
2x Exclusive Card + Fancy Binary Dice!
Hide details
- The Basic Game (64 cards + necessary tokens)
- The first expansion pack (32 cards)
- 2x the Kickstarter Exclusive ""Backend Developers do Frontend"" card
- A fancy wooden binary dice (25 x 25 mm)

For multiple copies just multiply the pledge amount: 32£ for one, 64£ for two etc.

This pledge does not include shipping. You will be asked to pay it after Kickstarter ends, from the Pledge Manager level.

INCLUDES:
High Quality Print & Play Version
IT Startup - The Card Game (basic)
First Expansion Pack
2x Exclusive Card + Fancy Binary Dice!"
327711,78156584,It's a Wonderful Kingdom,It's a Wonderful Kingdom,2021,https://cf.geekdo-images.com/YMJnUYqIXrOEiqVOqfhWQw__original/img/z6F_iWd82nXhxOkJGVr94qnzaxo=/0x0/filters:format(jpeg)/pic6929415.jpg,https://cf.geekdo-images.com/YMJnUYqIXrOEiqVOqfhWQw__small/img/C5ASZG8YcdMK0PRFLTXRDAwn3s4=/fit-in/200x150/filters:strip_icc()/pic6929415.jpg,,1,2,45,45,45,,2.5816,9138,"1,2",2,12+,No necessary in-game text,0,0,0,0,2,0,0,0,0,,2023-02-25 22:33:56,0,0,7.05618,6.43554,3853,1.33963,1496,Strategy Game Rank: 841,,,,,,,,,,,,,,,,,Will back this on Day 1. But I didn’t back it at all,,
298851,68769528,It's a Wonderful World: Corruption & Ascension,It's a Wonderful World: Corruption & Ascension,2020,https://cf.geekdo-images.com/Zid_TKFdhrEzxNWm4QK9YQ__original/img/uePB8nLq_ou7eNe5H3cRi2JYPfo=/0x0/filters:format(jpeg)/pic5792120.jpg,https://cf.geekdo-images.com/Zid_TKFdhrEzxNWm4QK9YQ__small/img/4vYs2S-o1gX0QBH1uqig21xRkxA=/fit-in/200x150/filters:strip_icc()/pic5792120.jpg,,1,7,45,45,45,,2.5909,9435,"1,2,3,4,5,6,7","3,4,5",12+,No necessary in-game text,1,0,0,0,3,0,0,0,0,1,2023-03-20 19:50:08,0,0,8.11656,6.69509,2051,1.13865,0,,KS,2020-02-12,,22,USD,,,,,,,,,,,,,,"PM DONE 12 March 2020
INCLUDES:
""Ascension"" expansion"
334767,102019480,It's a Wonderful World: Leisure & Decadence,It's a Wonderful World: Leisure & Decadence,2020,https://cf.geekdo-images.com/PcZChm-funS4ZgEUXcg7mQ__original/img/Sty7QmbRwZ2aE_Sn23XwcY5rlHs=/0x0/filters:format(jpeg)/pic7332602.jpg,https://cf.geekdo-images.com/PcZChm-funS4ZgEUXcg7mQ__small/img/7FkLvuJ6k_jF7PU4SVLeXDCz7Q0=/fit-in/200x150/filters:strip_icc()/pic7332602.jpg,,1,5,30,60,60,,2.4444,2605,"1,2,3","2,3",10+,Some necessary text - easily memorized or small crib sheet,1,0,0,0,3,0,0,0,0,,2023-01-08 12:37:35,0,0,8.04284,5.82143,346,1.34417,0,,,,,0.0001,USD,,,,,,,,,,,,,,Included with KS Heritage Edition
298752,102019486,It's a Wonderful World: War or Peace,It's a Wonderful World: War or Peace,2020,https://cf.geekdo-images.com/ToHfrBwIrS2JgfdMqn01zA__original/img/s2BVL87_A9TVM04OfacRGqfnyXw=/0x0/filters:format(jpeg)/pic5684929.jpg,https://cf.geekdo-images.com/ToHfrBwIrS2JgfdMqn01zA__small/img/LgkO1QPt3lpGxcternivkR1as-s=/fit-in/200x150/filters:strip_icc()/pic5684929.jpg,,1,5,30,60,60,,2.375,6527,"1,2,3,4,5",4,12+,Moderate in-game text - needs crib sheet or paste ups,1,0,0,0,3,0,0,0,0,,2023-01-08 12:37:47,0,0,7.74156,6.25797,1246,1.30299,0,,,,,0.0001,USD,,,,,,,,,,,,,,Included with KS Heritage Edition
271324,60879678,It’s a Wonderful World (Heritage Edition),It's a Wonderful World,2019,https://cf.geekdo-images.com/od4vDTdXGPSVc-kjLqM11w__original/img/sN8TnSkFGCzNM01b_drFxwYnqlM=/0x0/filters:format(jpeg)/pic4651175.jpg,https://cf.geekdo-images.com/od4vDTdXGPSVc-kjLqM11w__small/img/T2ukKoCUNv2LMxg5GOlOb8WTzNI=/fit-in/200x150/filters:strip_icc()/pic4651175.jpg,,1,5,45,45,45,,2.3242,30064,"1,2,3,4,5",4,10+,No necessary in-game text,1,0,0,0,3,0,0,0,0,1,2026-05-31 16:28:36,10,8,7.62659,7.38599,23265,1.26202,185,Strategy Game Rank: 148,KS,2019-11-23,,71,USD,,,,,,,,,,,,,,"[1-Permanent]
Heritage Box with War/Peace and Leisure/Decadence Campaign Expansions"
447589,135263033,Jackpot: Set the Reel,Jackpot: Set the Reel,2026,https://cf.geekdo-images.com/fsz3H7MCiMLJoaOQP1nf1A__original/img/BGkdIF2rgLN25k5tgDsRsEKlFD8=/0x0/filters:format(jpeg)/pic8922576.jpg,https://cf.geekdo-images.com/fsz3H7MCiMLJoaOQP1nf1A__small/img/R4spIMSHmp9mQs4SVKMsRcL-kaU=/fit-in/200x150/filters:strip_icc()/pic8922576.jpg,,1,4,30,60,60,,2.4286,41,"2,3,4","3,4",12+,No necessary in-game text,0,1,0,0,3,0,0,0,0,,2025-08-11 11:12:16,0,0,6.15667,5.50756,30,1.94948,23551,,Kickstarter,2025-08-11,,45,USD,,,,,,,,,,,,,,"Nudge Pledge Level
First Player Slot Machine
Expansions
Metal Coins"
452132,135263053,Jackpot: Set the Reel – Expansions,Jackpot: Set the Reel – Expansions,2026,https://cf.geekdo-images.com/2tPPEPDejWmygwxAH10gMw__original/img/XO2AROKJGPSmvAsAARJNt2yUeP8=/0x0/filters:format(jpeg)/pic9040296.jpg,https://cf.geekdo-images.com/2tPPEPDejWmygwxAH10gMw__small/img/JwJAmSt1MX7G9CxvIOJQiQ6556I=/fit-in/200x150/filters:strip_icc()/pic9040296.jpg,,1,4,30,45,45,,0,13,2,2,,,0,1,0,0,3,0,0,0,0,,2025-09-09 20:05:31,0,0,0,0,0,0,0,,,2025-08-11,,,,,,,,,,,,,,,,,Included in pledge
54043,73179676,Jaipur,Jaipur,2009,https://cf.geekdo-images.com/_LTujSe_o16nvjDC-J0seA__original/img/zUnAdsgt4dCxvtoRDc_9DHbic0M=/0x0/filters:format(jpeg)/pic5100947.jpg,https://cf.geekdo-images.com/_LTujSe_o16nvjDC-J0seA__small/img/82vhODfpxIT03BzW4NkisJ5Unzs=/fit-in/200x150/filters:strip_icc()/pic5100947.jpg,,2,2,30,30,30,,1.4635,95959,2,2,8+,No necessary in-game text,1,0,0,0,3,0,0,0,0,,2026-05-31 20:53:30,3,8,7.47906,7.3614,58248,1.11387,203,Family Game Rank: 37,,,,22,USD,,,,,,,,,,,,,,"[2-Resident]
PP Estimate"
272738,61806395,Jaws,Jaws,2019,https://cf.geekdo-images.com/UDv2zsY1rdWVOXyUl8faYg__original/img/XwsKpy2zpnujG6zXd959_Ts5hKE=/0x0/filters:format(jpeg)/pic4581181.jpg,https://cf.geekdo-images.com/UDv2zsY1rdWVOXyUl8faYg__small/img/gOOR7Q9EdwxdjB9t2kgS1HFBs-0=/fit-in/200x150/filters:strip_icc()/pic4581181.jpg,,2,4,60,60,60,,2.1778,17848,"2,3,4",4,10+,Some necessary text - easily memorized or small crib sheet,0,0,0,0,4,0,0,0,0,,2022-09-04 19:38:14,0,0,7.06013,6.60522,7005,1.28582,1093,Thematic Rank: 274,,,,,,,,,,,,,,,,,2019 GenCon - FOR SALE,,
2452,21292732,Jenga,Jenga,2008,https://cf.geekdo-images.com/k99HVFqaoVskrjILtedl4g__original/img/CcVWHLPzflcMrmYxllEfSaVlwWI=/0x0/filters:format(jpeg)/pic483079.jpg,https://cf.geekdo-images.com/k99HVFqaoVskrjILtedl4g__small/img/NT1ovExObhY7sg3TwXIzSsTqWLg=/fit-in/200x150/filters:strip_icc()/pic483079.jpg,,1,8,20,20,20,,1.1005,35525,"2,3,4,5,6",4,5+,No necessary in-game text,1,0,0,0,1,0,0,0,0,,2026-05-31 20:53:40,1,7,5.66384,5.58219,17428,1.46944,10448,Party Game Rank: 817,,,,,,,,Lakehouse,,,,,Hasbro,English,2008,Hasbro vintage edition,,,[2-Resident]
364641,97153995,Joan of Arc: Orléans Draw & Write,Joan of Arc: Orléans Draw & Write,2022,https://cf.geekdo-images.com/eflfeDSSSBlbPe0JFKJ0Pg__original/img/CjCl_VOPgf_4Jhd8VizzO0FJn1M=/0x0/filters:format(jpeg)/pic6910522.jpg,https://cf.geekdo-images.com/eflfeDSSSBlbPe0JFKJ0Pg__small/img/bMorCtDW6eFBeh7szmdiFXWZ570=/fit-in/200x150/filters:strip_icc()/pic6910522.jpg,,1,5,30,45,45,,2.3953,4005,"1,2,3,4","2,3",10+,No necessary in-game text,0,0,0,0,3,0,0,0,0,,2023-05-31 18:27:10,0,0,7.1905,6.19512,1693,1.15338,2258,Family Game Rank: 640,,,,,,,,,,,,,,,,,,,
332686,102453305,John Company: Second Edition,John Company: Second Edition,2022,https://cf.geekdo-images.com/TAdE4z_bwAAjJlmPrkmKhA__original/img/V5wLvuhU3mKNr6PUf1cxyeemh00=/0x0/filters:format(jpeg)/pic6601629.jpg,https://cf.geekdo-images.com/TAdE4z_bwAAjJlmPrkmKhA__small/img/pwgtQn8ArKjwBxk3bnDuIVAPWgU=/fit-in/200x150/filters:strip_icc()/pic6601629.jpg,,1,6,90,240,240,,4.4586,10118,"1,3,4,5,6","4,5",16+,Extensive use of text - massive conversion needed to be playable,0,0,0,0,3,0,0,0,0,,2023-01-17 20:52:05,1,7,8.23573,7.3402,5481,1.7334,215,Thematic Rank: 34; Strategy Game Rank: 121,,,,,,,,,,,,,,,,,,,
426349,133766250,Journey to Tír na nÓg,Journey to Tír na nÓg,2025,https://cf.geekdo-images.com/fRHjpPyuDjgXoOFyW_3ffg__original/img/ZNefFDHT_RA1cd0gQzS8qJJYMKw=/0x0/filters:format(png)/pic8361866.png,https://cf.geekdo-images.com/fRHjpPyuDjgXoOFyW_3ffg__small/img/YvaxofOOoaCLg04hJk4D7Cj7lik=/fit-in/200x150/filters:strip_icc()/pic8361866.png,,1,4,60,60,60,,2,215,,,,Unplayable in another language,1,0,0,0,3,0,0,0,0,,2026-05-31 17:29:22,0,0,6.3,0,20,1.4089,0,,KS,2024-08-20,2025-12-24,10,USD,,,,,,,,,,,,,,"[2-Resident]
In Base Game box with Blessings and Burdens Expansion"
325698,134842277,Juicy Fruits,Juicy Fruits,2021,https://cf.geekdo-images.com/wpkz4nS0Iqdv46zjsB3xhw__original/img/LJWVxyDFX7kh4gsVxTjCyL6aRH8=/0x0/filters:format(jpeg)/pic7371921.jpg,https://cf.geekdo-images.com/wpkz4nS0Iqdv46zjsB3xhw__small/img/O29rsYOrkfjaUrW65LLOxMK1ghs=/fit-in/200x150/filters:strip_icc()/pic7371921.jpg,,1,4,20,50,50,,2.0139,7143,"1,2,3,4",3,8+,No necessary in-game text,1,0,0,0,3,1,0,0,0,,2026-05-31 17:29:31,0,0,6.99081,6.32963,3050,1.13217,1774,Family Game Rank: 514,GenCon,2025-07-31,2025-07-31,,,,,,,,,,,,,,,,"[4-Evaluate]
Free with purchase of other games"
205597,105268568,Jump Drive,Jump Drive,2017,https://cf.geekdo-images.com/vidEoAQGKIucMiHEwVE-tQ__original/img/c8_pAZOeAxfE6vOoUTUYy3G-z5Y=/0x0/filters:format(jpeg)/pic3121227.jpg,https://cf.geekdo-images.com/vidEoAQGKIucMiHEwVE-tQ__small/img/tuaYCNt7vesWf83MSn7_Dwa64m4=/fit-in/200x150/filters:strip_icc()/pic3121227.jpg,,2,4,10,30,30,,2.0154,7532,"1,2,3,4",3,10+,Some necessary text - easily memorized or small crib sheet,0,0,0,0,3,0,0,0,0,,2025-08-12 19:01:35,0,0,6.9993,6.53893,5471,1.36043,1229,Strategy Game Rank: 743; Family Game Rank: 350,,,,,,,,,,,,,,,,,,,
375115,105268574,Jump Drive: Terminal Velocity,Jump Drive: Terminal Velocity,2023,https://cf.geekdo-images.com/Sxh60ASRFSB1UXeYCa_9Lg__original/img/NSQAczurdeHoycrrEkzvn9QhLQM=/0x0/filters:format(jpeg)/pic7190157.jpg,https://cf.geekdo-images.com/Sxh60ASRFSB1UXeYCa_9Lg__small/img/MwJdKa3GpEFhRKD_cGqWvrMXGJQ=/fit-in/200x150/filters:strip_icc()/pic7190157.jpg,,1,5,30,30,30,,2.2308,1345,"1,2,3,4,5",1,10+,Some necessary text - easily memorized or small crib sheet,0,0,0,0,3,0,0,0,0,,2025-08-12 19:01:32,0,0,8.05992,5.85301,377,1.233,0,,,,,,,,,,,,,,,,,,,,
424816,132946624,Jungo,Jungo,2025,https://cf.geekdo-images.com/-s3g7tvzTk-aylhc7Uy2pw__original/img/YbvrXrUv8NcSLT1o7_YEQPUtwU8=/0x0/filters:format(png)/pic8918687.png,https://cf.geekdo-images.com/-s3g7tvzTk-aylhc7Uy2pw__small/img/s2po1RsewfUXnUPOLaTGEIVs5jE=/fit-in/200x150/filters:strip_icc()/pic8918687.png,,2,5,15,15,15,,1.1707,4097,"3,4,5",4,6+,No necessary in-game text,0,0,0,0,2,0,0,0,1,,2025-09-29 17:48:28,1,6,7.0883,6.16664,1785,1.26696,2352,Family Game Rank: 705,GenCon,2025-07-31,2025-10-03,15,USD,10,USD,Sold - Indy Spiel,,,,,,,,,"GenCon 2025
From the makers of Trio
Only plays up to 5 players",,Sold Indy Spiel Flea Market - Chris R
193042,36682193,Junk Art,Junk Art,2017,https://cf.geekdo-images.com/KvUrBvixRUFsJcc0uf39Vg__original/img/8W9kSrYh_0R6KB-oejVGLa3xmEk=/0x0/filters:format(jpeg)/pic3928134.jpg,https://cf.geekdo-images.com/KvUrBvixRUFsJcc0uf39Vg__small/img/lTkr4V1RRhNrc1DdHBstQEsDKGs=/fit-in/200x150/filters:strip_icc()/pic3928134.jpg,,2,6,30,30,30,,1.1947,12158,"2,3,4,5,6","4,5",6+,No necessary in-game text,0,0,0,0,3,0,0,0,1,,2025-08-21 16:44:00,4,6,7.34762,6.90736,8284,1.24928,613,Party Game Rank: 25; Family Game Rank: 134,,,2025-08-21,40,USD,75,USD,Sold GeekMarket,This ia the wooden edition.,,,,Pretzel Games,Dutch; English; French; German,2017,Multilingual wooden edition,,Very fun dexterity game. Can play with the family or with friends over a few beers!,"PP Estimate
$75 Geekmarket 2025-07-08

Sold gabrielxz BGG Geekmarket for $75 on 2025-08-21"
254640,56799141,Just One,Just One,2018,https://cf.geekdo-images.com/74haNunMBn85beBi-yIKwA__original/img/hA22qL6nZxchA8FMTIfhLMcI53I=/0x0/filters:format(png)/pic8669313.png,https://cf.geekdo-images.com/74haNunMBn85beBi-yIKwA__small/img/feIV-gqMeza43ycvxh6PGx4lA_w=/fit-in/200x150/filters:strip_icc()/pic8669313.png,,3,7,20,60,60,,1.0337,60559,"4,5,6,7","6,7",8+,Unplayable in another language,0,0,0,0,3,0,0,0,1,,2026-05-31 20:54:11,10,8,7.59182,7.43764,35096,1.20921,157,Party Game Rank: 3,Christmas Gift,2021-12-25,,22,USD,,,Bub & Rossella,,,,,,,,,Party Game,,PP Estimate
320390,76083292,Kabuto Sumo,Kabuto Sumo,2021,https://cf.geekdo-images.com/fG4GxTHRYGasb0WYE-udJQ__original/img/uenvywev5fgsuZZqCmMTDAY-MLQ=/0x0/filters:format(jpeg)/pic6256515.jpg,https://cf.geekdo-images.com/fG4GxTHRYGasb0WYE-udJQ__small/img/VxiuAUI5idseMgx-yLPKgnsnlsY=/fit-in/200x150/filters:strip_icc()/pic6256515.jpg,,2,4,15,15,15,,1.1757,9640,"2,3,4",2,6+,Some necessary text - easily memorized or small crib sheet,0,0,0,0,3,0,0,0,1,,2024-07-14 16:35:24,4,6,6.71568,6.26442,4299,1.31809,1994,Family Game Rank: 642,GenCon 2021,,,30,USD,20,USD,Sold via BGG Marketplace on 2024-07-13 to amazedbygrace86,,,,,,,,,"KS Nov 2020
Wanted to back it but passed (loot of Lima creators)
Looks fun, but trying to be more selective in my collection",,
331736,85678004,Kabuto Sumo: Insect All-Stars,Kabuto Sumo: Insect All-Stars,2021,https://cf.geekdo-images.com/tPhMJVrQjvBtUSoMWBJjWQ__original/img/rMUhUKA2q0dMaWu2Tb5Wle0KWwY=/0x0/filters:format(jpeg)/pic8650652.jpg,https://cf.geekdo-images.com/tPhMJVrQjvBtUSoMWBJjWQ__small/img/TgWKLUFACtKW5NXnC-R9217Ccb8=/fit-in/200x150/filters:strip_icc()/pic8650652.jpg,,2,4,15,15,15,,1.1667,3156,"2,3,4","2,4",5+,Some necessary text - easily memorized or small crib sheet,0,0,0,0,3,0,0,0,1,1,2024-08-01 20:19:34,0,0,7.21352,5.77466,455,1.258,0,,GenCon 2021,,,15,USD,,,,In base game box,,,,,,,,,,Included with Kabuto Sumo Base game
6931,53349650,Katamino,Katamino,1992,https://cf.geekdo-images.com/TXRySQoktRRuwCl8pxeTsA__original/img/95lYxG11cLJ-z8e2tLEVX794mHE=/0x0/filters:format(jpeg)/pic3488257.jpg,https://cf.geekdo-images.com/TXRySQoktRRuwCl8pxeTsA__small/img/IEmudWjTSbgcgzzxxjN_2mixG7A=/fit-in/200x150/filters:strip_icc()/pic3488257.jpg,,1,2,10,10,10,,1.7619,3643,"1,2",1,3+,No necessary in-game text,1,0,0,0,3,0,0,0,0,,2026-05-31 20:54:25,2,6,6.50783,5.82562,1261,1.48396,4532,Abstract Game Rank: 245,Gen Con,2018-08-03,,25,USD,,,,,,,,,,,,,,"[1-Permanent]
PP Estimate"
379555,116794757,Katamino Tower,Katamino Tower,2023,https://cf.geekdo-images.com/VJqEiHel_ZJU7BRnBM0aNA__original/img/LbXkDBB5wKD64kWvTX9uGKgCeaA=/0x0/filters:format(png)/pic7800321.png,https://cf.geekdo-images.com/VJqEiHel_ZJU7BRnBM0aNA__small/img/uUjFu108enSv7FRQICJzxGWCQic=/fit-in/200x150/filters:strip_icc()/pic7800321.png,,1,2,0,0,0,,2,105,"1,2",1,4,,0,0,0,0,3,0,0,0,1,,2025-09-29 19:42:27,0,0,6.4575,5.51261,40,1.70966,21826,,Hachette,2024-08-09,2024-08-21,38,USD,,,Gianna,,,,,,,,,GB game,,
297562,71771746,Kemet: Blood and Sand,Kemet: Blood and Sand,2021,https://cf.geekdo-images.com/IU-az-0jlIpoUxDHCCclNw__original/img/UXp8jCSt7DxXUIPqTPZY4EBBtJg=/0x0/filters:format(jpeg)/pic6230640.jpg,https://cf.geekdo-images.com/IU-az-0jlIpoUxDHCCclNw__small/img/-S3brxcCPrlKmYk8MrWCkVdOgxw=/fit-in/200x150/filters:strip_icc()/pic6230640.jpg,,2,5,90,180,180,,3.1965,11493,"3,4,5",4,10+,No necessary in-game text,0,0,0,0,3,0,0,0,1,1,2024-07-14 20:31:44,1,6,7.90092,7.19334,6214,1.33923,307,Strategy Game Rank: 183,KS,2020-06-06,,80,USD,50,USD,Sold,"Played once.  Not sure I am ready to trade this yet, but added it to my For Trade lis because, ya never know…",,,,,,,,Listed $50 OctoCon; Sold for $50 to @BigMike85 at OctoCon 2022,,"PM DONE 2 July 2020 Added Book of Dead Expansion and Great Old Ones Expansion

This is Kemet: Blood and Sand base pledge. You will be able to select your language in the pledge manager.

Content:
• Kemet: Blood and Sand base game - 5 players
• All unlocked stretch goals

Language availables:
English - French - German - Italian - Korean - Spanish

Sold for $50 to @BigMike85 at OctoCon 2022"
198190,64018234,Kepler-3042,Kepler-3042,2017,https://cf.geekdo-images.com/vBOp95hH-UhrDawnMyY-xQ__original/img/5wEUzXvvsusT9Lxk6LXOZmgVHYY=/0x0/filters:format(png)/pic3673652.png,https://cf.geekdo-images.com/vBOp95hH-UhrDawnMyY-xQ__small/img/om3xN3SKlSlZrN2ka4_6bIyjlXk=/fit-in/200x150/filters:strip_icc()/pic3673652.png,,1,4,60,120,120,,3.3947,2666,"1,2,3,4",3,12+,Moderate in-game text - needs crib sheet or paste ups,0,0,0,0,3,0,0,0,1,,2024-07-14 20:30:49,1,8,7.28936,6.15672,1445,1.26432,2396,Thematic Rank: 470; Strategy Game Rank: 1162,BGG Auction,2019-09-26,,20,USD,20,USD,Sold,Acquired via trade.  Only played once.  Excellent / Like New condition.,,,,Placentia Games; Renegade Game Studios,English,2017,Renegade English edition,,"Tight... best way to describe this game!  Optimization is what it is all about.  Fun, if you like that sort of thing.  Definitely won’t be for everyone!",Sold to Garrett Sampson saytrsong@yahoo.com via GeekMarket for $20
272453,77422940,KeyForge: Age of Ascension,KeyForge: Age of Ascension,2019,https://cf.geekdo-images.com/h-WF0zgSWsuZ6vAvZxUG_A__original/img/kb_gUBOXt3H4pWWB25ZfoDvIqHY=/0x0/filters:format(jpeg)/pic4574772.jpg,https://cf.geekdo-images.com/h-WF0zgSWsuZ6vAvZxUG_A__small/img/QUc7L9aZuO2ZqiH86MTlVMIs2y8=/fit-in/200x150/filters:strip_icc()/pic4574772.jpg,,2,2,15,45,45,,2.6923,6830,2,2,8+,Extensive use of text - massive conversion needed to be playable,0,0,0,0,3,0,0,0,0,,2020-12-22 01:01:04,3,9,7.14698,6.33406,2696,1.53698,1764,Customizable Rank: 40,,,,,,,,,,,,,,,,,,,
272455,61152556,KeyForge: Age of Ascension – Archon Deck,KeyForge: Age of Ascension – Archon Deck,2019,https://cf.geekdo-images.com/76aUbIOIMKvu46mi_B9UzA__original/img/PEbKeGHpUraMrcHWxgeUHyH47NU=/0x0/filters:format(jpeg)/pic4574768.jpg,https://cf.geekdo-images.com/76aUbIOIMKvu46mi_B9UzA__small/img/kfUv7KyFF4YLtx-KjzadkP1sciI=/fit-in/200x150/filters:strip_icc()/pic4574768.jpg,,2,2,15,45,45,,3.2222,2012,2,2,8+,Extensive use of text - massive conversion needed to be playable,1,0,0,0,3,0,0,0,0,,2023-07-24 20:42:50,0,0,7.4137,5.82575,524,1.51319,0,,,,,,,,,Office,,,,,,,,,,,
257501,55871980,KeyForge: Call of the Archons,KeyForge: Call of the Archons,2018,https://cf.geekdo-images.com/ZzJ2NGZz4CXxr1VIRkQZtA__original/img/ePqFX4yps1Mj2muu8YKnJE6wmmg=/0x0/filters:format(jpeg)/pic4298867.jpg,https://cf.geekdo-images.com/ZzJ2NGZz4CXxr1VIRkQZtA__small/img/ywNMVg_jcW9XNWvn80xOB_nT7Eo=/fit-in/200x150/filters:strip_icc()/pic4298867.jpg,,2,2,15,45,45,,2.4872,17262,2,2,10+,Extensive use of text - massive conversion needed to be playable,1,0,0,0,3,0,0,0,0,,2026-05-31 16:24:35,8,9,7.06301,6.72465,11754,1.609,873,Customizable Rank: 52,Cardhaus,2018-11-27,,,,,,Office,,,,,,,,,,,"[2-Resident]
"
257606,55948573,KeyForge: Call of the Archons – Archon Deck,KeyForge: Call of the Archons – Archon Deck,2018,https://cf.geekdo-images.com/pumOiIe4SF1Q0s86Xq4k_g__original/img/8Haimh562gkHUv9CaqP-7t2Qzak=/0x0/filters:format(jpeg)/pic4460537.jpg,https://cf.geekdo-images.com/pumOiIe4SF1Q0s86Xq4k_g__small/img/oMINXhMuG2NSgtik8fmwjgLDqy0=/fit-in/200x150/filters:strip_icc()/pic4460537.jpg,,2,2,15,45,45,,2.4231,5082,2,2,10+,Extensive use of text - massive conversion needed to be playable,1,0,0,0,3,0,0,0,0,,2023-07-24 20:43:00,0,0,7.27101,6.20493,1651,1.44842,0,,Cardhaus,2018-11-27,,,,,,Office,,,,,,,,,,,
299684,135244623,Khôra: Rise of an Empire,Khôra: Rise of an Empire,2021,https://cf.geekdo-images.com/Bo-JkTTZmznNwVPg9AMb5w__original/img/WDG19Q0xjPkotJH0fKsazlKZXSs=/0x0/filters:format(jpeg)/pic6078973.jpg,https://cf.geekdo-images.com/Bo-JkTTZmznNwVPg9AMb5w__small/img/2v5fHaKMLng-tFw7cMl0WugkPJE=/fit-in/200x150/filters:strip_icc()/pic6078973.jpg,,2,4,75,75,75,,2.7439,7973,"2,3,4",4,12+,Moderate in-game text - needs crib sheet or paste ups,0,0,0,0,3,0,0,0,0,,2025-08-10 21:01:01,1,7,7.36229,6.71463,4789,1.21149,887,Strategy Game Rank: 527,,,,,,,,,,,,,,,,,,,
204583,56856565,Kingdomino,Kingdomino,2016,https://cf.geekdo-images.com/c0m3gwZTcfKoLI63ASio8g__original/img/HT6NQPT0cSFcZXjSewtjTO_NBAE=/0x0/filters:format(png)/pic8443569.png,https://cf.geekdo-images.com/c0m3gwZTcfKoLI63ASio8g__small/img/4p4Xydg0tze9UFcd6oUbCnVyxCw=/fit-in/200x150/filters:strip_icc()/pic8443569.png,,2,4,15,25,25,,1.239,91436,"2,3,4","2,4",6+,No necessary in-game text,1,0,0,0,3,0,0,0,0,,2026-05-31 20:54:45,5,8,7.28757,7.16889,53084,1.12545,329,Family Game Rank: 79,Christmas Gift,2018-12-25,,22,USD,,,,,,,,,,,,,,"[2-Resident]
PP Estimate"
311822,108576797,Kinghill,Kinghill,2022,https://cf.geekdo-images.com/_ldjbpk9c6GIVSrkUknvHw__original/img/23UxfS1mMkwQqr7q0jR3OWgLEiw=/0x0/filters:format(jpeg)/pic5496233.jpg,https://cf.geekdo-images.com/_ldjbpk9c6GIVSrkUknvHw__small/img/zKcZUSc3HsLC9kIvn2wOV8iW08c=/fit-in/200x150/filters:strip_icc()/pic5496233.jpg,,1,2,45,90,90,,3.6111,565,2,2,10+,Moderate in-game text - needs crib sheet or paste ups,0,0,0,0,3,0,0,0,1,1,2025-08-03 20:44:39,1,7,7.71362,5.68067,235,1.33249,6753,,Traded from jiggity with The Colonists for Venice and Ragusa,2024-01-14,2025-07-08,45,USD,,,GenCon Store / Auction 2025,Only played once,,,,,,,,GenCon 23. Like the artwork. Worker placement,,"Price estimated via trade values
9434636105536137092294

Listed for $25 in Geekmarket on 2025-07-08"
27162,132290391,Kingsburg,Kingsburg,2007,https://cf.geekdo-images.com/pHFQxD8va6vOrrNfazVzsg__original/img/LKINGoSbAufYYSAElNZDOubbYZg=/0x0/filters:format(jpeg)/pic253057.jpg,https://cf.geekdo-images.com/pHFQxD8va6vOrrNfazVzsg__small/img/C5cCKKfjEpm87frQIFOOYfzmIyc=/fit-in/200x150/filters:strip_icc()/pic253057.jpg,,2,5,90,90,90,,2.4209,18635,"2,3,4,5",4,10+,Moderate in-game text - needs crib sheet or paste ups,0,0,0,0,3,0,0,0,1,,2026-04-26 20:23:09,1,7,7.16586,6.96163,20123,1.23188,544,Strategy Game Rank: 396; Family Game Rank: 137,Indy Spiel,2025-05-14,2026-05-15,10,USD,10,USD,Sold - Indy Spiel,,,,,,,,,,,"Sold Indy Spiel May 2026
John Hines $10"
253368,60879670,Kingswood,Kingswood,2020,https://cf.geekdo-images.com/oNlvQIIM_2MH5jNXEeMJjA__original/img/FxflBoXDi24vSs5yRcc1aefoRrI=/0x0/filters:format(png)/pic5144912.png,https://cf.geekdo-images.com/oNlvQIIM_2MH5jNXEeMJjA__small/img/CIC2wav2EdMnkvrBbHDVzNnNdkM=/fit-in/200x150/filters:strip_icc()/pic5144912.png,,1,5,15,45,45,,1.3125,1090,"1,2,3",3,8+,Moderate in-game text - needs crib sheet or paste ups,1,0,0,0,3,1,0,0,0,1,2026-05-31 20:55:00,2,8,6.68199,5.7112,559,1.36974,6093,Family Game Rank: 1812,KS,,,40,USD,,,,,,,,,,,,,,"[2-Resident]
PM DONE 6 June 2019
Deluxe Edition
Hide details
Shipping will be charged after the campaign in the pledge manager. See shipping section for more details.

US: $5
Canada & the EU: $10
Rest of the World: $15

INCLUDES:
Game with all applicable stretch goals
80 Wooden Resource Tokens
30 Metal Coins"
293267,73855750,Kitara,Kitara,2020,https://cf.geekdo-images.com/zz0xdVm4LF627Tk7wMpaQw__original/img/QW2Rw7Dabm3bP90D2T6KVQasLq4=/0x0/filters:format(png)/pic5335779.png,https://cf.geekdo-images.com/zz0xdVm4LF627Tk7wMpaQw__small/img/zm3XpxMI5XBgH7dYqzbYvkp-ihk=/fit-in/200x150/filters:strip_icc()/pic5335779.png,,2,4,40,40,40,,2.1667,1724,"2,3,4",4,10+,No necessary in-game text,0,0,0,0,3,0,0,0,0,,2024-01-08 21:13:43,0,0,6.78139,5.76877,689,1.28324,5186,Family Game Rank: 1574,,,,,,,,,,,,,,,,,Cheetah centaur!  Dudes on a map in Africa,,
165722,36095664,KLASK,KLASK,2014,https://cf.geekdo-images.com/oPNuEm_dR987BKoYEF9zGQ__original/img/ZNqEkLMKkrIPxRduZWmWC6VBgoY=/0x0/filters:format(png)/pic7414566.png,https://cf.geekdo-images.com/oPNuEm_dR987BKoYEF9zGQ__small/img/JeO68IlD-DGB8zg2ozB-3MmpN2s=/fit-in/200x150/filters:strip_icc()/pic7414566.png,,2,2,10,10,10,,1.0453,17832,2,2,6+,No necessary in-game text,1,0,0,0,2,0,0,0,0,,2026-05-31 16:27:24,3,8,7.62313,7.26077,12324,1.3378,262,Party Game Rank: 8; Family Game Rank: 41,,,,50,USD,,,Lakehouse,,,,,,,,,,,"[1-Permanent]
PP Estimate"
379629,134866109,Knarr,Knarr,2023,https://cf.geekdo-images.com/PaYRAlezMGDlLt8LXmR_sQ__original/img/9nndYkVCIDsSHM3CmuiLk-0WCHk=/0x0/filters:format(png)/pic7857343.png,https://cf.geekdo-images.com/PaYRAlezMGDlLt8LXmR_sQ__small/img/9BXSosnE91-b8tHUEz3Qgfr0aAo=/fit-in/200x150/filters:strip_icc()/pic7857343.png,,2,4,30,30,30,,1.9009,13123,"2,3,4",3,10+,No necessary in-game text,1,0,0,0,3,1,0,0,0,,2026-05-31 20:55:18,1,7,7.47049,7.00241,8183,1.07788,503,Family Game Rank: 105,GenCon,2025-08-01,2025-08-01,20,USD,,,,,,,,,,,,,,[3-Transient]
283623,61845939,Knights of the Hound Table,Knights of the Hound Table,2019,https://cf.geekdo-images.com/HXaocDoJ2W6P8Ao9qd7VEg__original/img/4-nYvvaiOecrBXQaKM5RZtgvs2w=/0x0/filters:format(png)/pic5729024.png,https://cf.geekdo-images.com/HXaocDoJ2W6P8Ao9qd7VEg__small/img/GsYS5BQ_xyQ79C5YDZDtgBgSU80=/fit-in/200x150/filters:strip_icc()/pic5729024.png,,2,4,35,50,50,,1,153,2,2,,,0,0,0,0,1,0,0,0,1,1,2026-05-31 20:55:34,1,6,6.2175,5.506,40,1.73492,24057,,KS,,,40,USD,20,USD,,New in shrink.,,,,,,,,Listed $5 OctoCon,,Ordered 2 copies to play 3-4 player version
283623,100493605,Knights of the Hound Table,Knights of the Hound Table,2019,https://cf.geekdo-images.com/HXaocDoJ2W6P8Ao9qd7VEg__original/img/4-nYvvaiOecrBXQaKM5RZtgvs2w=/0x0/filters:format(png)/pic5729024.png,https://cf.geekdo-images.com/HXaocDoJ2W6P8Ao9qd7VEg__small/img/GsYS5BQ_xyQ79C5YDZDtgBgSU80=/fit-in/200x150/filters:strip_icc()/pic5729024.png,,2,4,35,50,50,,1,153,2,2,,,1,0,0,0,3,0,0,0,0,,2026-05-31 20:55:34,1,4,6.2175,5.506,40,1.73492,24057,,KS,,,20,USD,,,,,,,,,,,,,,[2-Resident]
425873,122173487,Koala Rescue Club,Koala Rescue Club,2024,https://cf.geekdo-images.com/gUp3Rslpt1ZXvaDFWa5_wQ__original/img/Vd84RfX9V0M6uTCcVMXLNdoGMgY=/0x0/filters:format(jpeg)/pic8343024.jpg,https://cf.geekdo-images.com/gUp3Rslpt1ZXvaDFWa5_wQ__small/img/z4-jfEjhlbU8PNuhous2EmQAKUs=/fit-in/200x150/filters:strip_icc()/pic8343024.jpg,,1,100,20,30,30,,1,499,"1,2,3,4",2,5,No necessary in-game text,1,0,0,0,3,0,0,0,0,,2026-05-31 20:55:53,1,6,6.88185,5.57469,135,1.11607,10979,,Kickstarter,2024-08-13,2024-12-01,7,USD,,,Print n Play,,,,,,,,,,,"[2-Resident]
"
264141,60429094,Kodachi,Kodachi,2019,https://cf.geekdo-images.com/9Ns8DfvEhMQeMRzkCqeGFQ__original/img/0oH0RH3UuTuX2kyw0LioqcJ4HPU=/0x0/filters:format(jpeg)/pic4409327.jpg,https://cf.geekdo-images.com/9Ns8DfvEhMQeMRzkCqeGFQ__small/img/HgH9JKUrg7EIw7w3pYXdtDCkNnE=/fit-in/200x150/filters:strip_icc()/pic4409327.jpg,,2,4,45,45,45,,1.8261,1089,"2,3,4",2,8+,No necessary in-game text,1,0,0,0,1,0,0,0,0,,2026-05-31 16:24:48,8,9,7.28993,5.81011,513,1.10073,4695,Family Game Rank: 1381,Cardhaus,2019-06-03,,12.82,USD,,,,,,,,,,,,,,"[1-Permanent]
"
252402,119602490,Kodama Duo,Kodama Duo,2018,https://cf.geekdo-images.com/knVhHK8rfPigpYOqyhUXgA__original/img/WWniV3xp5lCmrN-YyDiF1evLClU=/0x0/filters:format(jpeg)/pic4119786.jpg,https://cf.geekdo-images.com/knVhHK8rfPigpYOqyhUXgA__small/img/wqJX37cCRVySS1KdrfAIshAqjik=/fit-in/200x150/filters:strip_icc()/pic4119786.jpg,,2,0,30,30,30,,1.7692,2054,,,3+,Moderate in-game text - needs crib sheet or paste ups,0,0,0,0,3,0,0,0,1,,2025-08-03 20:44:53,0,0,6.63174,5.69535,527,1.285,6402,Family Game Rank: 1848,MayCon Raffle Prize,2024-05-25,2025-07-08,,,,,GenCon Store / Auction 2025,,,,,,,,,,,$5 Geekmarket 2025-07-08
341275,104085649,Kuiperium,Kuiperium,2024,https://cf.geekdo-images.com/efL8hwQd8kJTqfwuZJ_www__original/img/1oeh758yZLAgtdNC-tMTQsPDfMM=/0x0/filters:format(png)/pic6930094.png,https://cf.geekdo-images.com/efL8hwQd8kJTqfwuZJ_www__small/img/hfWe7XFIXckWVM8m1I6RZK7qsaI=/fit-in/200x150/filters:strip_icc()/pic6930094.png,,2,2,30,90,90,,2.6667,237,2,2,,,0,0,1,0,3,0,1,0,0,,2025-11-02 10:02:49,0,0,8.08544,5.56568,90,1.38953,11703,,,,,,,,,,,,,,,,,,"KS Feb 2023
Interesting card laying to create worker placement mechanism

Card text and symbology might be an issue (check it out as campaign goes on)",,
399132,137702955,Kuldhara,Kuldhara,2025,https://cf.geekdo-images.com/UrJSO6KSK_7mZKICp-G9Cg__original/img/5fviLPn3kN8Obtl8wVf-f1kPcIk=/0x0/filters:format(png)/pic8976692.png,https://cf.geekdo-images.com/UrJSO6KSK_7mZKICp-G9Cg__small/img/xMhUuY4-zrv68sLlMBrmv4KkCRU=/fit-in/200x150/filters:strip_icc()/pic8976692.png,,1,4,30,120,120,,2.6667,118,"1,2,3","1,3",10,No necessary in-game text,0,0,1,0,3,0,0,0,0,,2025-12-18 11:40:27,0,0,7.1051,5.53549,98,1.60467,15530,,,,,,,,,,,,,,,,,,"Essen 2025
Looks cool.  Cool theme

Looks OK, wouldn't spend much more than $25-30",,
385610,106192626,Kutná Hora: The City of Silver,Kutná Hora: The City of Silver,2023,https://cf.geekdo-images.com/ar_YhktX6VcXBLcEfnu_dw__original/img/QyKTmZomxKVYO_uY5OjaojFQNUk=/0x0/filters:format(png)/pic7464921.png,https://cf.geekdo-images.com/ar_YhktX6VcXBLcEfnu_dw__small/img/XlZo63iHoNfh7yKZdJiJj2Wfglo=/fit-in/200x150/filters:strip_icc()/pic7464921.png,,2,4,60,120,120,,3.3396,8511,"2,3,4","3,4",12+,Some necessary text - easily memorized or small crib sheet,0,0,0,0,3,0,0,0,0,,2025-11-07 12:03:45,0,0,7.75434,7.02406,5464,1.25474,477,Strategy Game Rank: 277,,,,,,,,,,,,,,,,,Origins Preview 2023,,
439803,137520444,L'oaf,L'oaf,2025,https://cf.geekdo-images.com/EgGYCsq1DwHD6PkOkCTngA__original/img/PmQm_pmoTksLbzV3WEpipSC3D8M=/0x0/filters:format(jpeg)/pic8723877.jpg,https://cf.geekdo-images.com/EgGYCsq1DwHD6PkOkCTngA__small/img/GlXf5cvQJwbnju3WEWMRHNzw84M=/fit-in/200x150/filters:strip_icc()/pic8723877.jpg,,2,6,20,30,30,,1.5455,602,"3,4,5,6","3,4",8+,No necessary in-game text,0,0,1,1,3,0,0,0,0,,2025-10-18 21:18:40,0,0,7.0173,5.65656,277,1.30883,7331,,,,,,,,,,,,,,,,,,"This would be a great Indy Spiel game
Might be ok for Sunday nights",,
313473,72424655,L.A.M.A. Party Edition,L.A.M.A. Party Edition,2020,https://cf.geekdo-images.com/fThVAJHdHe1zbdJr6_A_zA__original/img/Xm43Q5iQNONqDbLd78NF3pHfNZ0=/0x0/filters:format(jpeg)/pic5575709.jpg,https://cf.geekdo-images.com/fThVAJHdHe1zbdJr6_A_zA__small/img/zHCY5IqBIGJ8j6RHZW456ygx8xw=/fit-in/200x150/filters:strip_icc()/pic5575709.jpg,,2,6,20,20,20,,1.04,2296,"3,4,5,6",5,6+,No necessary in-game text,0,0,0,0,1,0,0,0,0,,2022-10-11 08:52:50,0,0,6.98413,5.95833,1093,1.34333,3440,Family Game Rank: 1045,,,,,,,,,,,,,,,,,LLAMA!!!,,
266083,69494514,L.L.A.M.A.,L.L.A.M.A.,2019,https://cf.geekdo-images.com/_K4k5XqtcHc947wtMcwafA__original/img/KeuyubABzu81Tc40hHAUGTDqNuA=/0x0/filters:format(jpeg)/pic4961695.jpg,https://cf.geekdo-images.com/_K4k5XqtcHc947wtMcwafA__small/img/-mlnpzGwxTicMllpaSHu6Py8ZjQ=/fit-in/200x150/filters:strip_icc()/pic4961695.jpg,,2,6,20,20,20,,1.0534,18554,"3,4,5,6","4,5",6+,No necessary in-game text,1,0,0,0,2,0,0,0,0,1,2026-05-31 20:56:05,20,8,6.49301,6.27573,10360,1.47755,1961,Family Game Rank: 689,Cardhaus,2020-03-08,,7,USD,,,,,,,,,,,,Played at IndyCon 2020. Surprisingly fun.  Like UNO but better?,,[1-Permanent]
151771,53369149,La Cosa Nostra,La Cosa Nostra,2014,https://cf.geekdo-images.com/P9bOdjcFFhjJdaeKjsy4xw__original/img/diuCcRTlwXadBZx_LK8B9KSMCUw=/0x0/filters:format(jpeg)/pic2971870.jpg,https://cf.geekdo-images.com/P9bOdjcFFhjJdaeKjsy4xw__small/img/OkTjlsYuMU36TxpFWt8JgtNgPn4=/fit-in/200x150/filters:strip_icc()/pic2971870.jpg,,3,5,90,90,90,,2.5833,3880,"3,4,5",4,16+,Moderate in-game text - needs crib sheet or paste ups,0,0,0,0,3,0,0,0,1,,2024-07-14 20:29:11,0,0,7.54558,6.39411,2040,1.35252,1606,Thematic Rank: 316,Gen Con,2018-08-05,,,,20,USD,Sold,New in Shrink,,,,,,,,Listed in Geekmarket on 11/20/2022 for $20,,Sold $20 to TPanzyo via GeekMarket on 12/4/2022
367517,96461654,La Famiglia: The Great Mafia War,La Famiglia: The Great Mafia War,2023,https://cf.geekdo-images.com/zM3cPLHv2smrTSDI565a3A__original/img/uMqWKO2eqgAWfa4DU7P7Zo8wOhE=/0x0/filters:format(jpeg)/pic7322524.jpg,https://cf.geekdo-images.com/zM3cPLHv2smrTSDI565a3A__small/img/k2gvTqIvCffscucHD-uJ65dfQYA=/fit-in/200x150/filters:strip_icc()/pic7322524.jpg,,4,4,120,180,180,,3.9926,3067,4,4,14+,Some necessary text - easily memorized or small crib sheet,0,0,0,0,3,0,0,0,0,,2023-04-04 12:51:06,0,0,7.97319,6.52975,1883,1.62157,1255,Strategy Game Rank: 632,,,,,,,,,,,,,,,,,Interested but 4 players will limit me,,
427202,128771262,La Pâtisserie Rococo,La Pâtisserie Rococo,2026,https://cf.geekdo-images.com/285LclstGQ_04jKk9JZgjA__original/img/af2UP9gS5Xk2kx0xMBiExUrhNJA=/0x0/filters:format(png)/pic8377382.png,https://cf.geekdo-images.com/285LclstGQ_04jKk9JZgjA__small/img/UG06vqmAYongzvUeHYQQLh7aEcg=/fit-in/200x150/filters:strip_icc()/pic8377382.png,,1,5,60,150,150,,3.25,911,"1,2,3,4,5",3,14+,,0,0,0,0,3,0,0,0,1,,2026-01-16 21:09:29,1,7,7.19405,5.65503,234,1.41048,7374,,Kickstarter,2025-01-29,2026-01-16,45,USD,55,USD,Sold - Geekmarket,,,,,,,,,,,"Added metal coins for $18

Listed for Sale on Geekmarket on 2025-12-28 for $45 (plus $10 for coins)

Sold for $45 + $10 for coins to  ribarra on 2026-1-16"
363771,95621231,Lab Notes,Lab Notes,2023,https://cf.geekdo-images.com/WaukTZiYZgthgvo0MTCdug__original/img/452_wmCN0O0daT3gAMav9Tgs94o=/0x0/filters:format(png)/pic6915946.png,https://cf.geekdo-images.com/WaukTZiYZgthgvo0MTCdug__small/img/izvdB9PP3R9SVoVWFEO8UlLBszk=/fit-in/200x150/filters:strip_icc()/pic6915946.png,,2,5,30,45,45,,3,259,"2,3,4,5",2,,,1,0,0,0,1,1,0,0,0,,2026-05-31 17:29:45,0,0,6.35,5.51422,40,1.50083,21280,,Greter than Games Preorder,2022-10-11,2023-09-15,15,USD,,,,,,,,,,,,Chemistry roll n write,,[4-Evaluate]
173251,73687514,"Labyrinth: The Awakening, 2010 – ?","Labyrinth: The Awakening, 2010 – ?",2016,https://cf.geekdo-images.com/_R6Tn81qaQ3jz0vUT_FbIw__original/img/o2YLpau74twZJScDea_6Y-AP3As=/0x0/filters:format(jpeg)/pic2986379.jpg,https://cf.geekdo-images.com/_R6Tn81qaQ3jz0vUT_FbIw__small/img/C2uQ--Qg3Huul9p-jsFxBlxswCs=/fit-in/200x150/filters:strip_icc()/pic2986379.jpg,,1,2,0,0,0,,3.7812,3143,"1,2","1,2",14+,Extensive use of text - massive conversion needed to be playable,1,0,0,0,3,0,0,0,0,,2023-07-15 12:36:41,0,0,8.32706,5.99511,534,1.18146,0,,,2021-07-14,,0.0001,USD,,,Office,,,,,,,,,,,"BGG Trade
Game(s) From U is for Unicron
-----------------------
1. Labyrinth: The Awakening, 2010 – ?
2. Labyrinth: The War on Terror, 2001 – ?
3. Trick Shot

Game(s) From Indywiseguy
-----------------------
1. Claustrophobia 1643

PP Estimate (using Trade value)"
280769,73745270,"Labyrinth: The Forever War, 2015-?","Labyrinth: The Forever War, 2015-?",2020,https://cf.geekdo-images.com/-yby5s89_TpXn3Bb8vtLWw__original/img/Ul7Ej9jbUUhgbDDu6D3zircMn0o=/0x0/filters:format(jpeg)/pic5045209.jpg,https://cf.geekdo-images.com/-yby5s89_TpXn3Bb8vtLWw__small/img/MJZU1jCfmX9Dd3ZGLNtXFpOlyus=/fit-in/200x150/filters:strip_icc()/pic5045209.jpg,,1,2,0,0,0,,3.5,2002,"1,2",2,16+,Extensive use of text - massive conversion needed to be playable,0,0,0,0,3,0,0,0,0,,2026-01-01 15:17:04,0,0,8.12887,5.70188,208,1.34828,0,,,,,,,,,,,,,,,,,,,,
62227,73685320,"Labyrinth: The War on Terror, 2001 – ?","Labyrinth: The War on Terror, 2001 – ?",2010,https://cf.geekdo-images.com/Acd8VhTI7yrwGAYNLReurA__original/img/TX-jVs1cBZsgY_U_vgMYDNrxeU8=/0x0/filters:format(jpeg)/pic859584.jpg,https://cf.geekdo-images.com/Acd8VhTI7yrwGAYNLReurA__small/img/xhSrUlTrFh9mJVlezWTow3UPUOg=/fit-in/200x150/filters:strip_icc()/pic859584.jpg,,1,2,180,180,180,,3.6926,10465,"1,2",2,16+,Extensive use of text - massive conversion needed to be playable,1,0,0,0,3,0,0,0,0,,2026-05-31 20:56:15,1,9,7.56228,6.87531,5205,1.54697,646,War Game Rank: 67; Strategy Game Rank: 411,,2021-07-14,,49,USD,,,Office,,,,,,,,,,,"[2-Resident]
BGG Trade
Game(s) From U is for Unicron
-----------------------
1. Labyrinth: The Awakening, 2010 – ?
2. Labyrinth: The War on Terror, 2001 – ?
3. Trick Shot

Game(s) From Indywiseguy
-----------------------
1. Claustrophobia 1643

PP Estimate (using Trade value)"
336929,90346459,Land vs Sea,Land vs Sea,2021,https://cf.geekdo-images.com/F0JWt4UKzih3O8FYTETpbg__original/img/pjvS4MLpu6T5EuWVLHy9DfzqvKw=/0x0/filters:format(png)/pic6128189.png,https://cf.geekdo-images.com/F0JWt4UKzih3O8FYTETpbg__small/img/4Hk_BvDdgG_sjYhH_4wKkoAoUuk=/fit-in/200x150/filters:strip_icc()/pic6128189.png,,2,4,40,40,40,,1.7419,6621,"2,3,4",2,8+,No necessary in-game text,0,0,0,0,3,0,0,0,1,,2024-07-14 16:49:40,1,6,7.03499,6.34014,2970,1.23292,1742,Family Game Rank: 503,BGG Trade,2022-04-02,,25,USD,12,USD,Sold,Very Good.  Only played a couple times.,,,,,,,,"All You Can Board Top 10 of 2021
Might be an interesting game. Simple rules but deeper strategy. Tile placement",,"Sold via GeekMarket for $12 on 2024-01-19
Traded Grimm Masquerade for this

PP Estimate based on trade value"
274090,60978636,Lanterns Dice: Lights in the Sky,Lanterns Dice: Lights in the Sky,2019,https://cf.geekdo-images.com/egXgi_aGyYtET6161-6Wfw__original/img/iFUpLsgu6oEpEn0LpFVmxYBAIOs=/0x0/filters:format(jpeg)/pic4616271.jpg,https://cf.geekdo-images.com/egXgi_aGyYtET6161-6Wfw__small/img/__xFIzqZg0gTPNxzPRXobp6J_xQ=/fit-in/200x150/filters:strip_icc()/pic4616271.jpg,,2,4,30,45,45,,2.0833,3008,"2,3,4","2,4",8+,Some necessary text - easily memorized or small crib sheet,0,0,0,0,4,0,0,0,0,,2023-02-25 22:34:08,0,0,6.76547,5.89083,1074,1.14142,3948,Family Game Rank: 1210,,,,,,,,,,,,,,,,,"Origins / GenCon 2019 - FOR SALE
Roll and Write... looks cool",,
315727,79295020,Last Light,Last Light,2023,https://cf.geekdo-images.com/zw7xI7gJD6r7zNDR-AbVAQ__original/img/1Lst1UcQo1PyWL-19IKxiWz94Yk=/0x0/filters:format(jpeg)/pic6338617.jpg,https://cf.geekdo-images.com/zw7xI7gJD6r7zNDR-AbVAQ__small/img/zdtFJ5tcE_59VRiqO9cgjxWP6Zw=/fit-in/200x150/filters:strip_icc()/pic6338617.jpg,,2,4,45,75,75,,2.7778,4411,"3,4",4,10+,Extensive use of text - massive conversion needed to be playable,0,0,0,0,3,0,0,0,0,,2023-04-04 12:55:26,0,0,7.33232,6.40239,2321,1.48168,1584,Strategy Game Rank: 823,,,,,,,,,,,,,,,,,"Roy Cannaday - will check it out
not a Grey Fox fan after Reavers BS",,
97842,68182671,Last Will,Last Will,2011,https://cf.geekdo-images.com/lJ-yg0oUpHLWI6If6Q-JbA__original/img/c14HvRB3EME-flsZmQRIaJa3Nj4=/0x0/filters:format(jpeg)/pic2442432.jpg,https://cf.geekdo-images.com/lJ-yg0oUpHLWI6If6Q-JbA__small/img/mq1zlPHslpjaHqfXlJY_H-ZNF7Q=/fit-in/200x150/filters:strip_icc()/pic2442432.jpg,,2,5,45,75,75,,2.7172,12869,"2,3,4,5",4,12+,No necessary in-game text,0,0,0,0,2,0,0,0,1,1,2024-08-06 17:57:07,1,8,7.16243,6.86006,11003,1.17933,671,Strategy Game Rank: 450,GameNerdz,2020-07-06,,35,USD,20,USD,Sold,Very low trade interest.  Like New.  Only Played Once.  Purchased NEW via Gamenerdz,,,,,,,,"Dice Tower Top 100
Mike Dilisio
Trying to lose all your money i.e. Brewster’s Millions",Unique theme and mechanisms.,Sold to Chris Streck (streckArmstrong) via GenCon 2024 Flea Market for $20
267401,69775122,Lawyer Up,Lawyer Up,2021,https://cf.geekdo-images.com/Lr4bMrGPY2pAY1CoZDg8tQ__original/img/Tn8gk761selP14fxTOiQGOXLWOg=/0x0/filters:format(png)/pic5196611.png,https://cf.geekdo-images.com/Lr4bMrGPY2pAY1CoZDg8tQ__small/img/KkSbw4VnYc5zC3-LNLsnXQSZv-w=/fit-in/200x150/filters:strip_icc()/pic5196611.png,,1,2,60,75,75,,2.6486,4475,2,2,14+,Moderate in-game text - needs crib sheet or paste ups,0,0,0,0,3,0,0,0,1,1,2024-07-14 20:27:44,1,7,6.8211,6.05165,1753,1.42774,2912,Thematic Rank: 571,Kickstarter,2020-03-18,,49,USD,20,USD,Sold,Will only trade as a bundle with Lawyer Up:  Godfather and Lawyer Up:  Witch Trial,,,,,,,,Listed $30 OctoCon includes Expansions,,"PM DONE 27 April 2020
Includes the Lawyer Up (core set) plus all stretch goals along with the Godfather trial and Witch trial expansions.

? Shipping will be added after the campaign in the pledge manager. See shipping section for more details.

INCLUDES:
Lawyer Up (Core Set)
All Unlocked Stretch Goals
Print and Play (PDF)
Witch Trial Expansion
Godfather Expansion

Sold with expansions at OctoCon 2022 to @johnweldy for $20"
306798,87016167,Lawyer Up: Godfather,Lawyer Up: Godfather,2021,https://cf.geekdo-images.com/IjOxWd3w2Qjzq39jQUJ0Ew__original/img/uO0surAIt_NXcFOVx4v9wGaCdWo=/0x0/filters:format(png)/pic5746257.png,https://cf.geekdo-images.com/IjOxWd3w2Qjzq39jQUJ0Ew__small/img/cpOwgLTygpIoA0GyM5J4Cl4S7Vk=/fit-in/200x150/filters:strip_icc()/pic5746257.png,,2,2,60,75,75,,2.6667,1946,2,2,14+,Extensive use of text - massive conversion needed to be playable,0,0,0,0,3,0,0,0,1,,2024-07-14 20:27:52,0,0,7.00455,5.56754,110,1.48853,0,,,,,,,,,Sold,NIS. Will only trade as a bundle with Lawyer Up (base game) and Lawyer Up:  Witch Trial.,,,,,,,,,,
306797,87016155,Lawyer Up: Witch Trial,Lawyer Up: Witch Trial,2021,https://cf.geekdo-images.com/zRgn5YEm-iw6eIy0rdPsQA__original/img/OhaHPkErDdL51Ktw4F5t5Mb6MOU=/0x0/filters:format(jpeg)/pic7526899.jpg,https://cf.geekdo-images.com/zRgn5YEm-iw6eIy0rdPsQA__small/img/nNkxCTv4VtcZ68aaKVGXw19R6Nk=/fit-in/200x150/filters:strip_icc()/pic7526899.jpg,,2,2,60,75,75,,3,1976,2,2,,,0,0,0,0,3,0,0,0,1,,2024-07-14 20:27:48,0,0,6.90556,5.57198,126,1.56531,0,,,,,,,,,Sold,NIS. Will only trade as a bundle with Lawyer Up (base game) and Lawyer Up:  Godfather,,,,,,,,,,
21920,110222055,Leonardo da Vinci,Leonardo da Vinci,2006,https://cf.geekdo-images.com/EgE3d_zoM2QbVFNW5-qXVw__original/img/XS3-FMQRMLDpS8Ac97wmVCVbDk0=/0x0/filters:format(jpeg)/pic143408.jpg,https://cf.geekdo-images.com/EgE3d_zoM2QbVFNW5-qXVw__small/img/IiJ2tYPEgtOufxVng3_M9guS6qg=/fit-in/200x150/filters:strip_icc()/pic143408.jpg,,2,5,90,90,90,,3.1808,4766,"3,4,5",4,12+,No necessary in-game text,0,0,0,0,3,0,0,0,0,,2024-01-08 21:17:03,0,0,6.72136,6.20923,3467,1.31364,2204,Strategy Game Rank: 1151,,,,,,,,,,,,,,,,,,,
374858,110222045,Leonardo da Vinci's Codex Leicester,Leonardo da Vinci's Codex Leicester,2023,https://cf.geekdo-images.com/xg2Yf1MW_oM-lyeyzl_4QQ__original/img/Wkq68nW6-mRVPbga2kMClY0m-uY=/0x0/filters:format(png)/pic7644967.png,https://cf.geekdo-images.com/xg2Yf1MW_oM-lyeyzl_4QQ__small/img/W4jeC3VuPdYmINA-cWT8MvDYmFQ=/fit-in/200x150/filters:strip_icc()/pic7644967.png,,1,5,30,150,150,,3.1667,569,"2,3,4,5","3,4",10+,No necessary in-game text,1,0,0,0,3,0,0,0,0,,2026-05-31 20:56:38,1,8,7.41751,5.67083,260,1.25386,6986,,Amazon,2024-01-09,2024-01-11,70,USD,,,,,,,,,,,,Italian designers,,"[2-Resident]
Used $50 gift card on purchase"
125618,108357762,Libertalia,Libertalia,2012,https://cf.geekdo-images.com/LeUx57CGYdnIEsnGebOB0A__original/img/ZMdpuswDvVy-I97-ws45isBIRO4=/0x0/filters:format(jpeg)/pic1326136.jpg,https://cf.geekdo-images.com/LeUx57CGYdnIEsnGebOB0A__small/img/BRF-D_TW7oHr7t6Yh0F9wx_zFI4=/fit-in/200x150/filters:strip_icc()/pic1326136.jpg,,2,6,40,60,60,,2.2324,15322,"3,4,5,6",4,10+,Moderate in-game text - needs crib sheet or paste ups,1,0,0,0,3,1,0,0,0,,2026-05-31 20:56:55,1,7,7.10017,6.86466,14778,1.28274,666,Strategy Game Rank: 470,BGG atarilynx,2023-07-27,2023-08-03,40,USD,,,,,,,,,,,,Action Queue,,[3-Transient]
445673,134071728,Lightning Train,Lightning Train,2025,https://cf.geekdo-images.com/zFwQQ8dyRdnLCt2usmnBfg__original/img/n9AwmgJL2KnAAZXKxyBcuUOP6_I=/0x0/filters:format(png)/pic9005043.png,https://cf.geekdo-images.com/zFwQQ8dyRdnLCt2usmnBfg__small/img/4vSKbL_1UcpPBOacTNbl9avkPJ0=/fit-in/200x150/filters:strip_icc()/pic9005043.png,,1,4,60,120,120,,3,1143,"2,3,4",3,,Moderate in-game text - needs crib sheet or paste ups,1,0,0,0,2,0,0,0,0,,2026-05-31 20:57:07,3,8,7.28092,5.84477,581,1.35374,4355,,Geekmarket - Brian Kirchhoff ,2025-10-25,2025-11-05,45,USD,,,,,,,,,,,,"GenCon 2025
Paul Dennen
Bag Building TtR

MvM Review has me more interested",,"[2-Resident]
Shipping to be delayed by a week due to travel"
439306,136636865,Limit,Limit,2025,https://cf.geekdo-images.com/IJL7RD5VVO6yh7sbhT983g__original/img/bi5_4_bwSIKeRhAs7AE6RCypQ0s=/0x0/filters:format(jpeg)/pic8808756.jpg,https://cf.geekdo-images.com/IJL7RD5VVO6yh7sbhT983g__small/img/-_pU1Y8uSWIl_kbcwXHKg3bcMVE=/fit-in/200x150/filters:strip_icc()/pic8808756.jpg,,1,6,60,150,150,,3.2593,968,"1,3,4,5,6","4,5,6",14+,,0,0,0,0,3,0,0,0,0,,2025-11-17 20:58:48,0,0,7.18173,5.79694,573,1.71611,4843,,,,,,,,,,,,,,,,,,Intriguing theme of leading a nation through world challenges.  Take a look at rule book and keep an eye out for game play videos,,
382960,110583457,Line-it,Line-it,2023,https://cf.geekdo-images.com/p2dw7oi8hfGVK57nQMoJgg__original/img/zS90BWfYhu_QHSA2qoNCdc_V-z0=/0x0/filters:format(jpeg)/pic7427524.jpg,https://cf.geekdo-images.com/p2dw7oi8hfGVK57nQMoJgg__small/img/ltjbvisjcTFhSFhbpP-KJQXG6SM=/fit-in/200x150/filters:strip_icc()/pic7427524.jpg,,2,5,20,20,20,,1,598,"2,3,4",3,8+,No necessary in-game text,0,0,0,0,3,0,0,0,0,,2024-07-05 11:58:24,0,0,5.88447,5.55381,435,1.43664,12844,,,,,,,,,,,,,,,,,,"Very simple fun

Could be good for the old people ",,
289550,69692860,Lions of Lydia,Lions of Lydia,2021,https://cf.geekdo-images.com/YRnaqm_RCKtMsaZ38n_jDw__original/img/qel61NEPBFOkTPPT19pui3zTT8g=/0x0/filters:format(jpeg)/pic5051666.jpg,https://cf.geekdo-images.com/YRnaqm_RCKtMsaZ38n_jDw__small/img/XssMNOqcrTXUJD-e6o_Be7A4eew=/fit-in/200x150/filters:strip_icc()/pic5051666.jpg,,2,4,30,60,60,,1.9474,1497,"2,3,4",3,8+,No necessary in-game text,0,0,0,0,3,0,0,0,1,1,2024-08-01 20:58:22,1,8,6.84813,5.81306,726,1.27065,4663,Family Game Rank: 1423,KS,2020-04-04,,49,USD,20,USD,Sold to ketchup61925 to meet up at GenCon2024,"Only played once
Lions of Lydia - Base Game
Kickstarter Edition Wooden Fountain Token
Deluxe Upgrade Pack including metal coins",,,,,,,,"KS March 2020
Looks interesting.  Meeple Town Playthru did it for me!",,"Listed on BGG Geekmarket 2024-07-09 $20

PM DONE 18 April 2020
ONE copy of Lions of Lydia the base game + ONE Kickstarter Edition Wooden Fountain Token + ONE Deluxe Upgrade Pack and all unlocked stretch goals.


INCLUDES:
Lions of Lydia - Base Game
Kickstarter Edition Wooden Fountain Token
Deluxe Upgrade Pack"
422374,120329416,Lone Wolves,Lone Wolves,2024,https://cf.geekdo-images.com/KPiOvoSPj_-jk1-iH2vQfQ__original/img/5SL859gCJMVi4U_QSzdYkp_LE4s=/0x0/filters:format(jpeg)/pic8239044.jpg,https://cf.geekdo-images.com/KPiOvoSPj_-jk1-iH2vQfQ__small/img/oh0Fa4w5sKtytd3REzwdTk0Iux0=/fit-in/200x150/filters:strip_icc()/pic8239044.jpg,,2,2,15,15,15,,1.9355,2025,2,2,10+,No necessary in-game text,0,0,0,0,3,0,0,0,0,,2025-08-12 18:59:11,0,0,7.60253,6.06109,905,1.1854,2865,Strategy Game Rank: 1300; Family Game Rank: 823,,,,,,,,,,,,,,,,,GenCon 2024 2 player trick taking,,
40237,60949959,Long Shot,Long Shot,2009,https://cf.geekdo-images.com/xNQIfDmFKjy6QVuYo7xDwA__original/img/NqbudEzsBJUJ7LrJwhfOZtTJlXE=/0x0/filters:format(jpeg)/pic420679.jpg,https://cf.geekdo-images.com/xNQIfDmFKjy6QVuYo7xDwA__small/img/iPVbPMNXr6fISbgH2Qy0oCBIi4g=/fit-in/200x150/filters:strip_icc()/pic420679.jpg,,3,8,60,60,60,,1.7449,2395,"3,4,5,6,7,8",5,8+,Extensive use of text - massive conversion needed to be playable,0,0,0,0,2,0,0,0,1,,2024-07-14 20:20:08,2,8,6.70478,6.09131,2379,1.41562,2705,Family Game Rank: 863,BGG Auction,2019-06-08,,45,USD,50,USD,Sold,Good.  Box has some wear and one horse is missing a saddle sticker,,,,Z-Man Games,English,2009,English edition,Geekmarket 11/20/2022 $65,Really enjoyed this game.  I’m a big horse racing fan. Love how this is simple and incorporates ownership and wagering along with realistic event cards.  Very simple mechanisms.  Fun time!,Sold to Matt Paha via BGG Market 8/18/2023 for $50
295374,70339777,Long Shot: The Dice Game,Long Shot: The Dice Game,2022,https://cf.geekdo-images.com/j9RO81ihYw0_oPj6iqV_bA__original/img/-jPNsFg5d9uA7D4WGDIP3TNLHX4=/0x0/filters:format(jpeg)/pic6682376.jpg,https://cf.geekdo-images.com/j9RO81ihYw0_oPj6iqV_bA__small/img/iRomFjZ0oELmm1pBVtJrNwyl4nc=/fit-in/200x150/filters:strip_icc()/pic6682376.jpg,,1,8,25,25,25,,1.9452,19002,"1,2,3,4,5,6,7,8","4,5",10+,Some necessary text - easily memorized or small crib sheet,1,0,0,0,3,0,0,0,0,1,2026-05-31 20:57:22,5,8,7.51958,7.12652,10460,1.17213,364,Family Game Rank: 71,KS,2021-03-31,,25,USD,,,,,,,,,,,,"Coming to KS in 2020.
Love the original Long Shot!",,[1-Permanent]
357203,123698135,Longboard,Longboard,2022,https://cf.geekdo-images.com/9vlRMb3lfm9QEwJ8kQRtcw__original/img/imMyR8kroFzrsOvufSIAEzrqf-0=/0x0/filters:format(png)/pic6688292.png,https://cf.geekdo-images.com/9vlRMb3lfm9QEwJ8kQRtcw__small/img/GihwgxGxufa9dzvU6_fl71hUw_o=/fit-in/200x150/filters:strip_icc()/pic6688292.png,,2,4,20,30,30,,1.125,1387,"2,3,4",3,8+,Some necessary text - easily memorized or small crib sheet,1,0,0,0,3,1,0,0,0,1,2026-05-31 17:30:09,0,0,6.50084,5.70215,599,1.2468,6273,Family Game Rank: 1803,Indy Spiel Raffle,2024-09-28,2024-09-28,,,,,,,,,,,,,,,,[4-Evaluate]
293972,65710461,Loot of Lima,Loot of Lima,2020,https://cf.geekdo-images.com/dZifGLm7P5l9EZuiQE0ISA__original/img/RhLCaYQDrzldJV2_0aJv7ffuAMc=/0x0/filters:format(jpeg)/pic5051207.jpg,https://cf.geekdo-images.com/dZifGLm7P5l9EZuiQE0ISA__small/img/KacmDQwujovWncjIOTKOcfZEFGI=/fit-in/200x150/filters:strip_icc()/pic5051207.jpg,,1,5,60,90,90,,2.75,1662,"2,3,4,5","3,4",8+,No necessary in-game text,0,0,0,0,3,0,0,0,1,1,2024-12-27 10:46:52,0,0,6.7723,5.70606,457,1.43044,6191,Thematic Rank: 1034; Family Game Rank: 1779,KS,,,29,USD,10,USD,GeekMarket,"Opened, punched but never played",,,,,,,,Listed in Geekmarket in October 2022 for $15,,"Sold for $10 via Geekmarket to PHaupt

PM DONE 24 March 2020
Loot of Lima
Hide details
A copy of the game. That's why you came here, right? To buy the game."
340865,108249939,Lords of Ragnarok,Lords of Ragnarok,2023,https://cf.geekdo-images.com/8hiSer9b04DuhsMBbzU-0A__original/img/qLZ_P0_kuh4Jy5vlTy_Wnftp3ho=/0x0/filters:format(jpeg)/pic6399488.jpg,https://cf.geekdo-images.com/8hiSer9b04DuhsMBbzU-0A__small/img/nfNYJD9hcxEKyHh3HdVe-_xhVU4=/fit-in/200x150/filters:strip_icc()/pic6399488.jpg,,1,4,90,180,180,,3.7857,4039,"1,2,3,4",3,12+,Extensive use of text - massive conversion needed to be playable,0,0,0,0,3,0,0,0,0,,2024-01-08 21:20:04,0,0,7.26985,6.03019,1326,1.90672,3026,War Game Rank: 678; Thematic Rank: 584,,,,,,,,,,,,,,,,,,,
20437,132290400,Lords of Vegas,Lords of Vegas,2010,https://cf.geekdo-images.com/-uYn413Wy8Vzm9wkuOajWg__original/img/ovyxiCzOqcsqZmbYJdMrMzEpvY8=/0x0/filters:format(jpeg)/pic774410.jpg,https://cf.geekdo-images.com/-uYn413Wy8Vzm9wkuOajWg__small/img/eUZWvR_NxKQVgda6KwTHH_-Dd2Q=/fit-in/200x150/filters:strip_icc()/pic774410.jpg,,2,4,60,90,90,,2.3436,10202,"3,4",4,12+,No necessary in-game text,1,0,0,0,3,0,0,0,0,,2026-05-31 20:57:46,2,8,7.35259,6.91983,8145,1.42423,599,Strategy Game Rank: 388,Indy Spiel,2025-05-14,2025-05-16,30,USD,,,,,,,,,,,,,,[2-Resident]
375769,132879208,Lords of Vegas,Lords of Vegas,2024,https://cf.geekdo-images.com/kPeG23gccRwcsSpifKw82g__original/img/o4JAtDIUo6Xyb_sTLnUpavPfPUw=/0x0/filters:format(png)/pic8497728.png,https://cf.geekdo-images.com/kPeG23gccRwcsSpifKw82g__small/img/ivUNzM-2XeE21XFAM5QZHrI4vno=/fit-in/200x150/filters:strip_icc()/pic8497728.png,,2,6,60,90,90,,2.5714,1326,"3,4,5,6","4,5",12+,,1,0,0,0,2,0,0,0,0,,2026-05-31 20:57:51,2,9,8.06422,5.96056,520,1.37401,0,,Game Preserve,2025-06-20,2025-06-20,79.95,USD,,,Donegal,,,,,,,,,Fun game… new Version plays up to 6!,,[2-Resident]
156566,101507740,Lords of Xidit,Lords of Xidit,2014,https://cf.geekdo-images.com/KluVg27eXcpbH-_lUWgyKA__original/img/uRRKZ84K05gFSvffYPWRAFqazXI=/0x0/filters:format(jpeg)/pic2074460.jpg,https://cf.geekdo-images.com/KluVg27eXcpbH-_lUWgyKA__small/img/DE3_O8NSQl9-RbBe_dIfjgo_bNo=/fit-in/200x150/filters:strip_icc()/pic2074460.jpg,,3,5,90,90,90,,2.6406,9669,"4,5","4,5",10+,No necessary in-game text,0,0,0,0,3,0,0,0,0,,2022-12-30 21:12:30,1,8,7.07582,6.64274,6530,1.29357,1023,Strategy Game Rank: 637,,,,,,,,,,,,,,,,,,"Love the programming and somewhat simultaneous play, especially at the 5 player count.  Only played once, but it was an incredibly great experience",
203993,73774550,Lorenzo il Magnifico,Lorenzo il Magnifico,2016,https://cf.geekdo-images.com/8G6GkImjt0F_L5aYb8fmtQ__original/img/dOiPu4wGisyuw3KxDketwCSpOfY=/0x0/filters:format(jpeg)/pic3175535.jpg,https://cf.geekdo-images.com/8G6GkImjt0F_L5aYb8fmtQ__small/img/MoUo5LUThQh7CyxGX6QnPBM5zAo=/fit-in/200x150/filters:strip_icc()/pic3175535.jpg,,2,4,60,120,120,,3.2896,17894,"2,3,4","3,4",12+,No necessary in-game text,0,0,0,0,3,0,0,0,0,,2023-09-22 22:56:12,0,8,7.825,7.4887,15466,1.22802,141,Strategy Game Rank: 100,,,,,,,,,,,,,,,,,"Bought the Big Box edition
Simone Luciani",,
338476,107118430,Lorenzo il Magnifico: Big Box,Lorenzo il Magnifico: Big Box,2021,https://cf.geekdo-images.com/mEP17E6-KPX7oXgigks-Ww__original/img/MvJLMaouIWP5A1h_pL_2G8vEgAA=/0x0/filters:format(jpeg)/pic6167555.jpg,https://cf.geekdo-images.com/mEP17E6-KPX7oXgigks-Ww__small/img/PAfwRxu8mnGmSLNSGdwkGKE3TXI=/fit-in/200x150/filters:strip_icc()/pic6167555.jpg,,2,5,60,120,120,,3.375,3920,"2,3,4,5","3,4",12+,No necessary in-game text,1,0,0,0,3,0,0,0,0,,2026-05-31 20:57:57,1,8,8.38172,6.60921,1500,0.981621,0,,Miniature Market,2023-06-05,,40,USD,,,,,,,,,,,,,,[2-Resident]
312484,77356516,Lost Ruins of Arnak,Lost Ruins of Arnak,2020,https://cf.geekdo-images.com/6GqH14TJJhza86BX5HCLEQ__original/img/CXqwimJPonWy1oyXEMgPN_ZVmUI=/0x0/filters:format(jpeg)/pic5674958.jpg,https://cf.geekdo-images.com/6GqH14TJJhza86BX5HCLEQ__small/img/J8SVmGOJXZGxNjkT3xYNQU7Haxg=/fit-in/200x150/filters:strip_icc()/pic5674958.jpg,,1,4,30,120,120,,2.9315,86781,"1,2,3,4",3,10+,Moderate in-game text - needs crib sheet or paste ups,0,0,0,0,3,0,0,0,0,,2020-12-19 23:03:13,1,7,8.08247,7.91601,57153,1.26612,30,Strategy Game Rank: 29,,,,,,,,,,,,,,,,,,,
436304,133140560,Lucha Lucha Three Four Five,Lucha Lucha Three Four Five,2025,https://cf.geekdo-images.com/AnPXL4E81cKfbhS618-4-A__original/img/wpyp9_2f3uzY_vaTGBmfPdMI05U=/0x0/filters:format(png)/pic8760681.png,https://cf.geekdo-images.com/AnPXL4E81cKfbhS618-4-A__small/img/fZjbaPhJ7OOwQvBP00KP9UzwTpk=/fit-in/200x150/filters:strip_icc()/pic8760681.png,,2,2,20,20,20,,1.5,79,2,2,8+,,0,0,1,0,3,0,0,0,0,,2025-06-09 20:04:21,0,0,6.95652,0,23,1.33444,0,,,,,,,,,,,,,,,,,,"GenCon 2025
2 player Only
Looks different.  Cool Components",,
415780,120022233,Lure,Lure,2024,https://cf.geekdo-images.com/PTyoIJVnTwvSzsNyxuizkA__original/img/MZPWkHIqIrbxthd1UdNp7xnxFGA=/0x0/filters:format(jpeg)/pic8379513.jpg,https://cf.geekdo-images.com/PTyoIJVnTwvSzsNyxuizkA__small/img/SUX_qT6JnDkuC5yDhil3UHq66No=/fit-in/200x150/filters:strip_icc()/pic8379513.jpg,,2,5,15,15,15,,1.2432,4455,"2,3,4,5",4,8+,No necessary in-game text,1,0,0,0,2,0,0,0,0,1,2026-05-31 20:58:11,4,6,6.81737,6.1258,2190,1.31598,2540,Family Game Rank: 792,GenCon 2024,2024-08-01,2024-08-01,19,USD,,,Lakehouse,,,,,,,,,GenCon 2024,,[3-Transient]
419579,121742939,Lure: Deep Waters,Lure: Deep Waters,2024,https://cf.geekdo-images.com/BHIJ4veRZwJtLl7zZxKsLA__original/img/HBxmam7HSv97mOZNjifCmg3KSLo=/0x0/filters:format(jpeg)/pic8246767.jpg,https://cf.geekdo-images.com/BHIJ4veRZwJtLl7zZxKsLA__small/img/H0rnr5a1480zNQ_1jbAlOsG9T8k=/fit-in/200x150/filters:strip_icc()/pic8246767.jpg,,2,5,15,25,25,,1.2,1811,"2,3,4,5","3,4",,No necessary in-game text,1,0,0,0,3,0,0,0,0,,2024-08-01 20:46:04,0,0,7.43568,5.70742,287,1.12302,0,,GenCon 2024,2024-08-01,2024-08-01,,,,,,,,,,,,,,,,In Base Game Box
217083,44697264,LYNGK,LYNGK,2017,https://cf.geekdo-images.com/qJhhsYCNMNgfB6S436ybNw__original/img/xb-DuKQxucm72nhPUvLmYf2nKmQ=/0x0/filters:format(jpeg)/pic3320406.jpg,https://cf.geekdo-images.com/qJhhsYCNMNgfB6S436ybNw__small/img/We1vdHjogn3ltKcxqCcYd4F5gBw=/fit-in/200x150/filters:strip_icc()/pic3320406.jpg,,2,2,30,60,60,,2.7436,2930,2,2,10+,No necessary in-game text,1,0,0,0,2,0,0,0,0,1,2026-05-31 16:35:54,2,7,7.56553,6.22861,1319,1.26968,2124,Abstract Game Rank: 22,BGG Trade at IndyCon,2020-02-23,,10,USD,,,,,,,,,,,,"David Schuth
(mrteacherusa)",,[1-Permanent]
138311,21292551,Machine of Death: The Game of Creative Assassination,Machine of Death: The Game of Creative Assassination,2014,https://cf.geekdo-images.com/AnfdCFGxysRi9yLI3Z_g8w__original/img/mKZyg2FwWLnPaahiGNkZooMLY-I=/0x0/filters:format(jpeg)/pic1741932.jpg,https://cf.geekdo-images.com/AnfdCFGxysRi9yLI3Z_g8w__small/img/rQMjZi_36tPeQzQmt22CdrDpY2I=/fit-in/200x150/filters:strip_icc()/pic1741932.jpg,,2,4,30,30,30,,1.5455,1930,"3,4",4,14+,Unplayable in another language,0,0,0,0,3,0,0,0,1,,2024-08-07 21:21:29,0,0,5.33977,5.46505,509,1.88639,29779,Party Game Rank: 914,KS,2013-03-19,2024-07-31,25,USD,7,USD,GenCon 2024 Auction / Store,"Very rare.  Opened, but never played.",,,,,,,,Listed $5 OctoCon,,"Currently for Sale on IndyCon Flea Market $25
Sold for $7 GenCon 2024 Store"
194229,36111194,Mad Science Foundation,Mad Science Foundation,2016,https://cf.geekdo-images.com/nj0jxOzSOODnlrgt9uYnDQ__original/img/3gubGBUJuk18URtfv639pam0X_I=/0x0/filters:format(jpeg)/pic2915673.jpg,https://cf.geekdo-images.com/nj0jxOzSOODnlrgt9uYnDQ__small/img/NTo38ujrOvbNxz5DcIyrW8xWxPI=/fit-in/200x150/filters:strip_icc()/pic2915673.jpg,,2,4,30,45,45,,2,615,"2,3,4","3,4",8+,Extensive use of text - massive conversion needed to be playable,0,0,0,0,3,0,0,0,1,,2025-08-03 20:45:05,1,6,6.31434,5.54375,143,1.37991,14142,,Gen Con,,2025-07-08,10,USD,,,GenCon Store / Auction 2025,Like New.  Only played once,,,,,,,,$5 OctoCon,Picked up as a GenCon 2016 add on when we bought Internal affairs,"PP Estimate
$5 Geekmarket 2025-07-08"
463,18133805,Magic: The Gathering,Magic: The Gathering,1993,https://cf.geekdo-images.com/CxJmNl4wR4InjqyNrMdBTw__original/img/TKQgvl_i6zVYld8Gac8oU-c2ezE=/0x0/filters:format(jpeg)/pic163749.jpg,https://cf.geekdo-images.com/CxJmNl4wR4InjqyNrMdBTw__small/img/TtlQgYxLTPyYQWJvruMHfwKPReE=/fit-in/200x150/filters:strip_icc()/pic163749.jpg,,2,6,20,20,20,,3.2816,47899,"2,3,4",2,12+,Unplayable in another language,1,0,0,0,3,0,0,0,0,,2026-05-31 20:58:22,1,8,7.59702,7.41246,43103,1.85015,168,Customizable Rank: 20,,,,,,,,,,,,,,,,,,"Like to play with my son, although we are rookies!",[1-Permanent]
454103,145754339,Magical Athlete,Magical Athlete,2025,https://cf.geekdo-images.com/1uW8t9AkuqOF0xjv_sXKgw__original/img/iBRrCDdqyVY1ckqWIjo0xQ_k70A=/0x0/filters:format(png)/pic9106864.png,https://cf.geekdo-images.com/1uW8t9AkuqOF0xjv_sXKgw__small/img/tWEmoT1EaoYUpbwrTGCLMHaaZGs=/fit-in/200x150/filters:strip_icc()/pic9106864.png,,2,6,30,30,30,,1.1538,9291,"3,4,5,6","5,6",6+,Moderate in-game text - needs crib sheet or paste ups,0,0,0,0,3,0,0,0,0,,2026-05-22 20:46:18,1,8,7.84462,7.03204,5049,1.5515,465,Party Game Rank: 10; Family Game Rank: 77,,,,,,,,,,,,,,,,,,,
380925,104247700,Maglev Maps: Volume 1,Maglev Maps: Volume 1,2023,https://cf.geekdo-images.com/R-IgYXIaZWbvVuQnTvmgEg__original/img/Ysuo6gBgN68a0Gzk3osASzOxTGM=/0x0/filters:format(png)/pic7364119.png,https://cf.geekdo-images.com/R-IgYXIaZWbvVuQnTvmgEg__small/img/Xx5dS5Rj609tDH10NnK20KMp0iw=/fit-in/200x150/filters:strip_icc()/pic7364119.png,,1,4,0,0,0,,3,948,"2,3,4","2,3,4",,,1,0,0,0,3,0,0,0,0,1,2023-03-05 10:25:26,0,0,8.01585,5.58668,82,1.00529,0,,KS,2022-04-30,,80,,,,,,,,,,,,,,,Includes all 6 maps (3 map packs)
301257,77838445,Maglev Metro,Maglev Metro,2021,https://cf.geekdo-images.com/yCj3DQLmxwdSCjXlt-styQ__original/img/hP9rjkPFC2ePsxCMwM2PqW54xHI=/0x0/filters:format(jpeg)/pic5275652.jpg,https://cf.geekdo-images.com/yCj3DQLmxwdSCjXlt-styQ__small/img/VlU8eNskscg8lSXPSVSv0anZ66c=/fit-in/200x150/filters:strip_icc()/pic5275652.jpg,,1,4,60,90,90,,2.8354,5607,"2,3,4",3,12+,Some necessary text - easily memorized or small crib sheet,1,0,0,0,3,0,0,0,0,1,2026-05-31 20:58:26,5,8,7.18978,6.46939,3248,1.27827,1398,Strategy Game Rank: 768,GenCon2021,,,55,USD,,,,,,,,,,,,Route building... don’t really have this mechanic in our collection,,[2-Resident]
353779,94633790,Maglev Metro: London & Paris,Maglev Metro: London & Paris,2022,https://cf.geekdo-images.com/Kw9qIAnisEWanlSL71ez2Q__original/img/S6BC8X9q-iYR2tZ265v0hGKYC0E=/0x0/filters:format(jpeg)/pic6598585.jpg,https://cf.geekdo-images.com/Kw9qIAnisEWanlSL71ez2Q__small/img/On6-I88olXuTzDJ2lBJSdOF6wkM=/fit-in/200x150/filters:strip_icc()/pic6598585.jpg,,1,4,60,90,90,,0,428,,,,,0,0,0,0,3,0,0,0,0,,2023-03-05 10:26:22,0,0,7.74118,5.5334,34,1.19856,0,,KS,2022-04-30,,80,USD,,,,,,,,,,,,,,"In the Maglev Maps Vol 1 Box 

Includes all three Maglev Map Expansions for $80"
346841,94633767,Maglev Metro: Mechs & Monorails,Maglev Metro: Mechs & Monorails,2023,https://cf.geekdo-images.com/6pBFo-yhuO7FAwMdIVEGvg__original/img/IXjNI090vz7V0ZKCGHNy3Z9ZwIs=/0x0/filters:format(png)/pic6531745.png,https://cf.geekdo-images.com/6pBFo-yhuO7FAwMdIVEGvg__small/img/tRHDYqnVw13UML4e5RNWQcg6LME=/fit-in/200x150/filters:strip_icc()/pic6531745.png,,1,4,60,90,90,,0,454,2,2,,,0,0,0,0,3,0,0,0,0,,2023-03-05 10:30:37,0,0,7.93667,5.5321,30,1.0068,0,,KS,2022-04-30,,80,USD,,,,,,,,,,,,,,"In the Maglev Maps Vol 1 Box

Includes all three Maglev Map Expansions for $80"
357060,94633810,Maglev Metro: Moonbases & Mars,Maglev Metro: Moonbases & Mars,2022,https://cf.geekdo-images.com/nfhHJeRyRl3znXYPQtjpEg__original/img/QtCXyvWk6myYu8hWkVJYavy1AQ8=/0x0/filters:format(png)/pic6689643.png,https://cf.geekdo-images.com/nfhHJeRyRl3znXYPQtjpEg__small/img/6KYQHHwfoFbX7mQYFE0FgEfITyU=/fit-in/200x150/filters:strip_icc()/pic6689643.png,,1,4,60,90,90,,0,415,3,3,,,0,0,0,0,3,0,0,0,0,,2023-03-05 10:26:31,0,0,7.75152,5.53259,33,1.02783,0,,KS,2022-04-23,,80,USD,,,,,,,,,,,,,,"In the Maglev Maps Vol 1 Box 

Includes all three Maglev Map Expansions for $80"
319348,108576813,Magna Roma,Magna Roma,2022,https://cf.geekdo-images.com/d3vAnJjry1N9iAZ0BUKpsQ__original/img/u25j1ir6pl8D1N1iCAoubbgWiYU=/0x0/filters:format(jpeg)/pic8963351.jpg,https://cf.geekdo-images.com/d3vAnJjry1N9iAZ0BUKpsQ__small/img/I9YdWxRXmdvN3r5RTGMUsT0B638=/fit-in/200x150/filters:strip_icc()/pic8963351.jpg,,1,4,30,90,90,,2.4762,1187,"1,2,3,4","2,3",12+,No necessary in-game text,0,0,0,0,3,0,0,0,0,,2024-01-08 21:20:11,0,0,7.16751,5.75537,458,1.3802,5371,Strategy Game Rank: 2037,,,,,,,,,,,,,,,,,Looks cool but do I need another Rome builder?,,
257067,61033490,Magnastorm,Magnastorm,2018,https://cf.geekdo-images.com/tWIrpGrKEj9O7Pa8brQ1kg__original/img/6XccpCK-UFAopk8Y9KcrN_3HYXo=/0x0/filters:format(jpeg)/pic4252589.jpg,https://cf.geekdo-images.com/tWIrpGrKEj9O7Pa8brQ1kg__small/img/jgP_2uztioEd4zibt0LjAL_HqFc=/fit-in/200x150/filters:strip_icc()/pic4252589.jpg,,2,4,70,100,100,,3.1207,2379,"2,3,4",4,12+,Some necessary text - easily memorized or small crib sheet,0,0,0,0,4,0,0,0,1,,2024-07-14 20:27:24,3,7,6.75641,5.88978,1157,1.35694,3962,Strategy Game Rank: 1681,Cardhaus,2019-07-01,,45.99,USD,,,Sold,,,,,,,,,,,Sold to Garrett Sampson saytrsong@yahoo.com via GeekMarket for $20
230080,122904376,Majesty: For the Realm,Majesty: For the Realm,2017,https://cf.geekdo-images.com/BsNE-w6bttGZ-JPLcY95mA__original/img/PG5mToQNdVQZLZN2X7aLN-yAZzs=/0x0/filters:format(jpeg)/pic3742410.jpg,https://cf.geekdo-images.com/BsNE-w6bttGZ-JPLcY95mA__small/img/GGVPDJErC7vPEb6zHJUasEXwIBk=/fit-in/200x150/filters:strip_icc()/pic3742410.jpg,,2,4,20,30,30,,1.7166,8575,"2,3,4",4,8+,Some necessary text - easily memorized or small crib sheet,1,0,0,0,3,0,0,0,0,,2026-05-31 20:58:41,1,7,6.9195,6.53293,6797,1.1438,1248,Family Game Rank: 364,Indy Spiel Flea Market,2024-09-27,2024-09-28,5,USD,,,,,,,,,,,,,,"[2-Resident]
Bought for the tokens"
437109,137520962,Makoto,Makoto,2025,https://cf.geekdo-images.com/uNIPToSXKFPBuY2objxDaQ__original/img/VYh7feXgzwEKao5GnLI4S1ummFE=/0x0/filters:format(jpeg)/pic8644362.jpg,https://cf.geekdo-images.com/uNIPToSXKFPBuY2objxDaQ__small/img/rR0p6t6ghjRSwmjB3HpUhk2034M=/fit-in/200x150/filters:strip_icc()/pic8644362.jpg,,2,6,20,20,20,,2.5,186,"2,3,4,5","2,3,4,5",,No necessary in-game text,0,0,1,0,3,0,0,0,0,,2025-10-18 21:43:12,0,0,6.23438,5.51581,64,1.56617,20725,,,,,,,,,,,,,,,,,,"Essen 2025
Looks beautiful.  Plays 6",,
429401,132949200,Manhattan Project: Energy Empire,Manhattan Project: Energy Empire,2025,https://cf.geekdo-images.com/lPRRopGiEizBiDvpVbstYg__original/img/Ndsod714Zkk6Hcek4D8Q-mFGMQQ=/0x0/filters:format(jpeg)/pic8674160.jpg,https://cf.geekdo-images.com/lPRRopGiEizBiDvpVbstYg__small/img/g5rCXKXxOu5nDcvsL63_S9Tib9w=/fit-in/200x150/filters:strip_icc()/pic8674160.jpg,,1,5,60,120,120,,3.0714,1025,"3,4,5",4,10,,0,0,1,0,3,0,0,0,0,,2025-06-04 20:07:19,0,0,7.97164,5.76308,293,1.32002,0,,,,,,,,,,,,,,,,,,GenCon 2025,,
375573,102917943,Manhattan Project: War Machine,Manhattan Project: War Machine,2024,https://cf.geekdo-images.com/vh2QwswDH21F64pHZx3o1w__original/img/ZSkqz_2w7deVDD8M1isppB7VuBw=/0x0/filters:format(jpeg)/pic7204805.jpg,https://cf.geekdo-images.com/vh2QwswDH21F64pHZx3o1w__small/img/XP4mGjXHB4WC_7r8GgLgSRHqP1I=/fit-in/200x150/filters:strip_icc()/pic7204805.jpg,,1,4,30,60,60,,2.2727,791,"1,2,3,4",3,14,Some necessary text - easily memorized or small crib sheet,0,0,1,0,4,0,0,0,0,,2024-08-20 21:50:22,0,0,6.53657,5.57506,187,1.56567,10950,,,,,,,,,,,,,,,,,,Worker Placement Engine Builder.  KS Jan 2023.  Really looks like something we would like.  No real reason to back the KS as there are no stretch goals or any extra incentive.  Might as well wait until it hits retail,,
276025,63897219,Maracaibo,Maracaibo,2019,https://cf.geekdo-images.com/rMNa0k05zMdKgSEp26Q3Tw__original/img/yhnCcq9UplffqjSCe08mjTFvgOM=/0x0/filters:format(jpeg)/pic4917407.jpg,https://cf.geekdo-images.com/rMNa0k05zMdKgSEp26Q3Tw__small/img/lVlnhYyxlZb3WuKZJHLoJcFHEjs=/fit-in/200x150/filters:strip_icc()/pic4917407.jpg,,1,4,30,120,120,,3.9154,24920,"1,2,3,4",3,14+,Some necessary text - easily memorized or small crib sheet,0,0,0,0,3,0,0,0,0,,2026-05-31 10:20:35,0,0,7.94048,7.63191,18721,1.30483,88,Strategy Game Rank: 69,,,,,,,,,,,,,,,,,"2019 Essen
Keep an eye on this.  Looks COMPLEX!",,
416079,133399174,March of the Ants: Evolved Edition,March of the Ants: Evolved Edition,2025,https://cf.geekdo-images.com/rpM50mMdQpFlDj9sKp3fkQ__original/img/8vnV5wfxdTyT4GOxJH4SbBCLrlA=/0x0/filters:format(jpeg)/pic8419506.jpg,https://cf.geekdo-images.com/rpM50mMdQpFlDj9sKp3fkQ__small/img/jcpMGMDv08pKXgdox6vABtmY6t8=/fit-in/200x150/filters:strip_icc()/pic8419506.jpg,,1,5,60,90,90,,3.1957,2466,"1,2,3,4,5",4,12+,Extensive use of text - massive conversion needed to be playable,0,0,0,0,3,0,0,0,0,,2025-11-07 12:05:07,0,0,7.61217,6.0523,901,1.32359,2909,Strategy Game Rank: 1319,,,,,,,,,,,,,,,,,"Gen Con 2025 Demo
4X with an ant theme sounds cool",,
283948,110485053,Marco Polo II: In the Service of the Khan,Marco Polo II: In the Service of the Khan,2019,https://cf.geekdo-images.com/rc7CQ5l95ZFoKq3iBVqjgg__original/img/3EH__HLlmY7adABsY_HUtAlEMfo=/0x0/filters:format(jpeg)/pic5543526.jpg,https://cf.geekdo-images.com/rc7CQ5l95ZFoKq3iBVqjgg__small/img/3W5hTyRw8ABDkasT1mFSAf4f30w=/fit-in/200x150/filters:strip_icc()/pic5543526.jpg,,2,4,60,120,120,,3.3793,10322,"2,3,4",3,12+,No necessary in-game text,0,0,0,0,1,0,0,0,0,,2025-08-12 19:18:56,0,0,7.91986,7.36204,8365,1.18063,200,Strategy Game Rank: 125,,,,,,,,,,,,,,,,,Luciani and Tascini,,
336791,121811185,Masters of Crime: Vendetta,Masters of Crime: Vendetta,2021,https://cf.geekdo-images.com/P7F6536w_EPr7o3s3Ep7Jg__original/img/L43xTgkWv2UgAJ3m27_VUKbm8lQ=/0x0/filters:format(jpeg)/pic7962694.jpg,https://cf.geekdo-images.com/P7F6536w_EPr7o3s3Ep7Jg__small/img/pyvPr7K5FLryRxjSDlD1YYJYEN0=/fit-in/200x150/filters:strip_icc()/pic7962694.jpg,,1,6,120,240,240,,2,667,"1,2,3,4",4,14+,Unplayable in another language,0,0,0,0,3,0,0,0,0,,2024-08-03 22:24:29,0,0,7.47537,5.6277,167,1.42095,8207,,,,,,,,,,,,,,,,,,Co-op… didn;t seem like something we would play,,
393888,132947327,Match!,Match!,2023,https://cf.geekdo-images.com/u-9VS-y18do8aI5VvGtzeQ__original/img/S4tHZCQjLfEhJyY5gLe5Fb7T44I=/0x0/filters:format(jpeg)/pic8561479.jpg,https://cf.geekdo-images.com/u-9VS-y18do8aI5VvGtzeQ__small/img/NUd8EpiAQjUsMIdkrzAZqjCBseg=/fit-in/200x150/filters:strip_icc()/pic8561479.jpg,,2,6,20,20,20,,1.087,1625,"2,3,4,5,6","4,5",8+,No necessary in-game text,0,0,1,0,3,0,0,0,0,,2025-06-04 20:08:35,0,0,6.73178,5.78271,728,1.36746,5007,,,,,,,,,,,,,,,,,,"GenCon 2025
6 Player
Uno with a twist",,
378284,102297674,MATRX GIPF,MATRX GIPF,2024,https://cf.geekdo-images.com/n3G8Qao8jW_WATgyJPt7cw__original/img/elGVjwgUrlh7_dsUdcMDwLBzUOI=/0x0/filters:format(png)/pic8021105.png,https://cf.geekdo-images.com/n3G8Qao8jW_WATgyJPt7cw__small/img/MFeNLeyPhM2_yjED6P--oyj8DjM=/fit-in/200x150/filters:strip_icc()/pic8021105.png,,2,2,30,60,60,,3.5,450,2,2,,No necessary in-game text,1,0,0,0,1,0,0,0,0,1,2026-05-31 16:37:46,2,7,7.49932,5.55648,74,1.74821,12539,Abstract Game Rank: 428,Carhaus,2025-01-03,2025-01-10,32.99,USD,,,,,,,,,,,,,,[1-Permanent]
46,36095367,Medici,Medici,2016,https://cf.geekdo-images.com/LsZ04q5_muL5_FhZaGLKwA__original/img/IEISGM_LGgdlyaBja015n6ib1FM=/0x0/filters:format(png)/pic4172982.png,https://cf.geekdo-images.com/LsZ04q5_muL5_FhZaGLKwA__small/img/hFAX576K3Q1yd0aVf4xzAA77XlA=/fit-in/200x150/filters:strip_icc()/pic4172982.png,4172982,2,6,60,60,60,,2.2167,10300,"4,5,6","5,6",10+,No necessary in-game text,1,0,0,0,3,0,0,0,0,,2026-05-31 20:58:54,5,8,7.18969,6.82926,9081,1.26009,721,Strategy Game Rank: 461,Gen Con,,,28,USD,,,,,,,,Grail Games,English,2016,Grail English edition,,Very easy to learn the mechanics of this game. I feel like there is a lot of depth to the strategy even though it is such a simple game to learn.,"[2-Resident]
PP Estimate"
250481,132915939,Meltwater,Meltwater,2018,https://cf.geekdo-images.com/ZtWoYlPkW-YlnAliTnhBdw__original/img/n2-ZDWAJObMvTVZ3EDAfiPE0UbM=/0x0/filters:format(png)/pic8802005.png,https://cf.geekdo-images.com/ZtWoYlPkW-YlnAliTnhBdw__small/img/gn6SfWnfej8cckHWQ4VylDwnf5A=/fit-in/200x150/filters:strip_icc()/pic8802005.png,,2,2,60,60,60,,2.3,914,"1,2",2,16+,Moderate in-game text - needs crib sheet or paste ups,0,0,0,0,3,0,0,0,0,,2025-08-12 18:57:18,0,0,7.07636,5.7071,365,1.61865,6176,War Game Rank: 755,,,,,,,,,,,,,,,,,"GenCon 2025
2 Player post nuclear war area control",,
261114,135244621,Men at Work,Men at Work,2018,https://cf.geekdo-images.com/nVogtdDzfxKdH82J-bh5_w__original/img/XvNejQdluEbWDie9tiKoNeoK99Y=/0x0/filters:format(jpeg)/pic4318462.jpg,https://cf.geekdo-images.com/nVogtdDzfxKdH82J-bh5_w__small/img/-jpWz1aryCNbjKTkg95H8xqMHX0=/fit-in/200x150/filters:strip_icc()/pic4318462.jpg,,2,5,30,45,45,,1.0758,6453,"2,3,4,5","3,4",8+,Moderate in-game text - needs crib sheet or paste ups,0,0,0,0,3,0,0,0,0,,2025-08-10 21:00:56,2,7,7.19727,6.53315,3870,1.24874,1247,Family Game Rank: 330,,,,,,,,,,,,,,,,,,,
275089,77422929,Mental Blocks,Mental Blocks,2019,https://cf.geekdo-images.com/m3gVlphyZszzXynPC908Fg__original/img/5d3UtrDLYr7X7O39LRyODft5l_4=/0x0/filters:format(png)/pic4949468.png,https://cf.geekdo-images.com/m3gVlphyZszzXynPC908Fg__small/img/pCJk-QIGIlmJ1NDwf1ThVxxKjv4=/fit-in/200x150/filters:strip_icc()/pic4949468.png,,2,9,10,20,20,,1.5385,1401,"2,3,4,5,6,7","4,6",8+,No necessary in-game text,0,0,0,0,3,0,0,0,0,,2020-12-22 01:00:15,1,5,6.78692,5.8301,811,1.43711,4492,Party Game Rank: 243,,,,,,,,,,,,,,,,,,,
277700,63866239,Merchants Cove,Merchants Cove,2021,https://cf.geekdo-images.com/-JD8JLncWYMes9Q6YIgorg__original/img/HkR7hlj4qqYD1oUvKXeyCLKjsKE=/0x0/filters:format(jpeg)/pic6136538.jpg,https://cf.geekdo-images.com/-JD8JLncWYMes9Q6YIgorg__small/img/Ce6a64m5DxVae_ZXnAsrgdEnqBQ=/fit-in/200x150/filters:strip_icc()/pic6136538.jpg,,1,4,60,90,90,,2.7422,9233,"1,2,3,4",3,10+,No necessary in-game text,0,0,0,0,3,0,0,0,0,,2023-01-30 17:27:34,0,0,7.39147,6.6625,4150,1.50117,986,Strategy Game Rank: 571,,,,,,,,,,,,,,,,,"KS September 2019
Varibale player powers with each player using a different mechanism.  Sounds like a cool concept, but this one just didn't jump out to me as a must back???",,
300217,71767744,Merchants of the Dark Road,Merchants of the Dark Road,2022,https://cf.geekdo-images.com/m0097WIpBdC7tdA-mVi5Fw__original/img/bd3RYiimI4iWs2w1u27_2w4ImOI=/0x0/filters:format(png)/pic5252479.png,https://cf.geekdo-images.com/m0097WIpBdC7tdA-mVi5Fw__small/img/vGQx16-veWt64dxdrQA8w2VlsHA=/fit-in/200x150/filters:strip_icc()/pic5252479.png,,1,4,60,120,120,,3.2816,8474,"1,2,3,4",3,12+,Some necessary text - easily memorized or small crib sheet,1,0,0,0,3,0,0,0,0,1,2026-05-31 20:59:06,3,8,7.34158,6.61596,3996,1.38593,1074,Strategy Game Rank: 622,KS,2020-06-26,,75,USD,,,,,,,,,,,,"KS June 2020
Gameplay might be good.  A lot going on",,"[2-Resident]
Pledge manager completed on 2020-08-03

A copy of the deluxe version of Merchants of the Dark Road, including all relevant deluxe stretch goals.

Shipping will be added after the campaign in the pledge manager.

INCLUDES:
Merchants of the Dark Road — Kickstarter Deluxe Edition"
389094,136963346,Mercurial: Alchemia,Mercurial: Alchemia,2026,https://cf.geekdo-images.com/fcMx5jFmEFP9h2KdxWllyg__original/img/84RrQ5kx3VwXWTlEbGCblHGzmfk=/0x0/filters:format(jpeg)/pic8865985.jpg,https://cf.geekdo-images.com/fcMx5jFmEFP9h2KdxWllyg__small/img/XFQpYGOInjMXTNWHQvW78pDMCbc=/fit-in/200x150/filters:strip_icc()/pic8865985.jpg,,1,4,90,120,120,,0,47,,,,,0,0,1,0,3,0,0,0,0,,2025-10-01 20:44:51,0,0,7.77632,0,19,1.50196,0,,,,,,,,,,,,,,,,,,"2025 KS - looks interesting and complex.  Deck Building & Worker Placement

Artwork is beautiful. Almost backed Endogenesis from this company",,
230933,61251705,Merlin,Merlin,2017,https://cf.geekdo-images.com/n6gI4kicSY3wSprEYBB7lg__original/img/4BlUsNBurLtwlQCgciUzh77WccY=/0x0/filters:format(jpeg)/pic3716929.jpg,https://cf.geekdo-images.com/n6gI4kicSY3wSprEYBB7lg__small/img/DZj-YaqBEW4Bbh8EslLXepaZyJ0=/fit-in/200x150/filters:strip_icc()/pic3716929.jpg,,2,4,75,75,75,,3.1,5504,"2,3,4",3,12+,No necessary in-game text,0,0,0,0,4,0,0,0,0,,2024-01-09 19:22:56,0,0,7.144,6.51133,3936,1.38826,1297,Strategy Game Rank: 742,,,,,,,,,,,,,,,,,"A lot going on, but table presence looks awesome in pictures",,
306040,78417036,Merv: The Heart of the Silk Road,Merv: The Heart of the Silk Road,2020,https://cf.geekdo-images.com/y6DEV5Qf6hyXpxRlafgOWw__original/img/9yTRhWdnV6l-EkLmmKZNlWa_DzE=/0x0/filters:format(jpeg)/pic5314414.jpg,https://cf.geekdo-images.com/y6DEV5Qf6hyXpxRlafgOWw__small/img/aVefQAlc_n4d3GCToQYMluFpgBs=/fit-in/200x150/filters:strip_icc()/pic5314414.jpg,,1,4,90,90,90,,3.4355,8612,"2,3,4",4,14+,No necessary in-game text,0,0,1,1,4,0,0,0,0,,2025-10-24 18:26:18,0,0,7.47229,6.7854,4666,1.20854,778,Strategy Game Rank: 451,,,,,,,,,,,,,,,,,Highly touted by many. I like the rows/column Targi-like mechanism.  Need to check it out more,,
411420,134916975,Message in a Bottle,Message in a Bottle,2024,https://cf.geekdo-images.com/NWYiSJQuCvbanBV6h22g5Q__original/img/L3D5wgBlXcmomTGpLOMAIVpKi-Y=/0x0/filters:format(png)/pic8848330.png,https://cf.geekdo-images.com/NWYiSJQuCvbanBV6h22g5Q__small/img/Yr1XjQmvUMjgeLO_lXc3H2hTddM=/fit-in/200x150/filters:strip_icc()/pic8848330.png,,2,6,10,15,15,,1,325,"2,3,4,5,6",4,10+,No necessary in-game text,1,0,0,0,3,0,0,0,0,,2026-05-31 20:59:19,1,6,6.5032,5.52948,91,1.62454,16808,,GenCon,2025-08-02,2025-08-02,15,USD,,,,,,,,,,,,,,[3-Transient]
406329,119839869,Metrorunner,Metrorunner,2024,https://cf.geekdo-images.com/64QWIjoRd2OUbS_DlUuoDg__original/img/9dJabDw_T0gAJu30e7wOgnDwo8I=/0x0/filters:format(png)/pic7857451.png,https://cf.geekdo-images.com/64QWIjoRd2OUbS_DlUuoDg__small/img/EHYVw8MjIkgZdLLyGhfprZBKCvs=/fit-in/200x150/filters:strip_icc()/pic7857451.png,,1,5,30,90,90,,2.6471,864,"1,2,3,4",2,14+,Some necessary text - easily memorized or small crib sheet,0,0,0,0,3,0,0,0,1,,2024-08-18 21:24:21,1,6,7.16617,5.69829,342,1.31423,6352,,Noble Knight,2024-07-24,2024-08-18,75,USD,45,USD,GeekMarket,,,,,,,,,Origins 2024.  Tantrum House video shows game play,,"GenCon2024 Pre-Purchase

Sold for $45 via Geekmarket to anth_grant"
424445,122305091,Metrorunner: Dropsite Mini Expansion,Metrorunner: Dropsite Mini Expansion,2024,https://cf.geekdo-images.com/L40hUkPtADywuGrq7ryT3Q__original/img/xsxuoLF6dE5YaSI8L-wCdUNABgE=/0x0/filters:format(jpeg)/pic8305445.jpg,https://cf.geekdo-images.com/L40hUkPtADywuGrq7ryT3Q__small/img/OtFjjblaVXjs1tf27ngovN5cMTs=/fit-in/200x150/filters:strip_icc()/pic8305445.jpg,,1,5,30,90,90,,2.5,215,1,1,14+,No necessary in-game text,0,0,0,0,3,0,0,0,1,,2026-04-25 20:51:15,0,0,7.39583,0,24,1.37673,0,,,,,,,,,,,,,,,,,,,,
243797,54924805,Mezo,Mezo,2020,https://cf.geekdo-images.com/DWheKudRHpee7htoBaHkEQ__original/img/OLHYoV2AnPutvGhSlg_HbOxlADc=/0x0/filters:format(png)/pic4047252.png,https://cf.geekdo-images.com/DWheKudRHpee7htoBaHkEQ__small/img/NIOZdzzhDIOVuRUL3goDDxPmBjo=/fit-in/200x150/filters:strip_icc()/pic4047252.png,,2,4,90,120,120,,3.254,2895,"2,3,4",3,12+,Moderate in-game text - needs crib sheet or paste ups,0,0,0,0,4,0,0,0,0,,2024-01-08 21:22:10,0,0,7.15154,6.01779,1160,1.60299,3082,Strategy Game Rank: 1406,,,,,,,,,,,,,,,,,"Kickstarter
GenCon 2019 DEMO",,
239840,53155419,Micropolis,Micropolis,2018,https://cf.geekdo-images.com/nKpQvbXWcf53bIU2KpPJUw__original/img/K_WoD2lPlOwRWxE_Z5lupcvaVSg=/0x0/filters:format(jpeg)/pic3833546.jpg,https://cf.geekdo-images.com/nKpQvbXWcf53bIU2KpPJUw__small/img/5FzqkC69fwZTcikwWBvlbezMwdg=/fit-in/200x150/filters:strip_icc()/pic3833546.jpg,,2,6,30,30,30,,1.7632,2882,"2,3,4,5,6","3,4",6+,No necessary in-game text,1,0,0,0,4,0,0,0,0,,2026-05-31 20:59:43,4,7,6.77467,6.06481,1907,1.14629,2841,Family Game Rank: 885,Father’s Day Gift,2019-06-16,,32,USD,,,,,,,,,,,,"2018 Gen Con
Would buy if less than $20",,"[2-Resident]
PP Estimate"
169427,61568150,Middara: Unintentional Malum – Act 1,Middara: Unintentional Malum – Act 1,2019,https://cf.geekdo-images.com/hRuD1y5BxdNpssgBqamS0A__original/img/yyJfhGhGV9cvzvAjnVsopysHNNM=/0x0/filters:format(jpeg)/pic4595897.jpg,https://cf.geekdo-images.com/hRuD1y5BxdNpssgBqamS0A__small/img/fpUu1t2YLjJ4EvEzBGTKtZasNv4=/fit-in/200x150/filters:strip_icc()/pic4595897.jpg,,1,4,60,60,60,,4.139,6898,"1,2,3,4",4,12+,Extensive use of text - massive conversion needed to be playable,0,0,0,0,4,0,0,0,0,,2020-12-19 23:35:50,0,0,8.50124,6.92895,2833,1.7237,589,Thematic Rank: 53,,,,,,,,,,,,,,,,,"This is a game that I would really like to play, but not sure I need to own it!",,
403754,119839781,Middle Ages,Middle Ages,2024,https://cf.geekdo-images.com/WosfgaFD86TMKYssp8XSxA__original/img/lX7wHPuA03DqI2bDxy4CB3vX0Nk=/0x0/filters:format(png)/pic8140420.png,https://cf.geekdo-images.com/WosfgaFD86TMKYssp8XSxA__small/img/Zxnqif18yOKYrsswz0qDUGctggg=/fit-in/200x150/filters:strip_icc()/pic8140420.png,,2,5,30,30,30,,2.0091,4740,"2,3,4,5","3,4",10+,No necessary in-game text,1,0,0,0,2,0,0,0,0,1,2026-05-31 20:59:49,5,7,7.19339,6.46212,3238,1.19906,1420,Family Game Rank: 382,Hachette ,2024-08-09,2024-08-21,35,USD,,,,,,,,,,,,GenCon 2024 Played in BGG Hot Games Room.  It was fun.  G would like it too,,[2-Resident]
346501,100923049,Mille Fiori,Mille Fiori,2021,https://cf.geekdo-images.com/acERQjU6qQ_BGxF3IBri8w__original/img/knjL-l4xv88R0K-RXwSm_iAar-U=/0x0/filters:format(jpeg)/pic6703416.jpg,https://cf.geekdo-images.com/acERQjU6qQ_BGxF3IBri8w__small/img/AHl1ONikJsG3ZqNfow6E_nT0bh0=/fit-in/200x150/filters:strip_icc()/pic6703416.jpg,,2,4,60,90,90,,2.1745,9836,"3,4",4,8+,No necessary in-game text,1,0,0,0,3,0,0,0,0,1,2026-05-31 20:59:58,3,8,7.41696,6.84598,5723,1.17145,698,Strategy Game Rank: 425; Family Game Rank: 145,GeekMarket Racinrod,2023-02-27,,35,USD,,,,,,,,,,,,,,"[2-Resident]
"
401409,119826729,Mind Map,Mind Map,2024,https://cf.geekdo-images.com/807XtvoAS2tg76ZpwFxuJQ__original/img/EgR1bHGfaD3W3bKLRF2bAIK7YPE=/0x0/filters:format(png)/pic7754303.png,https://cf.geekdo-images.com/807XtvoAS2tg76ZpwFxuJQ__small/img/ffKKPVKX0JlvEJ0Bx8Tpq6jL6u0=/fit-in/200x150/filters:strip_icc()/pic7754303.png,,4,14,20,30,30,,0,257,"4,5,6","5,6",,,0,0,0,0,3,0,0,0,0,,2024-07-05 22:33:22,0,0,5.99452,5.52486,124,1.40579,17943,,,,,,,,,,,,,,,,,,Looks like a decent party game,,
377515,119602615,Mind Up!,Mind Up!,2023,https://cf.geekdo-images.com/xOMxRrAtu_7WR2FRu1oDSw__original/img/vi1psBxEIE72ipIv5Ol4mrT3lOs=/0x0/filters:format(png)/pic7333215.png,https://cf.geekdo-images.com/xOMxRrAtu_7WR2FRu1oDSw__small/img/Ur1t0hDFFzGsNkoFzU3wDwUCL6Q=/fit-in/200x150/filters:strip_icc()/pic7333215.png,,3,6,15,20,20,,1.1724,2269,"3,4,5,6",4,8+,No necessary in-game text,1,0,0,0,3,0,0,1,0,1,2026-05-31 21:00:41,4,6,6.68198,5.91246,1322,1.27099,3768,Family Game Rank: 1170,Cardhaus,2024-05-25,2024-05-29,12,USD,,,,,,,,,,,,,,[5-Exiting]
302510,88647327,Mining Colony,Mining Colony,2021,https://cf.geekdo-images.com/4bwwGgld8rD9rRVJ0x9_sw__original/img/2tApZZCN7kf8vhpDqtuj_3YP3WE=/0x0/filters:format(png)/pic5312367.png,https://cf.geekdo-images.com/4bwwGgld8rD9rRVJ0x9_sw__small/img/XbLJPB2o5Hk0RMT19dRKpcdnioE=/fit-in/200x150/filters:strip_icc()/pic5312367.png,,1,4,40,40,40,,1.8636,1191,"1,2,3,4",4,10+,No necessary in-game text,0,0,0,0,3,0,0,0,0,,2024-01-08 21:22:14,0,0,6.83058,5.73299,488,1.13873,5708,,,,,,,,,,,,,,,,,,polynomino placement.  Looks quick and fun,,
222462,66107986,Mint Julep,Mint Julep,2017,https://cf.geekdo-images.com/auBPSaIhnSBvV4aXY9tVbA__original/img/s_tOJX2IBFR-OduMCJ40HLeSAgk=/0x0/filters:format(jpeg)/pic3468692.jpg,https://cf.geekdo-images.com/auBPSaIhnSBvV4aXY9tVbA__small/img/hFDtfR67i92qemNljDuSA6ZOivE=/fit-in/200x150/filters:strip_icc()/pic3468692.jpg,,2,4,20,30,30,,1.8333,1369,"2,3,4",3,8+,Some necessary text - easily memorized or small crib sheet,1,0,0,0,3,0,0,0,0,,2026-05-31 21:00:50,1,4,6.47139,5.59845,294,1.50383,9500,,KS,2019-11-24,,10,USD,,,Lakehouse,,,,,,,,,,,"[2-Resident]
Butonshy Bundle with Mint Julep, Pentaquark, and Pickpockets"
214123,68556382,Moa,Moa,2018,https://cf.geekdo-images.com/1Et_C01n7eAqYQvDgVxsgQ__original/img/Tt70saxxUdRzeSFGOfYg9dzDQ2A=/0x0/filters:format(jpeg)/pic3501382.jpg,https://cf.geekdo-images.com/1Et_C01n7eAqYQvDgVxsgQ__small/img/BuhGyEWtebykCachDadAFuuJ8xk=/fit-in/200x150/filters:strip_icc()/pic3501382.jpg,,2,5,45,60,60,,2.6154,587,"2,3,4,5",4,10+,No necessary in-game text,0,0,0,0,1,0,0,0,1,1,2024-07-14 16:43:01,0,0,6.34327,5.56779,223,1.44365,11555,Strategy Game Rank: 2768,Cardhaus,2020-04-16,2020-04-16,17,USD,15,USD,Sold,Opened.  Never played,,,,,,,,Geekmarket 11/20/2022 $25,,Sold for $15 on BGG Marketplace to shannan_north on 2024-05-05
317231,73855438,Monasterium,Monasterium,2020,https://cf.geekdo-images.com/AaTW0Yp5veGfkRxNxMVrUA__original/img/x5IjIKqvofCodMYIRLPz9xsI2gI=/0x0/filters:format(jpeg)/pic5602089.jpg,https://cf.geekdo-images.com/AaTW0Yp5veGfkRxNxMVrUA__small/img/X67FfKoh65jFndt_MnO_lg912Bs=/fit-in/200x150/filters:strip_icc()/pic5602089.jpg,,2,4,60,120,120,,3.2286,2187,"2,3",3,14+,No necessary in-game text,0,0,0,0,3,0,0,0,1,,2026-05-03 17:07:47,1,7,7.33296,6.12342,1275,1.25969,2557,Strategy Game Rank: 1191,BGG Auction drAsher25,2023-10-15,2026-04-30,50,USD,45,USD,Sold - Geekmarket,,,,,,,,,"Good review from Meeple Town.  Would like to see more
Cool dice action selection drafting mechanism",,"Sold via Geekmarket $45

Includes Market Stall Expansion plus stickered meeples"
337814,111362472,Monasterium: Market Stall,Monasterium: Market Stall,2021,https://cf.geekdo-images.com/TIAAArwhalU-cBQ4PhC8Kg__original/img/aK5cwTDCbYQd28AWak0s1NRrGSo=/0x0/filters:format(jpeg)/pic6206803.jpg,https://cf.geekdo-images.com/TIAAArwhalU-cBQ4PhC8Kg__small/img/XvDff0wlXEnLGfuT6so87wauOkw=/fit-in/200x150/filters:strip_icc()/pic6206803.jpg,,2,4,0,0,0,,2,404,,,,No necessary in-game text,1,0,0,0,3,0,0,0,0,,2023-10-25 18:20:16,0,0,7.60755,5.54362,53,1.25651,0,,BGG Action drAsher25,2023-10-15,2023-10-25,,,,,,,,,,,,,,,,In base game
251622,77422927,Moneybags,Moneybags,2018,https://cf.geekdo-images.com/BNml7QYSqR-x7sif_VSjgQ__original/img/jKnc9pIj7CvK9SCDAJr38ptG7gU=/0x0/filters:format(png)/pic5783807.png,https://cf.geekdo-images.com/BNml7QYSqR-x7sif_VSjgQ__small/img/LsIPUdkMIBPglmyXvgBU95TxhX8=/fit-in/200x150/filters:strip_icc()/pic5783807.png,,3,6,30,30,30,,1.25,675,"4,5,6","5,6",8+,No necessary in-game text,1,0,0,0,3,0,0,0,0,,2026-05-31 21:00:59,4,8,5.72344,5.52318,340,1.53922,18413,,GeekMarket racinrod,2023-02-27,,25,USD,,,,,,,,,,,,Played with Ross at GenCon fun little bluffing game.,,[2-Resident]
412911,134842593,Monkey Palace,Monkey Palace,2024,https://cf.geekdo-images.com/E0_jjeKtADvRnn0vSVGgeQ__original/img/47wS0eCENy1h2sD223YMs4aq0Vg=/0x0/filters:format(png)/pic8445137.png,https://cf.geekdo-images.com/E0_jjeKtADvRnn0vSVGgeQ__small/img/oZkmJTRjIayLYOCs8eStlOVEEgo=/fit-in/200x150/filters:strip_icc()/pic8445137.png,,2,4,45,45,45,,2,7074,"2,3,4",2,8+,No necessary in-game text,1,0,0,0,3,1,0,0,0,,2026-05-31 17:30:22,0,0,7.13695,6.28899,2398,1.23932,1914,Family Game Rank: 558,GenCon,2025-07-31,2025-07-31,25,USD,,,,,,,,,,,,,,"[4-Evaluate]
Angie’s game"
1406,71241012,Monopoly,Monopoly,2006,https://cf.geekdo-images.com/UjZ5zm9oxHph5IzF9vwagQ__original/img/Iya-U4LAG-7pjIbS_pYxK_HFm9o=/0x0/filters:format(jpeg)/pic94176.jpg,https://cf.geekdo-images.com/UjZ5zm9oxHph5IzF9vwagQ__small/img/62IYXqtXVJrpG8gVfCqucFnF9eA=/fit-in/200x150/filters:strip_icc()/pic94176.jpg,,2,8,60,180,180,,1.6188,59959,"3,4,5,6",4,8+,Moderate in-game text - needs crib sheet or paste ups,1,0,0,0,3,0,0,0,0,,2026-05-31 21:01:09,1,5,4.36893,4.29369,39856,1.9036,30686,Family Game Rank: 3611,,,,,,,,Lakehouse,,,,,Hasbro; Parker Brothers,English,2006,Hasbro Vintage Collection wooden box edition,,,[2-Resident]
248125,72237654,Monumental,Monumental,2020,https://cf.geekdo-images.com/A1NhQEEKNyavYgOzvdT-XQ__original/img/CMOQasmhjxRZgOCWw3ujPHlnstI=/0x0/filters:format(jpeg)/pic4339963.jpg,https://cf.geekdo-images.com/A1NhQEEKNyavYgOzvdT-XQ__small/img/ruXlpSeZ-VPWXunGl4-kmlK4-ao=/fit-in/200x150/filters:strip_icc()/pic4339963.jpg,,1,4,90,120,120,,2.8846,4892,"1,2,3","2,3",12+,Moderate in-game text - needs crib sheet or paste ups,0,0,0,0,3,0,0,0,0,,2023-01-23 19:46:38,0,0,7.38906,6.37799,2334,1.61911,1649,Strategy Game Rank: 859,,,,,,,,,,,,,,,,,Huge and expensive!,,
270239,63771996,Moonrakers,Moonrakers,2020,https://cf.geekdo-images.com/atjJKVYnNTTn1gZ2lbw8bA__original/img/-KJg0tyMdrRyR4OHx6UeDF8pKtU=/0x0/filters:format(png)/pic5631285.png,https://cf.geekdo-images.com/atjJKVYnNTTn1gZ2lbw8bA__small/img/LWKATlCPQOqfF3cJMhrnQxWRuyE=/fit-in/200x150/filters:strip_icc()/pic5631285.png,,1,5,60,120,120,,2.4725,6587,"3,4,5",4,12+,Moderate in-game text - needs crib sheet or paste ups,0,0,0,0,3,0,0,0,0,,2021-09-29 22:17:48,0,0,7.69231,6.77607,4131,1.53016,791,Thematic Rank: 192; Strategy Game Rank: 499,,,,,,,,,,,,,,,,,"KS Sep 2019
Deckbuilding with more.  Looks cool, first time creator with a lot of big name reviewers doing previews (DT, MvM, Game the Game...)

Think I am going to pass on the KS.  Game needs a decent amount of negoatiation to complete contracts which doesn't sound all that fun at 2 players",,
329551,82688810,Mosaic: A Story of Civilization,Mosaic: A Story of Civilization,2022,https://cf.geekdo-images.com/hRym3ngIdndJT2hhOURjMw__original/img/wnMrlWn4cdXgkG3fB1JYDqFNqJc=/0x0/filters:format(jpeg)/pic7414594.jpg,https://cf.geekdo-images.com/hRym3ngIdndJT2hhOURjMw__small/img/XWJj-SqoPA1eh6u7KUY1j3nSEA8=/fit-in/200x150/filters:strip_icc()/pic7414594.jpg,,2,6,120,120,120,,3.0543,8840,"3,4,5",4,12+,Moderate in-game text - needs crib sheet or paste ups,1,0,0,0,4,0,0,0,0,1,2026-05-31 17:30:27,2,8,7.46375,6.81042,5127,1.48218,744,Strategy Game Rank: 442,KS,2021-06-03,2022-10-12,108,USD,,,,,,,,,,,,"This looks like a very simple to play, yet deeper strategy civ game. Price is up there for the deluxe version",Sphinx Edition plus metal coin and wooden token add-ons,"[1-Permanent]
Received the base game (Sphinx edition) on 12 Oct 2022.

Add ons (coins and wooden tokens) are supposed to ship in Nov 2022."
371704,98727745,Mosaic: Wars and Disasters,Mosaic: Wars and Disasters,2023,https://cf.geekdo-images.com/IyUHt_Crep90OODrbWCdZQ__original/img/sQIR5Pu3UZT-TmLUcF7TsavEhnY=/0x0/filters:format(jpeg)/pic7099190.jpg,https://cf.geekdo-images.com/IyUHt_Crep90OODrbWCdZQ__small/img/Rcmk1khpD0mLsosKyropsKTKUKA=/fit-in/200x150/filters:strip_icc()/pic7099190.jpg,,2,6,90,150,150,,3,1793,"3,4,5,6","3,4,6",,Some necessary text - easily memorized or small crib sheet,1,0,0,0,3,0,0,0,0,,2023-08-11 14:32:09,0,0,7.70722,5.69954,245,1.62287,0,,KS,2022-10-13,2023-08-11,35,USD,,,,,,,,,,,,,,Sphinx compatible edition
335116,103297368,Motor City,Motor City,2023,https://cf.geekdo-images.com/Gs0eHLcERvap4rRt_5VIvg__original/img/ebCOpGAMiHJ_G2f4P_59ZSWWsBQ=/0x0/filters:format(png)/pic6861977.png,https://cf.geekdo-images.com/Gs0eHLcERvap4rRt_5VIvg__small/img/Eij1Qs1mazz2iaRyMBpu6HfiOpA=/fit-in/200x150/filters:strip_icc()/pic6861977.png,,1,5,45,45,45,,2.881,3314,"1,2,3,4",2,12+,No necessary in-game text,0,0,0,0,3,0,0,0,1,,2025-08-03 20:45:39,2,6,7.1418,6.029,1142,1.18212,3030,Strategy Game Rank: 1382,No Regrets Games,2023-02-24,2025-07-08,25,USD,,,GenCon Store / Auction 2025,,,,,,,,,Building cars roll n write,,$7 Geekmarket 2025-07-08
63975,108239628,Mountain Goats,Mountain Goats,2010,https://cf.geekdo-images.com/p4DD5TGFNFQy_ayFtT-x_A__original/img/o8zVhEu7BaQo1sE9jH-yu2YBE_4=/0x0/filters:format(jpeg)/pic5313595.jpg,https://cf.geekdo-images.com/p4DD5TGFNFQy_ayFtT-x_A__small/img/NuH7OkL_qhJtS1QORYrHVE1dCl8=/fit-in/200x150/filters:strip_icc()/pic5313595.jpg,,2,4,20,20,20,,1.211,10603,"2,3,4",4,6+,No necessary in-game text,0,0,0,0,3,0,0,0,0,,2023-07-15 13:20:13,1,6,6.83656,6.42196,5652,1.24554,1520,Family Game Rank: 461,,,,,,,,,,,,,,,,,,,
416494,119896830,Murray the A**hole Frog,Murray the A**hole Frog,2024,https://cf.geekdo-images.com/pJ3jNBjvs0U04qiFipfV5w__original/img/BJ9I8wsd3j-TCZMdUbK6PXNTFzM=/0x0/filters:format(png)/pic8080322.png,https://cf.geekdo-images.com/pJ3jNBjvs0U04qiFipfV5w__small/img/NfH122tmkYzbxkJVvgN_Z97RG9Y=/fit-in/200x150/filters:strip_icc()/pic8080322.png,,3,6,30,45,45,,0,370,"3,4","3,4",,,1,0,0,0,2,1,0,0,0,1,2026-05-31 17:30:40,0,0,6.89195,5.56681,131,1.34926,11623,,GenCon 2024,2024-08-01,2024-08-01,25,USD,,,,,,,,,,,,,,[4-Evaluate]
393322,125423308,Mutagen,Mutagen,2025,https://cf.geekdo-images.com/bqh1xaHoUb6tV8kmyRjBXA__original/img/n5ZS0YaCX-HM7x-v0le3OA0fubg=/0x0/filters:format(png)/pic7605615.png,https://cf.geekdo-images.com/bqh1xaHoUb6tV8kmyRjBXA__small/img/tjArrkGZIg_8eKICUyASRfF0_UA=/fit-in/200x150/filters:strip_icc()/pic7605615.png,,1,4,60,90,90,,3,273,"2,3,4","3,4",12+,,0,0,0,0,3,0,0,0,0,1,2026-02-13 17:02:31,0,0,6.74471,5.54029,85,1.45525,14673,,,,,,,,,,,,,,,,,,,,
393322,125423514,Mutagen,Mutagen,2025,https://cf.geekdo-images.com/bqh1xaHoUb6tV8kmyRjBXA__original/img/n5ZS0YaCX-HM7x-v0le3OA0fubg=/0x0/filters:format(png)/pic7605615.png,https://cf.geekdo-images.com/bqh1xaHoUb6tV8kmyRjBXA__small/img/tjArrkGZIg_8eKICUyASRfF0_UA=/fit-in/200x150/filters:strip_icc()/pic7605615.png,,1,4,60,90,90,,3,273,"2,3,4","3,4",12+,,0,0,0,0,3,0,0,0,0,,2026-02-13 17:02:31,0,0,6.74471,5.54029,85,1.45525,14673,,Kickstarter,2024-11-12,,61,USD,,,,,,,,,,,,,,"Kickstarter Deluxe Edition includes 20  Mutation attachments, Turczi expansion, Johnny PAC expansion"
462307,142530603,Mutagen: Deluxe Edition,Mutagen: Deluxe Edition,2025,https://cf.geekdo-images.com/bqh1xaHoUb6tV8kmyRjBXA__original/img/n5ZS0YaCX-HM7x-v0le3OA0fubg=/0x0/filters:format(png)/pic7605615.png,https://cf.geekdo-images.com/bqh1xaHoUb6tV8kmyRjBXA__small/img/tjArrkGZIg_8eKICUyASRfF0_UA=/fit-in/200x150/filters:strip_icc()/pic7605615.png,,1,4,60,90,90,,0,125,,,,,1,0,0,0,3,0,0,1,0,,2026-05-31 20:12:13,1,6,6.87778,0,18,1.66452,0,,KS,2024-11-12,2026-02-13,61,USD,,,,,,,,Dranda Games,English,2025,English edition,,,"[5-Exiting]
Kickstarter Deluxe Edition includes 20  Mutation attachments, Turczi expansion, Johnny PAC expansion"
269537,66971753,Mystery House: Adventures in a Box,Mystery House: Adventures in a Box,2019,https://cf.geekdo-images.com/p64ete71GuhK-euYz1onqg__original/img/HZw-_YgmZy2rGE-2PazgMDORFZ4=/0x0/filters:format(jpeg)/pic4802033.jpg,https://cf.geekdo-images.com/p64ete71GuhK-euYz1onqg__small/img/nsHOeAy5gGB10ERXoudWZ1Mv-zo=/fit-in/200x150/filters:strip_icc()/pic4802033.jpg,,1,5,60,60,60,,2.125,2443,"1,2,3",2,12+,Moderate in-game text - needs crib sheet or paste ups,0,0,0,0,4,0,0,0,0,,2023-02-25 22:35:17,0,0,6.26157,5.71885,978,1.68408,5954,Thematic Rank: 1023,,,,,,,,,,,,,,,,,Really unique mechanism. Looking through the box to see things...,,
242653,132979165,Mysthea,Mysthea,2019,https://cf.geekdo-images.com/jfk-kD0mrLQ6XEKQfO5TuQ__original/img/vVO-B-ks777WK8dz5tYjdc4VJUg=/0x0/filters:format(png)/pic3980663.png,https://cf.geekdo-images.com/jfk-kD0mrLQ6XEKQfO5TuQ__small/img/tU3byM579bW1HtseUzW1IWtxmjo=/fit-in/200x150/filters:strip_icc()/pic3980663.png,,2,5,90,120,120,,3.8235,3010,"2,3,4",3,14+,No necessary in-game text,0,0,0,0,3,0,0,0,0,,2025-08-12 18:56:50,0,0,7.56169,6.17031,1298,1.55056,2340,Strategy Game Rank: 1152,,,,,,,,,,,,,,,,,"GenCon 2025
Interesting but Tom V says it plays best at 3
Needs a Bob at 2",,
447729,132976640,Mystic Curling Club,Mystic Curling Club,2026,https://cf.geekdo-images.com/mLX_RuE1MsqTi6PI-mdw5Q__original/img/gOwRLtCXRBcAToRAqN4Kqn8qBbg=/0x0/filters:format(png)/pic9068557.png,https://cf.geekdo-images.com/mLX_RuE1MsqTi6PI-mdw5Q__small/img/e4vFqDxr_pPD7PWRLW9CX_djQTw=/fit-in/200x150/filters:strip_icc()/pic9068557.png,,2,4,10,30,30,,0,3,,,,,0,1,0,0,3,0,0,0,0,,2025-10-15 18:42:32,0,0,6.25714,0,7,0.744229,0,,Kickstarter,2025-10-15,,50,USD,,,,,,,,,,,,"GenCon 2025
Curling!!",,Includes 2 extra boards
342894,110195338,Mythic Mischief,Mythic Mischief,2022,https://cf.geekdo-images.com/B1h4rA9VVLB6-3NxDucMLw__original/img/jJI5CVB2dBH-5kzkiG0Q0dOuFi8=/0x0/filters:format(png)/pic6294970.png,https://cf.geekdo-images.com/B1h4rA9VVLB6-3NxDucMLw__small/img/mP1VC2vQ6H9x-8dRGJtB7a_OGlQ=/fit-in/200x150/filters:strip_icc()/pic6294970.png,,1,4,45,90,90,,2.5294,3903,"1,2,4",2,10+,No necessary in-game text,0,0,0,0,3,0,0,0,0,,2024-01-08 21:22:18,0,0,7.52151,6.30294,1671,1.38504,1862,Abstract Game Rank: 76,,,,,,,,,,,,,,,,,,,
400617,110240104,Mythic Mischief Vol. II,Mythic Mischief Vol. II,2024,https://cf.geekdo-images.com/l_9vmWRPz55Wm_NXg9_tmg__original/img/B1xP5eGIObV_3Pu7HIFfvSQY1PY=/0x0/filters:format(png)/pic7719665.png,https://cf.geekdo-images.com/l_9vmWRPz55Wm_NXg9_tmg__small/img/SzAC3_XFKbHJzTtcYA8f-cytbVU=/fit-in/200x150/filters:strip_icc()/pic7719665.png,,1,4,45,90,90,,2.5,1530,"1,2",2,10+,,0,0,0,0,3,0,0,0,0,,2024-01-08 21:22:20,0,0,7.92424,5.72102,246,1.25946,5913,,,,,,,,,,,,,,,,,,,,
191071,132394584,Mythical Dice,Mythical Dice,2016,https://cf.geekdo-images.com/RgAOz0_78OhnjASEVq-gTg__original/img/_jlZv3I8UCE0VfZeLNQ4o88XtJ0=/0x0/filters:format(png)/pic8715055.png,https://cf.geekdo-images.com/RgAOz0_78OhnjASEVq-gTg__small/img/iqlnwdfMRn1pCR6Q3ZWmPpB5AuQ=/fit-in/200x150/filters:strip_icc()/pic8715055.png,,3,6,30,30,30,,1.5714,2885,"3,4,5,6",4,8+,No necessary in-game text,0,0,1,0,3,0,0,0,0,,2025-05-18 13:02:16,0,0,6.85613,6.03403,1543,1.49668,2997,Family Game Rank: 937,,,,,,,,,,,,,,,,,Plays up to 6 players.Check out at GenCon 2025,,
137931,56368174,Nada!,Nada!,2013,https://cf.geekdo-images.com/RhMQCBGIDSn0QzvC1JI6fA__original/img/YTTD4TiqZSN-nFzXaN5gEK_qiJs=/0x0/filters:format(jpeg)/pic1686887.jpg,https://cf.geekdo-images.com/RhMQCBGIDSn0QzvC1JI6fA__small/img/8qXIrOqZSGEO90dOQUkTAbf6NCI=/fit-in/200x150/filters:strip_icc()/pic1686887.jpg,,2,4,10,10,10,,1.0435,979,"2,3,4",4,5+,No necessary in-game text,1,0,0,0,3,0,0,0,0,,2026-05-31 21:01:27,3,5,5.5687,5.50708,353,1.47909,23718,Party Game Rank: 809; Family Game Rank: 3208,,,,12,USD,,,,,,,,,,,,,,"[3-Transient]
PP Estimate"
244191,60430803,Naga Raja,Naga Raja,2019,https://cf.geekdo-images.com/BhWG7lpcdeDtgREf_qoxnw__original/img/DZPHZKfcCd8722GNo6en6GgCWmk=/0x0/filters:format(jpeg)/pic4584504.jpg,https://cf.geekdo-images.com/BhWG7lpcdeDtgREf_qoxnw__small/img/A05JkFIHJGHpkTvNu2jgNxFx5M0=/fit-in/200x150/filters:strip_icc()/pic4584504.jpg,,2,2,30,30,30,,2.0233,4907,2,2,10+,No necessary in-game text,0,0,0,0,3,0,0,0,1,,2024-07-14 20:27:15,2,6,7.09127,6.35666,2855,1.21303,1695,Strategy Game Rank: 922,Cardhaus,2019-07-01,,31.99,USD,25,USD,Traded,,,,,,,,,"Origins 2019 List
Cool looking 2 player game",,"Currently for Sale on IndyCon Flea Market $25
Traded on 2020-09-18 for Dogs and Times Square"
423648,133140509,Naishi,Naishi,2024,https://cf.geekdo-images.com/DRNX24a0h7sG78DF7BOzKg__original/img/8S2_KFRxuo7m6f12-J4wnPKGQOU=/0x0/filters:format(jpeg)/pic8277394.jpg,https://cf.geekdo-images.com/DRNX24a0h7sG78DF7BOzKg__small/img/fyuriMTyMOCCEt4qQkqEdbhXa4o=/fit-in/200x150/filters:strip_icc()/pic8277394.jpg,,2,2,20,20,20,,2.1163,2224,2,2,10+,No necessary in-game text,0,0,0,0,3,0,0,0,0,,2025-08-12 18:56:21,0,0,7.62094,6.17776,1192,1.19123,2318,Strategy Game Rank: 1109,,,,,,,,,,,,,,,,,"GenCon 2025
2 Player Only",,
379761,132978753,Natera: New Beginning,Natera: New Beginning,2025,https://cf.geekdo-images.com/LZS0Usq0rYZSIOk4QYFeuw__original/img/HxOQiO51QpZAt0EX5CTUzf9wgDI=/0x0/filters:format(png)/pic7827848.png,https://cf.geekdo-images.com/LZS0Usq0rYZSIOk4QYFeuw__small/img/bVsjugSnaFWwVlkIu45oVmagnG4=/fit-in/200x150/filters:strip_icc()/pic7827848.png,,1,4,60,120,120,,3.1143,834,"2,3,4",3,12+,,0,0,1,1,3,0,1,0,0,,2026-01-01 15:22:15,0,0,7.94969,5.89238,512,1.50347,3939,,,,,,,,,,,,,,,,,,"GenCon 2025
Worker Placement / Hand Mgmt
Monique and Naveen play through looks good. 
Gives me Outlive vibes",,
319295,74532063,National Lampoon's Christmas Vacation: Twinkling Lights Game,National Lampoon's Christmas Vacation: Twinkling Lights Game,2020,https://cf.geekdo-images.com/pJHNcRP60IwQd6xKn30isw__original/img/Th032DvP1VmLU_OxL7-CRYJzCvY=/0x0/filters:format(png)/pic5652173.png,https://cf.geekdo-images.com/pJHNcRP60IwQd6xKn30isw__small/img/rNJJ59nwg7bwMbt8ygirvyFy5_M=/fit-in/200x150/filters:strip_icc()/pic5652173.png,,2,4,20,20,20,,1,514,"2,3,4",4,6+,,0,0,0,0,3,0,0,0,0,,2022-10-11 09:13:28,0,0,6.11083,5.52721,120,1.2595,17347,,,,,,,,,,,,,,,,,,,,
378568,109747665,Nautilus Island,Nautilus Island,2023,https://cf.geekdo-images.com/AXAlqZbYaAk7bBS8pNdAVg__original/img/61w0umy9bb9uOzjQOx5MiKjx6F0=/0x0/filters:format(png)/pic7480436.png,https://cf.geekdo-images.com/AXAlqZbYaAk7bBS8pNdAVg__small/img/Uz2bgEg-HL2XDup-bIv4dlRXlpc=/fit-in/200x150/filters:strip_icc()/pic7480436.png,,2,4,20,30,30,,1.5,503,"2,3,4","2,4",8+,No necessary in-game text,0,0,0,0,3,0,0,0,0,,2024-01-08 21:23:06,0,0,6.56122,5.57896,191,1.11138,10674,,,,,,,,,,,,,,,,,,Board Game Captain GenCon 2023 overview. Looks like a simple set collecting that could be worth checking out.,,
167355,94421984,Nemesis,Nemesis,2018,https://cf.geekdo-images.com/4KSmlm59w0GwLIlgDnJDAQ__original/img/f0VmAKrPrMRQOUcOJHekRvuysDE=/0x0/filters:format(png)/pic8211747.png,https://cf.geekdo-images.com/4KSmlm59w0GwLIlgDnJDAQ__small/img/P20AxSqNHOEM5qT_doqeeE7JAHQ=/fit-in/200x150/filters:strip_icc()/pic8211747.png,,1,5,90,180,180,,3.4874,50758,"1,2,3,4,5","4,5",14+,Moderate in-game text - needs crib sheet or paste ups,0,0,0,0,3,0,0,0,0,,2022-07-30 08:43:09,1,9,8.24955,7.9498,37493,1.52543,25,Thematic Rank: 12,,,,,,,,,,,,,,,,,,,
310100,99034449,Nemesis: Lockdown,Nemesis: Lockdown,2022,https://cf.geekdo-images.com/NEbmFFGhKwegIryUArgw6w__original/img/YCDNmHN9DiyAnjSvFRen1sjAug4=/0x0/filters:format(jpeg)/pic7110034.jpg,https://cf.geekdo-images.com/NEbmFFGhKwegIryUArgw6w__small/img/hXvYab51gUQLL05r7sVFEjLZAYI=/fit-in/200x150/filters:strip_icc()/pic7110034.jpg,,1,5,90,180,180,,3.913,19996,"1,2,3,4,5",4,14+,Extensive use of text - massive conversion needed to be playable,1,0,0,0,3,1,0,1,0,,2026-05-31 20:00:39,0,0,8.24793,7.51826,8380,1.45121,129,Thematic Rank: 26,OctoCon Raffle,2022-10-22,,0.0001,USD,,,,,,,,,,,,,,"[3-Transient]
Won at OctoCon.  Donated by Family Time Games"
360359,107950791,Neotopia,Neotopia,2023,https://cf.geekdo-images.com/pEpom809V3pxF1ALj-LTlA__original/img/e-GTF2K0RzOJ5rehx11G-vjest4=/0x0/filters:format(png)/pic7530960.png,https://cf.geekdo-images.com/pEpom809V3pxF1ALj-LTlA__small/img/kI3wMBMHkTVwak4VMU9jZDQkOO8=/fit-in/200x150/filters:strip_icc()/pic7530960.png,,2,4,30,60,60,,1.95,1140,"2,3,4",2,8+,No necessary in-game text,0,0,0,0,3,0,0,0,0,,2025-08-12 18:59:15,0,0,7.07965,5.79447,564,1.15413,4870,Family Game Rank: 1459,,,,,,,,,,,,,,,,,"GenCon 2023
Initial glance gives me It’s a Wonderful World vibes",,
359157,107951532,Nestlings,Nestlings,2024,https://cf.geekdo-images.com/Pt4g5CouaPoL8gi_x8WBBQ__original/img/PFNjx_WatANZj0vAToADBuE2zzc=/0x0/filters:format(png)/pic7830203.png,https://cf.geekdo-images.com/Pt4g5CouaPoL8gi_x8WBBQ__small/img/onnosz0t0Wnutp8-d-xjkpgRYdA=/fit-in/200x150/filters:strip_icc()/pic7830203.png,,1,4,30,60,60,,2.375,1019,"1,3,4",4,10+,,1,0,0,0,3,1,0,0,0,,2026-05-31 21:01:45,1,7,6.67856,5.60642,284,1.61362,9109,,KS,2023-07-06,2024-07-26,79,USD,,,,,,,,,,,,,,"[3-Transient]
Deluxe Edition"
245931,52553077,Neta-Tanka: Deluxe Edition,Neta-Tanka: Deluxe Edition,2019,https://cf.geekdo-images.com/lA-IGC3C5fghAhlZoQRhwg__original/img/kUtxPwWvOZYMIiAVuGguavdPs1A=/0x0/filters:format(jpeg)/pic4766535.jpg,https://cf.geekdo-images.com/lA-IGC3C5fghAhlZoQRhwg__small/img/l0Qt3uxqqRUnc_oNx6yizrmXNkg=/fit-in/200x150/filters:strip_icc()/pic4766535.jpg,,1,5,60,90,90,,2.8088,2954,"1,2,3,4,5",3,10+,No necessary in-game text,1,0,0,0,1,0,0,0,0,,2026-05-31 21:01:51,5,8,7.1212,6.13476,1547,1.32006,0,,KS,2018-06-27,2019-05-07,64,USD,,,Lakehouse,,,,,,,,,KS July 2018,KS July 2018,[2-Resident]
255692,52611299,New Frontiers,New Frontiers,2018,https://cf.geekdo-images.com/yiBNj7FQx_H_Q0JSJLwycw__original/img/NHq_4xd8NhHeSx2dGjST68ZSIgo=/0x0/filters:format(jpeg)/pic4195323.jpg,https://cf.geekdo-images.com/yiBNj7FQx_H_Q0JSJLwycw__small/img/QGJS7HdKYi7jCt6xn7GRbFyRK50=/fit-in/200x150/filters:strip_icc()/pic4195323.jpg,,2,5,45,75,75,,2.9612,5885,"2,3,4,5",4,10+,Moderate in-game text - needs crib sheet or paste ups,1,0,0,0,2,1,0,0,0,,2026-05-31 21:02:21,0,0,7.38425,6.71213,4320,1.21269,890,Strategy Game Rank: 512,Indy Spiel Flea Market,2024-09-27,2024-09-28,15,USD,,,,,,,,,,,,"2018 Gen Con
2019 GenCon DEMO (sold out)
Keeping an eye on this one
Tom Lehmann",,[4-Evaluate]
287810,67090708,"New Phone, Who Dis?","New Phone, Who Dis?",2019,https://cf.geekdo-images.com/PR0ojGaLskaFz8BBou_GQw__original/img/k2O1fIK01YFhmr3UI-bGiCTpZ7w=/0x0/filters:format(jpeg)/pic7369897.jpg,https://cf.geekdo-images.com/PR0ojGaLskaFz8BBou_GQw__small/img/9ZAHp4ViCj3cdE_G5A7QnsoWBd8=/fit-in/200x150/filters:strip_icc()/pic7369897.jpg,,3,20,30,90,90,,1,1703,"4,5,6,7,8,9,10,11,12,13,14,15,16,17,18,19,20","7,8,9,10",16+,,0,0,0,0,3,0,0,0,1,,2024-09-29 19:12:54,1,5,4.8329,5.39668,381,1.8385,30467,Party Game Rank: 944,,,2024-09-29,15,USD,,,Bub & Rossella,,,,,,,,,,,PP Estimate
208895,77422925,New York Slice,New York Slice,2017,https://cf.geekdo-images.com/pqJB3ccbvCW4Fii-uQG1kA__original/img/umEFTPSPVQAE2z4toFzvMXHTnSk=/0x0/filters:format(jpeg)/pic3211823.jpg,https://cf.geekdo-images.com/pqJB3ccbvCW4Fii-uQG1kA__small/img/ZUFpifMTH57E3B8bSuca3Eq7Xfc=/fit-in/200x150/filters:strip_icc()/pic3211823.jpg,,2,6,30,30,30,,1.4667,6289,"3,4,5,6",4,8+,Some necessary text - easily memorized or small crib sheet,0,0,0,0,3,0,0,0,0,,2020-12-22 01:00:00,1,5,6.66279,6.23086,4154,1.23814,2117,Family Game Rank: 676,,,,,,,,,,,,,,,,,,,
244711,110485057,Newton,Newton,2018,https://cf.geekdo-images.com/ZyCjYnNS6VFF1X7e6IFA1A__original/img/4CK6Cx5xj0b0p6r69c7kvDjANGE=/0x0/filters:format(jpeg)/pic4058665.jpg,https://cf.geekdo-images.com/ZyCjYnNS6VFF1X7e6IFA1A__small/img/GW009LiSNJwiMx7Thb8TT9nSfDk=/fit-in/200x150/filters:strip_icc()/pic4058665.jpg,,1,4,90,90,90,,3.3705,10510,"1,2,3,4",3,12+,No necessary in-game text,0,0,1,0,1,0,0,0,0,,2024-01-08 21:23:33,0,0,7.49733,7.02773,8042,1.23393,470,Strategy Game Rank: 291,,,,,,,,,,,,,,,,,Luciani,,
158168,145563743,NHL Power Play Team-Building Card Game,NHL Power Play Team-Building Card Game,2014,https://cf.geekdo-images.com/Us2s0x0xIkU0zSPDRoA0Kg__original/img/nuA5w3HG7dk7xDlvBq0FLjSrsEg=/0x0/filters:format(jpeg)/pic2019500.jpg,https://cf.geekdo-images.com/Us2s0x0xIkU0zSPDRoA0Kg__small/img/RcArGCYGgRqw4ZPMxBe_L6zgAQM=/fit-in/200x150/filters:strip_icc()/pic2019500.jpg,,2,4,30,30,30,,1.9375,557,"2,3,4","3,4",10+,Extensive use of text - massive conversion needed to be playable,1,0,0,0,3,0,0,0,0,,2026-05-31 16:42:26,0,0,6.7485,5.63722,326,1.45555,7889,Strategy Game Rank: 2460,Indy Spiel,2026-05-16,2026-05-16,,,,,,,,,,,,,,,,"[1-Permanent]
Indy Spiel Raffle winner"
293014,77248878,Nidavellir,Nidavellir,2020,https://cf.geekdo-images.com/PX7t5xXDLI2XqxoTShLayg__original/img/KYzd3fBTCxrRxEvNvzabNbll7Wg=/0x0/filters:format(jpeg)/pic5039625.jpg,https://cf.geekdo-images.com/PX7t5xXDLI2XqxoTShLayg__small/img/jV7kN2k9IkGKLhus2FJ5_VP9awc=/fit-in/200x150/filters:strip_icc()/pic5039625.jpg,,2,5,45,45,45,,2.1165,20939,"2,3,4,5",3,10+,No necessary in-game text,1,0,0,0,3,1,0,0,0,,2026-05-31 21:02:54,5,8,7.55174,7.26636,16233,1.15354,256,Strategy Game Rank: 184; Family Game Rank: 43,Christmas Gift,2021-12-25,,45,USD,,,,,,,,,,,,"Mike Delisio DT Top 10 of 2020
Set Collection with clever bidding mechanism",,"[3-Transient]
PP Estimate"
357659,113387391,Nightmare Cathedral,Nightmare Cathedral,2023,https://cf.geekdo-images.com/pV0wOMTmMG0na4jW30IBng__original/img/NQpGeyxjXhng_PVK7aQzCF8BgjU=/0x0/filters:format(jpeg)/pic6701539.jpg,https://cf.geekdo-images.com/pV0wOMTmMG0na4jW30IBng__small/img/8NI9RN-EvbXJXppxeF7QqlbYasI=/fit-in/200x150/filters:strip_icc()/pic6701539.jpg,,1,4,60,60,60,,3.4857,1334,"1,2,3,4",3,14+,Extensive use of text - massive conversion needed to be playable,1,0,0,0,3,1,0,0,0,,2026-05-31 20:00:49,0,0,7.48222,5.8278,495,1.38314,4512,Strategy Game Rank: 1821,BGG Marketplace Taran_Wanderer,2024-01-10,2024-01-18,85,USD,,,,,,,,,,,,,,[4-Evaluate]
904,98630794,Nightmare Productions,Nightmare Productions,2000,https://cf.geekdo-images.com/1elpLCAJcRmWtPVZy2gFaA__original/img/_GYbqQtZAlmIFMOht2Dk_Qq2Pto=/0x0/filters:format(png)/pic6926823.png,https://cf.geekdo-images.com/1elpLCAJcRmWtPVZy2gFaA__small/img/MKD7eO1i3GjyskxROM6boEOjq0o=/fit-in/200x150/filters:strip_icc()/pic6926823.png,,2,5,60,60,60,,2.0965,7031,"3,4,5","4,5",10+,No necessary in-game text,0,0,0,0,3,0,0,0,0,,2023-01-17 20:03:43,1,7,7.06564,6.62367,6089,1.21894,1062,Strategy Game Rank: 639; Family Game Rank: 281,,,,,,,,,,,,,,,,,,,
391084,134882429,Nine Tiles Extreme,Nine Tiles Extreme,2023,https://cf.geekdo-images.com/DJZb8kjP54QY1MUhDtosqQ__original/img/QC4V2sH8DdoBTni2TRqA1EPF-hU=/0x0/filters:format(png)/pic7564713.png,https://cf.geekdo-images.com/DJZb8kjP54QY1MUhDtosqQ__small/img/d53FgSwyvvf4ExaTn8fPPyoC_lA=/fit-in/200x150/filters:strip_icc()/pic7564713.png,,2,4,15,15,15,,1,753,"2,3,4","2,3,4",6+,No necessary in-game text,1,0,0,0,3,0,0,0,0,,2026-05-31 21:03:08,3,7,6.46644,5.58692,239,1.29401,10169,,GenCon,2025-08-01,2025-08-01,20,USD,,,,,,,,,,,,,,[3-Transient]
217449,43582054,NMBR 9,NMBR 9,2017,https://cf.geekdo-images.com/a6j6yZmBJ5J2hcuo0KOW-A__original/img/PtqzpYyf8ENzK589ZVNifR62V3Y=/0x0/filters:format(jpeg)/pic3328269.jpg,https://cf.geekdo-images.com/a6j6yZmBJ5J2hcuo0KOW-A__small/img/w62iXqdK9cU_QCAwJffXewexjaU=/fit-in/200x150/filters:strip_icc()/pic3328269.jpg,,1,4,20,20,20,,1.2238,11026,"1,2,3,4","3,4",8+,No necessary in-game text,1,0,0,0,4,0,0,0,0,,2026-05-31 21:03:19,9,8,6.8271,6.51638,8234,1.2369,1287,Abstract Game Rank: 75; Family Game Rank: 397,Gen Con,2017-08-17,,27,USD,,,,,,,,,,,,"Gen Con 2017
GB game",,"[1-Permanent]
PP Estimate"
402305,110643872,NMBR 9 ++,NMBR 9 ++,2023,https://cf.geekdo-images.com/x5YZm_THxEmgRQETcsQgYA__original/img/DHNksA6aKl5OTfPivBJcAyrlIAU=/0x0/filters:format(jpeg)/pic7758041.jpg,https://cf.geekdo-images.com/x5YZm_THxEmgRQETcsQgYA__small/img/GpsEbqLbohuhi97zewkuN3O7T2Y=/fit-in/200x150/filters:strip_icc()/pic7758041.jpg,,1,2,20,20,20,,0,259,"1,2",2,,,0,0,0,0,3,0,0,0,0,,2025-11-07 12:05:33,0,0,7.18736,5.53523,53,1.10793,15570,,,,,,,,,,,,,,,,,,Essen 23,,
12942,85457462,No Thanks!,No Thanks!,2004,https://cf.geekdo-images.com/2P4-gR4xYLnfZtljfc2dRA__original/img/nfnXCkBIcoFLJBpiJLWwBcN1saU=/0x0/filters:format(jpeg)/pic2602161.jpg,https://cf.geekdo-images.com/2P4-gR4xYLnfZtljfc2dRA__small/img/zQE9bdhYVPJbnbO7AOnatF9l5Yw=/fit-in/200x150/filters:strip_icc()/pic2602161.jpg,,3,7,20,20,20,,1.1299,46581,"3,4,5,6,7","4,5",8+,No necessary in-game text,1,0,0,0,3,0,0,0,0,1,2026-05-31 21:03:44,3,5,7.07992,6.95323,30657,1.20423,556,Family Game Rank: 146,GameNerdz,2023-04-26,,9,USD,,,,,,,,,,,,,,[3-Transient]
269752,61466044,Noctiluca,Noctiluca,2019,https://cf.geekdo-images.com/qQGBX-BW4SOuQMdm7pjZQg__original/img/8wXqxTD3ADi3sv4axy6dqPe4Zlo=/0x0/filters:format(jpeg)/pic4766236.jpg,https://cf.geekdo-images.com/qQGBX-BW4SOuQMdm7pjZQg__small/img/3Q3aYBEbblKxEUU8HutRqydWcLU=/fit-in/200x150/filters:strip_icc()/pic4766236.jpg,,1,4,30,30,30,,1.3438,4059,"1,2,3",2,8+,No necessary in-game text,1,0,0,0,3,0,0,0,0,,2026-05-31 21:03:50,2,7,7.10637,6.25657,2198,1.2213,2016,Abstract Game Rank: 66,GeekMarket racinrod,2023-02-27,,30,USD,,,,,,,,,,,,"2019 GenCon FOR SALE
Azul + Fae + Sagrada - Play at BGG Hot Games Room
Plays in BGG room -better than Fae for sure but not necessarily room for both in my collection",,[2-Resident]
264925,56008177,Nocturion,Nocturion,2019,https://cf.geekdo-images.com/FqnsgJZLQRyxGAmVoVK9FQ__original/img/hB2KXB5kPREjNJInGJnxVCii2-0=/0x0/filters:format(jpeg)/pic4862980.jpg,https://cf.geekdo-images.com/FqnsgJZLQRyxGAmVoVK9FQ__small/img/qC9ndyQcJqk2Ti1Tx5x_HUjDnl0=/fit-in/200x150/filters:strip_icc()/pic4862980.jpg,,2,4,40,70,70,,2.5833,1122,"2,3,4",3,10+,Some necessary text - easily memorized or small crib sheet,0,0,0,0,1,0,0,0,1,,2024-08-06 17:57:37,1,7,6.47048,5.59996,335,1.69168,9418,,KS with GenCon pickup,2019-08-01,,60,USD,25,USD,Sold to adcjones1 to meetup at GenCon 2024,Like New. Opened.  Never played,,,,Vesuvius Media,English,2019,English deluxe edition,Playtesteted at GenCon 2018 and really enjoyed this game,,
393175,107796992,Nocturne,Nocturne,2024,https://cf.geekdo-images.com/3zn6XgGERMbCfj5WpbZGlw__original/img/1F_tJ4W9TZ24PeO73kIQ4hlIVns=/0x0/filters:format(png)/pic8305484.png,https://cf.geekdo-images.com/3zn6XgGERMbCfj5WpbZGlw__small/img/ZkDpvpvoKTPkDp87fK2U7WUDAd0=/fit-in/200x150/filters:strip_icc()/pic8305484.png,,1,4,30,45,45,,2.2121,3479,"1,2,3,4",2,8+,Some necessary text - easily memorized or small crib sheet,0,0,0,0,3,0,0,0,0,,2025-07-18 21:22:52,1,6,6.91707,5.90929,1003,1.27171,3797,,,,,,,,,,,,,,,,,,"GenCon 2023 - Need more info.  Cover looks cool

Played at GenCon 2024 BGG Hot Games Room.  Beautiful artwork… Set up felt like a lot of work but then it clicked.  Angie did not like it as much because of the bidding mechanism",,
294693,110583582,Nokosu Dice,Nokosu Dice,2016,https://cf.geekdo-images.com/lbtoLuxIdsY82pJydTZVBQ__original/img/172KzAcd9ogmu9qjj_n0qeUrgUo=/0x0/filters:format(jpeg)/pic5069035.jpg,https://cf.geekdo-images.com/lbtoLuxIdsY82pJydTZVBQ__small/img/caYZg_oGMJ9bWl4Ot4PEzLa4Pu8=/fit-in/200x150/filters:strip_icc()/pic5069035.jpg,,3,5,45,60,60,,2.0769,3510,"3,4",4,12+,No necessary in-game text,1,0,0,0,3,0,0,0,0,,2026-05-31 21:03:55,1,7,7.63778,6.50685,2089,1.34417,1312,Strategy Game Rank: 675,Geekmarket - posterchild21,2025-11-01,2025-11-05,50,USD,,,,,,,,,,,,"Essen 23
Trick taking with dice
Mike D #99 2024",,[2-Resident]
376472,107119725,Noobs in Space,Noobs in Space,2023,https://cf.geekdo-images.com/1j-412YMFlb0GhAVKDMouw__original/img/7GZ8Fv09vPz9GGbzKJxrf-OnVBQ=/0x0/filters:format(png)/pic7233515.png,https://cf.geekdo-images.com/1j-412YMFlb0GhAVKDMouw__small/img/A5DW0g4qAodfERg9lnBIZa3TqDY=/fit-in/200x150/filters:strip_icc()/pic7233515.png,,3,5,15,15,15,,1.6364,2118,"3,4,5",4,10+,Unplayable in another language,0,0,0,0,3,0,0,0,0,,2024-01-08 21:27:58,0,0,7.0958,5.94301,906,1.32276,3547,Family Game Rank: 1066,,,,,,,,,,,,,,,,,"2023 GenCon Preview
Looks like a team building game",,
274124,73514113,Northgard: Uncharted Lands,Northgard: Uncharted Lands,2022,https://cf.geekdo-images.com/4pTQQZTTfzr40cl5BRcf6w__original/img/w-23Vo2aRcg_xyvCNHPNVU1gZdc=/0x0/filters:format(png)/pic4864122.png,https://cf.geekdo-images.com/4pTQQZTTfzr40cl5BRcf6w__small/img/L9mWpwqskBhoF7isIzz-t2oTXhY=/fit-in/200x150/filters:strip_icc()/pic4864122.png,,2,5,45,90,90,,2.787,4784,"2,3,4,5",4,12+,Moderate in-game text - needs crib sheet or paste ups,0,0,0,0,3,0,0,0,0,,2024-01-08 21:28:03,0,0,7.56191,6.5202,2860,1.4809,1277,Strategy Game Rank: 723,,,,,,,,,,,,,,,,,"KS gameplay looks really good.
Not a fan of the artwork, but it's ok.
Not likely to back as this is a first-time uknown publisher.  
Entry level 4X... may not be complex enough to enjoy",,
213984,54592949,Notre Dame: 10th Anniversary,Notre Dame: 10th Anniversary,2017,https://cf.geekdo-images.com/XUol3sEec0k-XElqJI9_ew__original/img/wesYiDJ2ARPC0iMfEna0p8BgOz4=/0x0/filters:format(jpeg)/pic3617406.jpg,https://cf.geekdo-images.com/XUol3sEec0k-XElqJI9_ew__small/img/IEEM868VfpTscZdyeFdiI9eT4NY=/fit-in/200x150/filters:strip_icc()/pic3617406.jpg,,2,5,45,75,75,,2.5172,5760,"2,3,4,5",3,10+,No necessary in-game text,1,0,0,0,3,0,0,0,0,,2026-05-31 21:04:06,1,7,7.51451,6.53651,2508,1.06136,0,,Miniature Market,2018-09-20,,15,USD,,,,,,,,,,,,,,[3-Transient]
284435,71412001,Nova Luna,Nova Luna,2019,https://cf.geekdo-images.com/k8OZeKYMN2vVSVCl5FD-UA__original/img/XiytG0d5nHtdoN4Kq3pCM6VcSac=/0x0/filters:format(jpeg)/pic5382418.jpg,https://cf.geekdo-images.com/k8OZeKYMN2vVSVCl5FD-UA__small/img/lRMeiFcB9C3ivyZlCoPRQe5xKNU=/fit-in/200x150/filters:strip_icc()/pic5382418.jpg,,1,4,30,60,60,,1.8807,14963,"1,2,3,4",2,8+,No necessary in-game text,1,0,0,0,3,0,0,0,0,1,2026-05-31 21:04:19,6,8,7.25424,6.89127,10177,1.19119,630,Abstract Game Rank: 23; Family Game Rank: 150,Miniature Market,2020-05-28,,37.49,USD,,,,,,,,,,,,"Simple, puzzly.  Spiel de Jahres nominee 2020",,[2-Resident]
408320,119820326,NOW!,NOW!,2024,https://cf.geekdo-images.com/G3Qo5d9ih7yboT1yY3UfJA__original/img/RbMpTw9omkXvmWGd5OxfSc_DY9o=/0x0/filters:format(jpeg)/pic7899471.jpg,https://cf.geekdo-images.com/G3Qo5d9ih7yboT1yY3UfJA__small/img/rnIuAtP6XHERDB8kuYhfrtpyMOc=/fit-in/200x150/filters:strip_icc()/pic7899471.jpg,,3,8,15,15,15,,1.3333,263,7,7,8+,No necessary in-game text,0,0,0,0,3,0,0,0,1,,2025-08-10 21:03:58,1,6,6.11296,5.52876,136,1.5159,17004,,Miniature Market,2024-07-24,2025-07-08,15,USD,,,GenCon Store / Auction 2025,,,,,,,,,2024 Origins.  Looks liek a fun party card game,,"GenCon 2024 Pre-Purchase
$7 Geekmarket 2025-07-08"
396790,109081794,Nucleum,Nucleum,2023,https://cf.geekdo-images.com/fIVUaMvbfy6GCOgfxt7xaw__original/img/dBMnuz3SrgxsDLHT6pwbQFPQBIw=/0x0/filters:format(jpeg)/pic7647168.jpg,https://cf.geekdo-images.com/fIVUaMvbfy6GCOgfxt7xaw__small/img/jKsO4nKmtNjX5bfH7aCPeK7hsqU=/fit-in/200x150/filters:strip_icc()/pic7647168.jpg,,1,4,60,150,150,,4.1919,14149,"1,2,3,4",3,14+,No necessary in-game text,1,0,0,0,3,0,0,0,0,1,2026-05-31 20:01:29,1,9,8.11341,7.49302,8383,1.27516,138,Strategy Game Rank: 76,Board&Dice Preorder,2023-08-10,2023-10-12,64,,,,,,,,,,,,,Luciani & Turczi.  Looks awesome and very complex,,[2-Resident]
383158,121778802,Nunatak: Temple of Ice,Nunatak: Temple of Ice,2023,https://cf.geekdo-images.com/VJPCdc7f-D_ejCJq_6PK1w__original/img/SeMnTEpfE9-E6oyPP0ACVOh_IfQ=/0x0/filters:format(jpeg)/pic7962729.jpg,https://cf.geekdo-images.com/VJPCdc7f-D_ejCJq_6PK1w__small/img/CosNT_fmVw-wp3NoXjQ3qfUJwgY=/fit-in/200x150/filters:strip_icc()/pic7962729.jpg,,2,4,30,45,45,,2.0385,2341,"2,3,4",3,8+,Some necessary text - easily memorized or small crib sheet,1,0,0,0,3,0,0,0,0,1,2026-05-31 21:04:26,2,7,7.31502,6.05452,1062,1.13256,2902,Family Game Rank: 833,GenCon 2024,2024-08-02,2024-08-02,35,USD,,,,,,,,,,,,,,[2-Resident]
96188,32024710,Nuts!,Nuts!,2011,https://cf.geekdo-images.com/BgKlSBCey_R750s0Fei34Q__original/img/DJoSkyDVWxO74BPFVqh3DXmTIPg=/0x0/filters:format(jpeg)/pic963180.jpg,https://cf.geekdo-images.com/BgKlSBCey_R750s0Fei34Q__small/img/tOwxx2ankQ36gna2O63QqEZXBxc=/fit-in/200x150/filters:strip_icc()/pic963180.jpg,,2,6,5,15,15,,1.0455,1857,"4,5,6",5,8+,Some necessary text - easily memorized or small crib sheet,1,0,0,0,3,0,0,0,0,,2026-05-31 21:04:43,1,6,5.62329,5.51872,825,1.52786,19783,Party Game Rank: 814; Family Game Rank: 3156,Amazon,2015-11-10,,11,USD,,,,,,,,,,,,,,[3-Transient]
343362,94845491,Oak,Oak,2022,https://cf.geekdo-images.com/skiu7wU44_3H2pBjstUB9A__original/img/K7yuJ2C4xGjJ3bgOjmYOlSpcFbE=/0x0/filters:format(jpeg)/pic6739647.jpg,https://cf.geekdo-images.com/skiu7wU44_3H2pBjstUB9A__small/img/bDkcFjxXbtNkGE3VlxBqYUyYvkU=/fit-in/200x150/filters:strip_icc()/pic6739647.jpg,,1,4,60,90,90,,3.1343,3296,"1,2,3,4",3,12+,No necessary in-game text,1,0,0,0,3,0,0,1,0,1,2026-05-31 20:12:42,2,7,7.11362,6.10359,1468,1.3316,2636,Strategy Game Rank: 1263,CoolStuffInc,2023-03-27,,33.99,USD,,,,,,,,,,,,,,[5-Exiting]
291572,67919309,Oath,Oath,2021,https://cf.geekdo-images.com/gTxav_KKQK1rDg-XuCjCSA__original/img/lG-iXVzDlfFrD6VPggvg2WQ7228=/0x0/filters:format(jpeg)/pic5164812.jpg,https://cf.geekdo-images.com/gTxav_KKQK1rDg-XuCjCSA__small/img/tFTOAKG5aDXxYfNRmJNmfyxH83M=/fit-in/200x150/filters:strip_icc()/pic5164812.jpg,,1,6,45,150,150,,4.1243,20905,"3,4,5",4,14+,Extensive use of text - massive conversion needed to be playable,0,0,0,0,3,0,0,0,1,1,2024-07-14 20:19:05,2,8,7.71437,7.17048,9504,1.80943,328,Thematic Rank: 96; Strategy Game Rank: 238,KS,2020-01-17,,90,USD,65,USD,Sold,Very Good.  Only played 3-4 times.  Base Game plus all the KS extras: session journal and deluxe components / metal coins.,,,,Leder Games,English,2021,English edition,,,"Listed for Sale on BGG GeekMarket on 2023-11-25 for $65

Sold to BKFFAN on 2023-11-29 for $65

PM DONE 17 March 2020
One copy of Oath: Chronicles of Empire and Exile base game plus all Kickstarter extras.

INCLUDES:
Oath: Chronicles of Empire and Exile
Oath: Chronicle Session Journal
Oath: Deluxe Component Set"
232414,59947177,Oceans,Oceans,2020,https://cf.geekdo-images.com/kWcizq7PFnGBwyt-wb2qvQ__original/img/CsOxPCnZ0ja9_i5TSyo3VfLpCZk=/0x0/filters:format(jpeg)/pic6322829.jpg,https://cf.geekdo-images.com/kWcizq7PFnGBwyt-wb2qvQ__small/img/cKhmeu9Nzyrn44nLAl5yxJj0x94=/fit-in/200x150/filters:strip_icc()/pic6322829.jpg,,2,4,60,90,90,,2.8525,14004,"2,3,4",3,10+,Moderate in-game text - needs crib sheet or paste ups,0,0,0,0,3,0,0,0,1,,2024-07-14 20:27:04,3,7,7.3893,6.8884,7635,1.36572,636,Strategy Game Rank: 422,KS,2020-01-10,,70,USD,,,Traded,KS edition with all the cool bits!,,,,"North Star Games, LLC",English,2020,English deluxe edition,Kickstarter,,"BGG Trade Scott Spurgeon (2020-10-12)
for
LoTR FotR Deck Building Game
Expanse Doors and Corners"
428636,133037936,Oddland,Oddland,2025,https://cf.geekdo-images.com/ExANT6uZ3Hxuh2-3c9RWvA__original/img/ffrRVqqFL3G7t6RdSvAt7BdsfAg=/0x0/filters:format(jpeg)/pic8430844.jpg,https://cf.geekdo-images.com/ExANT6uZ3Hxuh2-3c9RWvA__small/img/DDJZl_8ZRsfCnEHN8Ng30FkdEMw=/fit-in/200x150/filters:strip_icc()/pic8430844.jpg,,1,5,40,40,40,,1.6667,1745,"2,3,4",4,10+,Some necessary text - easily memorized or small crib sheet,0,0,0,0,3,0,0,0,1,,2026-04-26 20:25:30,1,6,6.95669,5.7517,504,1.07945,5423,,GenCon,2025-07-31,2026-05-15,17,USD,10,USD,Sold - Indy Spiel,,,,,,,,,"GenCon 2025
Cool Tile Placement like Adam D’s game
Cascadia vibe",,Sold Indy SPiel May 2026 $10 John Hines
431706,133037943,Oddland: The Big and the Bold,Oddland: The Big and the Bold,2025,https://cf.geekdo-images.com/bXc44VwWm9u-DW69AYK3bg__original/img/5nwyWthDG8iJ9EEBfapIfNUkOg0=/0x0/filters:format(jpeg)/pic8506447.jpg,https://cf.geekdo-images.com/bXc44VwWm9u-DW69AYK3bg__small/img/VEKMtiEO7zeit_0ZZX7CJSEARuk=/fit-in/200x150/filters:strip_icc()/pic8506447.jpg,,1,5,40,40,40,,2,787,,,,,1,0,0,0,3,0,0,0,0,,2025-07-31 19:15:20,0,0,7.18148,5.53752,54,0.839549,0,,GenCOn,2025-07-31,2025-07-31,7,,,,,,,,,,,,,GenCon 2025,,
298155,73343418,Okazaki,Okazaki,2020,https://cf.geekdo-images.com/Y3lRLQC1Bsmho_APk_s7BA__original/img/XjWUSVEIPD96ei_2ElRorzc3kZQ=/0x0/filters:format(png)/pic5482204.png,https://cf.geekdo-images.com/Y3lRLQC1Bsmho_APk_s7BA__small/img/T1WtPhDtibrNCcRFqHVLbO9ZVU4=/fit-in/200x150/filters:strip_icc()/pic5482204.png,,1,2,20,20,20,,2,81,,,,No necessary in-game text,0,0,0,0,3,0,0,0,0,,2023-04-04 12:57:28,0,0,5.97222,0,18,0.94974,0,,,,,,,,,,,,,,,,,,DNA Card game,,
406933,114798165,Omertà: The Five Families,Omertà: The Five Families,2025,https://cf.geekdo-images.com/67hGhm8bkj43KbuUSc1_wQ__original/img/Jo-fid1gb9DPw-tOp5xyk5sq-Rs=/0x0/filters:format(jpeg)/pic7878285.jpg,https://cf.geekdo-images.com/67hGhm8bkj43KbuUSc1_wQ__small/img/ZV9O8HcsPBvfk2BvsRUdcbkYDjs=/fit-in/200x150/filters:strip_icc()/pic7878285.jpg,,2,5,60,180,180,,3.75,147,"3,4,5",4,,Moderate in-game text - needs crib sheet or paste ups,0,0,0,0,3,0,0,0,0,,2025-07-01 10:25:24,0,0,8.11515,5.52434,33,1.62464,18086,,,,,,,,,,,,,,,,,,"Jan 2024 KS Vesuvius
Not sure i want to back.  Minis look kinda cheesy and not a fan of the standees.
Maybe keep an eye out at GenCon 2024? Look to pick this up after it delivers.  ",,
276004,72286108,On the Origin of Species,On the Origin of Species,2019,https://cf.geekdo-images.com/qFZ0KtwllLi5yTi05ppkcA__original/img/DokpsAEK5nt4J4FvMzF5nBupy04=/0x0/filters:format(jpeg)/pic5497749.jpg,https://cf.geekdo-images.com/qFZ0KtwllLi5yTi05ppkcA__small/img/4vRpAgr1FLJtMYokDGFOTDFCGvY=/fit-in/200x150/filters:strip_icc()/pic5497749.jpg,,2,4,45,80,80,,2.3404,2547,"2,3,4","2,3",10+,No necessary in-game text,0,0,0,0,3,0,0,0,0,,2023-04-04 12:56:41,0,0,6.77239,5.86937,1017,1.30639,4127,Strategy Game Rank: 1752,,,,,,,,,,,,,,,,,"2020 Summer Preview
Keep an eye on this.  
Interesting enough for me to keep watching.  Would like more videos",,
269418,83395556,On the Rocks,On the Rocks,2021,https://cf.geekdo-images.com/Du0mUaSUWWOQEjWk7nXSQg__original/img/CecpQ4Dkvqf8F0gJn7Cr5aB2rMU=/0x0/filters:format(jpeg)/pic6021567.jpg,https://cf.geekdo-images.com/Du0mUaSUWWOQEjWk7nXSQg__small/img/EkXDdZ0L1Szs4Xh2URK2wJ5z__s=/fit-in/200x150/filters:strip_icc()/pic6021567.jpg,,1,4,45,90,90,,1.7,815,"2,3,4",2,12+,Some necessary text - easily memorized or small crib sheet,0,0,0,0,3,0,0,0,0,,2023-04-04 12:56:45,0,0,6.95841,5.68078,394,1.58686,6750,,,,,,,,,,,,,,,,,,,,
179275,44659689,One Deck Dungeon,One Deck Dungeon,2016,https://cf.geekdo-images.com/quvyGpE7kwbd2Mt1H5iLwQ__original/img/pjwQVzsCHiXg8qFTZpVoJYx6SOE=/0x0/filters:format(jpeg)/pic3019101.jpg,https://cf.geekdo-images.com/quvyGpE7kwbd2Mt1H5iLwQ__small/img/Vf5PvYElsfOG28LqJimwPC6rqw4=/fit-in/200x150/filters:strip_icc()/pic3019101.jpg,,1,2,30,45,45,,2.0925,27344,"1,2",1,10+,Moderate in-game text - needs crib sheet or paste ups,0,0,0,0,3,0,0,0,1,,2024-08-07 21:21:53,1,6,6.93354,6.64815,12923,1.32337,1011,Thematic Rank: 290,Gen Con,2017-08-18,2024-07-31,18,USD,7,USD,GenCon 2024 Auction / Store,Very Good.  Only played a couple times,,,,,,,,$5 OctoCon,,"PP Estimate
Sold for $7 GenCon 2024 Store"
147949,48588904,One Night Ultimate Werewolf,One Night Ultimate Werewolf,2014,https://cf.geekdo-images.com/rqLju4uaZq-G9z4g91aPPQ__original/img/eOxUlbCuix0lOjuyBYpjtIXVihc=/0x0/filters:format(png)/pic8783294.png,https://cf.geekdo-images.com/rqLju4uaZq-G9z4g91aPPQ__small/img/viW0s_SZmeEo53dKbM84WbVjIaY=/fit-in/200x150/filters:strip_icc()/pic8783294.png,,3,10,10,10,10,,1.3828,59476,"4,5,6,7,8,9,10","6,7,8",10+,No necessary in-game text,1,0,0,0,3,0,0,0,0,,2026-05-31 21:04:53,2,7,7.03135,6.85436,30938,1.61237,682,Party Game Rank: 54,Amazon,2018-01-03,,14,USD,,,Party,,,,,,,,,,,[2-Resident]
163166,48588931,One Night Ultimate Werewolf: Daybreak,One Night Ultimate Werewolf: Daybreak,2015,https://cf.geekdo-images.com/-jMVcPlkpLcs-2nA_htb8g__original/img/akA2sjnFZ_b4DVAF4H-G5pK4m5Q=/0x0/filters:format(jpeg)/pic2225958.jpg,https://cf.geekdo-images.com/-jMVcPlkpLcs-2nA_htb8g__small/img/W-6ZwWzAaqQw5CGziy7caBAZzQg=/fit-in/200x150/filters:strip_icc()/pic2225958.jpg,,3,10,10,10,10,,1.4065,17199,"4,5,6,7,8,9","6,7,8",8+,Some necessary text - easily memorized or small crib sheet,1,0,0,0,3,0,0,0,0,,2026-05-31 21:04:58,1,7,7.28071,6.76364,6504,1.51019,812,Party Game Rank: 39,Amazon,2018-01-03,,13,USD,,,,,,,,,,,,,,[2-Resident]
385292,110274284,One Page War,One Page War,2023,https://cf.geekdo-images.com/nd6cm05vl9EvrSfENsyfiA__original/img/oZ9ynDrj2aqyJhLV_Q_tnwv6bJQ=/0x0/filters:format(png)/pic7501811.png,https://cf.geekdo-images.com/nd6cm05vl9EvrSfENsyfiA__small/img/scROpDViiJNtjPLe3efP2GRI0Wg=/fit-in/200x150/filters:strip_icc()/pic7501811.png,,1,10,15,30,30,,2,385,"1,2,4,6,8,10","1,2",,,1,0,0,0,3,0,0,0,0,,2026-05-31 21:05:09,1,0,7.05927,5.55715,96,1.08833,12475,,KS,2023-09-16,2023-10-14,4.5,USD,,,Print n Play,,,,,,,,,,,"[2-Resident]
https://gemgames.gg/a/downloads/-/13c49ac98a05a936/806ad1d42429c362"
150298,36110984,One Zero One,One Zero One,2013,https://cf.geekdo-images.com/_E8uOWDLZCbsDr1lC_q12A__original/img/CfmX71_8ltz-FsL0ZtwXXLaoTLM=/0x0/filters:format(jpeg)/pic2330461.jpg,https://cf.geekdo-images.com/_E8uOWDLZCbsDr1lC_q12A__small/img/a6gD0LvW0yEogSl9-x0oXPjEIs8=/fit-in/200x150/filters:strip_icc()/pic2330461.jpg,,2,2,10,15,15,,1.84,1078,2,2,8+,Some necessary text - easily memorized or small crib sheet,1,0,0,0,3,0,0,0,0,,2026-05-31 21:05:21,2,7,6.42149,5.64963,472,1.41997,7519,Abstract Game Rank: 343,Gen Con,,,10,USD,,,,,,,,,,,,,"Picked up as a bonus at GenCon. Played twice while we were there. Quick, dorky, BASIC fun!","[2-Resident]
PP Estimate"
404923,124052061,Operation Barclay,Operation Barclay,2024,https://cf.geekdo-images.com/CqVNuXhCSSasAEz_H1cSBA__original/img/ROcmZO23ib8Ks3vjctfesViCt7o=/0x0/filters:format(jpeg)/pic7827371.jpg,https://cf.geekdo-images.com/CqVNuXhCSSasAEz_H1cSBA__small/img/pUqUOfiOwEkCt9F1LP40TepOpMo=/fit-in/200x150/filters:strip_icc()/pic7827371.jpg,,2,2,25,40,40,,2,775,2,2,16+,Extensive use of text - massive conversion needed to be playable,0,0,0,0,3,0,0,0,0,,2025-08-12 18:58:45,0,0,7.00913,5.61724,208,1.32723,8605,,,,,,,,,,,,,,,,,,Essen DT Vlog Day 3. Looks like a cool head to head with poker mechanism?,,
448740,136458610,Orapa Space,Orapa Space,2025,https://cf.geekdo-images.com/o6x7F1SQFiBaPkTCzP7_6Q__original/img/VWOztcY4WXUjN4UW5sIjKuIeSPM=/0x0/filters:format(jpeg)/pic9266636.jpg,https://cf.geekdo-images.com/o6x7F1SQFiBaPkTCzP7_6Q__small/img/4psKLrZHcKHz1ZTRweAaK81Hg-U=/fit-in/200x150/filters:strip_icc()/pic9266636.jpg,,2,5,20,25,25,,1.9,999,2,2,8+,No necessary in-game text,0,0,0,0,3,0,0,0,0,,2025-10-18 20:36:18,0,0,7.94375,5.84579,384,1.06704,4345,,,,,,,,,,,,,,,,,,"DT gives 9.5
Take a look
Tried Orapa Mine on BGA… nah",,
429767,132915430,ORBIT,ORBIT,2025,https://cf.geekdo-images.com/0x7TCH7bCynSQqW3GVc8UA__original/img/Py5xyMxWrZnWVktzg7-6D6_EF3I=/0x0/filters:format(png)/pic8478397.png,https://cf.geekdo-images.com/0x7TCH7bCynSQqW3GVc8UA__small/img/gyvDrCC0SJiQ89AUgxxYoXqo_Ng=/fit-in/200x150/filters:strip_icc()/pic8478397.png,,2,4,30,60,60,,1.8,1495,"2,3,4",4,8+,No necessary in-game text,1,0,0,0,3,0,0,0,0,,2026-05-31 21:05:29,2,7,7.43497,5.96867,741,1.15358,3381,,GenCon,2025-08-01,2025-08-01,70,USD,,,,,,,,,,,,"GenCon 2025
Need to see more…
BGG Hot Games Room?",,"[2-Resident]
Kickstarter Edition (includes Expansion) + wood token upgrade + Double layer player boards"
322588,84990606,Origins: First Builders,Origins: First Builders,2021,https://cf.geekdo-images.com/U838tX7bb7tJfrBKGOkSzQ__original/img/It9rMH1wdbhsMCUrfGtWWFWst1I=/0x0/filters:format(jpeg)/pic5735711.jpg,https://cf.geekdo-images.com/U838tX7bb7tJfrBKGOkSzQ__small/img/Fo0fptNovj105fnP_jhBWmz6tbk=/fit-in/200x150/filters:strip_icc()/pic5735711.jpg,,1,4,60,120,120,,3.3434,4823,"1,2,3,4",3,12+,Moderate in-game text - needs crib sheet or paste ups,0,0,0,0,3,0,0,0,0,,2023-04-04 12:56:52,0,0,7.02182,6.19528,2091,1.37631,2255,Strategy Game Rank: 1122,,,,,,,,,,,,,,,,,MVM GenCon Preview hyped this,,
429405,134363968,Orloj: The Prague Astronomical Clock,Orloj: The Prague Astronomical Clock,2025,https://cf.geekdo-images.com/PhwbD--vP0xEdMD-WZlZTA__original/img/nqliFXBHqzHE-QR6Zg0CgcB2n-c=/0x0/filters:format(png)/pic8685899.png,https://cf.geekdo-images.com/PhwbD--vP0xEdMD-WZlZTA__small/img/ju1B0GUZf3KZ8exbXZNBG3jrpDs=/fit-in/200x150/filters:strip_icc()/pic8685899.png,,1,4,60,120,120,,3.6078,3184,"1,2,3,4",3,14+,No necessary in-game text,0,0,0,0,3,0,0,0,0,,2026-05-31 10:20:44,0,0,7.94508,6.44199,1588,1.27833,1471,Strategy Game Rank: 734,,,,,,,,,,,,,,,,,"Essen 2025
Prague Clock Theme",,
164928,70468689,Orléans,Orléans,2014,https://cf.geekdo-images.com/nagl1li6kYt9elV9jbfVQw__original/img/Qn6vlBaTUaHNFsqohIUjd0EA4z0=/0x0/filters:format(jpeg)/pic6228507.jpg,https://cf.geekdo-images.com/nagl1li6kYt9elV9jbfVQw__small/img/ykeqdM_Naz4IiqOgyB1arzteOiU=/fit-in/200x150/filters:strip_icc()/pic6228507.jpg,,2,5,90,90,90,,3.0116,43209,"2,3,4",4,12+,No necessary in-game text,1,0,0,0,3,0,0,0,0,1,2026-05-31 21:05:39,5,8,8.04683,7.85914,35664,1.17341,36,Strategy Game Rank: 33,Cardhaus,2020-04-16,2020-04-16,40,USD,,,,,,,,,,,,,,[1-Permanent]
313807,101131462,Oros,Oros,2023,https://cf.geekdo-images.com/VTOAey9BsFvxUs3I1VlGIQ__original/img/yCNBnWRPJEAIuDPEcXXQd_-EbrA=/0x0/filters:format(jpeg)/pic7070031.jpg,https://cf.geekdo-images.com/VTOAey9BsFvxUs3I1VlGIQ__small/img/MioGyOdhAx89WhQ-ujLvM4-Q6z0=/fit-in/200x150/filters:strip_icc()/pic7070031.jpg,,1,4,60,120,120,,3.3256,4526,"3,4",3,12+,Some necessary text - easily memorized or small crib sheet,1,0,0,0,3,0,0,0,0,1,2026-05-31 21:05:48,2,9,7.19222,6.14955,1570,1.42755,2432,Strategy Game Rank: 1195,AESC Games,2023-06-18,,95,USD,,,,,,,,Aesc Games,English,2023,English Collector's Edition,David from MvM Top 10 of 2022.  Very Unique game,This game is so different from anything we have. Really enjoyed the first play!,[2-Resident]
347767,105843117,Ostia,Ostia,2022,https://cf.geekdo-images.com/YI9u0dAufZ34y24fJc3nFQ__original/img/yp4F4vwgX-QVnGgYxSn6K8AtIKs=/0x0/filters:format(jpeg)/pic6417261.jpg,https://cf.geekdo-images.com/YI9u0dAufZ34y24fJc3nFQ__small/img/Eonn22Ork8DbdcONR4i4vfmV8h8=/fit-in/200x150/filters:strip_icc()/pic6417261.jpg,,1,4,100,120,120,,2.9242,2585,"1,2,3,4",3,12+,No necessary in-game text,1,0,0,0,3,0,0,0,0,,2026-05-31 21:05:57,3,8,7.95637,6.42099,1436,1.2517,1524,Strategy Game Rank: 740,KS,2024-03-11,2025-01-16,135,USD,,,,,,,,,,,,Mike Dilisio previewed this in a FB post.  Looks cool.  Graphic design looks like Oath,,"[2-Resident]
Deluxe Bundle w/ Pirates, Metal Treasure,Merchant, Patronus"
377814,117217199,Ostia: Merchant Expansion,Ostia: Merchant Expansion,2022,https://cf.geekdo-images.com/i91eE0Qv1mdCFgSRddyrpg__original/img/6hxQ5LYZSBZwrPRzPxl1sLpWyS4=/0x0/filters:format(jpeg)/pic7264561.jpg,https://cf.geekdo-images.com/i91eE0Qv1mdCFgSRddyrpg__small/img/-POnKeJL4EiaE1ChH4C1vTzxLwQ=/fit-in/200x150/filters:strip_icc()/pic7264561.jpg,,0,0,0,0,0,,3,1183,,,,,1,0,0,0,3,0,0,0,0,,2025-01-16 13:05:52,0,0,8.16181,5.59764,89,0.964847,0,,KS,2024-03-11,2025-01-16,,,,,,,,,,,,,,,,Deluxe Pledge With Base Game
377813,117217208,Ostia: Patronus Expansion,Ostia: Patronus Expansion,2022,https://cf.geekdo-images.com/VtuoqeijrgwRD8Aqi8uAPg__original/img/ChBoWGj_NaiZx_a8asYoXdqR6lM=/0x0/filters:format(jpeg)/pic7264562.jpg,https://cf.geekdo-images.com/VtuoqeijrgwRD8Aqi8uAPg__small/img/MwVHtVqxpOuQ7zE0JgXJWCo0Lis=/fit-in/200x150/filters:strip_icc()/pic7264562.jpg,,0,0,0,0,0,,3,1176,,,14+,,1,0,0,0,3,0,0,0,0,,2025-01-16 13:05:45,0,0,8.18014,5.58835,80,1.10749,0,,KS,2024-03-11,2025-01-16,,,,,,,,,,,,,,,,Deluxe Pledge With Base Game
408895,117217188,Ostia: Pirates,Ostia: Pirates,2024,https://cf.geekdo-images.com/vld-VA2yZOmA8kL0X09xxg__original/img/9CryeU08if6ml-CktDAlNmFHoFM=/0x0/filters:format(jpeg)/pic7912625.jpg,https://cf.geekdo-images.com/vld-VA2yZOmA8kL0X09xxg__small/img/q2bdo-vlAk0T1uqUMZ10qFLctKU=/fit-in/200x150/filters:strip_icc()/pic7912625.jpg,,1,4,0,0,0,,3.4286,1276,"1,2,3,4","1,3",14+,,1,0,0,0,3,0,0,0,0,,2025-01-16 13:05:58,0,0,7.91033,5.61959,126,1.26496,0,,KS,2024-03-11,2025-01-16,,,,,,,,,,,,,,,,Deluxe Pledge With Base Game
391214,110583780,OTLO Stones,OTLO Stones,2023,https://cf.geekdo-images.com/x3QPcSTeoM5VIFZW5PV72A__original/img/FAudMrfmSEn-yBf071ta3LQ2Bc0=/0x0/filters:format(jpeg)/pic7589307.jpg,https://cf.geekdo-images.com/x3QPcSTeoM5VIFZW5PV72A__small/img/WyAGF1QL1KD3Xn-rK07B3r7T3L8=/fit-in/200x150/filters:strip_icc()/pic7589307.jpg,,1,4,15,15,15,,1.3333,57,"1,2,3,4",4,8+,No necessary in-game text,0,0,0,0,3,0,0,0,0,,2026-01-01 15:21:55,0,0,6.87674,5.52086,43,2.05243,19110,,,,,,,,,,,,,,,,,,"GB Puzzle game]
Essen 23",,
455133,141247021,Our Family Is So Weird,Our Family Is So Weird,2023,https://cf.geekdo-images.com/wlMwan2NoB7K7-5pIiXFKg__original/img/A1XhTzyPHgrWmBjkpOsFNlf-LDM=/0x0/filters:format(jpeg)/pic9126279.jpg,https://cf.geekdo-images.com/wlMwan2NoB7K7-5pIiXFKg__small/img/-ua0ac3JoCc6NbKKbgdkI7u9mww=/fit-in/200x150/filters:strip_icc()/pic9126279.jpg,,3,99,0,0,0,,0,33,,,,,1,0,0,0,3,0,0,0,0,,2026-05-31 21:07:07,1,0,4.4,0,15,1.35647,0,,,2025-12-25,2025-12-25,,,,,,,,,,,,,,,,[3-Transient]
191051,68179434,Outlive,Outlive,2017,https://cf.geekdo-images.com/EMl8sVObQQmJFiZJnwfrXw__original/img/cGXOJgA-z2ruggJMwvsUpZNjAaQ=/0x0/filters:format(jpeg)/pic3021719.jpg,https://cf.geekdo-images.com/EMl8sVObQQmJFiZJnwfrXw__small/img/O1tVSJbqG9Jm9hNwuZDzS8W1Jrw=/fit-in/200x150/filters:strip_icc()/pic3021719.jpg,,2,4,40,110,110,,3.0347,8339,"2,3,4",4,12+,Some necessary text - easily memorized or small crib sheet,1,0,0,0,3,0,0,0,0,1,2026-05-31 21:07:23,2,8,7.26153,6.63917,4958,1.31796,1031,Strategy Game Rank: 605,BGG Trade,,2020-02-04,50,USD,,,,,,,,,,,,,"Le Boite de Jeu
DT Top 100 Mike Dilisio","[2-Resident]
Traded Stop Thief and Quakcs of Quedlinburg for this and free shipping"
369114,125600106,Outrun the Bear,Outrun the Bear,2023,https://cf.geekdo-images.com/zuLIJqi-QS6SwB6llGKkPg__original/img/LZp9EFsAtDCMw0UB0nWR79UZgLU=/0x0/filters:format(png)/pic7099761.png,https://cf.geekdo-images.com/zuLIJqi-QS6SwB6llGKkPg__small/img/xOzb7ZshrOT-arCtXLunY-f2FFs=/fit-in/200x150/filters:strip_icc()/pic7099761.png,,2,6,20,45,45,,1.5,301,"2,3,4,5,6","3,4",8+,,0,0,0,0,3,0,0,0,0,,2025-08-12 18:58:38,0,0,6.74513,5.55497,136,1.70912,12710,,,,,,,,,,,,,,,,,,"Tim from Boardgame Rundown
Family Game",,
367569,96102956,"Ozark: Money, Influence and Control","Ozark: Money, Influence and Control",2022,https://cf.geekdo-images.com/gOz5eCJG0sbaMW76QQSw5Q__original/img/X__IDmqBgANbnyt1kl8vD5xGNCI=/0x0/filters:format(jpeg)/pic6975526.jpg,https://cf.geekdo-images.com/gOz5eCJG0sbaMW76QQSw5Q__small/img/pnRxlyHZMq3PUQIaRRxHNmB4LuU=/fit-in/200x150/filters:strip_icc()/pic6975526.jpg,,2,5,30,30,30,,1.6667,132,"3,4,5","4,5",,Extensive use of text - massive conversion needed to be playable,0,0,0,0,3,0,0,0,0,,2023-04-04 12:56:57,0,0,6.30645,5.50857,31,1.13363,23191,,,,,,,,,,,,,,,,,,Need to see more info on this one,,
448189,133223502,Pacific,Pacific,2025,https://cf.geekdo-images.com/OgWYIhHDX5Cq98mDdDBJKg__original/img/2eL8en4ul7K8YBsk74o7CY5vbvU=/0x0/filters:format(jpeg)/pic8987108.jpg,https://cf.geekdo-images.com/OgWYIhHDX5Cq98mDdDBJKg__small/img/EVS-48gORW5WxYln13BU5gvEfBs=/fit-in/200x150/filters:strip_icc()/pic8987108.jpg,,2,5,30,60,60,,2,88,"2,3,4,5","4,5",,,0,0,1,0,3,0,0,0,0,,2025-11-17 20:48:58,0,0,6.30333,5.51579,45,1.51681,20739,,,,,,,,,,,,,,,,,,"Donald X - Dominion guy
Wish it played 6 instead of 5

Need to see more info",,
15318,72757135,Palazzo,Palazzo,2005,https://cf.geekdo-images.com/2D3JGCv-BExPZVSZPRakrA__original/img/oayxY6H44FNLrx4ukPysKZ3inJQ=/0x0/filters:format(jpeg)/pic96347.jpg,https://cf.geekdo-images.com/2D3JGCv-BExPZVSZPRakrA__small/img/zGIDyhbNJnQbmkUa25GZo7MbtX0=/fit-in/200x150/filters:strip_icc()/pic96347.jpg,,2,4,45,60,60,,2.0618,3407,"2,3,4",4,10+,No necessary in-game text,0,0,0,0,3,0,0,0,1,,2025-05-14 20:25:03,0,0,6.53339,6.03427,2550,1.16354,2995,Strategy Game Rank: 1446,BGG Auction Sorrelbo,2020-07-15,2025-05-14,10,USD,2,USD,Indy Spiel,Very Good.  Acquired used via BGG auction and have never actually played.,,,,,,,,,,Sold at Indy Spiel 2025 for $2
303057,72089365,Pan Am,Pan Am,2020,https://cf.geekdo-images.com/Dkd1DKelqroYz21llrqJ_A__original/img/ODz-pc-p39DCJ2wl5rzSBC0gON8=/0x0/filters:format(jpeg)/pic5252922.jpg,https://cf.geekdo-images.com/Dkd1DKelqroYz21llrqJ_A__small/img/Z2ABrbZpzhogn2V3uyZMAuUf5OA=/fit-in/200x150/filters:strip_icc()/pic5252922.jpg,,2,4,60,60,60,,2.4031,17912,"2,3,4","3,4",10+,Moderate in-game text - needs crib sheet or paste ups,0,0,0,0,3,0,0,0,1,,2024-07-14 20:26:46,3,8,7.52519,7.04287,8334,1.0798,458,Strategy Game Rank: 306,,,,,,5,USD,Sold,,,,,,,,,"Listed $10 OctoCon, reduced to $5
Sold at OctoCon 2022 for $5 to @Xadocs (Andrew Kanis)",,Sold at OctoCon 2022 for $5 to @Xadocs (Andrew Kanis)
398996,137026910,Panda Royale,Panda Royale,2024,https://cf.geekdo-images.com/4qSXZhz2Y57goC704eI0RQ__original/img/KDRsfzJBwpAzzdV0KsnTvzywW-Y=/0x0/filters:format(png)/pic7684828.png,https://cf.geekdo-images.com/4qSXZhz2Y57goC704eI0RQ__small/img/6JqLZVjkwyFzmm-A4k6obDHforc=/fit-in/200x150/filters:strip_icc()/pic7684828.png,,2,10,20,30,30,,1.1667,2573,"3,4,5,6,7,8,9,10","5,6,7",8+,No necessary in-game text,1,0,0,0,2,0,0,0,0,,2026-05-31 21:07:28,8,8,7.36737,6.09876,1199,1.40078,2658,Family Game Rank: 786,eBay - Rolling Rook Games,2025-10-04,2025-10-09,40,USD,,,,,,,,,,,,,,[2-Resident]
417323,128053541,Panda Spin,Panda Spin,2024,https://cf.geekdo-images.com/-s_z7CrUOywLKfc-2OznRg__original/img/jg0U8cCRyH-VzRggrm_AU-32e0g=/0x0/filters:format(jpeg)/pic8170512.jpg,https://cf.geekdo-images.com/-s_z7CrUOywLKfc-2OznRg__small/img/k98i12tmvXLaWKdirIMtXr6RtaM=/fit-in/200x150/filters:strip_icc()/pic8170512.jpg,,2,5,25,40,40,,2.0444,3174,"2,3,4,5",4,10+,No necessary in-game text,0,0,1,0,3,0,0,0,0,,2025-01-13 08:24:30,0,0,7.11808,6.16831,1702,1.49243,2347,Strategy Game Rank: 1160,,,,,,,,,,,,,,,,,"Trick taking and card shedding
Check it out",,
30549,21259745,Pandemic,Pandemic,2008,https://cf.geekdo-images.com/S3ybV1LAp-8SnHIXLLjVqA__original/img/IsrvRLpUV1TEyZsO5rC-btXaPz0=/0x0/filters:format(jpeg)/pic1534148.jpg,https://cf.geekdo-images.com/S3ybV1LAp-8SnHIXLLjVqA__small/img/oqViRj6nVxK3m36NluTxU1PZkrk=/fit-in/200x150/filters:strip_icc()/pic1534148.jpg,,2,4,45,45,45,,2.3942,226175,"1,2,3,4",4,10+,Some necessary text - easily memorized or small crib sheet,1,0,0,0,1,0,0,0,0,,2026-05-31 21:07:56,2,9,7.51319,7.40389,135185,1.33935,171,Strategy Game Rank: 177; Family Game Rank: 35,,,,40,USD,,,,,,,,,,,,,Played this for the first time with the family and it definitely lives up to the comments. This is our first attempt at a co-op game and the whole family liked it.  ,"[1-Permanent]
PP Estimate"
329670,112935984,Pandemic: Hot Zone – Europe,Pandemic: Hot Zone – Europe,2021,https://cf.geekdo-images.com/RvyD6ptF9bCIVsScZaxxLQ__original/img/B7J3WEVQ6DSyHtr4p-i_9fa-l0Y=/0x0/filters:format(png)/pic5943803.png,https://cf.geekdo-images.com/RvyD6ptF9bCIVsScZaxxLQ__small/img/7ciha6GfitCiXkSsXrzIGIjyBMg=/fit-in/200x150/filters:strip_icc()/pic5943803.png,,2,4,30,30,30,,2,4757,"1,2,3",2,8+,Some necessary text - easily memorized or small crib sheet,0,0,0,0,3,0,0,0,1,,2025-08-03 20:55:32,0,0,7.04291,5.97101,1094,1.2026,3372,Strategy Game Rank: 1559; Family Game Rank: 1038,Miniature Market,2023-11-27,2023-12-07,2,USD,,,GenCon Store / Auction 2025,,,,,,,,,,,
301919,72188248,Pandemic: Hot Zone – North America,Pandemic: Hot Zone – North America,2020,https://cf.geekdo-images.com/U9OFkdvdz3cKe7d48iP65Q__original/img/zZJwKHM4LoIBQy1_R4cFnwo-Cy0=/0x0/filters:format(png)/pic5483300.png,https://cf.geekdo-images.com/U9OFkdvdz3cKe7d48iP65Q__small/img/UWCsCXNVcdaTeqcJD9xp2hm76Ks=/fit-in/200x150/filters:strip_icc()/pic5483300.png,,2,4,30,30,30,,1.8644,9705,"1,2,3,4",2,8+,Some necessary text - easily memorized or small crib sheet,1,0,0,0,3,0,0,1,0,,2026-05-31 21:08:17,0,0,6.9551,6.23092,2617,1.23351,2116,Family Game Rank: 643,Miniature Market,2023-10-16,2023-10-20,2,USD,,,,,,,,,,,,,,[5-Exiting]
140163,23547753,Pandánte,Pandánte,2014,https://cf.geekdo-images.com/TGn0Pu_6LJknkmXsE2j4Xw__original/img/FFLn0z59I9FMImriMOkHmMeEmUc=/0x0/filters:format(jpeg)/pic1794021.jpg,https://cf.geekdo-images.com/TGn0Pu_6LJknkmXsE2j4Xw__small/img/npNcja4EW_4ndjOxi4QGIN0sAbU=/fit-in/200x150/filters:strip_icc()/pic1794021.jpg,,2,6,30,30,30,,1.9474,671,"3,4",4,,Some necessary text - easily memorized or small crib sheet,1,0,0,0,3,1,0,0,0,,2026-05-31 21:07:45,1,6,6.16468,5.56552,298,1.83513,11727,Abstract Game Rank: 698,Kickstarter ,2013-12-20,,30,USD,,,Lakehouse,,,,,,,,,,,"[3-Transient]
"
248584,77422915,Pantone: The Game,Pantone: The Game,2018,https://cf.geekdo-images.com/JVmAuDxvTsrlsyd2ZQ3wbw__original/img/2yEAPm1KHoEsJX9D9FX2WLYgFOk=/0x0/filters:format(jpeg)/pic4082667.jpg,https://cf.geekdo-images.com/JVmAuDxvTsrlsyd2ZQ3wbw__small/img/J6UpIum3YhWy5TZAOofATIbT6-Y=/fit-in/200x150/filters:strip_icc()/pic4082667.jpg,,2,20,10,20,20,,1.0909,1607,"3,4,5,6,7","4,6",6+,,0,0,0,0,3,0,0,0,0,,2020-12-22 00:59:41,1,3,6.29995,5.70492,843,1.46971,6216,Party Game Rank: 390,,,,,,,,,,,,,,,,,,,
282954,69793797,Paris,Paris,2020,https://cf.geekdo-images.com/ImP902coxwYfSUF4sbw_nw__original/img/CtyoaR2V8T6UAx9y5_wMf1EkLNo=/0x0/filters:format(jpeg)/pic5159421.jpg,https://cf.geekdo-images.com/ImP902coxwYfSUF4sbw_nw__small/img/zVVJ_sf29MY9LLk-PnnzsxPVy4o=/fit-in/200x150/filters:strip_icc()/pic5159421.jpg,,2,4,90,90,90,,2.7593,6179,"2,3,4",4,10+,No necessary in-game text,0,0,0,0,3,0,0,0,1,1,2024-07-14 20:26:34,1,7,7.20363,6.46245,3229,1.25077,1418,Strategy Game Rank: 780,KS,2020-03-19,,79,USD,,,Traded,,,,,,,,,,,"PM DONE 29 April 2020
Includes one Deluxe game of Paris and all unlocked stretch goals.

Metal coins are not included but can be added in the pledge manager after the Kickstarter campaign.

All Deluxe games will have an English rulebook. Rulebooks in German, French or Dutch can be added in the pledge manager.

Extra copies can be added in the pledge manager.

Shipping costs will be added in the pledge manager.

INCLUDES:
Paris : Deluxe edition
KS exclusive wooden resource and prestige tokens
KS exclusive wooden tiles
All unlocked stretch goals"
266524,58101902,PARKS,PARKS,2019,https://cf.geekdo-images.com/mF2cSNRk2O6HtE45Sl9TcA__original/img/_KNgPoC_4l7iN0ntbFILexOJpfc=/0x0/filters:format(jpeg)/pic4852372.jpg,https://cf.geekdo-images.com/mF2cSNRk2O6HtE45Sl9TcA__small/img/K2AgL-KE_CTcvwahWd7zlt9YR0U=/fit-in/200x150/filters:strip_icc()/pic4852372.jpg,,1,5,30,60,60,,2.1263,53756,"1,2,3,4",3,10+,Some necessary text - easily memorized or small crib sheet,0,0,0,0,2,0,0,0,0,,2023-01-17 20:03:49,1,7,7.61439,7.39551,30710,1.22921,178,Family Game Rank: 26,,,,,,,,,,,,,,,,,"KS
Origins / GenCon 2019 - FOR SALE
Cards - Move down the trail-like the theme",,
365119,132948753,Party Panda Pirates,Party Panda Pirates,2024,https://cf.geekdo-images.com/Qwh8s6nWxmUhVUBklYSZ6A__original/img/jHPa0SDjyK7nGXrh7H9LVFRa7Kc=/0x0/filters:format(jpeg)/pic7882358.jpg,https://cf.geekdo-images.com/Qwh8s6nWxmUhVUBklYSZ6A__small/img/qKERHuPnK11O6UlcKyExdYNwf14=/fit-in/200x150/filters:strip_icc()/pic7882358.jpg,,2,6,30,45,45,,1.2222,1363,"3,4,5,6",4,6,Some necessary text - easily memorized or small crib sheet,0,0,0,0,3,0,0,0,0,,2025-11-17 20:42:28,0,0,7.49119,5.73647,408,1.63747,5645,,,,,,,,,,,,,,,,,,"GenCon 2025
Dexterity 
Mario Party board game",,
392767,120780982,Patrician: Towers of Influence,Patrician: Towers of Influence,2024,https://cf.geekdo-images.com/xpbRJJCULlRVJXVBJJA7AQ__original/img/lSx8KVusxPFkgpixADZSizTkFeo=/0x0/filters:format(jpeg)/pic7622550.jpg,https://cf.geekdo-images.com/xpbRJJCULlRVJXVBJJA7AQ__small/img/x00tTDC4WuCpuX5WKpVR92PvFUw=/fit-in/200x150/filters:strip_icc()/pic7622550.jpg,,2,5,20,50,50,,2,561,"2,3,4,5",3,,,0,0,0,0,3,0,0,0,0,,2025-07-18 21:23:08,1,6,6.94714,5.61287,192,1.01399,8805,,,,,,,,,,,,,,,,,,Played at GenCon 2024 in BGG Hot Games Room.  Was just meh…,,
256960,77422911,Pax Pamir: Second Edition,Pax Pamir: Second Edition,2019,https://cf.geekdo-images.com/oSM_AuKYfGIwOtKbVEsoVg__original/img/7DlaMCmuoJzm9AzelmStYIDgutI=/0x0/filters:format(png)/pic4503733.png,https://cf.geekdo-images.com/oSM_AuKYfGIwOtKbVEsoVg__small/img/NyoufH5YBFCh1rKy4uy76bR4ITk=/fit-in/200x150/filters:strip_icc()/pic4503733.png,,1,5,45,120,120,,3.842,24685,"1,2,3,4,5",4,14+,Moderate in-game text - needs crib sheet or paste ups,0,0,0,0,3,0,0,0,0,,2023-11-21 18:08:23,3,9,8.12638,7.76652,17626,1.54288,53,Strategy Game Rank: 41,,,,,,,,,,,,,,,,,,,
312804,72393101,Pendulum,Pendulum,2020,https://cf.geekdo-images.com/kgypcFnQosrcwYx5Jluafg__original/img/NahdiNIC18lj_BsU_9Ju7Hb9mek=/0x0/filters:format(jpeg)/pic5507191.jpg,https://cf.geekdo-images.com/kgypcFnQosrcwYx5Jluafg__small/img/sLG2l7rGmzIon5ZScZ5YAxS_mjQ=/fit-in/200x150/filters:strip_icc()/pic5507191.jpg,,1,5,60,90,90,,3,6549,"2,3,4,5",3,10+,Some necessary text - easily memorized or small crib sheet,0,0,0,0,1,0,0,0,0,,2021-09-29 22:23:15,0,0,6.38576,5.90259,2294,1.76335,3857,Strategy Game Rank: 1731,,,,,,,,,,,,,,,,,"Stonemaier
Reviews are not real good",,
255697,53036620,Penk!,Penk!,2018,https://cf.geekdo-images.com/iIbjyUdVK00hELkxyeQDfg__original/img/8NUT5mxi3ciyaSGU8J0L6zeM7RM=/0x0/filters:format(png)/pic4206098.png,https://cf.geekdo-images.com/iIbjyUdVK00hELkxyeQDfg__small/img/P1ZoTqVtKDO3UIZKkPKyejTIyxs=/fit-in/200x150/filters:strip_icc()/pic4206098.png,,2,4,15,20,20,,1,242,"2,3,4",2,6+,No necessary in-game text,1,0,0,0,5,0,0,0,0,,2023-03-20 19:57:41,6,6,5.9412,5.52813,159,1.25869,17144,,Print n Play,,,0.0001,USD,,,,,,,,,,,,"2018 Gen Con
Print and Play with Regular Dice",,Free rules online
207242,66108008,Pentaquark,Pentaquark,2016,https://cf.geekdo-images.com/2cWzxvjcHcgA71baA_nQZQ__original/img/Svm-enUEpGxQvPWwW6VPeOlCNDU=/0x0/filters:format(png)/pic3168776.png,https://cf.geekdo-images.com/2cWzxvjcHcgA71baA_nQZQ__small/img/tpuFkw7uXUlAb9OyWJUucwhhq-A=/fit-in/200x150/filters:strip_icc()/pic3168776.png,,1,1,15,30,30,,2.3333,1931,1,1,,No necessary in-game text,1,0,0,0,3,0,0,0,0,1,2026-05-31 21:08:25,4,8,6.48397,5.66288,511,1.50438,7170,,KS,2019-11-24,,10,USD,,,Lakehouse,,,,,,,,,,,"[2-Resident]
Butonshy Bundle with Mint Julep, Pentaquark, and Pickpocket"
387560,109942572,Perch,Perch,2025,https://cf.geekdo-images.com/1t6J2QHaLMjmomBnHrtwxA__original/img/zflqo95w09oO07RgVmS-CmTDnLQ=/0x0/filters:format(png)/pic7558885.png,https://cf.geekdo-images.com/1t6J2QHaLMjmomBnHrtwxA__small/img/wr9PCDczDC32135gaLxTOILZPds=/fit-in/200x150/filters:strip_icc()/pic7558885.png,,2,5,30,60,60,,2.2632,2388,"2,3,4,5",4,10+,Some necessary text - easily memorized or small crib sheet,0,0,0,0,3,0,0,0,0,,2024-01-08 21:30:31,0,0,7.06662,5.93783,960,1.38218,3587,,,,,,,,,,,,,,,,,,KS looked interesting but maybe not enough o get me to back it. Watch for retail. Cute. Simple looking game,,
424482,132915320,Perfect Mismatch,Perfect Mismatch,2025,https://cf.geekdo-images.com/xWkwzxWGF8De3qi_6pmBDA__original/img/tqLQ4Kb5Ee5dDPS0PWIY4cYEclY=/0x0/filters:format(png)/pic8848418.png,https://cf.geekdo-images.com/xWkwzxWGF8De3qi_6pmBDA__small/img/RuT0CyI0UoDnuuU-ASumNFwyut4=/fit-in/200x150/filters:strip_icc()/pic8848418.png,,2,8,20,30,30,,1.5,93,"5,6,7,8","6,7",,,0,0,0,0,3,0,0,0,0,,2025-08-12 18:57:23,0,0,6.116,5.50841,50,1.76707,23249,,,,,,,,,,,,,,,,,,GenCon 2025,,
320255,113536611,Pericle: Gathering Darkness,Pericle: Gathering Darkness,2023,https://cf.geekdo-images.com/PxmAPH6yTRlftHQA8_cH-A__original/img/p7E-F7e09sckpMB7cYAq5T4b3AE=/0x0/filters:format(png)/pic5678164.png,https://cf.geekdo-images.com/PxmAPH6yTRlftHQA8_cH-A__small/img/LeGrL3qhm-5QEpWs52k21bqMwWg=/fit-in/200x150/filters:strip_icc()/pic5678164.png,,1,4,60,120,120,,3.6,476,"1,2,3,4","2,3",8+,,0,0,0,0,3,0,0,0,0,,2025-11-07 12:06:21,0,0,8.05329,5.58028,152,2.18757,10573,,,,,,,,,,,,,,,,,,D&D game with app for DM,,
256997,72873617,Perseverance: Castaway Chronicles – Episodes 1 & 2,Perseverance: Castaway Chronicles – Episodes 1 & 2,2022,https://cf.geekdo-images.com/CH7U514WgN1EMGFYN63KsQ__original/img/avH1CKrpAYOIO7Kcu0C5Kk_dgVE=/0x0/filters:format(jpeg)/pic5440227.jpg,https://cf.geekdo-images.com/CH7U514WgN1EMGFYN63KsQ__small/img/dozFHWuJhtY-cK5mmMHMwJLth7w=/fit-in/200x150/filters:strip_icc()/pic5440227.jpg,,1,4,80,180,180,,4.2192,4526,"1,2,3,4",3,14+,No necessary in-game text,0,0,0,0,3,0,0,0,0,,2021-09-29 22:23:28,0,0,7.67673,6.43599,1950,1.51892,1494,Strategy Game Rank: 758,,,,,,,,,,,,,,,,,"KS July 2020
Looks cool, but didn't really grab me when i watched some videos",,
76481,73687158,Persian Incursion,Persian Incursion,2010,https://cf.geekdo-images.com/4DixjdNMyeXsBlJ8rFO8bw__original/img/bHuxD64pvVUqXmcMfsLIHjTffsY=/0x0/filters:format(jpeg)/pic774031.jpg,https://cf.geekdo-images.com/4DixjdNMyeXsBlJ8rFO8bw__small/img/cUKxf8PNpx6cCM6K6e1Q-iUnF_M=/fit-in/200x150/filters:strip_icc()/pic774031.jpg,,2,2,180,180,180,,4.2308,269,2,2,14+,Moderate in-game text - needs crib sheet or paste ups,1,0,0,0,3,0,0,0,0,,2026-05-31 21:08:29,0,0,6.46792,5.51313,53,1.91516,21654,War Game Rank: 3642,Geekmarket,2020-09-02,,49.99,USD,,,Office,,,,,,,,,,,[2-Resident]
210274,52403230,Petrichor,Petrichor,2018,https://cf.geekdo-images.com/MclM91c6yVVH_LWgcTvpIQ__original/img/PsGA30t4N1J_uUSu7pkKhDPzBLo=/0x0/filters:format(jpeg)/pic3673255.jpg,https://cf.geekdo-images.com/MclM91c6yVVH_LWgcTvpIQ__small/img/1p1t5T0ff2chAvIOPcISVanqQs8=/fit-in/200x150/filters:strip_icc()/pic3673255.jpg,,1,4,20,80,80,,3.05,5600,"1,2,3,4","3,4",10+,No necessary in-game text,1,0,0,0,2,0,0,0,0,,2026-05-31 20:13:01,3,8,6.87843,6.2145,2710,1.34668,2185,Strategy Game Rank: 1123,Gen Con,2018-08-02,2025-07-08,45,USD,,,Office,"Trade interest is low but would consider the right offer.  I love this game, but my wife is not a fan... so we never play.",,,,,,,,Would have to list for $40 or less.  Worth it to keep in my collection for now,Ordered July 14 for Gen Con pickup,"[2-Resident]
PP Estimate"
225581,108539883,Petrichor: Flowers,Petrichor: Flowers,2018,https://cf.geekdo-images.com/LAUQFpHe7XNpWAuhMa1L8A__original/img/6qf2lXSMGUGl7bIXGKfjquenDKM=/0x0/filters:format(jpeg)/pic3772906.jpg,https://cf.geekdo-images.com/LAUQFpHe7XNpWAuhMa1L8A__small/img/aBJjUA0I4SjBvszp5L1zwH3RVRs=/fit-in/200x150/filters:strip_icc()/pic3772906.jpg,,1,5,20,80,80,,3,2731,"2,3,4,5",5,12+,,1,0,0,0,3,0,0,0,0,,2026-05-31 20:13:04,0,0,7.36434,5.6883,279,1.22217,0,,,,2025-07-08,,,,,Office,Included with Base Game Only,,,,,,,,,,In Base Game Box
368103,135244648,Pick-a-Pepper,Pick-a-Pepper,2022,https://cf.geekdo-images.com/d945VxXWKiDKxErWy3Z0RQ__original/img/GS9LBLfm2cU9K0DLCeORnHI_Y3k=/0x0/filters:format(jpeg)/pic7654466.jpg,https://cf.geekdo-images.com/d945VxXWKiDKxErWy3Z0RQ__small/img/_keaXtnbrpbDyjq7xoyoQjtAK5Q=/fit-in/200x150/filters:strip_icc()/pic7654466.jpg,,2,4,30,30,30,,1.8333,667,"2,3,4",4,10+,No necessary in-game text,0,0,0,0,3,0,0,0,0,,2025-08-10 21:02:09,1,6,6.62628,5.6362,320,1.2628,7927,,,,,,,,,,,,,,,,,,,,
192717,66108031,Pickpockets,Pickpockets,2016,https://cf.geekdo-images.com/RElLj_EJPwbpeToozJeRyw__original/img/GHAuouIA0duc1H2LhxEiMoOHPTU=/0x0/filters:format(png)/pic2882440.png,https://cf.geekdo-images.com/RElLj_EJPwbpeToozJeRyw__small/img/wHJ82tgB2rjH8pQfG_h6ELpcTNw=/fit-in/200x150/filters:strip_icc()/pic2882440.png,,3,4,15,30,30,,1,390,"3,4",3,,No necessary in-game text,1,0,0,0,3,0,0,0,0,1,2026-05-31 21:08:39,1,5,5.66197,5.50324,71,1.50767,24883,,KS,2019-11-24,,10,USD,,,Lakehouse,,,,,,,,,,,"[2-Resident]
Butonshy Bundle with Mint Julep, Pentaquark, and Pickpocket"
391549,134276857,Pillars of Heracles,Pillars of Heracles,2025,https://cf.geekdo-images.com/NZGlbyH3lFwz3_VH44uNug__original/img/wzOB8pcNfXQKhVWhmkpld9ddwQM=/0x0/filters:format(jpeg)/pic7720844.jpg,https://cf.geekdo-images.com/NZGlbyH3lFwz3_VH44uNug__small/img/epZh68QM8-MW--3vU5cpDczRVHI=/fit-in/200x150/filters:strip_icc()/pic7720844.jpg,,1,4,90,120,120,,3.8857,721,"2,3,4",3,14+,Extensive use of text - massive conversion needed to be playable,0,0,0,0,3,0,0,0,0,,2025-07-16 07:59:02,1,5,7.47162,5.67046,266,1.65655,6992,,,,,,,,,,,,,,,,,,,,
336831,94847074,PinPoint,PinPoint,2022,https://cf.geekdo-images.com/KOra7ZOxIh8yy3MTZ3ecNQ__original/img/GVPRoD0okmivfPaCxmUrFtaOLkk=/0x0/filters:format(png)/pic6230852.png,https://cf.geekdo-images.com/KOra7ZOxIh8yy3MTZ3ecNQ__small/img/OzL0neQ11A5NhJs7KxggDnehiv0=/fit-in/200x150/filters:strip_icc()/pic6230852.png,,2,99,30,30,30,,1,163,"5,6,7,8","6,8",,,0,0,0,0,3,0,0,0,0,,2024-01-08 21:31:48,0,0,6.55059,5.53106,85,1.55379,16458,,,,,,,,,,,,,,,,,,Could be a good family game,,
397385,126651529,Pirates of Maracaibo,Pirates of Maracaibo,2023,https://cf.geekdo-images.com/ReKfHkfzGWZHZ5nxDnldhA__original/img/DK8HRaEz0rmpjjuLmwG58osE3Wg=/0x0/filters:format(png)/pic8063260.png,https://cf.geekdo-images.com/ReKfHkfzGWZHZ5nxDnldhA__small/img/RqU2U0XzHvOTf_jdVFHLk5wEYB8=/fit-in/200x150/filters:strip_icc()/pic8063260.png,,1,4,40,100,100,,2.8881,7291,"1,2,3,4",3,12+,No necessary in-game text,1,0,0,0,2,0,0,0,0,,2026-05-31 21:08:45,4,9,7.93597,7.07184,4430,1.09789,419,Strategy Game Rank: 227,Christmas Gift,2024-12-25,2024-12-25,,,,,,,,,,,,,,"Played with Adam, Dave and Greg.  Really fun different game",,"[2-Resident]
Includes Playmat and expansions"
424911,128256797,Pirates of Maracaibo: Commanders,Pirates of Maracaibo: Commanders,2024,https://cf.geekdo-images.com/K8PSv2MatpF2voLFgoetNw__original/img/0teQn_9rJSynGAtnXpYiYOV2tWo=/0x0/filters:format(jpeg)/pic8312006.jpg,https://cf.geekdo-images.com/K8PSv2MatpF2voLFgoetNw__small/img/nWwQyprf11cX1kCQdac08bXa8G4=/fit-in/200x150/filters:strip_icc()/pic8312006.jpg,,1,4,30,30,30,,3.1111,2237,"2,3,4","2,3",10+,No necessary in-game text,1,0,0,0,1,0,0,0,0,,2025-07-31 19:16:29,0,0,8.2189,5.85927,373,1.12226,0,,GenCon,2025-07-31,2025-07-31,35,,,,,,,,,,,,,,,
402518,126995652,Pirates of Maracaibo: New Figureheads,Pirates of Maracaibo: New Figureheads,2023,https://cf.geekdo-images.com/IuwpSeapkgLUH-HaOcBE8Q__original/img/GtpJbTXgMVd9RjmfjTI_7H7VUMc=/0x0/filters:format(jpeg)/pic7766385.jpg,https://cf.geekdo-images.com/IuwpSeapkgLUH-HaOcBE8Q__small/img/v4ULa0Jxq1KwEhMjmuDC66Fjf1g=/fit-in/200x150/filters:strip_icc()/pic7766385.jpg,,1,4,25,100,100,,2,1211,"2,3,4",4,10+,No necessary in-game text,1,0,0,0,3,0,0,0,0,,2024-12-25 19:17:30,0,0,7.7712,5.61544,128,1.21492,0,,,,,,,,,,,,,,,,,,,,
14254,100706934,PitchCar Mini,PitchCar Mini,2003,https://cf.geekdo-images.com/oeM4n4NFAD47WUpB9W8_fw__original/img/B-InBTd6FBI690-NF3r3lNt4y3A=/0x0/filters:format(jpeg)/pic58034.jpg,https://cf.geekdo-images.com/oeM4n4NFAD47WUpB9W8_fw__small/img/YLi7kkprvzlwC7sg4sbXg81vnmU=/fit-in/200x150/filters:strip_icc()/pic58034.jpg,,2,8,30,30,30,,1.1438,2984,"2,3,4,5,6,7,8","4,5,6,7,8",5+,No necessary in-game text,1,0,0,0,1,0,0,0,0,,2026-05-31 16:33:39,3,8,6.99213,6.26405,2436,1.29133,1998,Party Game Rank: 97; Family Game Rank: 584,Eagle Gryphon,2022-12-10,,28,,,,,,,,,,,,,,,[1-Permanent]
14356,100706938,PitchCar Mini: Extension,PitchCar Mini: Extension,2004,https://cf.geekdo-images.com/AW2eWC-1suoALwg8KKY6_Q__original/img/SAtER9ZzhlvFvU04XPP2pkXc5Os=/0x0/filters:format(jpeg)/pic521683.jpg,https://cf.geekdo-images.com/AW2eWC-1suoALwg8KKY6_Q__small/img/mmFdjB9ejLCFnjdcSgWe-Y8LMz8=/fit-in/200x150/filters:strip_icc()/pic521683.jpg,,2,8,30,30,30,,1.1111,1039,"2,3,4,5,6,7,8","2,4",5+,No necessary in-game text,1,0,0,0,1,0,0,0,0,,2022-12-15 14:30:39,0,0,7.03433,5.76203,469,1.35026,0,,Eagle Gryphon Games,2022-12-10,,24,,,,,,,,,,,,,,,
25947,100706940,PitchCar Mini: Extension 2 – More Speed More Fun,PitchCar Mini: Extension 2 – More Speed More Fun,2006,https://cf.geekdo-images.com/37GCxx_IYz_i5i5THaB7hA__original/img/hpY_Jh-0G6-qWUCHxFYZ-Ee5PGY=/0x0/filters:format(jpeg)/pic293105.jpg,https://cf.geekdo-images.com/37GCxx_IYz_i5i5THaB7hA__small/img/XYiCtLFU7gNhUUqvt7V_9cxIyho=/fit-in/200x150/filters:strip_icc()/pic293105.jpg,,2,8,0,0,0,,1.1667,824,"2,3,4,5,6,7,8","4,5,6,7,8",5+,No necessary in-game text,1,0,0,0,1,0,0,0,0,,2022-12-15 14:30:42,0,0,7.04196,5.67358,286,1.232,0,,Eagle Gryphon Games,2022-12-10,,20,,,,,,,,,,,,,,,
59418,100706944,PitchCar Mini: Extension 5 – The Cross,PitchCar Mini: Extension 5 – The Cross,2009,https://cf.geekdo-images.com/XaiygWduZbkfU-bEKRg7vg__original/img/6lUYS8pIWPG3QhQDWStLezLypGA=/0x0/filters:format(jpeg)/pic681851.jpg,https://cf.geekdo-images.com/XaiygWduZbkfU-bEKRg7vg__small/img/AkvjaFLuxxLPFGb1gOku8BCgNWg=/fit-in/200x150/filters:strip_icc()/pic681851.jpg,,2,8,30,30,30,,1,494,"2,3,4,5,6,7,8","2,4",5+,No necessary in-game text,1,0,0,0,1,0,0,0,0,,2022-12-15 14:30:45,0,0,7.15,5.59198,131,1.43329,0,,Eagle Gryphon Games,2022-12-10,,22,,,,,,,,,,,,,,,
26260,100706945,PitchCar Mini: Special Long Straights,PitchCar Mini: Special Long Straights,2006,https://cf.geekdo-images.com/V42aleMr90-gCEW2wXJ_jQ__original/img/Uk2J_t-DJJwoqOBvZ2Xv0iUYeXg=/0x0/filters:format(jpeg)/pic321446.jpg,https://cf.geekdo-images.com/V42aleMr90-gCEW2wXJ_jQ__small/img/Ol3wWzSjty1NuAw2Xnk2IwV_pGU=/fit-in/200x150/filters:strip_icc()/pic321446.jpg,,2,8,30,30,30,,1.0909,520,"3,4,5,6,7,8",6,6+,No necessary in-game text,1,0,0,0,1,0,0,0,0,,2022-12-15 14:30:50,0,0,7.05,5.60423,162,1.33885,0,,Eagle Gryphon Games,2022-12-10,,28,,,,,,,,,,,,,,,
411875,121881908,Pixies,Pixies,2024,https://cf.geekdo-images.com/HzOXZ-dmxkD0ZJoHF49_vA__original/img/kGlcHoV6DViw14Nxo8_QydXl1RU=/0x0/filters:format(jpeg)/pic7975645.jpg,https://cf.geekdo-images.com/HzOXZ-dmxkD0ZJoHF49_vA__small/img/S4swCbvBHeQBOJk9Ah2-d-Ybr4k=/fit-in/200x150/filters:strip_icc()/pic7975645.jpg,,2,5,30,30,30,,1.2261,9083,"2,3,4",2,8+,No necessary in-game text,1,0,0,0,2,0,0,0,0,,2026-05-31 16:34:37,8,8,7.0891,6.50933,4446,1.2012,1306,Family Game Rank: 362,Cardhaus,2025-07-11,2025-07-15,12,USD,,,,,,,,,,,,"According to Adam D this is the next game in the Sea,Salt, and Paper line",,"[1-Permanent]
2025 GenCon Pre-Purchase"
441707,134364087,Pixies: Flower Power,Pixies: Flower Power,2025,https://cf.geekdo-images.com/W7EssIlLtPX7Sq621-JUKg__original/img/GkDorI3EccMirtccJgY3WCXIavo=/0x0/filters:format(png)/pic8788158.png,https://cf.geekdo-images.com/W7EssIlLtPX7Sq621-JUKg__small/img/0OZkXoHadTg6qbCmlPGOJETNvqs=/fit-in/200x150/filters:strip_icc()/pic8788158.png,,2,6,30,30,30,,1.8,2037,"2,4","2,4",,,1,0,0,0,2,0,0,0,0,,2025-07-31 19:09:45,0,0,7.62959,5.69904,261,1.21412,0,,GenCon,2025-07-31,2025-07-31,10,USD,,,,,,,,,,,,"GenCon2025
Instant Buy",,
415054,132976814,Piña Coladice,Piña Coladice,2024,https://cf.geekdo-images.com/QzRniP5vC4BD1b4Y5aswqQ__original/img/fA4CBG-GF1LLT1qlZTl-wVlIS1Y=/0x0/filters:format(png)/pic8043570.png,https://cf.geekdo-images.com/QzRniP5vC4BD1b4Y5aswqQ__small/img/Y3QCUxp-Ua0UbgkevH--IRCymeM=/fit-in/200x150/filters:strip_icc()/pic8043570.png,,2,4,10,20,20,,1.0435,3419,"2,3,4",3,8+,No necessary in-game text,0,0,0,0,3,0,0,0,0,,2025-11-07 12:06:27,0,0,6.7961,6.03311,1792,1.21118,3007,Family Game Rank: 945,,,,,,,,,,,,,,,,,"GenCon 2025
Cool Theme
BGG Hot Games Room",,
374542,137520743,Planepita,Planepita,2022,https://cf.geekdo-images.com/MIyukZdI6ROZ-ceCqudt0w__original/img/rLFa0SwsDEi7zsHquHUsxrhbcYg=/0x0/filters:format(png)/pic9048723.png,https://cf.geekdo-images.com/MIyukZdI6ROZ-ceCqudt0w__small/img/8LcHcd1JD_M1G3P3FC6Q5kwx3xM=/fit-in/200x150/filters:strip_icc()/pic9048723.png,,2,4,20,20,20,,1.4167,462,"2,3,4",3,6+,No necessary in-game text,1,0,0,0,3,0,0,0,0,,2026-05-31 21:09:02,6,7,7.01168,5.64118,244,1.12818,7773,Family Game Rank: 2079,BGG Auction - Bailey K @zolmikthiat,2025-11-17,,20,USD,,,,,,,,,,,,Mini magnetic crokinole,,[2-Resident]
252929,61417606,Planet,Planet,2018,https://cf.geekdo-images.com/bTE1oeN-8Y-RdSpjR0b-2A__original/img/u-ZcZzzK3CLQZZJ-SlHjmSJHzwE=/0x0/filters:format(png)/pic4199323.png,https://cf.geekdo-images.com/bTE1oeN-8Y-RdSpjR0b-2A__small/img/72I7C1n3SD0nxifUrB6A24tuIxw=/fit-in/200x150/filters:strip_icc()/pic4199323.png,,2,4,30,45,45,,1.5794,11411,"2,3,4",4,6+,No necessary in-game text,0,0,0,0,3,0,0,0,1,,2024-07-14 20:26:17,2,7,6.62656,6.29263,6234,1.26732,1905,Family Game Rank: 628,GenCon,2019-08-02,,35,USD,,,Sold,,,,,,,,,"2019 GenCon - FOR SALE
Build a “globe” and collect cards.  Play in BGG room!",,
258779,70353643,Planet Unknown,Planet Unknown,2022,https://cf.geekdo-images.com/3HkjDovk8Yr2wMumcSUGog__original/img/hl_WEzG4mKaEW_7qrZf-sPxXMpI=/0x0/filters:format(jpeg)/pic4843622.jpg,https://cf.geekdo-images.com/3HkjDovk8Yr2wMumcSUGog__small/img/4pF1oDpvn1VR3rbvW88xLK86xmA=/fit-in/200x150/filters:strip_icc()/pic4843622.jpg,,1,6,60,80,80,,2.2507,21011,"1,2,3,4,5,6",4,10+,Moderate in-game text - needs crib sheet or paste ups,1,0,0,0,3,0,0,0,0,1,2026-05-31 16:29:52,7,8,7.76034,7.41338,14245,1.15908,167,Strategy Game Rank: 127; Family Game Rank: 21,KS,2020-04-12,,69,USD,,,,,,,,,,,,"KS April 2020
Tile placement with lazy susan.",,"[1-Permanent]
PM DONE 22 June 2020
You will receive one copy of Planet Unknown DELUXE version of the game and all Kickstarter stretch goals pertaining to this pledge level.

Shipping will be charged through the pledge manager after the campaign. For more info on shipping see the chart at the bottom of the campaign page.

INCLUDES:
Planet Unknown Limited Deluxe edition
All stretch goals pertaining to this pledge level.
Money-back guarantee
Free shipping to US. Discount by $10 to all other countries."
393509,107934388,Planet Unknown: Supermoon,Planet Unknown: Supermoon,2025,https://cf.geekdo-images.com/1Z9CyClFHtpWI_q5q78Vug__original/img/pNZQV3oE6-vPrsAIwNma-nyKuZs=/0x0/filters:format(jpeg)/pic7602926.jpg,https://cf.geekdo-images.com/1Z9CyClFHtpWI_q5q78Vug__small/img/rhE51WFcj_1uM4PaTUaPal6wg24=/fit-in/200x150/filters:strip_icc()/pic7602926.jpg,,1,6,65,80,80,,2.5,5027,"1,2,3,4,5,6","2,3,4,5,6",10+,Some necessary text - easily memorized or small crib sheet,1,0,0,0,3,0,0,0,0,,2025-02-05 18:30:21,0,0,7.60956,5.84314,469,1.27728,0,,KS,2023-07-05,2025-01-29,30,USD,,,,,,,,,,,,,,
200454,54383003,Planetarium,Planetarium,2017,https://cf.geekdo-images.com/AJEBXgU3LiC50ov95rGGvQ__original/img/ryRv7vi_zQ8x6Z2f24-Ch8GGGSg=/0x0/filters:format(jpeg)/pic3224251.jpg,https://cf.geekdo-images.com/AJEBXgU3LiC50ov95rGGvQ__small/img/TYzBcPN-sMZde8jTmSApEZah0ow=/fit-in/200x150/filters:strip_icc()/pic3224251.jpg,,1,4,45,45,45,,2.0536,2920,"2,3,4",3,10+,No necessary in-game text,1,0,0,0,3,0,0,0,0,,2026-05-31 21:09:13,2,7,6.96199,6.02379,1397,1.2871,3056,Thematic Rank: 618; Strategy Game Rank: 1453,KS,2018-09-20,,59,USD,,,,,,,,,,,,,,"[2-Resident]
With Primordial Expansion"
259994,54382998,Planetarium: Primordial,Planetarium: Primordial,2019,https://cf.geekdo-images.com/fKwgvfxV1jDFFM7IY0wu2w__original/img/UhdohPCK4DM5saTyWCP9JtCGlfY=/0x0/filters:format(jpeg)/pic4288890.jpg,https://cf.geekdo-images.com/fKwgvfxV1jDFFM7IY0wu2w__small/img/BKcyMjjRgL2n7RBFv5hhd9rqReY=/fit-in/200x150/filters:strip_icc()/pic4288890.jpg,,2,4,45,60,60,,2.75,724,"1,2,3,4",4,6+,,1,0,0,0,3,0,0,0,0,,2023-03-20 19:58:44,0,0,7.68529,5.56874,85,1.21594,0,,KS ,2018-09-20,,59,USD,,,,,,,,,,,,,,with core game and Primordial Expansion
232201,59006568,Planetoid,Planetoid,2019,https://cf.geekdo-images.com/_05P3WAVP4sdvk7swehYaQ__original/img/YEYGLywBJ5TuHw9Z3-eqR0laebU=/0x0/filters:format(png)/pic3673297.png,https://cf.geekdo-images.com/_05P3WAVP4sdvk7swehYaQ__small/img/lrTuK8sK1K-hDoK_l-Bq7PnSWXg=/fit-in/200x150/filters:strip_icc()/pic3673297.png,,1,4,25,40,40,,2,602,"2,3,4",3,8+,Some necessary text - easily memorized or small crib sheet,0,0,0,0,3,0,0,0,1,,2024-07-14 20:26:09,2,6,7.01716,5.62099,221,1.30455,8467,,Kickstarter,2019-07-31,,22,USD,30,USD,Sold,,,,,,,,,,"Fun, simple game.  Just wish setup was faster.  Not sure how it could be though.","Currently for Sale on IndyCon 2020 Flea Market $25

Sold on BGG to mrteacherusa + $25 for Gipf, Punct, Lyngk, and Dvonn"
363531,98633470,Plutocracy,Plutocracy,2022,https://cf.geekdo-images.com/1FFNZIkrHYuzPDj_-sNXDw__original/img/sko3qrYDFgLCp4y3M6ayV-tsp44=/0x0/filters:format(jpeg)/pic6877705.jpg,https://cf.geekdo-images.com/1FFNZIkrHYuzPDj_-sNXDw__small/img/TDjdf3yRsF6wAVrm4T4QcBkDYUU=/fit-in/200x150/filters:strip_icc()/pic6877705.jpg,,2,4,60,90,90,,3,200,"2,3,4",3,12–14,Some necessary text - easily memorized or small crib sheet,1,0,0,0,3,1,0,1,0,,2026-05-31 20:01:39,0,0,6.73654,5.5671,157,1.59237,11597,,Trade from secondofthenew,2023-02-23,2025-07-08,13,USD,,,Kallax For Sale,,,,,,,,,Tom’s Essen unboxing grabbed my attention,,"[4-Evaluate]
Price estimate of $13 biased on Whale Riders cost
Listed BGG Marketplace 2024-08-20 for $25"
240926,70911149,Pocket Pharma,Pocket Pharma,2018,https://cf.geekdo-images.com/ehwbrcoRLVr5NY-bAFKm1w__original/img/nnp9utsxkNSpZUIH3Hew16vROeE=/0x0/filters:format(png)/pic3926971.png,https://cf.geekdo-images.com/ehwbrcoRLVr5NY-bAFKm1w__small/img/_fSXzsZSqSQHJDn_As8IxE5q_Bg=/fit-in/200x150/filters:strip_icc()/pic3926971.png,,2,5,15,30,30,,1.8,540,"2,3,4",3,,,1,0,0,0,2,0,0,0,0,1,2026-05-31 21:09:43,1,6,6.44452,5.56006,177,1.38538,12219,,BGG Auction,2022-04-07,,30,USD,,,,,,,,,,,,Zee review Was intriguing enough. Theme is what does this for me,,"[2-Resident]
Deluxe Edition.  Includes R&D Expansion"
251782,70911163,Pocket Pharma: R&D Mini Expansions,Pocket Pharma: R&D Mini Expansions,2018,https://cf.geekdo-images.com/H2ftOvAJP00mkkTXtP0PVQ__original/img/FA520vspzrnZpT1v1VWQkM4HBSg=/0x0/filters:format(png)/pic4901238.png,https://cf.geekdo-images.com/H2ftOvAJP00mkkTXtP0PVQ__small/img/sEPU9DOipGmKy547liQAuQqmWZ4=/fit-in/200x150/filters:strip_icc()/pic4901238.png,,2,5,15,30,30,,2,140,"2,3,4",3,,,1,0,0,0,3,0,0,0,0,,2023-01-08 13:05:27,0,0,7.58333,0,12,1.18732,0,,,,,0.0001,USD,,,,,,,,,,,,,,Included with Base Game
368017,107119885,Point City,Point City,2023,https://cf.geekdo-images.com/-wcx_m4j86mTFAJ_kWz8eA__original/img/xqzKVJi-qRQAYHIUgpIz3kveNfQ=/0x0/filters:format(jpeg)/pic6998174.jpg,https://cf.geekdo-images.com/-wcx_m4j86mTFAJ_kWz8eA__small/img/wXCt7sv58rjfgCEeg_wX9NIiMpc=/fit-in/200x150/filters:strip_icc()/pic6998174.jpg,,1,4,15,30,30,,1.6822,10998,"1,2,3,4",2,10+,Some necessary text - easily memorized or small crib sheet,0,0,0,0,3,0,0,0,0,,2024-01-08 21:32:16,0,0,7.13482,6.58034,4823,1.11236,1146,Family Game Rank: 302,,,,,,,,,,,,,,,,,,,
274960,69520978,Point Salad,Point Salad,2019,https://cf.geekdo-images.com/Xy0W9NtEpX0EVjwgxO3IEA__original/img/WdLBZcryNqysYsyC3PNF9FeaPWQ=/0x0/filters:format(png)/pic4621571.png,https://cf.geekdo-images.com/Xy0W9NtEpX0EVjwgxO3IEA__small/img/1gKeE2_50dXcL03gH3cEU-Ixj6c=/fit-in/200x150/filters:strip_icc()/pic4621571.png,,2,6,15,30,30,,1.1523,39669,"2,3,4,5,6",3,8+,Some necessary text - easily memorized or small crib sheet,1,0,0,0,3,0,0,0,0,1,2026-05-31 21:09:53,4,7,7.08886,6.91462,23308,1.13943,601,Family Game Rank: 160,Cardhaus,2020-03-08,,15,USD,,,Lakehouse,,,,,,,,,,,[3-Transient]
410774,132947053,Polaris,Polaris,2025,https://cf.geekdo-images.com/UTXhEodbJ_KEf45dub1pEg__original/img/tkcgIemOgniH-eInGnKhVVHTl7w=/0x0/filters:format(jpeg)/pic8140888.jpg,https://cf.geekdo-images.com/UTXhEodbJ_KEf45dub1pEg__small/img/QqQ8OzSdJ-R1QtiJzl1178CdCII=/fit-in/200x150/filters:strip_icc()/pic8140888.jpg,,2,4,30,50,50,,2.5714,367,2,2,8+,No necessary in-game text,0,0,1,0,3,0,1,0,0,,2025-11-02 10:01:38,0,0,7.00069,5.57675,145,1.55542,10819,,,,,,,,,,,,,,,,,,"GenCon 2025
Luciani
Abstract",,
369898,107048642,Pollen,Pollen,2023,https://cf.geekdo-images.com/R0MpBM4U-lee5L2VEt0qFg__original/img/c8OuY_1l2K4E8iNzQCbb0t_sAbE=/0x0/filters:format(jpeg)/pic7064573.jpg,https://cf.geekdo-images.com/R0MpBM4U-lee5L2VEt0qFg__small/img/s0wfSGipBgWBfvzIaU8kDA59SVE=/fit-in/200x150/filters:strip_icc()/pic7064573.jpg,,2,4,30,45,45,,2,1650,"2,3,4",3,12+,No necessary in-game text,0,0,0,0,3,0,0,0,0,,2024-01-08 21:32:20,0,0,6.9745,5.83569,711,1.23684,4440,Strategy Game Rank: 1832,,,,,,,,,,,,,,,,,2023 Origins & GenCon Preview,,
435330,136636775,Pondscape,Pondscape,2025,https://cf.geekdo-images.com/qDpRayhnFA-BbcMytyHkqg__original/img/GkMCAwqXXpRw7qLSdyuMduV7Sgk=/0x0/filters:format(jpeg)/pic8746745.jpg,https://cf.geekdo-images.com/qDpRayhnFA-BbcMytyHkqg__small/img/mAeN6m_KO-Sb6nwYnUErtcnR2so=/fit-in/200x150/filters:strip_icc()/pic8746745.jpg,,1,4,20,35,35,,2,1760,"1,2,3,4",3,10+,No necessary in-game text,0,0,1,1,3,0,0,0,0,,2025-10-19 20:22:58,0,0,7.11512,5.86955,718,1.18892,4125,,,,,,,,,,,,,,,,,,"Holek Tableau builder
Cute looking game",,
60579,29472438,Poo: The Card Game,Poo: The Card Game,2009,https://cf.geekdo-images.com/jfuR5hIlqIiARkrW-0XOIQ__original/img/HDliBGsFpeV8x7xRfbD8sW3NHs4=/0x0/filters:format(jpeg)/pic611381.jpg,https://cf.geekdo-images.com/jfuR5hIlqIiARkrW-0XOIQ__small/img/4wUvQpyWj2KVSDRmjPuxtYdILaA=/fit-in/200x150/filters:strip_icc()/pic611381.jpg,,2,8,5,15,15,,1.1031,4015,"3,4,5,6,7,8","4,5",6+,Moderate in-game text - needs crib sheet or paste ups,1,0,0,0,3,0,0,0,0,,2026-05-31 21:10:13,4,6,5.55338,5.48762,1904,1.67599,28260,Party Game Rank: 905; Family Game Rank: 3459,Amazon,2015-11-10,,10,USD,,,,,,,,,,,,,This is a mindless fun game of toilet humor!  Played with the family first but could see this being fun over a few beers with friends!,[3-Transient]
172385,53863388,Porta Nigra,Porta Nigra,2015,https://cf.geekdo-images.com/Cp53m9m-BxT8cpJZVMFNhg__original/img/toLyBemUjFOUPvG5fnXq02L2BJA=/0x0/filters:format(jpeg)/pic3060256.jpg,https://cf.geekdo-images.com/Cp53m9m-BxT8cpJZVMFNhg__small/img/1irXvdfUuk06ddxFRi0lXm3LzUI=/fit-in/200x150/filters:strip_icc()/pic3060256.jpg,,2,4,75,120,120,,2.9912,4385,"2,3,4",3,10+,No necessary in-game text,1,0,0,0,3,0,0,0,0,,2026-05-31 21:10:23,2,8,7.14908,6.34126,2454,1.18526,1736,Strategy Game Rank: 906,Amazon,2018-08-17,,25,USD,,,,,,,,,,,,,,[2-Resident]
383190,133223240,Positano,Positano,2025,https://cf.geekdo-images.com/HhqaR_Fs6r58Zk21f29tSw__original/img/Wk4eAJtabI1MNxd3O218QnPWSDY=/0x0/filters:format(png)/pic8281271.png,https://cf.geekdo-images.com/HhqaR_Fs6r58Zk21f29tSw__small/img/Oczc9tm06S-W8eg9Uoi1UEKiRig=/fit-in/200x150/filters:strip_icc()/pic8281271.png,,1,4,20,45,45,,1.6923,547,"2,3,4",3,,,1,0,0,0,2,0,0,0,0,,2026-05-31 21:10:28,3,7,7.37019,5.70904,297,1.12737,6129,Family Game Rank: 1740,Cardhaus,2025-07-11,2025-07-15,47,USD,,,,,,,,,,,,"GenCon 2025
Build a city in Italy.
Expansion plays up to 6",,"[2-Resident]
2025 GenCon Pre-Purchase
Includes 5-6 Player Expansion in Base Box"
447770,133223257,Positano: The Crowded Cliffside,Positano: The Crowded Cliffside,2025,https://cf.geekdo-images.com/NowoLlVbCzpeyWdPqp_w0Q__original/img/N7z-fi8YbLdCaMMhKP6lxF4OExs=/0x0/filters:format(png)/pic8921276.png,https://cf.geekdo-images.com/NowoLlVbCzpeyWdPqp_w0Q__small/img/LbSXCYcRwQfHaEn7HZ15riYDI2Q=/fit-in/200x150/filters:strip_icc()/pic8921276.png,,4,6,20,45,45,,0,183,,,,,1,0,0,0,2,0,0,0,0,,2025-07-16 19:49:27,0,0,7.68953,0,19,1.05323,0,,Cardhaus,2025-07-11,,30,USD,,,,,,,,,,,,"GenCon 2025
Expands base game to 6 players",,"2025 GenCon Pre-Purchase
In Base Box"
424395,139781632,Power Grid: Outpost,Power Grid: Outpost,2024,https://cf.geekdo-images.com/WQzzyVbpMpfkM9VkMczmaQ__original/img/EPbEydZ4e8oGr3kwl59Q6Wvgmkg=/0x0/filters:format(png)/pic8324340.png,https://cf.geekdo-images.com/WQzzyVbpMpfkM9VkMczmaQ__small/img/2g_b3kFVJlIthWc7iBOyKrkscDM=/fit-in/200x150/filters:strip_icc()/pic8324340.png,,2,6,90,120,120,,3.0667,882,"3,4,5,6","4,5",12+,No necessary in-game text,0,0,0,0,3,0,0,0,0,,2025-12-14 22:41:07,1,8,7.44693,5.78759,413,1.32057,4954,,,,,,,,,,,,,,,,,,,,
341974,84144892,Power Plants,Power Plants,2022,https://cf.geekdo-images.com/6sYHx4FX1dlek7yehSBBVA__original/img/fDrbrrBNw9LuyCwcrRpc1nOjCDs=/0x0/filters:format(jpeg)/pic6432453.jpg,https://cf.geekdo-images.com/6sYHx4FX1dlek7yehSBBVA__small/img/gtRDTDyJIf2DxguDzzfeodbwoA0=/fit-in/200x150/filters:strip_icc()/pic6432453.jpg,,1,5,30,30,30,,2.5192,3115,"1,2,3,4",2,10+,Some necessary text - easily memorized or small crib sheet,1,0,0,0,3,1,0,0,0,,2026-05-31 21:10:45,3,9,7.09961,6.0448,1322,1.33246,2946,Abstract Game Rank: 113,KS,2021-10-27,,55,USD,,,,,,,,,,,,Adam Daulton,,"[3-Transient]
Deluxe Edition"
137776,54683798,Praetor,Praetor,2014,https://cf.geekdo-images.com/lda6XfSeUyAF3vaqm_L2LQ__original/img/-mdqPjzQwV4xgOZEJaPDP97nbbw=/0x0/filters:format(png)/pic1963503.png,https://cf.geekdo-images.com/lda6XfSeUyAF3vaqm_L2LQ__small/img/kkOs_DVyCMMQwoQ_Z0kpTKr8s9Y=/fit-in/200x150/filters:strip_icc()/pic1963503.png,,2,5,75,75,75,,3,2624,"2,3,4",4,12+,No necessary in-game text,0,0,0,0,3,0,0,0,1,,2024-07-14 16:44:02,1,8,6.53655,5.87627,1432,1.35415,4061,Strategy Game Rank: 1735,Miniature Market,2018-10-02,,20,USD,,,Sold at MayCon 2024,Like New.  Only played once,,,,,,,,Listed $10 OctoCon,,Sold for $5 to bryanspellman at MayCon 2024
308765,71031199,Praga Caput Regni,Praga Caput Regni,2020,https://cf.geekdo-images.com/aUPeXVwc40xrgud2XeZwyA__original/img/WbCD6iqzBhVucS7uRwYvtku5zD0=/0x0/filters:format(png)/pic5671087.png,https://cf.geekdo-images.com/aUPeXVwc40xrgud2XeZwyA__small/img/1TYDRYM7iz0-jLJ-YZj6d5bhweg=/fit-in/200x150/filters:strip_icc()/pic5671087.png,,1,4,45,150,150,,3.7293,16539,"1,2,3,4",3,12+,No necessary in-game text,1,0,0,0,2,1,0,0,0,,2026-05-31 21:11:15,3,7,7.83427,7.37269,10539,1.2374,190,Strategy Game Rank: 132,Cardhaus,2020-10-27,,55,USD,,,,,,,,,,,,Looks beautiful.  US Distribution?,,[3-Transient]
390606,110583834,Printing Press,Printing Press,2023,https://cf.geekdo-images.com/oz4idG6q2ohZdVj5VWyWsA__original/img/LPDboUBJEpfgRaryrO2NLYkx8s0=/0x0/filters:format(jpeg)/pic7584765.jpg,https://cf.geekdo-images.com/oz4idG6q2ohZdVj5VWyWsA__small/img/V917ZwtS6CdC8e5dkj8-cSXfWeY=/fit-in/200x150/filters:strip_icc()/pic7584765.jpg,,1,4,15,60,60,,2.0909,852,"1,2,3,4",3,8+,No necessary in-game text,0,0,0,0,3,0,0,0,0,,2025-11-07 12:06:59,0,0,6.98117,5.65261,307,1.35992,7439,,,,,,,,,,,,,,,,,,"Lukas’s Wozniak
Essen 23",,
260180,75578326,Project L,Project L,2020,https://cf.geekdo-images.com/Zwx2ZXS6r6PaxhkaVEe75Q__original/img/nBfsV9V5a-xc3uJkYhE0DN-QVjI=/0x0/filters:format(jpeg)/pic4309147.jpg,https://cf.geekdo-images.com/Zwx2ZXS6r6PaxhkaVEe75Q__small/img/3x5kSxZlvLK6PdeMHX9xd_sSTMs=/fit-in/200x150/filters:strip_icc()/pic4309147.jpg,,1,4,20,40,40,,1.5602,23467,"1,2,3,4","2,3",8+,No necessary in-game text,1,0,0,0,2,0,0,0,0,,2023-12-04 17:47:24,6,7,7.44496,7.10918,13214,1.15938,380,Abstract Game Rank: 14; Family Game Rank: 81,BGG Marketplace (Natty_Dice),2023-01-09,2023-01-09,50,USD,,,,"I have two base retail games combined into one Master Box.  20 of each shape plus 6 of each Ghost shape.  I have a full set of puzzles plus the a single copy of each of the Ghost, Ambassador, Finesse, Ambassador Finesse, and Phoenix expansions.  I have 12 updated player boards and 8 retail player boards.  I also have a spare set of base game puzzles in a separate box.  Only two things are missing - bigger lid from KS version for the Master Box and the black/white glass bead markers for the line variant",,,,,,,,"Played with Ross.  Fun, Tetris-like puzzle game.  Family would like it.  KS version will play up to 6, I think?",,"[2-Resident]
Stored in Project L Master Box"
260180,102976963,Project L,Project L,2020,https://cf.geekdo-images.com/Zwx2ZXS6r6PaxhkaVEe75Q__original/img/nBfsV9V5a-xc3uJkYhE0DN-QVjI=/0x0/filters:format(jpeg)/pic4309147.jpg,https://cf.geekdo-images.com/Zwx2ZXS6r6PaxhkaVEe75Q__small/img/3x5kSxZlvLK6PdeMHX9xd_sSTMs=/fit-in/200x150/filters:strip_icc()/pic4309147.jpg,,1,4,20,40,40,,1.5602,23467,"1,2,3,4","2,3",8+,No necessary in-game text,0,0,0,0,3,0,0,0,1,,2023-12-04 17:47:24,6,7,7.44496,7.10918,13214,1.15938,380,Abstract Game Rank: 14; Family Game Rank: 81,Detective Hawk Games,2023-01-30,2023-01-30,25.64,USD,,,,Combined pieces into Master Box but have a spare set of puzzles left in this box,,,,,,,,,,
266520,102318955,Project L: Ambassador Pack,Project L: Ambassador Pack,2020,https://cf.geekdo-images.com/IkJGmtROamscVPT6xvgFqA__original/img/RaeMsg2XwAWUtzacrPh3TbgC_CM=/0x0/filters:format(jpeg)/pic4844915.jpg,https://cf.geekdo-images.com/IkJGmtROamscVPT6xvgFqA__small/img/TQEOpSX_0FzC3CZJLHpL2OJN1SY=/fit-in/200x150/filters:strip_icc()/pic4844915.jpg,,1,5,20,40,40,,2,2539,,,,No necessary in-game text,1,0,0,0,3,0,0,0,0,1,2023-12-04 14:56:14,0,0,7.57,5.70175,260,1.30764,0,,KS,2023-04-04,2023-12-04,5.5,USD,,,,,,,,,,,,,,"Stored in Project L Master Box 
Backed the Phoenix Expansion with Addons"
287508,102318933,Project L: Finesse,Project L: Finesse,2021,https://cf.geekdo-images.com/xNM5wHPwG0Lm6QyOxfoSVg__original/img/qgc1ojtdmfij1T1V0tuXvWx2pNE=/0x0/filters:format(jpeg)/pic8091220.jpg,https://cf.geekdo-images.com/xNM5wHPwG0Lm6QyOxfoSVg__small/img/NU4Ap_DAzMctVMJuzPneNRrU4QM=/fit-in/200x150/filters:strip_icc()/pic8091220.jpg,,1,4,20,40,40,,2,5370,"1,2,3,4","2,3",10+,No necessary in-game text,1,0,0,0,3,0,0,0,0,,2023-02-06 12:57:14,0,0,7.66791,5.97289,697,1.25631,0,,Gamefound,2023-01-14,,40,USD,,,,,,,,,,,,,,
322011,102318967,Project L: Finesse Ambassador Pack,Project L: Finesse Ambassador Pack,2020,https://cf.geekdo-images.com/2KkqNGPz4GO5fdL6vZneTw__original/img/N45JjF7FexZUY2I3aU81XqX_e2I=/0x0/filters:format(jpeg)/pic6545893.jpg,https://cf.geekdo-images.com/2KkqNGPz4GO5fdL6vZneTw__small/img/U2a0oCe_98dsJ_8wC1Ft5TkCH_s=/fit-in/200x150/filters:strip_icc()/pic6545893.jpg,,1,5,0,0,0,,2,2035,,,,No necessary in-game text,1,0,0,0,3,0,0,0,0,1,2023-12-04 14:56:42,0,0,7.57811,5.64954,185,1.27424,0,,KS,2023-04-04,2023-12-04,5.5,USD,,,,,,,,,,,,,,"Stored in Project L Master Box 
Backed the Phoenix Expansion with Addons"
284988,102318938,Project L: Ghost Piece,Project L: Ghost Piece,2021,https://cf.geekdo-images.com/HPq-bMoeWXR6_IkihWnDRg__original/img/lGqqh3kPXgXuid9lBzDqv7sM-Ac=/0x0/filters:format(jpeg)/pic8091232.jpg,https://cf.geekdo-images.com/HPq-bMoeWXR6_IkihWnDRg__small/img/ixNhUKPxcspDizzVdtfIN-WYTnU=/fit-in/200x150/filters:strip_icc()/pic8091232.jpg,,1,6,20,40,40,,1.5,5609,"1,2,3,4,5,6","3,4",6+,No necessary in-game text,1,0,0,0,3,0,0,0,0,1,2023-12-04 14:56:01,0,0,7.83157,6.09945,826,1.05694,0,,KS,2023-04-04,2023-12-04,16,USD,,,,,,,,,,,,,,"Stored in Project L Master Box

Backed the Phoenix Expansion with Addons"
382907,105237813,Project L: Phoenix,Project L: Phoenix,2023,https://cf.geekdo-images.com/QVOUHWRgNtJ2vhLXuDvc4w__original/img/dOhGmn1lGu31jM7Yst1HM5aLJ1o=/0x0/filters:format(jpeg)/pic7442290.jpg,https://cf.geekdo-images.com/QVOUHWRgNtJ2vhLXuDvc4w__small/img/dvb5VLdBdm97PH8q7sVa_joU10A=/fit-in/200x150/filters:strip_icc()/pic7442290.jpg,,1,4,20,40,40,,1,1479,,,,,1,0,0,0,1,0,0,0,0,1,2023-12-04 14:56:57,0,0,7.7619,5.62235,143,1.30904,0,,KS,2023-04-04,2023-12-04,8,USD,,,,,,,,,,,,,,"Stored in Project L Master Box 
Backed the Phoenix Expansion with Addons"
256999,55710991,Project: ELITE,Project: ELITE,2020,https://cf.geekdo-images.com/5vp2W-DZ7waaaeZBFGF7LA__original/img/4KJD90WghLzp4Z4UNjDMsUDf6jA=/0x0/filters:format(jpeg)/pic5740623.jpg,https://cf.geekdo-images.com/5vp2W-DZ7waaaeZBFGF7LA__small/img/dd42jLxcgnHlvZdd0EOt8JZcUDI=/fit-in/200x150/filters:strip_icc()/pic5740623.jpg,,1,6,60,60,60,,2.4638,5518,"2,3,4,5,6",4,10+,Some necessary text - easily memorized or small crib sheet,0,0,0,0,3,0,0,0,0,,2023-01-23 19:47:33,0,0,7.93031,6.85077,3137,1.38123,689,Thematic Rank: 87,,,,,,,,,,,,,,,,,,,
151016,54683784,Provincia Romana,Provincia Romana,2014,https://cf.geekdo-images.com/UCl6eXfXIIQDK2yJ1tzOCA__original/img/NdC7zF6yWsAff82jkMR4h9u73Q4=/0x0/filters:format(jpeg)/pic1840268.jpg,https://cf.geekdo-images.com/UCl6eXfXIIQDK2yJ1tzOCA__small/img/CI_pgrko_-L9Vs3LxjKStDAz-RI=/fit-in/200x150/filters:strip_icc()/pic1840268.jpg,,2,6,90,90,90,,2.4706,750,"3,4,5,6","3,4",10+,No necessary in-game text,0,0,0,0,3,0,0,0,1,,2024-07-14 16:43:46,0,0,6.0087,5.5365,212,1.552,15331,Strategy Game Rank: 2957,Miniature Market,2018-10-02,,12,USD,5,USD,Sold at MayCon 2024,Never played,,,,,,,,Listed $10 OctoCon,,Sold for $5 to bryanspellman at MayCon 2024
228341,56009110,Pulsar 2849,Pulsar 2849,2017,https://cf.geekdo-images.com/6TOzhqw0BXNxbUZCl0k1sg__original/img/tj-4BHcZxjUmiJpMnPCxXF1g0YY=/0x0/filters:format(jpeg)/pic6285702.jpg,https://cf.geekdo-images.com/6TOzhqw0BXNxbUZCl0k1sg__small/img/mwWM79qLTJj9ZoGThWiu6ljbtiw=/fit-in/200x150/filters:strip_icc()/pic6285702.jpg,,2,4,60,90,90,,3.3416,13069,"2,3,4",4,14+,No necessary in-game text,0,0,0,0,4,0,0,0,0,,2025-11-07 12:07:04,0,0,7.63486,7.19218,9787,1.2092,308,Strategy Game Rank: 200,,,,,,,,,,,,,,,,,,,
383086,145164035,Punch Bowl,Punch Bowl,2025,https://cf.geekdo-images.com/8IL2dm9bm1sQ8Vd2XWIpDw__original/img/chaYpYfE_s2Y8hofgEVcmOtlHmg=/0x0/filters:format(png)/pic7557620.png,https://cf.geekdo-images.com/8IL2dm9bm1sQ8Vd2XWIpDw__small/img/sq95vYiHOgwjW2-Z4emXe8hnAyY=/fit-in/200x150/filters:strip_icc()/pic7557620.png,,1,6,30,45,45,,2,28,,,,,0,0,1,0,3,0,0,0,0,,2026-05-03 21:26:48,0,0,7.71053,0,19,1.66477,0,,,,,,,,,,,,,,,,,,"2026 Gen Con
Cool Components",,
19764,53158406,PÜNCT,PÜNCT,2005,https://cf.geekdo-images.com/3uL7y0YONvan51ViW80ULw__original/img/6mIXkapL2ocWIPDuP93j2l9Nhz8=/0x0/filters:format(jpeg)/pic3324185.jpg,https://cf.geekdo-images.com/3uL7y0YONvan51ViW80ULw__small/img/kvGAP8iDTW-LvN5Yq-GWgGkZMxY=/fit-in/200x150/filters:strip_icc()/pic3324185.jpg,,2,2,30,30,30,,2.731,3942,2,2,10+,No necessary in-game text,1,0,0,0,2,0,0,0,0,1,2026-05-31 16:38:51,1,6,6.7889,6.06814,1941,1.4368,2825,Abstract Game Rank: 103,BGG Trade at IndyCon,2020-02-23,,10,USD,,,,,,,,,,,,"David Schuth
(mrteacherusa)",,[1-Permanent]
266830,119572488,QE,QE,2019,https://cf.geekdo-images.com/47o_swlkRbfpMH3hnFZgtA__original/img/V6-uacjfLFXQyOVHcLmEOVoZgf8=/0x0/filters:format(png)/pic4383594.png,https://cf.geekdo-images.com/47o_swlkRbfpMH3hnFZgtA__small/img/gT07BJ5Ynlopp-UIQRIySERKUmI=/fit-in/200x150/filters:strip_icc()/pic4383594.png,,3,5,45,45,45,,1.5517,12441,"3,4,5",5,10+,No necessary in-game text,1,0,0,0,3,0,0,0,0,1,2026-05-31 21:11:35,2,8,7.32648,6.90437,7908,1.2599,618,Strategy Game Rank: 392; Family Game Rank: 132,Boardlandia,2024-05-27,2024-06-06,32,USD,,,,,,,,,,,,,,[2-Resident]
360699,119657816,QE: Commodities,QE: Commodities,2022,https://cf.geekdo-images.com/mniDPY_pO1LgFtNKwlYNDQ__original/img/umTo3a2M305zFdg9ugcfHVMev3g=/0x0/filters:format(jpeg)/pic9349895.jpg,https://cf.geekdo-images.com/mniDPY_pO1LgFtNKwlYNDQ__small/img/W-2XUFw0OJCPciuQT-dCXOUt7qc=/fit-in/200x150/filters:strip_icc()/pic9349895.jpg,,3,5,0,0,0,,2.3333,2911,"3,4,5","4,5",8–14,No necessary in-game text,1,0,0,0,3,0,0,0,0,1,2024-06-10 20:02:39,0,0,7.91122,5.93713,510,1.25561,0,,Boardlandia,2024-05-27,2024-06-06,16,USD,,,,,,,,,,,,,,
244521,59711119,Quacks,Quacks,2018,https://cf.geekdo-images.com/B1bLRWzTASZ-xx9NoAE79A__original/img/HulJk6gFzp_bxl0wzc2XEMq8NLM=/0x0/filters:format(png)/pic8780293.png,https://cf.geekdo-images.com/B1bLRWzTASZ-xx9NoAE79A__small/img/deG3pr-ORZ3JrGvQA-oQNrwh0l0=/fit-in/200x150/filters:strip_icc()/pic8780293.png,,2,4,45,45,45,,1.9409,94102,"2,3,4",4,8+,Moderate in-game text - needs crib sheet or paste ups,0,0,0,0,1,0,0,0,1,,2024-07-14 20:32:04,3,7,7.80383,7.66723,59182,1.25303,79,Family Game Rank: 11,Cardhaus ,2019-06-19,,40.98,USD,,,Traded,,,,,,,,,,,Traded to casinatorcxc with Stop Thief for Outlive
286295,63570441,Quantik,Quantik,2019,https://cf.geekdo-images.com/UzB4vBhMdXAzZ5PXo7k5_w__original/img/_vU-onyw89TPT-OjsPp6qjlAOmQ=/0x0/filters:format(png)/pic4921528.png,https://cf.geekdo-images.com/UzB4vBhMdXAzZ5PXo7k5_w__small/img/ZERXqyuwLLHw3Gsy4N5ww5Ewiaw=/fit-in/200x150/filters:strip_icc()/pic4921528.png,,2,2,20,20,20,,1.5,624,2,2,8+,No necessary in-game text,0,0,0,0,3,0,0,0,0,,2024-01-08 21:32:42,0,0,6.05076,5.56202,448,1.68407,12046,Abstract Game Rank: 642,,,,,,,,,,,,,,,,,New abstract from Gigamic to keep an eye on,,
143519,110801979,Quantum,Quantum,2013,https://cf.geekdo-images.com/Bgle3gjd2wTrD31ps_z92w__original/img/VWKSSnMFxzSIdQ7W6hrdw_VCKmI=/0x0/filters:format(jpeg)/pic1727619.jpg,https://cf.geekdo-images.com/Bgle3gjd2wTrD31ps_z92w__small/img/bjSkZpezCxJBqtucXslJAX2laKA=/fit-in/200x150/filters:strip_icc()/pic1727619.jpg,,2,4,60,60,60,,2.4781,8728,"2,3,4",4,10+,Moderate in-game text - needs crib sheet or paste ups,0,0,1,0,2,0,0,0,0,,2025-05-27 20:20:29,0,0,7.22452,6.78612,7973,1.4179,776,Strategy Game Rank: 513,,,,,,,,,,,,,,,,,Bruce Schwering Grail Game with Mike Delisio,,
681,53349625,Quarto,Quarto,1991,https://cf.geekdo-images.com/e7eP58UJVDA1wC5pWjCPqg__original/img/dzB-D9RT7RUE_nTCZ8qVyAFB5Sw=/0x0/filters:format(jpeg)/pic3488229.jpg,https://cf.geekdo-images.com/e7eP58UJVDA1wC5pWjCPqg__small/img/cC_DGL1tsiIpjuR_IXnQzqSBeAI=/fit-in/200x150/filters:strip_icc()/pic3488229.jpg,,2,2,20,20,20,,1.8704,15294,2,2,8+,No necessary in-game text,1,0,0,0,3,0,0,0,0,,2026-05-31 21:12:19,10,9,6.90154,6.56643,8896,1.37697,1169,Abstract Game Rank: 77,Gen Con,2018-08-03,,30,USD,,,,,,,,,,,,,,"[2-Resident]
PP Estimate
"
624,99272217,Quoridor,Quoridor,1997,https://cf.geekdo-images.com/I1YNAhee09mryaqfEo8MwA__original/img/LUcYakoNVnYxjmpYRFA6HUpHWo4=/0x0/filters:format(jpeg)/pic3488232.jpg,https://cf.geekdo-images.com/I1YNAhee09mryaqfEo8MwA__small/img/9TJaxgoMUkiMhAGSYM8-0o1ICpg=/fit-in/200x150/filters:strip_icc()/pic3488232.jpg,,2,4,15,15,15,,1.8224,16026,"2,4",2,8+,No necessary in-game text,1,0,0,0,3,0,0,0,0,,2026-05-31 21:12:23,1,6,6.64574,6.35955,9726,1.41081,1687,Abstract Game Rank: 119,Gamer’s Cave,2022-10-29,,25,USD,,,Lakehouse,,,,,,,,,,,[2-Resident]
387144,137027391,R-ECO+,R-ECO+,2023,https://cf.geekdo-images.com/qFXuBjYxFIkPU27kbir-eA__original/img/Pk9VL0u_ABle0ozZDlhQ7mzv2cI=/0x0/filters:format(jpeg)/pic7566733.jpg,https://cf.geekdo-images.com/qFXuBjYxFIkPU27kbir-eA__small/img/mBdmpUJ05d7jq80FXg2I7NbdYGI=/fit-in/200x150/filters:strip_icc()/pic7566733.jpg,,2,4,30,30,30,,1.6667,659,"2,3,4","3,4",10+,,1,0,0,0,2,0,0,0,0,,2026-05-31 21:12:28,1,9,7.25566,5.66842,261,1.18304,0,,BGG Auction - Bailey K @zolmikthiat,2025-11-17,2025-11-26,20,USD,,,,,,,,,,,,,,[2-Resident]
28143,85702888,Race for the Galaxy,Race for the Galaxy,2007,https://cf.geekdo-images.com/-DOqixs8uwKUvvWPKI4f9w__original/img/Vh-DCkTPa8OU45LaJdUywwhiYqE=/0x0/filters:format(jpeg)/pic5261714.jpg,https://cf.geekdo-images.com/-DOqixs8uwKUvvWPKI4f9w__small/img/xLs-ldTPwaADbvzkOpF0sgWzwck=/fit-in/200x150/filters:strip_icc()/pic5261714.jpg,,2,4,30,60,60,,2.9933,73878,"2,3,4",2,12+,Some necessary text - easily memorized or small crib sheet,1,0,0,0,3,0,0,0,0,1,2026-05-31 21:12:37,3,8,7.73617,7.61618,58990,1.46517,93,Strategy Game Rank: 81,GenCon 2021,2021-09-17,,90,USD,,,,,,,,,,,,,,"[2-Resident]
Price included 4 expansions."
92932,85702926,Race for the Galaxy: Alien Artifacts,Race for the Galaxy: Alien Artifacts,2013,https://cf.geekdo-images.com/XMLKG9ZCbjHArCpE3MjHEg__original/img/7arBQ4SVSm7nCFe8FmmfcXyXKoY=/0x0/filters:format(jpeg)/pic1839311.jpg,https://cf.geekdo-images.com/XMLKG9ZCbjHArCpE3MjHEg__small/img/MtxgQhx5THTatg1KeA6CbORmxd8=/fit-in/200x150/filters:strip_icc()/pic1839311.jpg,,2,5,45,45,45,,2.939,5991,"2,3,4,5","2,3",12+,Some necessary text - easily memorized or small crib sheet,1,0,0,0,3,0,0,0,0,1,2023-01-08 13:10:26,0,0,7.54007,6.36827,1807,1.5842,0,,GenCon 2021,2021-09-17,,0.0001,USD,,,,,,,,,,,,,,Price included with Base Game
40210,85702912,Race for the Galaxy: Rebel vs Imperium,Race for the Galaxy: Rebel vs Imperium,2009,https://cf.geekdo-images.com/1rj-tMJ4RAunWnLt2mZBzw__original/img/LMlW4Zl62ghASEq75yj7w6xaRUw=/0x0/filters:format(jpeg)/pic445501.jpg,https://cf.geekdo-images.com/1rj-tMJ4RAunWnLt2mZBzw__small/img/q8sfU0gnsH0-37nfhbn3TYI8dBA=/fit-in/200x150/filters:strip_icc()/pic445501.jpg,,1,6,60,60,60,,3.0801,15098,"1,2,3,4,5,6","2,4",12+,Some necessary text - easily memorized or small crib sheet,1,0,0,0,3,0,0,0,0,,2023-01-08 13:10:40,0,0,7.92548,7.22369,6092,1.307,0,,GenCon 2021,2021-09-17,,0.0001,USD,,,,,,,,,,,,,,Price included with Base Game
66121,85702936,Race for the Galaxy: The Brink of War,Race for the Galaxy: The Brink of War,2010,https://cf.geekdo-images.com/XXuitXbTocAt-vVC2aGIYw__original/img/aTb12RxoK2-S9QmVttVhgQaK9Uw=/0x0/filters:format(jpeg)/pic977175.jpg,https://cf.geekdo-images.com/XXuitXbTocAt-vVC2aGIYw__small/img/Bl1q6DJ3lYDL_LApCURhTtRpXbc=/fit-in/200x150/filters:strip_icc()/pic977175.jpg,,1,6,30,60,60,,3.3814,10196,"1,2,3,4,5,6","2,4",12+,Some necessary text - easily memorized or small crib sheet,1,0,0,0,3,0,0,0,0,1,2023-01-08 13:11:01,0,0,7.75855,6.85913,3712,1.50161,0,,GenCon 2021,2021-09-17,,0.0001,USD,,,,,,,,,,,,,,Price included with Base Game
34499,85727449,Race for the Galaxy: The Gathering Storm,Race for the Galaxy: The Gathering Storm,2008,https://cf.geekdo-images.com/UHK2ry5-IhSr2cv4DP3JkQ__original/img/93zCo6TI4WrXkj3qB2kQLFOlfDA=/0x0/filters:format(jpeg)/pic376993.jpg,https://cf.geekdo-images.com/UHK2ry5-IhSr2cv4DP3JkQ__small/img/x5hUrvtJ0ttO3JtHHZoXs8ucMj0=/fit-in/200x150/filters:strip_icc()/pic376993.jpg,,1,5,60,60,60,,2.9953,23178,"1,2,3,4,5",2,12+,Some necessary text - easily memorized or small crib sheet,1,0,0,0,2,0,0,0,0,1,2021-12-21 21:57:06,0,0,8.09028,7.57868,10188,1.23511,0,,GeekMarket,2021-09-26,,20,USD,,,,,,,,,,,,,,
394555,113568116,Race for the Galaxy: Xeno Counterstrike,Race for the Galaxy: Xeno Counterstrike,2026,https://cf.geekdo-images.com/Aa6ckg_1IrnBQjCbWOIQUA__original/img/O73HRkFyaMY5flxV4GDm_zOpwU0=/0x0/filters:format(jpeg)/pic9325017.jpg,https://cf.geekdo-images.com/Aa6ckg_1IrnBQjCbWOIQUA__small/img/BM3q4jEAyBxQ0e_5yMCTmcRuxvs=/fit-in/200x150/filters:strip_icc()/pic9325017.jpg,,2,5,30,60,60,,0,61,,,,,0,0,1,1,2,0,0,0,0,,2024-01-08 21:33:33,0,0,7.88889,0,9,2.76664,0,,,,,,,,,,,,,,,,,,,,
161599,85702947,Race for the Galaxy: Xeno Invasion,Race for the Galaxy: Xeno Invasion,2015,https://cf.geekdo-images.com/9np2dCC8v61xkfAal5KRhg__original/img/Ix3F_OWZQq0M78rhGgle_3b73zs=/0x0/filters:format(jpeg)/pic2682884.jpg,https://cf.geekdo-images.com/9np2dCC8v61xkfAal5KRhg__small/img/_6GbYlCUmXnbzPBVbe596BUsbYU=/fit-in/200x150/filters:strip_icc()/pic2682884.jpg,,2,5,30,60,60,,3.2857,3785,"2,3,4,5","2,4",12+,Some necessary text - easily memorized or small crib sheet,1,0,0,0,3,0,0,0,0,1,2023-01-08 13:11:43,0,0,7.89891,6.17679,933,1.48139,0,,GenCon 2021,2021-09-17,,0.0001,USD,,,,,,,,,,,,,,Price included with Base Game
329082,116909240,Radlands,Radlands,2022,https://cf.geekdo-images.com/3vaKkZM3DmB20DdnW_ytJA__original/img/_49dV5cR-z5P27koEtwlNWaPzmo=/0x0/filters:format(jpeg)/pic6886790.jpg,https://cf.geekdo-images.com/3vaKkZM3DmB20DdnW_ytJA__small/img/BzmaujqmODIJ3I3q88Oz3AM15DA=/fit-in/200x150/filters:strip_icc()/pic6886790.jpg,,2,2,20,40,40,,2.2654,28240,2,2,12+,Moderate in-game text - needs crib sheet or paste ups,0,0,0,0,3,0,0,0,0,,2024-03-02 19:50:09,1,8,7.74004,7.35594,14264,1.3302,209,Strategy Game Rank: 156,,,,,,,,,,,,,Roxley,English,2022,English retail edition,,,
451901,139123879,Rafflesian,Rafflesian,2023,https://cf.geekdo-images.com/iTTSSqrxjDHJggzCZ2CESA__original/img/CKRRPqIzRKu5hM_2TTaGFuhWiPE=/0x0/filters:format(jpeg)/pic9047406.jpg,https://cf.geekdo-images.com/iTTSSqrxjDHJggzCZ2CESA__small/img/KUj6vE7vWrQ1rr9sk0h70oTGJ4Y=/fit-in/200x150/filters:strip_icc()/pic9047406.jpg,,2,5,20,30,30,,1,22,4,4,,,0,0,1,0,3,0,0,0,0,,2025-11-27 20:36:44,0,0,5.3125,0,8,2.48668,0,,,,,,,,,,,,,,,,,,From the Planepita company.  Looks like silly fun,,
405538,134882413,Rafter Five,Rafter Five,2023,https://cf.geekdo-images.com/M5AoYZd5BOV0B5R0APkQ3A__original/img/WygeTuhltBna6veys-dGPd6QUUc=/0x0/filters:format(png)/pic8933840.png,https://cf.geekdo-images.com/M5AoYZd5BOV0B5R0APkQ3A__small/img/a7dze0ZiWCiphFzQ0XaGCKNrSMU=/fit-in/200x150/filters:strip_icc()/pic8933840.png,,1,6,20,20,20,,1.0625,2312,"2,3,4,6",4,6+,No necessary in-game text,1,0,0,0,3,0,0,0,0,,2026-05-31 21:12:49,2,6,6.69856,5.84339,967,1.16768,4365,,GenCon,2025-08-01,2025-08-01,20,USD,,,,,,,,,,,,,,[3-Transient]
253635,56182148,Ragusa,Ragusa,2019,https://cf.geekdo-images.com/oFFRH_pm2QpxVdb2h4Tgsw__original/img/t-gJfy6fychH-cqQ0vmAqVxOMCI=/0x0/filters:format(png)/pic4329951.png,https://cf.geekdo-images.com/oFFRH_pm2QpxVdb2h4Tgsw__small/img/HYWeULaKAQU_8m83O1jxd6bWeoM=/fit-in/200x150/filters:strip_icc()/pic4329951.png,,1,5,40,80,80,,2.8052,3541,"1,2,3,4",4,12+,No necessary in-game text,0,0,0,0,2,0,0,0,1,1,2024-07-14 16:49:58,2,7,6.90862,6.13381,1985,1.26676,2504,Strategy Game Rank: 1221,BGG Auction,2020-02-16,2024-01-14,25,USD,,,Sold,Very Good.  Played twice,,,,,,,,"Passed on Kickstarter
Gen Con2019  FOR SALE
Watched a demo at GenCon. Looks amazing.",,Traded to jiggity with Venice for The Colonists and Kinghill
301880,69793753,Raiders of Scythia,Raiders of Scythia,2020,https://cf.geekdo-images.com/07MRsX6Tv5elGdefTOQxsQ__original/img/rkl_5cLb9YtPkJDkzbVnflUNX3c=/0x0/filters:format(png)/pic5235769.png,https://cf.geekdo-images.com/07MRsX6Tv5elGdefTOQxsQ__small/img/3iAtZSZA55jzXOgLP-nnRF3wAnc=/fit-in/200x150/filters:strip_icc()/pic5235769.png,,1,4,60,80,80,,2.7739,13387,"1,2,3,4",3,12+,Moderate in-game text - needs crib sheet or paste ups,0,0,0,0,3,0,0,0,0,,2023-07-15 13:22:15,1,7,7.68816,7.09068,6982,1.18071,397,Strategy Game Rank: 251,,,,,,,,,,,,,,,,,Reimplements Raiders of the North Sea which I didn't like because of the artwork.  This has better artwork and adds some new things.  Worht checking out.,,
366683,112458850,Raising Robots,Raising Robots,2023,https://cf.geekdo-images.com/kGmrDjZ1ZZ3HddqqN8aqnQ__original/img/AVOzSY2_SWGZjskLpwTHG5lDqyA=/0x0/filters:format(png)/pic7366753.png,https://cf.geekdo-images.com/kGmrDjZ1ZZ3HddqqN8aqnQ__small/img/JfazUjPd-mKowbCESp0nYgYYJ1U=/fit-in/200x150/filters:strip_icc()/pic7366753.png,,1,6,60,90,90,,3.1961,3716,"1,2,3,4,5,6","3,4",12+,No necessary in-game text,1,0,0,0,3,0,0,0,0,1,2026-05-31 21:12:56,4,8,7.66397,6.44668,1985,1.26613,1455,Strategy Game Rank: 751,BGG Marketplace coldkorn,2023-12-03,2023-12-13,68,USD,,,,,,,,,,,,Robot wingspan. Looks really cool,,[2-Resident]
423694,124648700,Raising Robots: Friends,Raising Robots: Friends,2025,https://cf.geekdo-images.com/ARg17SOtMAbwiFKyBHjSJQ__original/img/glIVudgo91jSfnaM0pB-6m51wgw=/0x0/filters:format(png)/pic8491687.png,https://cf.geekdo-images.com/ARg17SOtMAbwiFKyBHjSJQ__small/img/eYkR6xZWnHLAOQomtWGHJvm6muI=/fit-in/200x150/filters:strip_icc()/pic8491687.png,,1,6,75,75,75,,3,886,"1,2,3,4,5,6","3,4,5,6",14+,No necessary in-game text,1,0,0,0,3,0,0,0,0,,2025-08-14 20:14:39,0,0,8.08793,5.56127,58,1.25932,0,,KS,2024-10-22,2025-08-13,25,USD,,,,,,,,,,,,,,In Base Game box
387358,124649026,Raising Robots: Pets,Raising Robots: Pets,2023,https://cf.geekdo-images.com/OTYp4ggfg6NjAF5iVogEmg__original/img/DmaLrOYNUwB30tqG_s3MFFRORAc=/0x0/filters:format(png)/pic7493944.png,https://cf.geekdo-images.com/OTYp4ggfg6NjAF5iVogEmg__small/img/wgJBdQErqNSlJAer-7Ny4ZGYWnE=/fit-in/200x150/filters:strip_icc()/pic7493944.png,,1,6,75,75,75,,3.2,1191,"1,2,3,4,5,6","3,4",12+,No necessary in-game text,1,0,0,0,3,0,0,0,0,,2024-10-22 21:14:15,0,0,7.97481,5.62434,131,1.30573,0,,BGG Marketplace coldkorn,2023-12-03,2023-12-13,,,,,,,,,,,,,,,,In Base game box
410625,126653854,Rajas of the Ganges: Cards & Karma,Rajas of the Ganges: Cards & Karma,2024,https://cf.geekdo-images.com/NRva8-7Rue2klhvM_dMsbQ__original/img/iu-zhdiQlZW-3jOissXtWReTpJQ=/0x0/filters:format(jpeg)/pic8307049.jpg,https://cf.geekdo-images.com/NRva8-7Rue2klhvM_dMsbQ__small/img/0V24pRqV16-PhF9sQ6RHRE25O8M=/fit-in/200x150/filters:strip_icc()/pic8307049.jpg,,2,4,30,45,45,,2.3077,1204,"2,3,4",3,10+,No necessary in-game text,1,0,0,0,3,0,0,1,0,,2026-05-31 21:13:24,3,7,6.97798,5.77867,550,1.11598,5057,,Indy Spiel Raffle,2025-10-04,2025-10-04,,,,,,,,,,,,,,,,[5-Exiting]
226506,74039065,Rambo: The Board Game,Rambo: The Board Game,2020,https://cf.geekdo-images.com/QG_CZRJsgzxNFJjaSdcfbA__original/img/AiB4WLpl0uUrfl0maRZZcV81WGk=/0x0/filters:format(png)/pic5225106.png,https://cf.geekdo-images.com/QG_CZRJsgzxNFJjaSdcfbA__small/img/O6YyAOWMYV-3GytTFKToCizUWpM=/fit-in/200x150/filters:strip_icc()/pic5225106.png,,1,4,60,0,60,,1.8333,444,"2,4",4,12+,Extensive use of text - massive conversion needed to be playable,0,0,0,0,3,0,0,0,0,,2023-02-25 22:38:35,0,0,6.86955,5.55857,150,2.19365,12345,War Game Rank: 2479,,,,,,,,,,,,,,,,,Tabletopia version looks pretty cool.  Tactical wargame.  BUT...  the price is ridiculous!  $100 or $150 depending on version,,
387780,110582038,Rats of Wistar,Rats of Wistar,2023,https://cf.geekdo-images.com/0dIADhzRp00oA4Jk-I-lHg__original/img/PvMIVFUzXKi3VNtl3LYjPz8UrcY=/0x0/filters:format(png)/pic7812438.png,https://cf.geekdo-images.com/0dIADhzRp00oA4Jk-I-lHg__small/img/yfbVmdqkm99nr5hdP6MSv9jSQMg=/fit-in/200x150/filters:strip_icc()/pic7812438.png,,1,4,90,90,90,,3.4127,6464,"1,2,3,4",3,12+,No necessary in-game text,0,0,0,0,2,0,0,0,1,,2026-01-01 14:22:02,2,7,7.46354,6.69559,3880,1.30028,928,Strategy Game Rank: 523,BGG Marketplace trylor,2025-08-25,2026-01-01,35,USD,,,Sold - Geekmarket,,,,,,,,,"Luciani
Essen 23",,"For sale Geekmarket 2025-12-28 for $45

Sold to 	Ailunex $45 2026-1-1"
371922,106355428,Rauha,Rauha,2023,https://cf.geekdo-images.com/K0Prn4NsF1hUfEukplVF4g__original/img/yKvSahdQN7HX14zaqoEnZNTR_lQ=/0x0/filters:format(jpeg)/pic7109992.jpg,https://cf.geekdo-images.com/K0Prn4NsF1hUfEukplVF4g__small/img/cFPWdc7i-SQJsuMtk7KCmgZ6JAw=/fit-in/200x150/filters:strip_icc()/pic7109992.jpg,,2,5,45,45,45,,2.3333,1530,"2,3,4,5",3,10+,No necessary in-game text,1,0,0,0,3,0,0,0,0,,2026-05-31 21:13:30,1,7,7.01933,6.00502,1202,1.28622,3149,Family Game Rank: 956,Indy Spiel,2026-05-12,2026-05-16,10,USD,,,,,,,,,,,,"From the publisher of Nidavellir

Art looks cool
Mushrooms…. Angie wont like it",,[2-Resident]
351040,98630439,Ready Set Bet,Ready Set Bet,2022,https://cf.geekdo-images.com/4ZCV2o_OiGha0bknXDTfdA__original/img/3ITIxi3iZsBvjnYWAn2KWRBAO-M=/0x0/filters:format(jpeg)/pic6678381.jpg,https://cf.geekdo-images.com/4ZCV2o_OiGha0bknXDTfdA__small/img/S3t6BJifjuZMOwfnUQ6lcdUx9RA=/fit-in/200x150/filters:strip_icc()/pic6678381.jpg,,2,9,45,60,60,,1.3333,16539,"4,5,6,7,8,9","6,7,8",10+,Some necessary text - easily memorized or small crib sheet,1,0,0,0,3,0,0,0,0,,2026-05-31 21:13:52,3,6,7.49272,7.057,8939,1.31893,441,Party Game Rank: 17,Cardhaus,2022-10-24,,32,USD,,,,,,,,,,,,,"I feel like this game really appeals to those who have never actually wagered on horse racing.  It captures some of that thrill of watching the horses come down the home stretch and hoping that your horse makes it to the line first.

For those of us that actually wager on horses, I wonder if this game is sill as fun?",[3-Transient]
242684,55770028,Reavers of Midgard,Reavers of Midgard,2019,https://cf.geekdo-images.com/RCV5d4ZMgzm20MosK3zADQ__original/img/TQBvSyATFkPKRmILIC14phaxpfQ=/0x0/filters:format(png)/pic3916976.png,https://cf.geekdo-images.com/RCV5d4ZMgzm20MosK3zADQ__small/img/MYsrcgv_ztbdhHkSboUN4jfOJjo=/fit-in/200x150/filters:strip_icc()/pic3916976.png,,2,4,60,120,120,,2.934,7154,"2,3,4",4,12+,No necessary in-game text,1,0,0,0,3,1,0,1,0,,2026-05-31 20:13:29,1,8,7.32378,6.53424,3309,1.31461,1239,Strategy Game Rank: 690,KS,2018-11-20,,78,USD,,,,,,,,,,,,Kickstarter,,[3-Transient]
417197,119651264,Rebirth,Rebirth,2024,https://cf.geekdo-images.com/tyv6lPMlyU7YIUztlILQYQ__original/img/KUY_vKJZenJVl0cv05Qkt-Gx-ao=/0x0/filters:format(png)/pic8587890.png,https://cf.geekdo-images.com/tyv6lPMlyU7YIUztlILQYQ__small/img/_CXQQbXsewUlde4R22XCRApxZ5k=/fit-in/200x150/filters:strip_icc()/pic8587890.png,,2,4,45,60,60,,1.9741,10212,"2,3,4",3,8+,Some necessary text - easily memorized or small crib sheet,0,0,0,0,3,0,0,0,1,1,2025-05-14 20:26:35,1,6,7.75665,7.06711,5842,1.12105,427,Strategy Game Rank: 261; Family Game Rank: 72,Kickstarter,2024-05-27,2025-05-14,49,USD,35,USD,Indy Spiel,,,,,,,,,,,"Sold for $35 at Indy Spiel 2025
Listed $40 Indy Spiel 2025
KS Numbered Limited Edition"
423991,132113855,"Red Letter, Yellow Letter.","Red Letter, Yellow Letter.",2025,https://cf.geekdo-images.com/UCBZtbLMJd8kKEeByHGQAg__original/img/J1GabgW8GzwfPHOKnGlyW1DMpsc=/0x0/filters:format(png)/pic8284499.png,https://cf.geekdo-images.com/UCBZtbLMJd8kKEeByHGQAg__small/img/usJr9XmGNHpb04euMjHRPYCTU5A=/fit-in/200x150/filters:strip_icc()/pic8284499.png,,2,12,20,20,20,,1,121,,,,,0,0,0,0,3,0,0,0,0,,2025-08-12 18:58:10,0,0,6.05952,5.5083,42,1.52441,23290,,,,,,,,,,,,,,,,,,Simple Party word game,,
329465,79158003,Red Rising,Red Rising,2021,https://cf.geekdo-images.com/V6QEXXgRgz3urOrRVZ_1zA__original/img/Gp9hIVv-zRxlkrO5Pmg3aXb4P1M=/0x0/filters:format(jpeg)/pic5960554.jpg,https://cf.geekdo-images.com/V6QEXXgRgz3urOrRVZ_1zA__small/img/8zjF-E9xPNYLSsI6xQjRsZiI-XE=/fit-in/200x150/filters:strip_icc()/pic5960554.jpg,,1,6,45,60,60,,2.3097,19694,"1,2,3,4",3,12+,Extensive use of text - massive conversion needed to be playable,0,0,0,0,3,0,0,0,1,1,2024-07-14 20:20:35,2,8,6.96194,6.61758,9675,1.47133,1070,Strategy Game Rank: 715,Stonemaier,2021-03-03,,37.5,USD,,,Sold,"Collector’s Edition, First Printing (08997/15000).  Very Good condition.  Only played a couple times.",,,,Stonemaier Games,English,2021,English collector's edition,Will likely preorder,,Sold for $20 on 2023-07-18 via Geekmarket
244228,77422881,Reef,Reef,2018,https://cf.geekdo-images.com/I3BgmkjP3g6cRQ4cejoHrg__original/img/m0FXYQ2cNByp2YXLSK632rcH1_Q=/0x0/filters:format(png)/pic5376430.png,https://cf.geekdo-images.com/I3BgmkjP3g6cRQ4cejoHrg__small/img/JDWcuLadW0pHSAh7fybzRRXNZZ8=/fit-in/200x150/filters:strip_icc()/pic5376430.png,,2,4,30,45,45,,1.8209,15435,"2,3,4",2,8+,No necessary in-game text,0,0,0,0,3,0,0,0,0,,2020-12-22 00:57:59,1,5,6.99613,6.69859,10496,1.1796,921,Family Game Rank: 254,,,,,,,,,,,,,,,,,,,
366166,134842501,Reign of Dragoness,Reign of Dragoness,2022,https://cf.geekdo-images.com/4E3UpxBegMScOWhy2YBoFQ__original/img/o1Dyc8JS2A6XdVHpd2IxVUWOLXc=/0x0/filters:format(jpeg)/pic6969894.jpg,https://cf.geekdo-images.com/4E3UpxBegMScOWhy2YBoFQ__small/img/8APC-cn_1z7WdzzNMOVwy1jdJBc=/fit-in/200x150/filters:strip_icc()/pic6969894.jpg,,2,8,10,40,40,,1.1667,1096,"3,4,5",4,,,1,0,0,0,3,1,0,0,0,,2026-05-31 20:01:50,0,0,6.71317,5.61354,272,1.38044,8766,,GenCon,2025-07-31,2025-07-31,10,USD,,,,,,,,,,,,,,[4-Evaluate]
308493,73169844,Relics of Rajavihara,Relics of Rajavihara,2021,https://cf.geekdo-images.com/zE-9tRCxmYUMUxjheMhI7w__original/img/p5ek0y2rO8tizPSdIXUsjudfggU=/0x0/filters:format(jpeg)/pic5484820.jpg,https://cf.geekdo-images.com/zE-9tRCxmYUMUxjheMhI7w__small/img/0d6wzlsbKLtxEqEnqGGswqxxLPI=/fit-in/200x150/filters:strip_icc()/pic5484820.jpg,,1,1,15,60,60,,1.6364,1095,1,1,8+,,0,0,1,0,3,0,0,0,0,,2025-11-17 20:27:18,0,0,7.16459,5.73254,422,1.36405,5717,,,,,,,,,,,,,,,,,,"KS July 2020

Solo, unique tactile gameplay",,
300001,135244629,Renature,Renature,2020,https://cf.geekdo-images.com/w1KgNmpX0_oo3Y9ENmtj0w__original/img/wL8X5HKPPoB4iYCcwBZ0r6WlGz4=/0x0/filters:format(jpeg)/pic5535714.jpg,https://cf.geekdo-images.com/w1KgNmpX0_oo3Y9ENmtj0w__small/img/JUJRim178mCB90Q1r93Ibv_ViDY=/fit-in/200x150/filters:strip_icc()/pic5535714.jpg,,2,4,45,60,60,,2.2179,5481,"2,3,4",3,10+,No necessary in-game text,0,0,0,0,3,0,0,0,0,,2025-08-10 21:01:21,1,6,7.08517,6.39119,3102,1.29831,1612,Strategy Game Rank: 866,,,,,,,,,,,,,,,,,,,
262712,61466235,Res Arcana,Res Arcana,2019,https://cf.geekdo-images.com/gcALy45JfcjyKUn6T3mBIQ__original/img/YLSAurBSWEGi3PHsuQWi8St_0Yg=/0x0/filters:format(jpeg)/pic4422847.jpg,https://cf.geekdo-images.com/gcALy45JfcjyKUn6T3mBIQ__small/img/5cPMxq_X6VIO8l2t1_6H7C_KqrU=/fit-in/200x150/filters:strip_icc()/pic4422847.jpg,,2,4,30,60,60,,2.6554,34903,"2,3,4",2,10+,Some necessary text - easily memorized or small crib sheet,1,0,0,0,3,0,0,0,0,,2026-05-31 16:15:39,10,10,7.61062,7.38844,25780,1.37361,184,Strategy Game Rank: 147,Cardhaus,2019-07-01,,31.99,USD,,,,,,,,,,,,"2019 Gen Con FOR SALE
Looks awesome. Cards / hand mgmt.  Collect resources. Might go fast!",,"[1-Permanent]
2019 GenCon pre-purchase"
427345,122466423,Res Arcana Duo,Res Arcana Duo,2024,https://cf.geekdo-images.com/V9wZrr2DgH26_1VRNjy6jQ__original/img/HGv3TK_wSlLTJWf2tO-RT7nI_ho=/0x0/filters:format(jpeg)/pic8380702.jpg,https://cf.geekdo-images.com/V9wZrr2DgH26_1VRNjy6jQ__small/img/ataWjYzshYJYwwlO5qyEbZD8I2Y=/fit-in/200x150/filters:strip_icc()/pic8380702.jpg,,2,2,20,60,60,,2.6429,3213,2,2,12+,Some necessary text - easily memorized or small crib sheet,0,0,0,0,1,0,0,0,0,,2026-01-01 15:14:48,0,0,7.89472,6.12307,862,1.40097,2558,,,,,,,,,,,,,,,,,,,,
288168,68828585,Res Arcana: Lux et Tenebrae,Res Arcana: Lux et Tenebrae,2019,https://cf.geekdo-images.com/QcmPjXRJ4UjPpFDgHJNsCg__original/img/cwoV2vkTx9V63kN0UTriy881L5g=/0x0/filters:format(jpeg)/pic5054545.jpg,https://cf.geekdo-images.com/QcmPjXRJ4UjPpFDgHJNsCg__small/img/AZr6UFbbUKGC0bpvvbhneit7TXI=/fit-in/200x150/filters:strip_icc()/pic5054545.jpg,,2,5,30,60,60,,2.7358,13439,"2,3,4,5",2,12+,Moderate in-game text - needs crib sheet or paste ups,1,0,0,0,1,0,0,0,0,,2023-03-20 20:01:26,0,0,8.18323,7.05624,3434,1.11799,0,,Miniature Market,2020-07-29,,16.99,USD,,,,,,,,,,,,,,In base game box
340375,86713096,Res Arcana: Perlae Imperii,Res Arcana: Perlae Imperii,2021,https://cf.geekdo-images.com/RylkY1l_RpTkGhaTRi978w__original/img/RhBNPGFrQ3YVTTWJr76u7QW1N-0=/0x0/filters:format(jpeg)/pic6234396.jpg,https://cf.geekdo-images.com/RylkY1l_RpTkGhaTRi978w__small/img/xgaDi6D5GuEqRS3Qkzsc9-ZySC0=/fit-in/200x150/filters:strip_icc()/pic6234396.jpg,,2,5,20,60,60,,2.7027,9555,"2,3,4",2,12+,Some necessary text - easily memorized or small crib sheet,1,0,0,0,1,0,0,0,0,,2023-03-20 20:01:37,0,0,8.30218,6.78128,2068,1.11783,0,,,,,17,USD,,,,,,,,,,,,,,"PP Estimate

In base game box"
428099,126341221,Revenant,Revenant,2026,https://cf.geekdo-images.com/3jI41d32ExxZua8WiP_Zhg__original/img/4CsUkhzTDUG5IRgUlVY16pG5mdI=/0x0/filters:format(jpeg)/pic8426405.jpg,https://cf.geekdo-images.com/3jI41d32ExxZua8WiP_Zhg__small/img/ZVr_VfjGozJFWXHsdp2aI2zGFps=/fit-in/200x150/filters:strip_icc()/pic8426405.jpg,,1,4,90,120,120,,3.8889,178,"1,2,3,4",3,12–14,Some necessary text - easily memorized or small crib sheet,0,0,1,0,3,0,0,0,0,,2024-12-08 14:32:30,0,0,7.22717,5.5643,92,2.01128,11833,,,,,,,,,,,,,,,,,,KS looks good.  Gonna wait until later to get it.  Will be tough to get to the table and not sure what it does thats different from other stuff.,,
332772,97282978,Revive,Revive,2022,https://cf.geekdo-images.com/V0OZ9QR0pC9G5t5i9MoZTQ__original/img/NxxAoxVxMNkDGEkD3aoobPL14dI=/0x0/filters:format(jpeg)/pic6950224.jpg,https://cf.geekdo-images.com/V0OZ9QR0pC9G5t5i9MoZTQ__small/img/NPtXuKlsnfPORSn6kpTcf-ZdEF0=/fit-in/200x150/filters:strip_icc()/pic6950224.jpg,,1,4,90,120,120,,3.4611,18238,"1,2,3,4",3,14+,Some necessary text - easily memorized or small crib sheet,0,0,0,0,3,0,0,0,1,1,2024-07-14 20:18:25,1,6,8.05569,7.62162,12892,1.23232,92,Strategy Game Rank: 64,CoolStuffInc,2023-03-27,,63.99,USD,55,USD,Sold,,,,,,,,,"Sounds like some cool mechanisms with simple actions

First play just wasn’t that “fun”. It felt like a lot of work and as the engine got going, the “big turns” just didn’t feel as rewarding as in other games.  Will need to play more too see what I really think.",,"Listed on BGG GeekMarket on 2023-11-25 for $55

Sold to AregTakk for $55 on 2023-12-07"
241831,71890201,Reykholt,Reykholt,2018,https://cf.geekdo-images.com/wU53jsng9uxfxuAoIeTjDA__original/img/FXWnJoKS3LFiOfvAhAxovXE_9Xg=/0x0/filters:format(jpeg)/pic3877054.jpg,https://cf.geekdo-images.com/wU53jsng9uxfxuAoIeTjDA__small/img/ShUtMDXzeruNkjbG9mgavx7Z2yw=/fit-in/200x150/filters:strip_icc()/pic3877054.jpg,,1,4,30,60,60,,2.1649,7125,"1,2,3,4",3,10+,Moderate in-game text - needs crib sheet or paste ups,0,0,0,0,3,0,0,0,1,1,2024-06-23 16:59:27,1,7,6.68456,6.21742,3944,1.27213,2179,Strategy Game Rank: 1175,GameNerdz,2020-07-06,2024-06-23,25,USD,15,USD,Sold via Geekmarket for $15 rcrawford 2024-06-23,Opened.  Played once,,,,,,,,"Gateway WP, race, set collection, maybe even programming?",,
291859,83395569,Riftforce,Riftforce,2021,https://cf.geekdo-images.com/nq48jZJYZkp96pe1URln1w__original/img/PKVINbrGTn1-_Egxn2lukaSe5Lw=/0x0/filters:format(png)/pic6205691.png,https://cf.geekdo-images.com/nq48jZJYZkp96pe1URln1w__small/img/2P7n0MozONuD7pRMSzyUmZ-f44E=/fit-in/200x150/filters:strip_icc()/pic6205691.png,,2,2,20,30,30,,2.1395,7345,2,2,10+,Some necessary text - easily memorized or small crib sheet,0,0,0,0,3,0,0,0,0,,2023-04-04 12:58:36,0,0,7.15202,6.45722,3550,1.27028,1431,Customizable Rank: 64,,,,,,,,,,,,,,,,,,,
202583,53004630,Rise of Tribes,Rise of Tribes,2018,https://cf.geekdo-images.com/Io2NVc5Du_pgtcofPCOFyQ__original/img/dwaYeOQnHSrLcd7nnKRNA9X-p-E=/0x0/filters:format(jpeg)/pic3588551.jpg,https://cf.geekdo-images.com/Io2NVc5Du_pgtcofPCOFyQ__small/img/pWP1XQ_bW22r1KALP-yDX8iR8UA=/fit-in/200x150/filters:strip_icc()/pic3588551.jpg,,2,4,30,60,60,,2.192,6733,"2,3,4","3,4",8+,Moderate in-game text - needs crib sheet or paste ups,0,0,0,0,2,0,0,0,1,,2024-07-14 20:25:28,2,7,7.06223,6.37832,3328,1.28953,1647,Strategy Game Rank: 921,Gen Con,2018-08-02,,,,35,USD,Sold,Rise of Tribes with Deluxe Upgrade components,,,,,,,,2018 Gen Con,,
218293,55117533,Rise to Nobility,Rise to Nobility,2018,https://cf.geekdo-images.com/BuBDgepjeEixyYcD4wmfbw__original/img/O7hfUlla5Ysxeh5D1yRD6eCI8eU=/0x0/filters:format(jpeg)/pic4123139.jpg,https://cf.geekdo-images.com/BuBDgepjeEixyYcD4wmfbw__small/img/mI8DZ7DyGYzKB9J8qzicH9-K9XE=/fit-in/200x150/filters:strip_icc()/pic4123139.jpg,,1,6,25,150,150,,3.3218,4463,"1,2,3,4","3,4",14+,Some necessary text - easily memorized or small crib sheet,0,0,0,0,4,0,0,0,0,,2023-04-04 12:58:23,0,0,6.93679,6.15249,2111,1.4331,2418,Strategy Game Rank: 1208,,,,,,,,,,,,,,,,,Kickstarter,,
394144,109408759,Risk Strike,Risk Strike,2023,https://cf.geekdo-images.com/MiH1igvQ8m-PpLPBNwTypA__original/img/nQUoVz4rJLS9IkX8S-9eQdyFuEk=/0x0/filters:format(jpeg)/pic8561746.jpg,https://cf.geekdo-images.com/MiH1igvQ8m-PpLPBNwTypA__small/img/orKlofb9VX1GXB5hxFxi5DiO5WM=/fit-in/200x150/filters:strip_icc()/pic8561746.jpg,,2,5,20,20,20,,1.5714,2094,"3,4,5",4,8+,Some necessary text - easily memorized or small crib sheet,1,0,0,0,3,0,0,0,0,,2026-05-31 21:14:13,2,7,6.79197,5.73959,578,1.33003,5596,,Christmas gift from Bub,2023-12-25,2023-12-25,,,,,,,,,,,,,,,,[3-Transient]
433384,137520136,Rival Cities,Rival Cities,2025,https://cf.geekdo-images.com/aqUW9dvTk9dnEqbwjrUwzA__original/img/iFziSgmKOUv-xhCMmNmCPx9EK-c=/0x0/filters:format(jpeg)/pic8574454.jpg,https://cf.geekdo-images.com/aqUW9dvTk9dnEqbwjrUwzA__small/img/O2UhRsSHzBaA-M8xLhW4PNqf-hg=/fit-in/200x150/filters:strip_icc()/pic8574454.jpg,,2,2,30,45,45,,2.5806,1800,2,2,12+,Moderate in-game text - needs crib sheet or paste ups,0,0,1,0,3,0,0,0,0,,2025-10-18 21:12:14,0,0,7.41022,5.91664,671,1.24602,3745,Strategy Game Rank: 1577,,,,,,,,,,,,,,,,,"Jon Gets Games preview.  Looks interesting
2 player tug of war… different",,
227515,145754333,Riverboat,Riverboat,2017,https://cf.geekdo-images.com/2sERfmFw2sWOkeIKBNlpkg__original/img/_eT0mk8OHuBJR1J697vCbgbv--c=/0x0/filters:format(png)/pic3812239.png,https://cf.geekdo-images.com/2sERfmFw2sWOkeIKBNlpkg__small/img/Wd71rMfkQuT9JD21wnyBMfC8Bw4=/fit-in/200x150/filters:strip_icc()/pic3812239.png,,2,4,90,90,90,,2.9832,4948,"2,3,4",4,12+,No necessary in-game text,0,0,0,0,3,0,0,0,0,,2026-05-22 20:46:04,1,6,7.41256,6.56098,2946,1.10504,1183,Strategy Game Rank: 638,,,,,,,,,,,,,,,,,,,
267319,59990618,Roam,Roam,2019,https://cf.geekdo-images.com/p3O_MWuvpPODqPzxqWf-og__original/img/GhQHUI2ALi0uoRmfa-nOr5dAmwY=/0x0/filters:format(jpeg)/pic4862867.jpg,https://cf.geekdo-images.com/p3O_MWuvpPODqPzxqWf-og__small/img/CT4vHKPKP7ftPuxAmUjIw7i2ezM=/fit-in/200x150/filters:strip_icc()/pic4862867.jpg,,2,4,30,45,45,,1.8447,8801,"2,3,4",3,8+,No necessary in-game text,1,0,0,0,4,0,0,0,0,1,2026-05-31 21:14:24,3,7,7.26462,6.65183,4709,1.14029,1005,Family Game Rank: 247,KS,2019-10-30,,42,USD,,,,,,,,,,,,Kickstarter,,"[2-Resident]
Includes animals and gem maps expansion"
278820,65316144,Roam:  Animals Promo Pack,Roam:  Animals Promo Pack,2019,https://cf.geekdo-images.com/P2YwxmB0AqCPc3jao80_tQ__original/img/hiOAQrAnvlA0mbGZWxDqjt1U20g=/0x0/filters:format(jpeg)/pic7969094.jpg,https://cf.geekdo-images.com/P2YwxmB0AqCPc3jao80_tQ__small/img/2rX_8v9WtJytJI7NIvMWqXuaWqY=/fit-in/200x150/filters:strip_icc()/pic7969094.jpg,,2,4,30,45,45,,1.3333,1583,,,8+,No necessary in-game text,1,0,0,0,3,0,0,0,0,,2023-03-20 20:02:59,0,0,7.56798,5.69389,239,1.0249,0,,KS,,,0.0001,USD,,,,,,,,,,,,,,In base game box
278822,65316120,Roam: Gem Maps,Roam: Gem Maps,2019,https://cf.geekdo-images.com/yBg_z0N-fp_eOt74B71HeQ__original/img/Oxa-P1L9DZRVWryj0TR5RrBRywI=/0x0/filters:format(jpeg)/pic7650041.jpg,https://cf.geekdo-images.com/yBg_z0N-fp_eOt74B71HeQ__small/img/mI_Q4xJZMD6sDYLkVFnIB5KSRVQ=/fit-in/200x150/filters:strip_icc()/pic7650041.jpg,,2,4,30,45,45,,2,1900,"2,3,4",2,8+,No necessary in-game text,1,0,0,0,3,0,0,0,0,,2023-03-20 20:03:04,0,0,7.07754,5.64955,252,1.31297,0,,KS,,,0.0001,USD,,,,,,,,,,,,,,In base game box
402679,115444210,Rock Hard: 1977,Rock Hard: 1977,2024,https://cf.geekdo-images.com/CrJdKWVGgg24btEKtxNyzA__original/img/-oWI3wATvzhjEqGP2DTYguSU85c=/0x0/filters:format(jpeg)/pic8288389.jpg,https://cf.geekdo-images.com/CrJdKWVGgg24btEKtxNyzA__small/img/iQkfQCZiXs2r4igjeAe_4bHgmks=/fit-in/200x150/filters:strip_icc()/pic8288389.jpg,,2,5,45,90,90,,2.4891,6205,"2,3,4,5","4,5",12+,Extensive use of text - massive conversion needed to be playable,1,0,0,0,2,1,0,0,0,1,2026-05-31 21:14:39,1,6,7.51142,6.5909,3002,1.33442,1124,Thematic Rank: 220,Miniature Market,2024-08-16,2024-08-20,40,USD,,,,,,,,,,,,Theme sounds awesome. Know nothing about how it plays.  Chris Yi Top 10 Anticipated in 2024,,[3-Transient]
283387,68497401,Rocketmen,Rocketmen,2021,https://cf.geekdo-images.com/vfwv7bUC0VBr8tdslkJqWw__original/img/Co_hX3anPn1TxuhoOq-hobwvmi0=/0x0/filters:format(png)/pic8088564.png,https://cf.geekdo-images.com/vfwv7bUC0VBr8tdslkJqWw__small/img/dqiQVzEwhltC5CcfC1uD732OyWM=/fit-in/200x150/filters:strip_icc()/pic8088564.png,,1,4,30,90,90,,2.5181,3741,"1,2,3,4",3,12+,Moderate in-game text - needs crib sheet or paste ups,0,0,0,0,3,0,0,0,0,,2023-04-04 12:58:42,0,0,6.73985,6.04673,1993,1.49015,2939,Strategy Game Rank: 1398,,,,,,,,,,,,,,,,,"KS Feb 2020
Deck builder in space with novel launchpad",,
144344,107118623,Rococo,Rococo,2013,https://cf.geekdo-images.com/Go8mEe3K1VjYFJxLXEUPqQ__original/img/RcJ7xX5K_y0G87nK5ttdcWeb10U=/0x0/filters:format(jpeg)/pic1795272.jpg,https://cf.geekdo-images.com/Go8mEe3K1VjYFJxLXEUPqQ__small/img/cclTiR7tkCqMj-TuFAaYfySFmH4=/fit-in/200x150/filters:strip_icc()/pic1795272.jpg,,2,5,60,120,120,,3.0875,9624,"2,3,4,5",3,12+,No necessary in-game text,0,0,0,0,3,0,0,0,0,,2023-09-03 21:01:40,0,0,7.58479,7.16191,9584,1.15863,337,Strategy Game Rank: 216,,,,,,,,,,,,,,,,,Same designers as Valpo,,
296100,109085935,Rococo: Deluxe Edition,Rococo: Deluxe Edition,2020,https://cf.geekdo-images.com/1fjJb9ELv-x-3aCWV7vxIQ__original/img/qlpCqN7YAwFAL7lpN-Bs7MOjKxo=/0x0/filters:format(jpeg)/pic5132725.jpg,https://cf.geekdo-images.com/1fjJb9ELv-x-3aCWV7vxIQ__small/img/ObIoNaNaCfgo4DkZpdUiFL-6RAQ=/fit-in/200x150/filters:strip_icc()/pic5132725.jpg,,1,5,60,120,120,,3.0606,8436,"1,2,3,4",3,12+,No necessary in-game text,1,0,0,0,3,0,0,0,0,1,2026-05-31 21:14:59,2,8,8.18504,7.22648,4366,1.08315,0,,BGG Marketplace ‘philfromqueens’,2023-12-03,,85,USD,,,,,,,,,,,,,,[2-Resident]
379631,104337829,Roll and Rock,Roll and Rock,2023,https://cf.geekdo-images.com/2BlR6K9vLDIDQrQiU8U3eA__original/img/5bwVnaasU7o01bYYwd-HIy3NizQ=/0x0/filters:format(jpeg)/pic8301367.jpg,https://cf.geekdo-images.com/2BlR6K9vLDIDQrQiU8U3eA__small/img/E_J4CmyNg6zVD0lbnNn--c4vmoc=/fit-in/200x150/filters:strip_icc()/pic8301367.jpg,,1,4,30,60,60,,2,65,,,,,1,0,0,0,3,0,0,0,0,,2026-05-31 21:15:18,0,0,6.56667,0,6,2.19216,0,,KS,2023-03-07,,5.35,USD,,,Print n Play,,,,,,,,,,,"[2-Resident]

Deluxe version with soundtracks

https://shop.dicepen.pl/
indywiseguy@gmail.com
651f362166cf3"
169426,51846578,Roll Player,Roll Player,2016,https://cf.geekdo-images.com/enmQAOQl99U6wiQvZoL5GQ__original/img/iiKhufERu8v8JpErc5kUoO8WiNw=/0x0/filters:format(jpeg)/pic2556921.jpg,https://cf.geekdo-images.com/enmQAOQl99U6wiQvZoL5GQ__small/img/zdtrILXRjphkt5HYP0tuxzlenG4=/fit-in/200x150/filters:strip_icc()/pic2556921.jpg,,1,4,60,90,90,,2.4226,34347,"1,2,3,4",3,10+,Extensive use of text - massive conversion needed to be playable,0,0,0,0,4,0,0,0,0,,2022-12-05 21:05:54,0,0,7.4178,7.20574,22564,1.20743,299,Strategy Game Rank: 235,,,,,,,,,,,,,,,,,,,
16496,86305704,Roma,Roma,2005,https://cf.geekdo-images.com/5oKjzAev88nMiKNixdrq7Q__original/img/DZY0xpEr60RQ6Ys8UvWmoh4URZA=/0x0/filters:format(jpeg)/pic1167294.jpg,https://cf.geekdo-images.com/5oKjzAev88nMiKNixdrq7Q__small/img/BfWbgZ7AFN7FK54pN4Ib9mzpr_4=/fit-in/200x150/filters:strip_icc()/pic1167294.jpg,,2,2,45,45,45,,2.0085,5964,2,2,10+,No necessary in-game text,0,0,0,0,3,0,0,0,0,,2024-01-08 21:34:08,0,0,6.73664,6.30638,4796,1.303,1850,Strategy Game Rank: 1043,,,,,,,,,,,,,,,,,,,
383790,111563308,Romi Rami,Romi Rami,2023,https://cf.geekdo-images.com/81pJ0wM17PaMTj7shMtuXQ__original/img/NGhEROQBM1kNJQk8h0u5rdtKH3s=/0x0/filters:format(png)/pic7468800.png,https://cf.geekdo-images.com/81pJ0wM17PaMTj7shMtuXQ__small/img/fNOv4iGWXc8WyyzZ7XJAfhU8o9A=/fit-in/200x150/filters:strip_icc()/pic7468800.png,,2,4,30,30,30,,1.3548,1677,"2,3,4","2,3",8+,No necessary in-game text,0,0,0,0,3,0,0,0,0,,2023-10-21 21:19:51,1,6,6.91111,5.9293,1028,1.18803,3644,,,,,,,,,,,,,,,,,,,,
237182,52819324,Root,Root,2018,https://cf.geekdo-images.com/JUAUWaVUzeBgzirhZNmHHw__original/img/E0s2LvtFA1L5YKk-_44D4u2VD2s=/0x0/filters:format(jpeg)/pic4254509.jpg,https://cf.geekdo-images.com/JUAUWaVUzeBgzirhZNmHHw__small/img/ACovMZzGGIsBRyEQXFnsT8282NM=/fit-in/200x150/filters:strip_icc()/pic4254509.jpg,,2,4,60,90,90,,3.8407,102271,"3,4",4,14+,Extensive use of text - massive conversion needed to be playable,1,0,0,0,3,0,0,0,0,,2026-05-31 16:08:39,4,10,8.07152,7.88132,64392,1.485,34,War Game Rank: 13; Strategy Game Rank: 37,Gen Con,2018-08-02,,50,USD,,,,,,,,,,,,2018 Gen Con,,"[1-Permanent]
PP Estimate"
431220,125423347,Root: Homeland Hirelings Pack,Root: Homeland Hirelings Pack,2026,https://cf.geekdo-images.com/w6uptb9k0MrIwdti7XcDTQ__original/img/Le14Us_bPeqeuJ0TrumDh2E01l8=/0x0/filters:format(png)/pic8997657.png,https://cf.geekdo-images.com/w6uptb9k0MrIwdti7XcDTQ__small/img/DWIWhPzUijlKiEgelOvd3tjq2Ac=/fit-in/200x150/filters:strip_icc()/pic8997657.png,,2,4,0,0,0,,3,1857,"3,4",3,,,1,0,0,0,1,0,0,0,0,,2026-05-15 22:20:01,0,0,8.28718,5.57515,78,1.54109,0,,,,,,,,,,,,,,,,,,,,
334486,100174524,Root: Landmarks Pack,Root: Landmarks Pack,2022,https://cf.geekdo-images.com/VvEGNGf5DoMTjqwdH2aRpg__original/img/Ucyh7lo-lpBn-d3RwV9FZT1xwwE=/0x0/filters:format(png)/pic6818641.png,https://cf.geekdo-images.com/VvEGNGf5DoMTjqwdH2aRpg__small/img/Y2pFeB2NAuwkawSFPTUNTfu0n-k=/fit-in/200x150/filters:strip_icc()/pic6818641.png,,2,4,60,90,90,,2.625,8683,"3,4",4,14+,Moderate in-game text - needs crib sheet or paste ups,1,0,0,0,1,0,0,0,0,,2023-01-18 19:12:22,0,0,7.95459,6.22364,1083,1.44647,0,,Cardhaus,2023-01-15,,8,USD,,,,,,,,,,,,,,
336276,100174517,Root: Marauder Hirelings Pack & Hireling Box,Root: Marauder Hirelings Pack & Hireling Box,2022,https://cf.geekdo-images.com/j2yaeB24ubNLpQZh1Z_KHA__original/img/U2BZD_4fCT9SGtcwMLaxEQi1dac=/0x0/filters:format(jpeg)/pic7134491.jpg,https://cf.geekdo-images.com/j2yaeB24ubNLpQZh1Z_KHA__small/img/JyW9K9a8-VJO4k0GZBLG24xKIcM=/fit-in/200x150/filters:strip_icc()/pic7134491.jpg,,2,4,60,90,90,,3.9091,9827,"2,3,4",2,12+,Moderate in-game text - needs crib sheet or paste ups,1,0,0,0,1,0,0,0,0,,2023-01-18 19:12:12,0,0,8.4777,6.45161,1207,1.30857,0,,Cardhaus,2023-01-15,,24,USD,,,,,,,,,,,,,,
334485,100174528,Root: Riverfolk Hirelings Pack,Root: Riverfolk Hirelings Pack,2022,https://cf.geekdo-images.com/ThO3HuZcuy_WXVPr-1zC2w__original/img/yo58Nl7savOc0dJ71ugGqaAkfVc=/0x0/filters:format(png)/pic6818590.png,https://cf.geekdo-images.com/ThO3HuZcuy_WXVPr-1zC2w__small/img/brV0kDmZUVvYk04eaUd1cPzhEG0=/fit-in/200x150/filters:strip_icc()/pic6818590.png,,2,4,60,90,90,,3.3333,8248,"2,3,4",3,12+,,1,0,0,0,1,0,0,0,0,,2023-01-18 19:12:27,0,0,8.35462,6.26591,965,1.32553,0,,Cardhaus,2023-01-15,,16,USD,,,,,,,,,,,,,,
287220,68394790,Root: The Clockwork Expansion,Root: The Clockwork Expansion,2020,https://cf.geekdo-images.com/8eYz32wU81Nev8oSV2nuPg__original/img/ngzJGRgAEEbq7h8327Ek8grJuC8=/0x0/filters:format(png)/pic4909933.png,https://cf.geekdo-images.com/8eYz32wU81Nev8oSV2nuPg__small/img/YpjUbmzF7sX_qloO0WzPQLkmLXY=/fit-in/200x150/filters:strip_icc()/pic4909933.png,,1,4,60,90,90,,3.9783,16957,"1,2,3",1,14+,Extensive use of text - massive conversion needed to be playable,1,0,0,0,3,0,0,0,0,,2023-03-20 20:03:20,0,0,7.7589,6.64436,2683,1.43432,0,,KS,2020-01-31,,15,USD,,,,,,,,,,,,,,Purchased on KS with the Underworld Expansion
334483,100174522,Root: The Clockwork Expansion 2,Root: The Clockwork Expansion 2,2022,https://cf.geekdo-images.com/lES5vHtu7bbw2ssr3ugx9A__original/img/xdpHhFIsV55vGWPnKH4J3o4LzbY=/0x0/filters:format(jpeg)/pic6108376.jpg,https://cf.geekdo-images.com/lES5vHtu7bbw2ssr3ugx9A__small/img/vx95frvX0yDdF3iNMTZYM7fmUbM=/fit-in/200x150/filters:strip_icc()/pic6108376.jpg,,1,4,60,90,90,,3.75,6303,"1,2",1,,,1,0,0,0,1,0,0,0,0,,2023-01-18 19:12:17,0,0,8.03745,5.96507,576,1.43959,0,,Cardhaus,2023-01-15,,32,USD,,,,,,,,,,,,,,
272638,100174506,Root: The Exiles and Partisans Deck,Root: The Exiles and Partisans Deck,2020,https://cf.geekdo-images.com/ci78uqda8Oz40A7wozLGaA__original/img/joHuZxT6XAMWr2jl-Kdd6QyQsRo=/0x0/filters:format(png)/pic6330375.png,https://cf.geekdo-images.com/ci78uqda8Oz40A7wozLGaA__small/img/D89paLyV9n6xE-NTQDRnn45MvHQ=/fit-in/200x150/filters:strip_icc()/pic6330375.png,,2,6,0,0,0,,3.8214,19640,"2,3,4,5",4,12+,Extensive use of text - massive conversion needed to be playable,1,0,0,0,1,0,0,0,0,,2023-01-08 13:16:15,0,0,8.71756,7.34331,3482,1.13957,0,,,2020-01-31,,0.0001,USD,,,,,,,,,,,,,,Purchased on KS with the Underworld Expansion
428335,124648627,Root: The Homeland Expansion,Root: The Homeland Expansion,2026,https://cf.geekdo-images.com/ELtNKMyhLXGpJ4Pbf4Wvog__original/img/Ss0ra8DcUhT-OqLP2dRV6ICSdw8=/0x0/filters:format(png)/pic8491989.png,https://cf.geekdo-images.com/ELtNKMyhLXGpJ4Pbf4Wvog__small/img/7bACZPYOJ23iL_Yl8bwml5UCHfc=/fit-in/200x150/filters:strip_icc()/pic8491989.png,,2,6,60,90,90,,3.9167,2696,"2,3,4,5,6",4,10+,Unplayable in another language,1,0,0,0,3,0,0,0,0,,2026-05-15 22:19:08,0,0,9.07696,5.78424,230,1.18411,0,,KS,2024-10-22,,50,USD,,,,,,,,,,,,,,Added cardstock Faction Boards and Frog Clearing Markers
330149,79148426,Root: The Marauder Expansion,Root: The Marauder Expansion,2022,https://cf.geekdo-images.com/oHWCWBSltJBPAnV5w45-lg__original/img/VuPjRpvOx9_84v8nERSfcnaQxLs=/0x0/filters:format(jpeg)/pic6003595.jpg,https://cf.geekdo-images.com/oHWCWBSltJBPAnV5w45-lg__small/img/s0BBcnk1ah1lLPQ9zieEoqpMFW8=/fit-in/200x150/filters:strip_icc()/pic6003595.jpg,,2,6,60,90,90,,3.9767,19130,"2,3,4,5",4,12+,Extensive use of text - massive conversion needed to be playable,1,0,0,0,1,0,0,0,0,,2023-01-20 10:07:01,0,0,8.83028,7.43397,3601,1.1145,0,,CoolStuffInc,2023-01-15,,40,USD,,,,,,,,,,,,,,
241386,56682400,Root: The Riverfolk Expansion,Root: The Riverfolk Expansion,2018,https://cf.geekdo-images.com/durhzLYyIypxg7CuVYe82Q__original/img/xrLTlVUWtteTsoXmYLM2KM190DE=/0x0/filters:format(jpeg)/pic4252654.jpg,https://cf.geekdo-images.com/durhzLYyIypxg7CuVYe82Q__small/img/VianPUKU3XkBGeiqRm6x2IyeMGA=/fit-in/200x150/filters:strip_icc()/pic4252654.jpg,,1,6,60,90,90,,3.8645,38667,"3,4,5",4,12+,Extensive use of text - massive conversion needed to be playable,1,0,0,0,3,0,0,0,0,,2023-03-20 20:03:26,0,0,8.43306,7.76643,9349,1.1775,0,,Gen Con,2018-08-02,,40,USD,,,,,,,,,,,,,,PP Estimate
431218,125423353,Root: The Squires and Disciples Deck,Root: The Squires and Disciples Deck,2026,https://cf.geekdo-images.com/kXaezYlb-1HkkWMiS-4DSA__original/img/GPZoV7rWx4zYytipbZ6aJYMqrqI=/0x0/filters:format(png)/pic8997658.png,https://cf.geekdo-images.com/kXaezYlb-1HkkWMiS-4DSA__small/img/z6oeqXmr-fXJUWvEsWBw40JT9DQ=/fit-in/200x150/filters:strip_icc()/pic8997658.png,,2,4,0,0,0,,3,1790,"2,4",4,,,1,0,0,0,3,0,0,0,0,,2026-05-15 22:20:13,0,0,8.69053,5.60948,95,1.13212,0,,,,,,,,,,,,,,,,,,,,
431218,125475891,Root: The Squires and Disciples Deck,Root: The Squires and Disciples Deck,2026,https://cf.geekdo-images.com/kXaezYlb-1HkkWMiS-4DSA__original/img/GPZoV7rWx4zYytipbZ6aJYMqrqI=/0x0/filters:format(png)/pic8997658.png,https://cf.geekdo-images.com/kXaezYlb-1HkkWMiS-4DSA__small/img/z6oeqXmr-fXJUWvEsWBw40JT9DQ=/fit-in/200x150/filters:strip_icc()/pic8997658.png,,2,4,0,0,0,,3,1790,"2,4",4,,,1,0,0,0,3,0,0,0,0,,2026-05-15 22:20:13,0,0,8.69053,5.60948,95,1.13212,0,,,,,,,,,,,,,,,,,,,,
272637,59141902,Root: The Underworld Expansion,Root: The Underworld Expansion,2020,https://cf.geekdo-images.com/LzZVgiX-d1nA_MSmZmH5tA__original/img/QjducX9OMQbVZf6ei1bhuKRWlAs=/0x0/filters:format(jpeg)/pic4608840.jpg,https://cf.geekdo-images.com/LzZVgiX-d1nA_MSmZmH5tA__small/img/RlVbapd_2105eev01lqBqCA4tb0=/fit-in/200x150/filters:strip_icc()/pic4608840.jpg,,2,6,60,90,90,,3.6392,28948,"3,4,5",4,12+,Extensive use of text - massive conversion needed to be playable,1,0,0,0,3,0,0,0,0,,2023-03-20 20:03:32,0,0,8.70869,7.76678,6405,1.10459,0,,Kickstarter,2019-03-14,2020-01-31,50,USD,,,,,,,,,,,,,,"Purchased on KS added Clockwork, Vagabond Pack, and Resin Markers"
309977,100174512,Root: The Vagabond Pack,Root: The Vagabond Pack,2020,https://cf.geekdo-images.com/aEXG9vmArj6d2ZdVpFTMgA__original/img/BLJfHsOQGZgAKNPRAfol-lmMmng=/0x0/filters:format(png)/pic6330378.png,https://cf.geekdo-images.com/aEXG9vmArj6d2ZdVpFTMgA__small/img/hx68JO5vkkDTOjUPMI8wWkI9mgo=/fit-in/200x150/filters:strip_icc()/pic6330378.png,,1,4,60,90,90,,3.04,15587,"3,4",4,12+,Extensive use of text - massive conversion needed to be playable,1,0,0,0,1,0,0,0,0,,2023-01-08 13:18:02,0,0,8.33616,6.92368,2645,1.31027,0,,,,,0.0001,USD,,,,,,,,,,,,,,Purchased on KS with the Underworld Expansion
361193,100174535,Root: Underworld Hirelings Pack,Root: Underworld Hirelings Pack,2022,https://cf.geekdo-images.com/97wvtAZl84lUnf7Cxuc-TQ__original/img/4zzT4Mtk-vzNBpAt3ed4lbh6Bh4=/0x0/filters:format(png)/pic6819180.png,https://cf.geekdo-images.com/97wvtAZl84lUnf7Cxuc-TQ__small/img/qG-ZkXt9vp99pXynDUofcpChwsE=/fit-in/200x150/filters:strip_icc()/pic6819180.png,,2,4,60,90,90,,3.1429,7038,"2,3,4","3,4",12+,,1,0,0,0,1,0,0,0,0,,2023-01-18 19:12:32,0,0,8.29669,6.14465,789,1.36179,0,,Cardhaus,2023-01-15,,16,USD,,,,,,,,,,,,,,
326804,135244630,Rorschach,Rorschach,2021,https://cf.geekdo-images.com/ezgmyUcluWUNRajObz_dHA__original/img/MeQY1ZVMDVtZ2dta1J2AY-ta7w8=/0x0/filters:format(jpeg)/pic5958008.jpg,https://cf.geekdo-images.com/ezgmyUcluWUNRajObz_dHA__small/img/GwaX3MOjdJMAFC1ugI4hThWSx-I=/fit-in/200x150/filters:strip_icc()/pic5958008.jpg,,4,10,15,30,30,,1,524,"4,5,6,7,8,9,10","9,10",,Moderate in-game text - needs crib sheet or paste ups,0,0,0,0,3,0,0,0,0,,2025-08-10 21:01:26,1,5,5.42992,5.49651,185,1.70424,26661,,,,,,,,,,,,,,,,,,,,
165986,77422884,Royals,Royals,2014,https://cf.geekdo-images.com/Un-yHPPUaH7IpTfiG7ffkw__original/img/rOD_UORh5dzMisuJFBP7548XbkU=/0x0/filters:format(jpeg)/pic3021582.jpg,https://cf.geekdo-images.com/Un-yHPPUaH7IpTfiG7ffkw__small/img/h9a43sj1YW-dZCKU9wKvHvFSy5U=/fit-in/200x150/filters:strip_icc()/pic3021582.jpg,,2,5,60,60,60,,2.2411,4089,"2,3,4,5","4,5",8+,No necessary in-game text,0,0,0,0,3,0,0,0,0,,2025-08-12 18:58:50,1,7,7.18242,6.42368,2931,1.19942,1519,Strategy Game Rank: 828; Family Game Rank: 409,,,,,,,,,,,,,,,,,,,
428635,133373667,Ruins,Ruins,2025,https://cf.geekdo-images.com/oBvx0LBSv-_cACGZOK_J9Q__original/img/mYGruduMYG7wRAjhXbnQIclGQ34=/0x0/filters:format(jpeg)/pic8426382.jpg,https://cf.geekdo-images.com/oBvx0LBSv-_cACGZOK_J9Q__small/img/tbpZRMmh0JlRqyywGFflBCKfgBM=/fit-in/200x150/filters:strip_icc()/pic8426382.jpg,,2,5,40,40,40,,2.2759,4491,"3,4,5",4,12+,Some necessary text - easily memorized or small crib sheet,0,0,0,0,3,0,0,0,0,,2025-08-12 18:55:50,0,0,7.08973,6.12523,1573,1.31239,2545,,,,,,,,,,,,,,,,,,"GenCon 2025
BGG Hot Games",,
199561,44697237,Sagrada,Sagrada,2017,https://cf.geekdo-images.com/77OxPP4ckbOgK9sPg-6KDw__original/img/oh6s7_lx_jMP0zvHK7RttbhQd5I=/0x0/filters:format(png)/pic9374520.png,https://cf.geekdo-images.com/77OxPP4ckbOgK9sPg-6KDw__small/img/zCe7i6vc7LoJZDDnVUQQlU-uw4w=/fit-in/200x150/filters:strip_icc()/pic9374520.png,,1,4,30,45,45,,1.919,81059,"1,2,3,4",2,8+,Some necessary text - easily memorized or small crib sheet,1,0,0,0,2,0,0,0,0,,2026-05-31 21:15:57,7,7,7.46889,7.32472,47912,1.16136,225,Abstract Game Rank: 10; Family Game Rank: 42,Miniature Market,2018-01-02,,27.99,USD,,,,,,,,,,,,,,[2-Resident]
263695,56286913,Sagrada: The Great Facades – Passion,Sagrada: The Great Facades – Passion,2019,https://cf.geekdo-images.com/38rJtMZP6z5SeDwexSe-6Q__original/img/TS9lSFsakHo3Lt0qgH0S-iqhq4k=/0x0/filters:format(jpeg)/pic4945855.jpg,https://cf.geekdo-images.com/38rJtMZP6z5SeDwexSe-6Q__small/img/pEuR2EwGrlwsMJLPASEMrtNGcQU=/fit-in/200x150/filters:strip_icc()/pic4945855.jpg,,1,4,30,45,45,,2.3333,10991,"2,3,4",3,10+,Some necessary text - easily memorized or small crib sheet,0,0,0,0,2,0,0,0,0,,2022-10-11 09:20:00,0,0,7.5261,6.28308,1593,1.1459,0,,,,,,,,,,,,,,,,,,2019 Gencon,,
377470,108537274,Sail,Sail,2023,https://cf.geekdo-images.com/WdYRHQ_ILHTV_ECMGF27Gw__original/img/i9rMBmWzjVl2Aep-xUqWg4u0ADA=/0x0/filters:format(jpeg)/pic7267575.jpg,https://cf.geekdo-images.com/WdYRHQ_ILHTV_ECMGF27Gw__small/img/y8Hlu0-CQDQAO6d6zM8YJ3dVevI=/fit-in/200x150/filters:strip_icc()/pic7267575.jpg,,2,2,20,20,20,,2.2062,12296,2,2,10+,Some necessary text - easily memorized or small crib sheet,0,0,0,0,3,0,0,0,0,,2024-01-09 19:22:46,0,0,7.26061,6.66597,4738,1.21142,978,Strategy Game Rank: 589; Family Game Rank: 234,,,,,,,,,,,,,,,,,"DT GenCon23 preview
2 player trick taking",,
330769,116909226,Saladin,Saladin,2022,https://cf.geekdo-images.com/a1yDs19lCPJgUSNQjbfsmA__original/img/Aq6oi8Th3E30yKM18hq0HOR1ChY=/0x0/filters:format(jpeg)/pic5971149.jpg,https://cf.geekdo-images.com/a1yDs19lCPJgUSNQjbfsmA__small/img/0rAl0eyTxyixg74KhGHh47eNaQQ=/fit-in/200x150/filters:strip_icc()/pic5971149.jpg,,2,2,45,60,60,,2,981,2,2,14+,Moderate in-game text - needs crib sheet or paste ups,0,0,0,0,3,0,0,0,0,,2024-03-02 19:50:05,1,7,7.12615,5.72293,395,1.39578,5877,War Game Rank: 619,,,,,,,,,,,,,Shakos,English,2022,English edition,,,
177490,69492250,Samara,Samara,2015,https://cf.geekdo-images.com/OCYK8UiOz-hbHv9BDyDsnw__original/img/6ee2ogHq_4YhNh2MKmQmW2S25jQ=/0x0/filters:format(jpeg)/pic2622081.jpg,https://cf.geekdo-images.com/OCYK8UiOz-hbHv9BDyDsnw__small/img/OW50nLRKsAJZVDjNMExFT9lne00=/fit-in/200x150/filters:strip_icc()/pic2622081.jpg,,2,5,25,50,50,,2.1667,1237,"2,3,4,5","4,5",10+,No necessary in-game text,0,0,0,0,3,0,0,0,1,1,2025-08-03 20:46:14,0,0,6.23193,5.65498,626,1.20666,7376,Strategy Game Rank: 2349; Family Game Rank: 2021,IndyCon Raffle (Angie),2020-03-07,2025-07-08,0.0001,USD,,,GenCon Store / Auction 2025,Opened.  Unpunched.,,,,,,,,,,"Won in Raffle
$7 Geekmarket 2025-07-08"
441696,134197603,Sanctuary,Sanctuary,2025,https://cf.geekdo-images.com/C6V2VCtf1_7cavenn7Is3A__original/img/mdgxo4BZpLgvG20XfNHfMg8j8Go=/0x0/filters:format(jpeg)/pic8932906.jpg,https://cf.geekdo-images.com/C6V2VCtf1_7cavenn7Is3A__small/img/ZJJOWNSKk81xpvNkMpGd5T0ybLo=/fit-in/200x150/filters:strip_icc()/pic8932906.jpg,,1,5,40,100,100,,2.8099,6433,"1,2,3,4","2,3",12+,Moderate in-game text - needs crib sheet or paste ups,0,0,0,0,3,0,0,0,0,,2025-10-18 20:29:52,0,0,7.67542,6.73803,3266,1.24965,851,Strategy Game Rank: 485,,,,,,,,,,,,,,,,,"2025 Essen
Ark Nova Sequel",,
299733,70224965,Sanctuary: The Keepers Era,Sanctuary: The Keepers Era,2021,https://cf.geekdo-images.com/wiQaOIcmGl2mra8ylsTBZQ__original/img/mwgJo2mjbSXELzRM20veMX8AfQI=/0x0/filters:format(png)/pic5609556.png,https://cf.geekdo-images.com/wiQaOIcmGl2mra8ylsTBZQ__small/img/GgyZbjFyH9H1cKUJY7RylMUV4D0=/fit-in/200x150/filters:strip_icc()/pic5609556.png,,1,2,20,60,60,,2.1538,1761,"1,2",2,10+,Some necessary text - easily memorized or small crib sheet,0,0,0,0,3,0,0,0,1,1,2024-08-07 21:23:44,1,5,7.1885,5.7589,510,1.5435,0,,KS,2020-04-20,2024-07-31,42,USD,20,USD,GenCon 2024 Auction / Store,"Kickstarter Edition (6 Decks)
2 Playmats
All Solo Mode Cards
+ All Unlocked Stretch Goals",,,,,,,,Would have to sell for less that $25.  Worth it to keep for now,,"PM DONE 19 May 2020
Get all decks and playmats in this Kickstarter Edition Box with all unlocked stretch goals.

Shipping not included, will be charged after the campaign ends. See shipping section for more details.

INCLUDES:
Sanctuary: The Keepers Era - Kickstarter Edition (6 Decks)
2 Playmats
All Solo Mode Cards
+ All Unlocked Stretch Goals
Digital Art Book of The Art of Mysthea
Digital Art Book of The Art of Volfyirion

Sold for $20 GenCon 2024 Auction"
276830,61326763,Sanctum,Sanctum,2019,https://cf.geekdo-images.com/dRudo6DXsbwaUVvT6SBtLQ__original/img/dkj2b8hPZ7aZhi7FiY5PvrS2fDE=/0x0/filters:format(jpeg)/pic4993715.jpg,https://cf.geekdo-images.com/dRudo6DXsbwaUVvT6SBtLQ__small/img/Kk95zESrJLavZtvqZSWAJlN0214=/fit-in/200x150/filters:strip_icc()/pic4993715.jpg,,2,4,60,100,100,,2.5775,4624,"1,2,3,4",2,10+,Moderate in-game text - needs crib sheet or paste ups,0,0,0,0,4,0,0,0,0,,2024-01-08 21:34:16,0,0,7.03699,6.27517,2645,1.35385,1962,Strategy Game Rank: 1042,,,,,,,,,,,,,,,,,"Origins / GenCon 2019 - DEMO
Dice rolling/placement with cool art on the cards",,
382518,136963431,Sankoré: The Pride of Mansa Musa,Sankoré: The Pride of Mansa Musa,2024,https://cf.geekdo-images.com/28jZrGyS6xja-rSxSs8zWQ__original/img/9l81IKpRnQgEDgu1_UQP9cFdoCM=/0x0/filters:format(jpeg)/pic7414454.jpg,https://cf.geekdo-images.com/28jZrGyS6xja-rSxSs8zWQ__small/img/1R1wkCM8JNZDGNrfxE8bb9CQ6Bk=/fit-in/200x150/filters:strip_icc()/pic7414454.jpg,,1,4,150,180,180,,4.2485,3196,"1,2,3,4",3,14+,Some necessary text - easily memorized or small crib sheet,0,0,1,0,3,0,1,0,0,,2025-11-02 10:02:05,0,0,7.96017,6.45461,1593,1.34873,1438,Strategy Game Rank: 704,,,,,,,,,,,,,,,,,"Want the whole collection of Merv, Sankore, and Ayar",,
146816,107316086,Sanssouci,Sanssouci,2013,https://cf.geekdo-images.com/h0c3EJJ9VnqCX5x1FNT1VQ__original/img/-eAVptKufWiH0F9cpY_xoinEM6w=/0x0/filters:format(png)/pic5226861.png,https://cf.geekdo-images.com/h0c3EJJ9VnqCX5x1FNT1VQ__small/img/sentovAbz5Gl6FOJxUT0s1EQ8e0=/fit-in/200x150/filters:strip_icc()/pic5226861.png,,2,4,30,45,45,,2.1125,4142,"2,3,4",2,10+,No necessary in-game text,0,0,0,0,3,0,0,0,0,,2024-01-13 13:41:54,0,0,7.09853,6.26429,2257,1.23523,1995,Family Game Rank: 564,,,,,,,,,,,,,,,,,,,
359842,136532218,Satchel Quest,Satchel Quest,2026,https://cf.geekdo-images.com/ecdR5AOQzCsn2EfiMtV9SA__original/img/RfNhE5T0AE5svLF8woB5WTtleKQ=/0x0/filters:format(png)/pic8941219.png,https://cf.geekdo-images.com/ecdR5AOQzCsn2EfiMtV9SA__small/img/qa8aU9LYpYRDH6l0nxoLmDYvfGo=/fit-in/200x150/filters:strip_icc()/pic8941219.png,,1,4,60,0,60,,2,41,1,1,10,,0,1,0,0,3,0,0,0,0,,2025-09-17 20:14:59,0,0,7.25194,0,24,1.70088,0,,Kickstarter,2025-09-17,,89,USD,,,,,,,,,,,,,,Deluxe with wooden bits add on
118215,145754330,Sausage Sizzle!,Sausage Sizzle!,2012,https://cf.geekdo-images.com/vGdABxf00j0XrgbCKM7sAA__original/img/sfhxbSpKlb-Ss8kvX29h_uWEeXo=/0x0/filters:format(jpeg)/pic8144355.jpg,https://cf.geekdo-images.com/vGdABxf00j0XrgbCKM7sAA__small/img/A6fNNGa0BhEpJ8yX15JKpjJFXFU=/fit-in/200x150/filters:strip_icc()/pic8144355.jpg,,2,5,15,15,15,,1.05,1939,"2,3,4",2,6+,No necessary in-game text,0,0,0,0,3,0,0,0,0,,2026-05-22 20:45:59,1,5,6.53371,5.82915,1147,1.46936,4498,Family Game Rank: 1418,,,,,,,,,,,,,,,,,,,
339484,83231554,Savannah Park,Savannah Park,2021,https://cf.geekdo-images.com/D7UzjghUmmKWXiiGt3rUcA__original/img/slTwvhxSaiasMT3wQswcpDGTtE0=/0x0/filters:format(jpeg)/pic6202222.jpg,https://cf.geekdo-images.com/D7UzjghUmmKWXiiGt3rUcA__small/img/Y24B-tNoz7UvzbpPit7J3QORZPg=/fit-in/200x150/filters:strip_icc()/pic6202222.jpg,,1,4,20,40,40,,1.7719,4310,"1,2,3,4","2,3",8+,No necessary in-game text,0,0,0,0,3,0,0,0,1,,2024-09-28 19:46:00,1,7,7.02604,6.24107,2263,1.0725,2077,Family Game Rank: 603,Game Preserve,2023-05-30,2024-09-14,20,USD,4,USD,Sold Indy Spiel,Only played once.  Like New Condition,,,,,,,,Check out at GecnCon 2021,,"Sold at Indy Spiel 2024 for $4 to Brian Current 

Listed on BGG Marketplace 2024-08-20 for $15"
402871,111924689,SAW: The Jigsaw Trials,SAW: The Jigsaw Trials,2024,https://cf.geekdo-images.com/q95NbeKLxxYIB93GV17t4w__original/img/gxhQ7GoxgDH4dSV1b-2bamW5its=/0x0/filters:format(jpeg)/pic8259222.jpg,https://cf.geekdo-images.com/q95NbeKLxxYIB93GV17t4w__small/img/dQX_fa5uxC3utjWRhzppmVCb07U=/fit-in/200x150/filters:strip_icc()/pic8259222.jpg,,1,6,40,120,120,,2,333,"2,3",3,18+,Some necessary text - easily memorized or small crib sheet,1,0,0,0,3,1,0,0,0,1,2026-05-31 21:16:09,0,0,6.57135,5.52128,89,2.18658,18990,,KS,2023-10-31,2024-07-29,79,USD,,,,,,,,,,,,,,"[2-Resident]
Deluxe version with severed hand"
33604,53034183,Say Anything,Say Anything,2008,https://cf.geekdo-images.com/6yVHs8Xa9H3-10ls3H8Ojw__original/img/hg5lb99W9JM_PrIGvXDNdggABck=/0x0/filters:format(jpeg)/pic4222162.jpg,https://cf.geekdo-images.com/6yVHs8Xa9H3-10ls3H8Ojw__small/img/jdn7CE0vyWV6bDOKhMlAxtTA71M=/fit-in/200x150/filters:strip_icc()/pic4222162.jpg,,3,8,30,30,30,,1.0929,10986,"4,5,6,7,8","6,7,8",10+,Extensive use of text - massive conversion needed to be playable,1,0,0,0,3,0,0,0,0,,2026-05-31 21:16:30,3,7,6.69485,6.34553,6410,1.35588,1724,Party Game Rank: 125,Father’s Day Gift,2019-06-17,,20,USD,,,,,,,,,,,,"2018 Gen Con
Party Game",,"[3-Transient]
PP Estimate"
244330,53135766,Scarabya,Scarabya,2018,https://cf.geekdo-images.com/A500elGdm1iBXS_9bicmpA__original/img/CpPwvl-c0_oDPM2m0noKBTMYGcY=/0x0/filters:format(png)/pic4177701.png,https://cf.geekdo-images.com/A500elGdm1iBXS_9bicmpA__small/img/65LofPGLyRB-YLNOKCJRBTcl7dQ=/fit-in/200x150/filters:strip_icc()/pic4177701.png,,1,4,15,20,20,,1.375,2585,"1,2,3,4","2,4",6+,No necessary in-game text,0,0,0,0,4,0,0,0,1,,2024-08-07 21:22:16,3,5,6.51083,5.86865,1418,1.23828,4139,Family Game Rank: 1306,Gen Con,2018-08-03,2024-07-31,25,USD,3,USD,GenCon 2024 Auction / Store,,,,,,,,,2018 Gen Con,,"PP Estimate
Sold for $3 GenCon 2024 Store"
324090,83204532,Scarface 1920,Scarface 1920,2023,https://cf.geekdo-images.com/b0HXxXK40QsTwSxynD2DDA__original/img/ZgJTGjdDj2CkmYUxNklvYC9q2Yc=/0x0/filters:format(jpeg)/pic5926553.jpg,https://cf.geekdo-images.com/b0HXxXK40QsTwSxynD2DDA__small/img/dPCm4RXyLyc4kz1m15R5fbko8jM=/fit-in/200x150/filters:strip_icc()/pic5926553.jpg,,1,4,90,150,150,,3.8268,4654,"1,2,3,4",3,14+,Moderate in-game text - needs crib sheet or paste ups,0,0,0,0,2,0,0,0,0,,2024-10-01 18:47:01,0,0,7.9163,6.62815,2507,1.63613,1050,Thematic Rank: 180; Strategy Game Rank: 565,,,,,,,,,,,,,,,,,"KS June 21
Gangster theme with cool minis
Different than Godfather?

This vs the Vesuvius Ometa game…. This looks much better",,
15889,100030513,Scopa,Scopa,1600,https://cf.geekdo-images.com/xL19yZVC6MEcUuyFvLaT5g__original/img/zZ8DQs5y260L73X1-DoWFkoOvrc=/0x0/filters:format(png)/pic8831024.png,https://cf.geekdo-images.com/xL19yZVC6MEcUuyFvLaT5g__small/img/GGruf0Yl0VSCsCikl0MSmj0MBXw=/fit-in/200x150/filters:strip_icc()/pic8831024.png,,2,6,30,30,30,,1.4699,2484,"2,3,4",4,6+,No necessary in-game text,1,0,0,0,3,0,0,0,0,,2026-05-31 16:20:21,6,10,6.62299,5.8893,1344,1.63015,3965,Family Game Rank: 1275,,,,0.0001,USD,,,,,,,,,,,,,We own a couple decks of Italian (Sicilian) playing cards for Scopa,"[1-Permanent]
Rules free online.  Purchasd decks of Sicilian Cards via Amazon"
256669,85724204,Scorpius Freighter,Scorpius Freighter,2018,https://cf.geekdo-images.com/bS-Yb_S4EMEDf4m1WQPg0w__original/img/uK4jGujfzbou2iLT_mh49RhhN7k=/0x0/filters:format(jpeg)/pic4223961.jpg,https://cf.geekdo-images.com/bS-Yb_S4EMEDf4m1WQPg0w__small/img/ZJAhQH-HUzc-aivxeGgf1ZcbcZQ=/fit-in/200x150/filters:strip_icc()/pic4223961.jpg,,2,4,45,75,75,,2.375,1495,"2,3,4",3,10+,Moderate in-game text - needs crib sheet or paste ups,0,0,0,0,3,0,0,0,1,1,2025-08-03 20:46:26,0,0,6.89189,5.83068,737,1.24926,4482,Strategy Game Rank: 1827,AEG Big Game Night GenCon 2021,2021-09-17,2025-07-08,0.0001,USD,,,GenCon Store / Auction 2025,NIS,,,,,,,,Listed $10 OctoCon,,Included with AEG Big Game Night
291453,98630690,SCOUT,SCOUT,2019,https://cf.geekdo-images.com/cf0xxkevbwTGF3VUZymKjg__original/img/vkElrRCPJxy7Q3TH9olpq20egA4=/0x0/filters:format(png)/pic6398727.png,https://cf.geekdo-images.com/cf0xxkevbwTGF3VUZymKjg__small/img/NUcMdmZ3_eA1YfIwL8iRgkZKaHw=/fit-in/200x150/filters:strip_icc()/pic6398727.png,,2,5,20,20,20,,1.3891,55090,"3,4,5",4,8+,No necessary in-game text,1,0,0,0,1,0,0,0,0,,2026-05-31 16:07:49,13,10,7.7862,7.58112,28201,1.18862,106,Family Game Rank: 13,Cardhaus,2022-11-13,,23.95,USD,,,,,,,,,,,,,,[2-Resident]
320,105116930,Scrabble,Scrabble,2005,https://cf.geekdo-images.com/1mNptEsL-qywHG0h7G2sgQ__original/img/z6y5ZbrlYJ2jIZAGeKPvAGk6ROU=/0x0/filters:format(jpeg)/pic372411.jpg,https://cf.geekdo-images.com/1mNptEsL-qywHG0h7G2sgQ__small/img/xFvpSYqBR-ybukdxEoZhWh7Ylss=/fit-in/200x150/filters:strip_icc()/pic372411.jpg,,2,4,90,90,90,,2.0511,71809,"2,3,4",2,10+,Unplayable in another language,1,0,0,0,3,0,0,0,0,,2026-05-31 21:16:42,1,7,6.27424,6.14982,35387,1.61269,2429,Family Game Rank: 989,,,,,,,,,,,,,Parker Brothers,English,2005,Parker Brothers English Vintage Collection edition (Target exclusive),,,[2-Resident]
385799,136893066,Scram!,Scram!,2023,https://cf.geekdo-images.com/fk2wYp7_ZcLJ6ogWvB2-1w__original/img/xUzRyWOYXUjNTIfMfHxuEwlG348=/0x0/filters:format(png)/pic7477795.png,https://cf.geekdo-images.com/fk2wYp7_ZcLJ6ogWvB2-1w__small/img/6DIrOU2tvdhFmNRKxBfLF93Gbis=/fit-in/200x150/filters:strip_icc()/pic7477795.png,,3,6,30,30,30,,1.4545,1669,"4,6","4,6",8,Some necessary text - easily memorized or small crib sheet,1,0,0,0,3,1,0,0,0,,2026-05-31 20:02:00,0,0,6.9575,5.7539,518,1.38836,5394,,Indy Spiel - Scott McColgin,2025-09-29,2025-10-03,5,USD,,,,,,,,,,,,,,[4-Evaluate]
169786,63763987,Scythe,Scythe,2016,https://cf.geekdo-images.com/7k_nOxpO9OGIjhLq2BUZdA__original/img/HlDb9F365w0tSP8uD1vf1pfniQE=/0x0/filters:format(jpeg)/pic3163924.jpg,https://cf.geekdo-images.com/7k_nOxpO9OGIjhLq2BUZdA__small/img/eQ69OEDdjYjfKg6q5Navee87skU=/fit-in/200x150/filters:strip_icc()/pic3163924.jpg,,1,5,115,115,115,,3.4537,128571,"1,2,3,4,5",4,12+,Moderate in-game text - needs crib sheet or paste ups,1,0,0,0,3,0,0,0,0,,2026-05-31 21:16:51,3,9,8.10007,7.94432,93433,1.45836,26,Strategy Game Rank: 27,Christmas Gift,2019-12-25,,99,USD,,,,,,,,,,,,,,"[2-Resident]
PP Estimate"
242277,73764702,Scythe: The Rise of Fenris,Scythe: The Rise of Fenris,2018,https://cf.geekdo-images.com/GRp__UYY-wM-i2fg4Qzefw__original/img/XJgcyfvPBsrxdew_vyvf96MUK6I=/0x0/filters:format(jpeg)/pic3911078.jpg,https://cf.geekdo-images.com/GRp__UYY-wM-i2fg4Qzefw__small/img/qLl_YEnA_TiXfhinS8yqAARKUFY=/fit-in/200x150/filters:strip_icc()/pic3911078.jpg,,1,5,75,150,150,,3.4248,31919,"1,2,3,4,5",4,14+,Extensive use of text - massive conversion needed to be playable,0,0,0,0,3,0,0,0,1,1,2024-07-14 20:18:04,0,0,8.693,7.92601,8291,1.29991,0,,GameNerdz,2020-08-20,,29.97,USD,25,USD,Sold,,,,,,,,,,,"Sold on BGG Marketplace for $25 to whiplash on 2023-12-21 
Listed on BGG GeekMarket on 2023-11-25 for $25"
374895,110584107,Sea Dragons,Sea Dragons,2023,https://cf.geekdo-images.com/WkjV3BH8FFALJlY00I9Fmw__original/img/RjzYvFUdIjw-YczQ117xWO_Sl1o=/0x0/filters:format(png)/pic7351238.png,https://cf.geekdo-images.com/WkjV3BH8FFALJlY00I9Fmw__small/img/c7gAExxfE-rgVCE04__7wziLz8M=/fit-in/200x150/filters:strip_icc()/pic7351238.png,,2,5,30,45,45,,1.9762,2589,"2,3,4,5",4,8+,No necessary in-game text,1,0,0,0,3,0,0,0,0,,2026-05-31 21:17:09,2,7,7.3304,6.1065,1279,1.19717,2624,Abstract Game Rank: 78; Family Game Rank: 777,KS,2024-02-29,2024-07-13,38,USD,,,,,,,,,,,,"Luciani
Essen 23",,[3-Transient]
367220,109407845,Sea Salt & Paper,Sea Salt & Paper,2022,https://cf.geekdo-images.com/CIh_rXKoRw9z8K0PJxT8nQ__original/img/AX2wyHhWFgVh5OArXAjVHY-nFZg=/0x0/filters:format(jpeg)/pic6973911.jpg,https://cf.geekdo-images.com/CIh_rXKoRw9z8K0PJxT8nQ__small/img/Jh6NjibuHeYrZtSsAUXq82B1fTQ=/fit-in/200x150/filters:strip_icc()/pic6973911.jpg,,2,4,30,45,45,,1.4767,48534,"2,3,4",2,8+,No necessary in-game text,1,0,0,0,3,0,0,0,0,,2026-05-31 16:34:04,15,8,7.50707,7.26465,22744,1.28787,258,Family Game Rank: 48,Cardhaus,2023-08-19,2023-09-23,12,USD,,,,,,,,,,,,,,"[1-Permanent]
"
442250,133141441,Sea Salt & Paper: Extra Pepper,Sea Salt & Paper: Extra Pepper,2025,https://cf.geekdo-images.com/cJNYlNxgzUOj59rYOKUC8g__original/img/MOVm4qZbZrkQN7_AqBfGm-BMsEQ=/0x0/filters:format(png)/pic8822830.png,https://cf.geekdo-images.com/cJNYlNxgzUOj59rYOKUC8g__small/img/uQwYaaNlYpC51BLyuL95u5FhYKo=/fit-in/200x150/filters:strip_icc()/pic8822830.png,,2,4,30,45,45,,1.4211,7091,"2,3,4",2,8+,No necessary in-game text,1,0,0,0,1,0,0,0,0,,2025-07-31 19:14:31,0,0,8.02845,6.24613,1034,1.26122,0,,GenCon,2025-07-31,2025-07-31,10,,,,,,,,,,,,,,,
396545,113120228,Sea Salt & Paper: Extra Salt,Sea Salt & Paper: Extra Salt,2023,https://cf.geekdo-images.com/9jDNDtPC0s-eATSWly8oEg__original/img/5PL-OXwTjbWiYiDCPdhJa5j_E8Q=/0x0/filters:format(jpeg)/pic7731597.jpg,https://cf.geekdo-images.com/9jDNDtPC0s-eATSWly8oEg__small/img/qGTssy-U4rf5zTilJPd3nl3c1Nk=/fit-in/200x150/filters:strip_icc()/pic7731597.jpg,,2,4,30,45,45,,1.4333,15669,"2,3,4",2,8+,No necessary in-game text,1,0,0,0,1,0,0,0,0,,2024-01-27 14:06:48,0,0,7.79198,6.78559,3176,1.20845,0,,Cardhaus,2024-01-25,2024-01-27,5.65,USD,,,,,,,,,,,,,,
406660,119826587,Seaside,Seaside,2024,https://cf.geekdo-images.com/kRGRCtnIof68GRLRy4A9Xw__original/img/iFiUgWZJx5glSg3VVqq16px_pHc=/0x0/filters:format(jpeg)/pic7990519.jpg,https://cf.geekdo-images.com/kRGRCtnIof68GRLRy4A9Xw__small/img/8Zq9Mdpg_QKlemYPhKUJRdPUntw=/fit-in/200x150/filters:strip_icc()/pic7990519.jpg,,1,5,20,20,20,,1.2162,3740,"2,3,4,5",2,8+,No necessary in-game text,1,0,0,0,3,0,0,0,0,1,2026-05-31 21:17:20,5,7,7.10003,6.12023,1546,1.21741,2569,Family Game Rank: 767,B&N,2024-12-27,2024-12-27,21,USD,,,,,,,,,,,,Looks like a fun simple draw and choose game,,[2-Resident]
415981,120031002,Seers Catalog,Seers Catalog,2024,https://cf.geekdo-images.com/ASfodd97x0-Y0i3JG29Pfg__original/img/N2xlFQ5k3P7p4LZOIAbnTQaSkTw=/0x0/filters:format(jpeg)/pic8074402.jpg,https://cf.geekdo-images.com/ASfodd97x0-Y0i3JG29Pfg__small/img/xFFFPGA0pS1MuN_Cj1ZV0Map1T8=/fit-in/200x150/filters:strip_icc()/pic8074402.jpg,,2,5,30,45,45,,2,1958,"2,3,4,5",4,10+,Some necessary text - easily memorized or small crib sheet,0,0,0,0,3,0,0,0,1,1,2025-05-14 20:26:59,1,6,6.87151,5.86089,812,1.44494,4190,,GenCon 2024,2024-08-01,2024-08-01,15,USD,,,,,,,,,,,,2024 GenCon.  Card Shedding… Scout like,,Gave to Adam West
425210,121743005,Seers Catalog: Lyin' Werewolf Promo Card,Seers Catalog: Lyin' Werewolf Promo Card,2024,https://cf.geekdo-images.com/pzHBtgMn_Aq7GFcF710exQ__original/img/4rA5NBfVwSQ3B5nwc14ktaOzwFk=/0x0/filters:format(png)/pic8383125.png,https://cf.geekdo-images.com/pzHBtgMn_Aq7GFcF710exQ__small/img/XMxEoNN0SHbM_jQkabHx4HJY6qM=/fit-in/200x150/filters:strip_icc()/pic8383125.png,,2,5,45,45,45,,0,108,,,,,0,0,0,0,3,0,0,0,1,,2026-04-25 20:57:22,0,0,6.89545,0,11,1.92949,0,,GenCon 2024,2024-08-01,2024-08-01,,,,,,,,,,,,,,,,In Base Game Box
247143,52553511,Senshi,Senshi,2018,https://cf.geekdo-images.com/b504Zx4e9U_YWKS-zwvgfg__original/img/vOzEJyZfH22n-ZskrU4FCbvrvW0=/0x0/filters:format(png)/pic4001950.png,https://cf.geekdo-images.com/b504Zx4e9U_YWKS-zwvgfg__small/img/LSSeKlT-UxfsHRvJM41iigVE2h8=/fit-in/200x150/filters:strip_icc()/pic4001950.png,,2,4,15,20,20,,1.8333,1025,"2,3,4",3,8+,No necessary in-game text,1,0,0,0,4,0,0,0,0,,2026-05-31 21:17:32,3,7,6.14716,5.60301,472,1.4367,9282,,Coolstuff Inc,2018-08-27,,10,USD,,,,,,,,,,,,2018 Gen Con,,[3-Transient]
223855,43573998,Sentient,Sentient,2017,https://cf.geekdo-images.com/eDqdU_pgrUIjMotmpgnpzA__original/img/_0H_gGcpI_Qnp2yE9OUiZXUsatc=/0x0/filters:format(jpeg)/pic8793021.jpg,https://cf.geekdo-images.com/eDqdU_pgrUIjMotmpgnpzA__small/img/pwomEFilFvj6ExjtPsSp1cGAKQY=/fit-in/200x150/filters:strip_icc()/pic8793021.jpg,,1,4,30,60,60,,2.2182,3570,"2,3,4",3,10+,Some necessary text - easily memorized or small crib sheet,1,0,0,0,4,0,0,0,0,,2026-05-31 21:17:43,8,9,7.17343,6.40975,2851,1.21,1559,Strategy Game Rank: 836,Gen Con,2017-08-17,,40,USD,,,,,,,,,,,,"Gen Con 2017
Might be complicated",,"[1-Permanent]
PP Estimate"
2375,32020422,Sequence,Sequence,1982,https://cf.geekdo-images.com/VosGBqkOjkhgC2QFS1o3_g__original/img/ZIc1p75HIEOIwtKy9ZIHsP2l0zQ=/0x0/filters:format(jpeg)/pic212893.jpg,https://cf.geekdo-images.com/VosGBqkOjkhgC2QFS1o3_g__small/img/PNwWrQIQNo757BtoW6Hniy3P-cw=/fit-in/200x150/filters:strip_icc()/pic212893.jpg,,2,12,10,30,30,,1.3055,29686,"2,3,4,6","3,4",6+,No necessary in-game text,1,0,0,0,3,0,0,0,0,,2026-05-31 21:17:48,2,5,6.18561,5.97641,12367,1.51736,3335,Family Game Rank: 1286,,,,,,,,,,,,,,,,,,,[2-Resident]
1198,59299884,SET,SET,1988,https://cf.geekdo-images.com/uEtWO_Ag8OxbG6NkSZbH6A__original/img/io2YlTwg9Be3eNt5BgWOsvpjPVU=/0x0/filters:format(png)/pic7627182.png,https://cf.geekdo-images.com/uEtWO_Ag8OxbG6NkSZbH6A__small/img/wElABDsqOCR3YjI1nInQqeNa-Lk=/fit-in/200x150/filters:strip_icc()/pic7627182.png,,1,20,30,30,30,,1.6499,26493,"1,2,3,4,5,6,7,8","3,4",6+,No necessary in-game text,1,0,0,0,2,0,0,0,0,,2026-05-31 21:17:52,5,8,6.50958,6.29562,14229,1.58762,1885,Abstract Game Rank: 168; Family Game Rank: 711,Amazon,2019-03-23,,10,USD,,,,,,,,,,,,Gianna would love this game,,[2-Resident]
34583,82061485,Set Cubed,Set Cubed,2008,https://cf.geekdo-images.com/Xj4vLJMSjFzgTI1BP7y1KQ__original/img/NUCDqfNNky-YdQXtiPF0ZTT-0GQ=/0x0/filters:format(jpeg)/pic419532.jpg,https://cf.geekdo-images.com/Xj4vLJMSjFzgTI1BP7y1KQ__small/img/7YSuD0lzOsmlnu7aTIrNRqjujlc=/fit-in/200x150/filters:strip_icc()/pic419532.jpg,,2,4,30,30,30,,1.9286,1210,"2,3,4","2,3",6+,No necessary in-game text,1,0,0,0,3,0,0,0,0,,2026-05-31 21:18:15,1,6,5.30023,5.47002,430,1.49835,29595,Abstract Game Rank: 1407,,,,10,USD,,,,,,,,,,,,,,"[2-Resident]
PP Estimate"
418059,127551237,SETI: Search for Extraterrestrial Intelligence,SETI: Search for Extraterrestrial Intelligence,2024,https://cf.geekdo-images.com/_BUXOVRDU9g_eRwgpR5ZZw__original/img/28ob2JiASW8iX8XoVzp5Y25-h24=/0x0/filters:format(jpeg)/pic8160466.jpg,https://cf.geekdo-images.com/_BUXOVRDU9g_eRwgpR5ZZw__small/img/icamIZ4nP3HHH3vczZqTr1hQgKY=/fit-in/200x150/filters:strip_icc()/pic8160466.jpg,,1,4,40,160,160,,3.83,31169,"1,2,3,4",3,14+,Moderate in-game text - needs crib sheet or paste ups,1,0,0,0,3,0,0,0,0,,2026-05-31 16:21:08,2,10,8.41615,8.03116,19811,1.27283,16,Strategy Game Rank: 12,GeekMarket - MayberryNut,2025-01-07,2025-01-14,69,USD,,,,,,,,,,,,,,"[2-Resident]
"
445048,133885419,SETI: Space Agencies,SETI: Space Agencies,2025,https://cf.geekdo-images.com/JMLgq_A4OE_dX423FeFcPA__original/img/75BD_5fAbW6gCvFOKSefCQpKNeY=/0x0/filters:format(png)/pic8857305.png,https://cf.geekdo-images.com/JMLgq_A4OE_dX423FeFcPA__small/img/L0iyv7R4pYVqA6KX5Ox6RNnpugk=/fit-in/200x150/filters:strip_icc()/pic8857305.png,,1,4,40,160,160,,3.8125,7973,"1,2,3,4",3,14+,Moderate in-game text - needs crib sheet or paste ups,0,0,0,0,1,0,0,0,0,,2026-01-01 15:15:00,0,0,8.8598,6.81738,1618,1.16689,0,,,,,,,,,,,,,,,,,,,,
379110,123698182,SETUP,SETUP,2023,https://cf.geekdo-images.com/NoW_LtElWsbciuexNetqfQ__original/img/RZJDNmi3g2i26qLhN_7tMZsX9D0=/0x0/filters:format(png)/pic7402245.png,https://cf.geekdo-images.com/NoW_LtElWsbciuexNetqfQ__small/img/5W2kgQhgHDWhaBv3-q5RxV5OOJw=/fit-in/200x150/filters:strip_icc()/pic7402245.png,,2,4,20,25,25,,1.2143,980,"2,3,4",4,8+,No necessary in-game text,1,0,0,0,3,0,0,0,0,1,2026-05-31 21:18:36,0,0,6.12091,5.61963,617,1.31083,8513,,Indy Spiel Raffle,2024-09-28,2024-09-28,,,,,,,,,,,,,,,,[2-Resident]
98085,77837861,Seven Dragons,Seven Dragons,2011,https://cf.geekdo-images.com/Qc-1nXLd7Zpl2kpX1ga3Bg__original/img/Ee7DlC9nZTtHXA5TfqfEKEvTS18=/0x0/filters:format(jpeg)/pic1022004.jpg,https://cf.geekdo-images.com/Qc-1nXLd7Zpl2kpX1ga3Bg__small/img/AhwFa5lK5OuIhieeQ56KZrR09e8=/fit-in/200x150/filters:strip_icc()/pic1022004.jpg,,2,5,10,30,30,,1.2925,4203,"2,3,4,5",4,6+,Some necessary text - easily memorized or small crib sheet,0,0,0,0,3,0,0,0,0,,2023-02-25 22:39:40,0,0,6.275,5.83175,2135,1.38897,4474,Family Game Rank: 1482,,,,,,,,,,,,,,,,,,,
408180,133398235,Shackleton Base: A Journey to the Moon,Shackleton Base: A Journey to the Moon,2024,https://cf.geekdo-images.com/XE4S_nXyHVvld2BOrDmA7Q__original/img/-QciIr30xD5cVmYZVZ_VwuigwSQ=/0x0/filters:format(jpeg)/pic7897060.jpg,https://cf.geekdo-images.com/XE4S_nXyHVvld2BOrDmA7Q__small/img/DAbZgOJbckBSg9Qq8rpdEhzpq_I=/fit-in/200x150/filters:strip_icc()/pic7897060.jpg,,1,4,60,120,120,,3.9295,6880,"2,3,4",3,14+,Some necessary text - easily memorized or small crib sheet,0,0,0,0,3,0,0,0,0,,2025-08-12 18:55:45,0,0,8.0108,7.06723,4101,1.22363,426,Strategy Game Rank: 221,,,,,,,,,,,,,,,,,"GenCon 2025
Big game… check it out but likely not to buy",,
154510,32333197,Shadows of Malice,Shadows of Malice,2019,https://cf.geekdo-images.com/V4SLubXAI3g8OImC2ZTJUg__original/img/Hcgj5COwKpAKGwbtVt0ougp3ths=/0x0/filters:format(jpeg)/pic6446722.jpg,https://cf.geekdo-images.com/V4SLubXAI3g8OImC2ZTJUg__small/img/187p6cZNO5arPtZH-ugAiK_SqMM=/fit-in/200x150/filters:strip_icc()/pic6446722.jpg,,1,8,120,120,120,,3.1842,1123,"1,2,3,4",1,14+,Some necessary text - easily memorized or small crib sheet,1,0,0,0,2,0,0,0,0,,2026-05-31 21:18:47,0,0,7.18013,5.73893,471,1.77643,5604,Thematic Rank: 919,Gift from Jim Felli,2019-09-26,,0.0001,USD,,,,,,,,Devious Weasel Games,English,2019,"English edition, second printing",2019 Gen Con FOR SALE (2nd ed),,[2-Resident]
434870,132738449,Shallow Regrets,Shallow Regrets,2025,https://cf.geekdo-images.com/doymdy9lSftznRpufRMg_g__original/img/45aAXkRO9hrS8Wddf_YYCTLwNMQ=/0x0/filters:format(png)/pic8652897.png,https://cf.geekdo-images.com/doymdy9lSftznRpufRMg_g__small/img/6Bn-pshmYqtK53_YV8LVqMLhNsU=/fit-in/200x150/filters:strip_icc()/pic8652897.png,,2,3,15,15,15,,1.5714,2124,"1,2,3",2,8+,Moderate in-game text - needs crib sheet or paste ups,0,0,0,0,3,0,0,0,0,,2025-11-07 12:08:06,0,0,6.99095,5.69709,398,1.22435,6370,,,,,,,,,,,,,,,,,,,,
428440,127443017,Shallow Sea,Shallow Sea,2025,https://cf.geekdo-images.com/i8ohLkXX_9a7uTWZ7l7Kqw__original/img/c31fP3gybQhdurmnwK4730KGmoE=/0x0/filters:format(jpeg)/pic8418427.jpg,https://cf.geekdo-images.com/i8ohLkXX_9a7uTWZ7l7Kqw__small/img/rzLUb9DW7cT08eLQwF1i9GClnB8=/fit-in/200x150/filters:strip_icc()/pic8418427.jpg,,1,4,30,45,45,,2.1915,2926,"1,2,3,4",2,8+,No necessary in-game text,0,0,1,1,2,0,0,0,0,,2025-12-15 09:18:41,0,0,7.91066,6.32387,1300,1.12502,1792,Family Game Rank: 445,,,,,,,,,,,,,,,,,"Mike d most anticipated 2025. Looks like a cool puzzle type game.
Cascadia with fish",,
302280,85702833,Shifting Stones,Shifting Stones,2020,https://cf.geekdo-images.com/plgpLHkEWQX2cMvSzzLyew__original/img/TssEUQXq-FcbW-ubkMJGvPLCfDA=/0x0/filters:format(jpeg)/pic5238602.jpg,https://cf.geekdo-images.com/plgpLHkEWQX2cMvSzzLyew__small/img/lqX8fIQ0z7sU_Kc9WXjRaau9OTo=/fit-in/200x150/filters:strip_icc()/pic5238602.jpg,,1,5,20,20,20,,1.1746,5074,"1,2,3,4",2,8+,No necessary in-game text,1,0,0,0,3,0,0,0,0,1,2026-05-31 21:18:57,10,8,6.51676,6.03697,2986,1.41986,2984,Family Game Rank: 1008,GenCon 2021,2021-09-17,,15,USD,,,Angie Game,,,,,,,,,,,[2-Resident]
393179,110584122,Shipyard (Second Edition),Shipyard (Second Edition),2023,https://cf.geekdo-images.com/KI_9cZKyYhbmkKyaUzag4A__original/img/k0AFyPoq6jLCLgRYVqT5-i0ZFOI=/0x0/filters:format(jpeg)/pic7692151.jpg,https://cf.geekdo-images.com/KI_9cZKyYhbmkKyaUzag4A__small/img/Hr4JtXtHueTQd5IvY9q7QMRW81c=/fit-in/200x150/filters:strip_icc()/pic7692151.jpg,,1,4,40,120,120,,3.2759,2242,"1,2,3,4",2,14+,No necessary in-game text,0,0,0,0,3,0,0,0,0,,2025-08-12 19:00:25,0,0,7.44279,5.99976,831,1.24567,3182,Strategy Game Rank: 1419,,,,,,,,,,,,,,,,,"Suchy - cool components 
Essen 23",,
196379,53369022,Shit Happens,Shit Happens,2016,https://cf.geekdo-images.com/-DIfXIDpTWS7m3J9yg87oQ__original/img/q1U4KRwR5wuLY9QGhOhoU_GyMrM=/0x0/filters:format(jpeg)/pic3943080.jpg,https://cf.geekdo-images.com/-DIfXIDpTWS7m3J9yg87oQ__small/img/SB8g7W1Zh3o4V9M1o1s4xMpGgTU=/fit-in/200x150/filters:strip_icc()/pic3943080.jpg,,2,8,20,60,60,,1.0526,5045,"3,4,5,6,7,8","4,6",16+,Unplayable in another language,1,0,0,0,3,0,0,0,0,,2026-05-31 21:19:04,6,8,5.27855,5.37079,2019,1.74625,30523,Party Game Rank: 945,Gen Con,2018-08-05,,20,USD,,,Lakehouse,,,,,,,,,,,"[2-Resident]
PP Estimate"
187480,58244951,SHOOTERZ,SHOOTERZ,2014,https://cf.geekdo-images.com/2SyCOMS9NwIVf4WjOmESvA__original/img/iT7jSiOOKuHih8UO9gD7Dgo75XI=/0x0/filters:format(jpeg)/pic2745115.jpg,https://cf.geekdo-images.com/2SyCOMS9NwIVf4WjOmESvA__small/img/1e6g5HLID97sERNaOnaAvE7da4k=/fit-in/200x150/filters:strip_icc()/pic2745115.jpg,,2,2,20,30,30,,1,51,,,8+,,1,0,0,0,3,0,0,0,0,,2026-05-31 21:19:13,1,6,6.3,0,15,2.18937,0,,Kickstarter,2018-10-13,,13,USD,,,,Played once,,,,,,,,,,[3-Transient]
429765,132915656,SILOS,SILOS,2025,https://cf.geekdo-images.com/Pr2GSm_YwtpuF8E21ZwtmQ__original/img/D2lCSE4a5Riym4J7qVLSzZ3tthg=/0x0/filters:format(png)/pic8478387.png,https://cf.geekdo-images.com/Pr2GSm_YwtpuF8E21ZwtmQ__small/img/ooIzS2Q_FjmxX1JlAZhO_9ou0Ng=/fit-in/200x150/filters:strip_icc()/pic8478387.png,,2,4,45,60,60,,2.1429,1292,"2,3,4",3,12+,Moderate in-game text - needs crib sheet or paste ups,0,0,0,0,3,0,0,0,0,,2025-08-07 20:00:14,1,5,7.28812,5.87257,604,1.37538,4100,,,,,,,,,,,,,,,,,,"GenCon 2025
Looks fairly simple fun with a funny theme
BGG Hot Games Room",,
278553,60965082,Silver,Silver,2019,https://cf.geekdo-images.com/e7ii83ya4tVD-4f1E-Alpg__original/img/Rse9-NttkulEmnV-k4cGp9WWAyM=/0x0/filters:format(jpeg)/pic4741826.jpg,https://cf.geekdo-images.com/e7ii83ya4tVD-4f1E-Alpg__small/img/uXIwkF8JqP2mYeK8ZGPHL_GPRrQ=/fit-in/200x150/filters:strip_icc()/pic4741826.jpg,,2,4,30,60,60,,1.7778,4642,"2,3,4","2,4",8+,Moderate in-game text - needs crib sheet or paste ups,1,0,0,0,1,0,0,0,0,,2026-05-31 21:19:19,5,8,7.03971,6.20734,2205,1.48123,2210,Family Game Rank: 668,GenCon,2019-08-01,,23,USD,,,,,,,,,,,,"Origins / Gencon 2019 FOR SALE
Looks aweome",,"[2-Resident]
PP Estimate"
278554,64739208,Silver Bullet,Silver Bullet,2019,https://cf.geekdo-images.com/bfIuuGelSjsjQbuh1gvWYw__original/img/INoMAuppyf04LR1kG-uIobULBc8=/0x0/filters:format(jpeg)/pic4741832.jpg,https://cf.geekdo-images.com/bfIuuGelSjsjQbuh1gvWYw__small/img/YkOnHxwgDigz5zTjXDnNq0DUk-0=/fit-in/200x150/filters:strip_icc()/pic4741832.jpg,,2,4,30,60,60,,1.75,2615,"2,3,4",4,,Moderate in-game text - needs crib sheet or paste ups,0,0,0,0,2,0,0,0,0,,2024-01-08 21:37:54,0,0,7.29196,5.99939,932,1.41434,3186,Family Game Rank: 960,,,,,,,,,,,,,,,,,Next card set for Silver series,,
302926,71446936,Silver Coin,Silver Coin,2020,https://cf.geekdo-images.com/JKZhFPGS7S0GVbJe9Xo0Nw__original/img/hV4-Hc_IP4HYyFK4MLG7Z-V11ZA=/0x0/filters:format(png)/pic5275650.png,https://cf.geekdo-images.com/JKZhFPGS7S0GVbJe9Xo0Nw__small/img/w32uf7CmtlimhDOC3u_AY_maZ3A=/fit-in/200x150/filters:strip_icc()/pic5275650.png,,2,4,30,60,60,,1.9231,1341,"2,3,4",4,,Moderate in-game text - needs crib sheet or paste ups,0,0,0,0,2,0,0,0,0,,2024-01-08 21:38:02,0,0,7.45124,5.79332,434,1.34888,4883,Family Game Rank: 1444,,,,,,,,,,,,,,,,,Next one in the Silver lineup... and its a coin!,,
318098,74366734,Silver Dagger,Silver Dagger,2020,https://cf.geekdo-images.com/9RQMUqOnfpqjI7NThijcmQ__original/img/76WQ5Fyi3HYARv2_p1dS6HtcdZc=/0x0/filters:format(jpeg)/pic5632226.jpg,https://cf.geekdo-images.com/9RQMUqOnfpqjI7NThijcmQ__small/img/HRReLj2RDtlo9cN72p9R6VDqGlI=/fit-in/200x150/filters:strip_icc()/pic5632226.jpg,,2,4,30,60,60,,1.8333,1161,"2,3,4",4,,Moderate in-game text - needs crib sheet or paste ups,0,0,0,0,3,0,0,0,0,,2024-01-08 21:38:05,0,0,7.35472,5.73126,352,1.43729,5742,Family Game Rank: 1663,,,,,,,,,,,,,,,,,,,
294727,67197265,SINS: Rise of Wrath – Battle Pack,SINS: Rise of Wrath – Battle Pack,2020,https://cf.geekdo-images.com/ii-FDGwXBE-RlSJ9xLUKVA__original/img/qqPdeIHCGROV4r-g_LYLTPfIbIc=/0x0/filters:format(jpeg)/pic5961791.jpg,https://cf.geekdo-images.com/ii-FDGwXBE-RlSJ9xLUKVA__small/img/4vaRY2SKUiBIF45TFH_1plUUK6c=/fit-in/200x150/filters:strip_icc()/pic5961791.jpg,,1,6,15,90,90,,2,75,"1,2,3,4",2,14,Moderate in-game text - needs crib sheet or paste ups,0,0,0,0,3,0,0,0,0,,2022-10-11 09:22:37,0,0,5.65517,0,29,2.74836,0,,,,,,,,,,,,,,,,,,"KS Dec 2019.

Looks interesting.  Artwork looks cool.  7 deadly sins.

Bad reviews... poor quality.",,
177877,85035664,SiXeS,SiXeS,2016,https://cf.geekdo-images.com/_JMlMV4NUL2tKp3_h8Wukw__original/img/ooitnajzZSYwY_6myWqVKC68z0U=/0x0/filters:format(png)/pic2791347.png,https://cf.geekdo-images.com/_JMlMV4NUL2tKp3_h8Wukw__small/img/kS_ssW-qRigisMRLbTI6eplVCVk=/fit-in/200x150/filters:strip_icc()/pic2791347.png,,3,8,30,45,45,,1,977,"4,5,6,7,8","6,7",14+,,1,0,0,0,3,0,0,0,0,,2026-05-31 21:19:35,0,0,7.15209,5.72229,387,1.29529,5887,,KS,2021-08-25,,5,USD,,,,,,,,,,,,,,"[3-Transient]
Price Paid is estamiated from

6 for the Road Bundle was $49 and contains:

The Mother Road, Route 66
America's Main Street -- 2 new Travel-Size Route 66 Family Games
Sixes, The Portable Party Game for 6-106 Players and Ages
Dead Man's Chest, the Pint-Sized party game
The Pink Cadillac Expansion to Route 66, The Mother Road
The Great Races, an original roll and write game by Sid Sackson"
408636,133140966,Skara Brae,Skara Brae,2025,https://cf.geekdo-images.com/v10bXNbLAYa5PSrCYTbEUA__original/img/gKXy6q2sPQtjNQPyujo_lfzIDXQ=/0x0/filters:format(png)/pic7906024.png,https://cf.geekdo-images.com/v10bXNbLAYa5PSrCYTbEUA__small/img/OjEhoOb49kU4vpePRba-FNs-gJE=/fit-in/200x150/filters:strip_icc()/pic7906024.png,,1,4,45,60,60,,2.7042,3342,"1,2,3,4",1,12+,No necessary in-game text,0,0,0,0,3,0,0,0,0,,2025-11-07 12:08:15,0,0,7.54841,6.32896,1613,1.19991,1779,Strategy Game Rank: 884,,,,,,,,,,,,,,,,,"GenCon 2025
Shem Phillips - like Ezra & Nehemiah kind of",,
92415,59299936,Skull,Skull,2011,https://cf.geekdo-images.com/GVbKORueiHezUaLfVZKlfQ__original/img/_IQj5yyk9dqRo1x15a9u4qoMDGE=/0x0/filters:format(jpeg)/pic9315848.jpg,https://cf.geekdo-images.com/GVbKORueiHezUaLfVZKlfQ__small/img/SYBZPyB6pEutOcrTDg1KHhjFPR8=/fit-in/200x150/filters:strip_icc()/pic9315848.jpg,,3,6,15,45,45,,1.1139,47220,"3,4,5,6","5,6",8+,No necessary in-game text,1,0,0,0,3,0,0,0,0,,2026-05-31 21:19:58,5,9,7.17113,7.00982,28578,1.40093,496,Party Game Rank: 35,Father’s Day Gift,2019-06-16,,18,USD,,,,,,,,,,,,,,"[1-Permanent]
PP Estimate"
150145,134842466,Skull King,Skull King,2013,https://cf.geekdo-images.com/1qvA21HdRaPYwrn4tGDNaQ__original/img/Vn6PK_Ue5TX14oQ5uau4XICHEJU=/0x0/filters:format(jpeg)/pic8689185.jpg,https://cf.geekdo-images.com/1qvA21HdRaPYwrn4tGDNaQ__small/img/3tBwuRBxhDuhcTvA1g-IjVuUXqY=/fit-in/200x150/filters:strip_icc()/pic8689185.jpg,,2,8,30,30,30,,1.7297,33600,"3,4,5,6","4,5,6",8+,No necessary in-game text,1,0,0,0,3,1,0,0,0,,2026-05-31 21:20:19,1,8,7.52636,7.21062,15691,1.3446,294,Family Game Rank: 56,GenCon,2025-07-31,2025-07-31,20,USD,,,,,,,,,,,,,,"[2-Resident]
Includes Expansion"
449808,134842478,Skull King: Expansion Pack,Skull King: Expansion Pack,2025,https://cf.geekdo-images.com/4syQ3vYw0LEfkrN9CYgB1g__original/img/Hkk05VHBkVpglrWudq-OCDk6dCc=/0x0/filters:format(jpeg)/pic8982812.jpg,https://cf.geekdo-images.com/4syQ3vYw0LEfkrN9CYgB1g__small/img/LiCePYrGTowgl-gib4yquDs5qh4=/fit-in/200x150/filters:strip_icc()/pic8982812.jpg,,2,8,30,60,60,,1.75,784,"3,4,5,6,7,8","3,4",10+,No necessary in-game text,1,0,0,0,3,0,0,0,0,,2025-07-31 19:28:15,0,0,7.88333,5.57431,84,1.82377,0,,GenCon,2025-07-31,2025-07-31,10,USD,,,,,,,,,,,,,,In box
373106,107120077,Sky Team,Sky Team,2023,https://cf.geekdo-images.com/uXMeQzNenHb3zK7Hoa6b2w__original/img/mWOQnkpyYBorh_Y1-0Y2o-ew17k=/0x0/filters:format(jpeg)/pic7398904.jpg,https://cf.geekdo-images.com/uXMeQzNenHb3zK7Hoa6b2w__small/img/WyPClajMWU9lV5BdCXiZnqdZgmU=/fit-in/200x150/filters:strip_icc()/pic7398904.jpg,,2,2,20,20,20,,2.041,65828,2,2,10+,Some necessary text - easily memorized or small crib sheet,1,0,0,0,3,0,0,0,0,,2026-05-31 21:20:34,4,7,8.11987,7.88793,32089,1.15447,33,Thematic Rank: 14; Family Game Rank: 2,Hachette,2023-07-23,2023-10-18,29.99,USD,,,,,,,,,,,,"2023 GenCon Preview
Cool looking 2 player Co-op",,"[3-Transient]
Includes La Guardia card"
298231,95436983,Skyrise,Skyrise,2024,https://cf.geekdo-images.com/wQNNMPNOm43VMYPAPpJdEA__original/img/5sEsH50Uqyix2PZRz1apZ9FLnUk=/0x0/filters:format(jpeg)/pic8160197.jpg,https://cf.geekdo-images.com/wQNNMPNOm43VMYPAPpJdEA__small/img/PArq_lmmLFarfiGUZugKwr_3C8g=/fit-in/200x150/filters:strip_icc()/pic8160197.jpg,,2,4,30,90,90,,2.2421,6989,"2,3,4",4,10+,Some necessary text - easily memorized or small crib sheet,1,0,0,0,3,1,0,0,0,,2026-05-31 21:20:52,2,7,7.66567,6.80977,3807,1.22495,745,Strategy Game Rank: 418,KS,2022-07-01,2024-04-29,75,USD,,,,,,,,,,,,,,[3-Transient]
424829,121743062,Sled Runners of Pekari,Sled Runners of Pekari,2024,https://cf.geekdo-images.com/PKG1wPYQc2CSLaZWos2-YA__original/img/EXkWfgKiFMFWoJdzlZUKdfqoIXc=/0x0/filters:format(jpeg)/pic8309122.jpg,https://cf.geekdo-images.com/PKG1wPYQc2CSLaZWos2-YA__small/img/WkSmDqoC2Z8pilxtFWtPPdQ34SE=/fit-in/200x150/filters:strip_icc()/pic8309122.jpg,,2,6,45,60,60,,0,3,,,,,1,0,0,0,3,1,0,0,0,1,2026-05-31 21:21:09,0,0,6,0,1,0,0,,GenCon 2024,2024-08-01,2024-08-01,40,USD,,,,,,,,,,,,,,[3-Transient]
255984,62755174,Sleeping Gods,Sleeping Gods,2021,https://cf.geekdo-images.com/Zdt8l4oTBpFICsMyNof7Jg__original/img/-okZ810RkA8fKKhIeZyX4cnqmbE=/0x0/filters:format(png)/pic5975244.png,https://cf.geekdo-images.com/Zdt8l4oTBpFICsMyNof7Jg__small/img/71w4Tt3xOnuDEDTCG8ni63QUhVE=/fit-in/200x150/filters:strip_icc()/pic5975244.png,,1,4,60,1200,1200,,3.2624,35782,"1,2,3","1,2",12+,Unplayable in another language,0,0,0,0,4,0,0,0,1,1,2024-07-14 20:18:53,1,8,8.08788,7.68589,15945,1.48196,72,Thematic Rank: 23,KS,,,100,USD,75,USD,Sold,Very Good condition.  Only played once.  This is the KS edition that also contains Sleeping Gods: Tides of Ruin plus 40 Metal Coins (all stored in base game box.,,,,,,,,"Kickstarter Aug 2019
Decided to cancel Turdvang to back this instead.",,"Sold on BGG Marketplace to draxxen on 2023-11-30 for $75

PM DONE 12 Sep 2019
A copy of SLEEPING GODS, the expansion TIDES OF RUIN, and a set of 40 custom metal coins.

Shipping will be charged after the campaign through the pledge manager. See shipping estimates on the campaign page.

INCLUDES:
Sleeping Gods
Sleeping Gods: Tides of Ruin
Sleeping Gods: 40 Metal Coins"
283766,79234002,Sleeping Gods: Tides of Ruin,Sleeping Gods: Tides of Ruin,2021,https://cf.geekdo-images.com/l0BQVDtQ5St4IK2nOO8-gA__original/img/N9lvu7iz02rzv_O9Z1mMqLAXeP4=/0x0/filters:format(jpeg)/pic5908969.jpg,https://cf.geekdo-images.com/l0BQVDtQ5St4IK2nOO8-gA__small/img/K18q5waDJlIXU_Jrrzuh9w2O_qc=/fit-in/200x150/filters:strip_icc()/pic5908969.jpg,,1,4,60,1200,1200,,3.1429,12057,"1,2,3,4",2,12+,Extensive use of text - massive conversion needed to be playable,0,0,0,0,3,0,0,0,1,,2024-07-14 20:18:59,0,0,8.51848,6.49335,1231,1.20755,0,,,,,0.001,USD,,,Sold,In base game box.  No longer have original expansion box,,,,,,,,,,Part of original KS
415836,132976660,Slide,Slide,2024,https://cf.geekdo-images.com/EmV_En4YbBfHUFV3gPSV4w__original/img/X9rigrVNEeCO67v_9ibtMtmGStg=/0x0/filters:format(jpeg)/pic8061461.jpg,https://cf.geekdo-images.com/EmV_En4YbBfHUFV3gPSV4w__small/img/SIZim_U-oYx2hSSEYnzqIDYXpaU=/fit-in/200x150/filters:strip_icc()/pic8061461.jpg,,2,6,15,15,15,,1.1562,2151,"2,3,4,5,6",4,8+,No necessary in-game text,0,0,1,0,3,0,0,0,0,,2025-06-04 17:40:28,0,0,6.37918,5.78818,1238,1.38776,4946,,,,,,,,,,,,,,,,,,"GenCon 2025
6 Players
BGG Hot Games Room",,
285234,68769538,Slip Strike,Slip Strike,2020,https://cf.geekdo-images.com/W_TOGOkYZbTZfLdj9dnCQw__original/img/b2ydnPJiBynuzWDBC9HYvsGDTJU=/0x0/filters:format(jpeg)/pic5467872.jpg,https://cf.geekdo-images.com/W_TOGOkYZbTZfLdj9dnCQw__small/img/Seed3MRUNVRY2NZfpMbNhMtaDNQ=/fit-in/200x150/filters:strip_icc()/pic5467872.jpg,,2,2,10,15,15,,1.3333,343,2,2,,,1,0,0,0,3,0,0,0,0,1,2026-05-31 21:21:26,3,7,6.64341,5.55464,129,1.42175,12753,,KS,2020-02-12,,16,USD,,,Lakehouse,,,,,Junk Spirit Games,English,2020,English edition (orange),,,"[3-Transient]
PM DONE 11 June 2020
One copy of Slip Strike - Orange
-Shipping will be charged after the campaign

INCLUDES:
Slip Strike Orange"
113289,77422909,Snake Oil,Snake Oil,2010,https://cf.geekdo-images.com/XSUSI_i20qf3-n07nbfnRg__original/img/qXy47x5w1r-NGwyTFxfsq5GTKVk=/0x0/filters:format(jpeg)/pic5075755.jpg,https://cf.geekdo-images.com/XSUSI_i20qf3-n07nbfnRg__small/img/pfw5d8ptgmeQa_L4WMOTqgJjNO0=/fit-in/200x150/filters:strip_icc()/pic5075755.jpg,,3,10,20,30,30,,1.1275,6941,"4,5,6,7,8","5,6",10+,Unplayable in another language,0,0,0,0,3,0,0,0,0,,2020-12-22 00:59:23,1,5,6.65348,6.17394,3652,1.54797,2329,Party Game Rank: 162,,,,,,,,,,,,,,,,,,,
337389,88542267,Snakesss,Snakesss,2021,https://cf.geekdo-images.com/IA8aPGqTk0buA0MpmHIlLw__original/img/O6aLeH0mqiyk7aQbUnS4jRrVm1U=/0x0/filters:format(png)/pic6145820.png,https://cf.geekdo-images.com/IA8aPGqTk0buA0MpmHIlLw__small/img/gTPs5hHvH9jHNjGRBQ2oX1beehE=/fit-in/200x150/filters:strip_icc()/pic6145820.png,,4,8,20,20,20,,1.0769,2693,"5,6,7,8",6,12+,Extensive use of text - massive conversion needed to be playable,0,0,0,0,3,0,0,0,1,,2025-08-03 20:46:41,1,6,6.29031,5.71038,911,1.37513,6108,Party Game Rank: 380,Amazon,2021-12-13,2025-07-08,20,USD,,,GenCon Store / Auction 2025,,,,,,,,,Saw on DT Winter thing. Looks like a fun game with family.,,
119432,71768984,Snowdonia,Snowdonia,2012,https://cf.geekdo-images.com/04SK6RPEqcArT_g8wHH2TA__original/img/NoGoAZPF6DQ_GQoBEXD7rnI2Lvk=/0x0/filters:format(jpeg)/pic1430858.jpg,https://cf.geekdo-images.com/04SK6RPEqcArT_g8wHH2TA__small/img/9Ih7C267B9XzDU_z5tFHTF94Dh0=/fit-in/200x150/filters:strip_icc()/pic1430858.jpg,,1,5,30,90,90,,2.9934,5051,"1,2,3,4,5",4,12+,Moderate in-game text - needs crib sheet or paste ups,0,0,0,0,3,0,0,0,0,,2024-01-08 21:39:55,0,0,7.29853,6.73392,5152,1.3327,857,Strategy Game Rank: 500,,,,,,,,,,,,,,,,,,,
329839,101013673,So Clover!,So Clover!,2021,https://cf.geekdo-images.com/8oipK9-ivkn53h7L5U2Yfg__original/img/KtvdQ2mT4ShhUaJekT9IvuOCvv8=/0x0/filters:format(png)/pic6588069.png,https://cf.geekdo-images.com/8oipK9-ivkn53h7L5U2Yfg__small/img/cBKt41XFKkdphyqZItit4EIC45k=/fit-in/200x150/filters:strip_icc()/pic6588069.png,,3,6,30,30,30,,1.1182,20683,"2,3,4,5,6","3,4",10+,Unplayable in another language,0,0,0,0,3,0,0,0,1,,2025-08-10 21:03:43,1,5,7.59076,7.24319,12198,1.23062,272,Party Game Rank: 7,Christmas Gift from Mikey,2022-12-19,2025-05-14,0.001,USD,5,USD,Sold - Indy Spiel,,,,,,,,,,,Sold for $5 at Indy Spiel 
329839,109478501,So Clover!,So Clover!,2021,https://cf.geekdo-images.com/8oipK9-ivkn53h7L5U2Yfg__original/img/KtvdQ2mT4ShhUaJekT9IvuOCvv8=/0x0/filters:format(png)/pic6588069.png,https://cf.geekdo-images.com/8oipK9-ivkn53h7L5U2Yfg__small/img/cBKt41XFKkdphyqZItit4EIC45k=/fit-in/200x150/filters:strip_icc()/pic6588069.png,,3,6,30,30,30,,1.1182,20683,"2,3,4,5,6","3,4",10+,Unplayable in another language,0,0,0,0,3,0,0,0,1,,2025-08-10 21:03:43,1,5,7.59076,7.24319,12198,1.23062,272,Party Game Rank: 7,Christmas Gift,2022-12-25,2022-12-25,,,15,USD,Sold,New in Shrink,,,,,,,,,,Sold for $15 on Geekmarket 2023-09-12 to librariegrrl
365243,96129802,So Wrong It's Right,So Wrong It's Right,2021,https://cf.geekdo-images.com/XMwRWI18d8lLhmwlYfXZ-Q__original/img/-x08jnPFs1G3Jil_1GqWnHnvTdo=/0x0/filters:format(jpeg)/pic9046788.jpg,https://cf.geekdo-images.com/XMwRWI18d8lLhmwlYfXZ-Q__small/img/9FEH51QVs8-1LpVaMcKP7CoyfMo=/fit-in/200x150/filters:strip_icc()/pic9046788.jpg,,3,99,30,30,30,,0,88,,,,,0,0,0,0,3,0,0,0,0,,2023-04-04 13:06:52,0,0,5.4,0,20,0.956556,0,,,,,,,,,,,,,,,,,,Looks dumb enough to be fun while drinking beer,,
287732,124116466,Solar Draft,Solar Draft,2019,https://cf.geekdo-images.com/mwio_zvuIGX3DBDLgJAxxg__original/img/wiFEz4MwS_4nKu3issLQJSGG9ZQ=/0x0/filters:format(png)/pic4922155.png,https://cf.geekdo-images.com/mwio_zvuIGX3DBDLgJAxxg__small/img/1a-MWckFGvZ_kBBaa4wvea8xeOE=/fit-in/200x150/filters:strip_icc()/pic4922155.png,,2,5,20,30,30,,1.9091,586,"2,3,4","2,3,4",10+,Extensive use of text - massive conversion needed to be playable,1,0,0,0,2,1,0,0,0,,2026-05-31 21:21:45,1,7,6.98376,5.69187,355,1.24614,6495,,BGG Marketplace (nysmoke),2024-11-28,2024-12-04,35,USD,,,,,,,,,,,,Cute artwork; fun looking drafting game,,[2-Resident]
329228,104000918,Solar Sphere,Solar Sphere,2022,https://cf.geekdo-images.com/2vrPO05rVkkw6YEDmWa5nA__original/img/xn2BFjzCQU5VZqsNsazxkPYChxY=/0x0/filters:format(jpeg)/pic5920049.jpg,https://cf.geekdo-images.com/2vrPO05rVkkw6YEDmWa5nA__small/img/oN65H6bgAzgGeK__ymFPEo52iaQ=/fit-in/200x150/filters:strip_icc()/pic5920049.jpg,,1,4,60,90,90,,2.697,1414,"1,2,3,4",4,10+,No necessary in-game text,1,0,0,0,3,1,0,0,0,,2026-05-31 21:22:12,1,7,7.06766,5.76134,494,1.31873,5291,Strategy Game Rank: 2019,BGG Marketplace Eric Engelmann,2023-08-03,2023-08-06,32,USD,,,,,,,,,,,,Meeple Town Overview looked good.  Dice placement / resource management. Area Control. Set Collection...  Point Salad,,"[3-Transient]
$69.99 for Solar Storm, Expansions, Solar Spehere and Playmats"
355328,108850629,Solar Sphere: Expansions,Solar Sphere: Expansions,2022,https://cf.geekdo-images.com/cvezxs9590vNmakYEhdHog__original/img/GhwFaMOeRE5GIbKuRwjf3PaZ7oA=/0x0/filters:format(jpeg)/pic6655815.jpg,https://cf.geekdo-images.com/cvezxs9590vNmakYEhdHog__small/img/Pgg3ds8zp_BcRLBGss0EPeOvQyA=/fit-in/200x150/filters:strip_icc()/pic6655815.jpg,,1,5,60,120,120,,3,703,"1,2,3,4,5","3,4",,,1,0,0,0,3,0,0,0,0,,2023-08-06 14:01:56,0,0,7.445,5.54865,60,1.15476,0,,BGG Marketplace Eric Engelmann,2023-08-03,2023-08-06,18,USD,,,,,,,,,,,,,,"$69.99 for Solar Storm, Expansions, Solar Spehere and Playmats"
373926,108850647,Solar Sphere: Kickstarter Promos,Solar Sphere: Kickstarter Promos,2022,https://cf.geekdo-images.com/e2n-2ek0uGLdNxPiDt37Fg__original/img/lQcEYu-iwBJEIBTulnspwnOPYgg=/0x0/filters:format(png)/pic7157955.png,https://cf.geekdo-images.com/e2n-2ek0uGLdNxPiDt37Fg__small/img/aoA8CL8ccgqGAlzmqrr7ExpYIFA=/fit-in/200x150/filters:strip_icc()/pic7157955.png,,1,5,60,90,90,,0,416,,,,No necessary in-game text,1,0,0,0,3,0,0,0,0,,2023-08-06 14:02:06,0,0,7.76667,5.52593,30,1.35236,0,,BGG Maketplace Eric Englemann,2023-08-03,2023-08-06,6,USD,,,,,,,,,,,,,,"$69.99 for Solar Storm, Expansions, Solar Spehere and Playmats"
274037,108850671,Solar Storm,Solar Storm,2020,https://cf.geekdo-images.com/irErlpcjcOjOdRc7a5ftqA__original/img/WF5KMUGIkgicPG_FbGanMfC21dM=/0x0/filters:format(jpeg)/pic4608845.jpg,https://cf.geekdo-images.com/irErlpcjcOjOdRc7a5ftqA__small/img/mJziTE2wwMju6KcbJc2wQI4F96w=/fit-in/200x150/filters:strip_icc()/pic4608845.jpg,,1,4,30,60,60,,2.0667,2725,"1,2,3,4",1,10+,Some necessary text - easily memorized or small crib sheet,0,0,0,0,3,0,0,0,0,,2026-05-31 17:19:02,0,0,6.93896,5.97698,1332,1.26689,3327,Thematic Rank: 668,BGG Marketplace Eric Engelmann,2023-08-03,2023-08-06,14,USD,,,,,,,,,,,,,,"$69.99 for Solar Storm, Expansions, Solar Spehere and Playmats"
314019,108972733,Solar Storm: Deluxe Edition,Solar Storm: Deluxe Edition,2020,https://cf.geekdo-images.com/FzJZ74W7JjL-Gr51DuhjRQ__original/img/3LiBS0lT7vY6ehwplIPfRFmL8PY=/0x0/filters:format(jpeg)/pic6675845.jpg,https://cf.geekdo-images.com/FzJZ74W7JjL-Gr51DuhjRQ__small/img/tEzv0dfuO2hG1iQTknKnDTKCw2c=/fit-in/200x150/filters:strip_icc()/pic6675845.jpg,,1,4,30,60,60,,2.2222,739,"1,2,3,4","1,4",12+,Some necessary text - easily memorized or small crib sheet,1,0,0,0,3,0,0,1,0,,2026-05-31 20:03:54,0,0,7.2719,5.64593,237,1.24313,0,,BGG Marketplace Eric Engelmann,2023-08-03,2023-08-06,14,USD,,,,,,,,,,,,,,"[5-Exiting]
$69.99 for Solar Storm, Expansions, Solar Spehere and Playmats"
156091,54683472,Sons of Anarchy: Men of Mayhem,Sons of Anarchy: Men of Mayhem,2014,https://cf.geekdo-images.com/qOhEplS6-Ex-eNh7I0hKEA__original/img/pD0EldrbTshLqGwj5tx23XRTq0Q=/0x0/filters:format(jpeg)/pic2004604.jpg,https://cf.geekdo-images.com/qOhEplS6-Ex-eNh7I0hKEA__small/img/3JOQ0h6KHlCJhACYuCZ-Oiegwzw=/fit-in/200x150/filters:strip_icc()/pic2004604.jpg,,3,4,90,90,90,,2.5812,6276,"3,4",4,14+,Some necessary text - easily memorized or small crib sheet,1,0,0,0,3,1,0,0,0,,2026-05-31 21:22:21,0,0,7.22392,6.44242,3106,1.369,1467,Thematic Rank: 298,Miniature Market,2018-10-02,,12,USD,,,,,,,,,,,,,,[2-Resident]
316928,75840128,Sons of Faeriell,Sons of Faeriell,2022,https://cf.geekdo-images.com/AR841HABySKKeZ-t8SY6_g__original/img/oZB8vVV2Qs6szGvpQTh1pG2xypg=/0x0/filters:format(jpeg)/pic5663920.jpg,https://cf.geekdo-images.com/AR841HABySKKeZ-t8SY6_g__small/img/FMjSPlCAbVvfhrOVLu_10xcQB2I=/fit-in/200x150/filters:strip_icc()/pic5663920.jpg,,1,4,90,120,120,,3.72,893,"1,2,3,4",3,10–12,No necessary in-game text,0,0,0,0,3,0,0,0,0,,2022-10-11 09:22:54,0,0,6.83313,5.6066,224,1.93603,9101,Thematic Rank: 1333; Strategy Game Rank: 2598,,,,,,,,,,,,,,,,,"KS Nov 2020
I backed Tabula Games previous game - Sanctuary
This one looks ok... not really grabbing me though",,
298512,75176932,Soulgivers,Soulgivers,2022,https://cf.geekdo-images.com/FMHqTdH16zOPxneyEG0T2g__original/img/oqgDhYfhuJDVX9BLQTs8nKzdaKU=/0x0/filters:format(png)/pic5680556.png,https://cf.geekdo-images.com/FMHqTdH16zOPxneyEG0T2g__small/img/2dql_0lRrVdXcT12lVDEqeMn7vo=/fit-in/200x150/filters:strip_icc()/pic5680556.png,,2,4,30,60,60,,3.0833,420,"2,4",2,14+,Moderate in-game text - needs crib sheet or paste ups,1,0,0,0,3,0,0,0,0,,2026-05-31 20:04:00,1,8,8.13474,5.62801,171,1.54638,8197,Abstract Game Rank: 401,BGG Marketplace DutchOrange,2023-06-19,,125,USD,,,,,,,,,,,,"Kickstarter Oct 2020
Keep an eye on this.  Looks beautfiul but not sure that the pick up and deliver / capture the flag gameplay is what we like",,"[1-Permanent]
"
359774,107622406,Soulgivers: The Aeger,Soulgivers: The Aeger,2022,https://cf.geekdo-images.com/WadjYWL9Gb6wqTVZC9ncvA__original/img/jEp8uuuyGMO10ATzIaFGXM0A6Zc=/0x0/filters:format(png)/pic6776209.png,https://cf.geekdo-images.com/WadjYWL9Gb6wqTVZC9ncvA__small/img/y6Hefh3ksyGdA8KXi-WIJXyaJGY=/fit-in/200x150/filters:strip_icc()/pic6776209.png,,2,4,30,60,60,,0,171,,,,,1,0,0,0,3,0,0,0,0,,2023-06-24 13:22:44,0,0,8.45455,0,11,1.15708,0,,,,,,,,,,,,,,,,,,,,
359776,107622402,Soulgivers: The Gatekeeper,Soulgivers: The Gatekeeper,2022,https://cf.geekdo-images.com/4Mqjwj2JwO9QJdDGM4JfGg__original/img/DUe-krTRffj7-pcNbj60wNGiINI=/0x0/filters:format(png)/pic6776198.png,https://cf.geekdo-images.com/4Mqjwj2JwO9QJdDGM4JfGg__small/img/6El1zc8uKnMVuC6v2eaU0Akmkpk=/fit-in/200x150/filters:strip_icc()/pic6776198.png,,2,4,30,60,60,,0,159,,,,,1,0,0,0,1,0,0,0,0,1,2023-08-07 14:29:09,0,0,8.45455,0,11,1.15708,0,,BGG Marketplace LegendaryPunk,2023-08-02,2023-08-07,10,USD,,,,,,,,,,,,,,
359773,107622407,Soulgivers: The Soulcrusher,Soulgivers: The Soulcrusher,2022,https://cf.geekdo-images.com/7N3pd-2J-7Un8t_xSj6NZA__original/img/Km8oi18M2XdUQl0Cp6ucxY4mNCw=/0x0/filters:format(png)/pic6776208.png,https://cf.geekdo-images.com/7N3pd-2J-7Un8t_xSj6NZA__small/img/ILdDKi7jeZ4RKR3mzcg3JavMGeU=/fit-in/200x150/filters:strip_icc()/pic6776208.png,,2,4,30,60,60,,0,172,,,,,1,0,0,0,3,0,0,0,0,,2023-06-24 13:22:46,0,0,8.45455,0,11,1.15708,0,,,,,,,,,,,,,,,,,,,,
359775,107622404,Soulgivers: The Whisperer,Soulgivers: The Whisperer,2022,https://cf.geekdo-images.com/_pHGxa-j9OuRoRZciQ1K2w__original/img/zwrVx_vCW9Uw1n9vZkNiyFjGphA=/0x0/filters:format(png)/pic6776211.png,https://cf.geekdo-images.com/_pHGxa-j9OuRoRZciQ1K2w__small/img/cofZzw6uNslq16lVb2N1oYe0f6k=/fit-in/200x150/filters:strip_icc()/pic6776211.png,,2,4,30,60,60,,0,179,,,,,1,0,0,0,3,0,0,0,0,,2023-06-24 13:22:40,0,0,8.45455,0,11,1.15708,0,,,,,,,,,,,,,,,,,,,,
226997,74082149,South China Sea: Modern Naval Conflict in the South Pacific,South China Sea: Modern Naval Conflict in the South Pacific,2017,https://cf.geekdo-images.com/ZucEKI0EhUNXoGY1lmZ42w__original/img/j6QG4jbm_5r9MCH54D7cZkNZTJY=/0x0/filters:format(jpeg)/pic3548424.jpg,https://cf.geekdo-images.com/ZucEKI0EhUNXoGY1lmZ42w__small/img/ZZ7Umw2bmC5AnNQooVri05zMrUA=/fit-in/200x150/filters:strip_icc()/pic3548424.jpg,,2,3,120,240,240,,2.8571,567,"2,3",2,14+,Extensive use of text - massive conversion needed to be playable,1,0,0,0,3,0,0,0,0,,2026-05-31 21:22:30,0,0,7.27315,5.58088,149,1.69134,10536,War Game Rank: 1382,KS,2020-12-01,,62.5,USD,,,Office,,,,,,,,,,,"[2-Resident]
Combined with Indian Ocean"
249689,61369945,Sovereign Skies,Sovereign Skies,2020,https://cf.geekdo-images.com/vgzb6VI_kK8OKewsxeTDcA__original/img/bKTBYWA_KpwCKhks_Y95SjIMF7o=/0x0/filters:format(jpeg)/pic5658352.jpg,https://cf.geekdo-images.com/vgzb6VI_kK8OKewsxeTDcA__small/img/gxK3uoxIIuDLK7kKrmL2KQNeptQ=/fit-in/200x150/filters:strip_icc()/pic5658352.jpg,,1,4,30,60,60,,2.2069,1532,"1,2,3,4",3,10+,No necessary in-game text,1,0,0,0,4,1,0,0,0,1,2026-05-31 21:24:26,1,6,7.02988,5.80446,649,1.3112,4753,Strategy Game Rank: 1897,KS,,,29,USD,,,,,,,,,,,,"KS
Space political influence game.  Looks ok.  Might be too much like Expanse",,"[3-Transient]
PM DONE 11 Nov 2019 (added coins) 
Sovereign Skies: Kickstarter Edition
Hide details
Get one copy of Sovereign Skies for 25% off retail plus all unlocked stretch goals and exclusive expansions!

INCLUDES:
1 copy of Sovereign Skies
1 copy of the exclusive Houses Rising expansion
All unlocked stretch goals"
242302,69462906,Space Base,Space Base,2018,https://cf.geekdo-images.com/MHhQxXVjiaa6C-04nGiIWw__original/img/QyWen0FVOKD_4wf7Na7fdsMTjis=/0x0/filters:format(jpeg)/pic6640638.jpg,https://cf.geekdo-images.com/MHhQxXVjiaa6C-04nGiIWw__small/img/rgETRyeuYs_wiZ5y-9Zj5H8kyFo=/fit-in/200x150/filters:strip_icc()/pic6640638.jpg,,2,5,60,60,60,,2.1312,32364,"2,3,4,5","3,4",10+,Some necessary text - easily memorized or small crib sheet,1,0,0,0,2,0,0,0,0,1,2026-05-31 21:24:35,14,9,7.53944,7.32232,23545,1.27184,226,Family Game Rank: 39,Cardhaus,2020-03-08,,28,USD,,,,,,,,,,,,Angie played with Adam and Ellen at IndyCon 2020. Looks really simple and fun.,,"[1-Permanent]
"
388569,119897915,Space Base: Genesis,Space Base: Genesis,2024,https://cf.geekdo-images.com/vKrVbnn6Mv28W2EOlnefIw__original/img/hm5Ru42ABue4GTWsowdViKDZE9w=/0x0/filters:format(png)/pic7522084.png,https://cf.geekdo-images.com/vKrVbnn6Mv28W2EOlnefIw__small/img/ZI_njcHQSOugGXqERaXbLywd4es=/fit-in/200x150/filters:strip_icc()/pic7522084.png,,2,5,45,60,60,,2.5,1900,"2,3,4,5","3,4",,,1,0,0,0,2,0,0,0,0,1,2024-08-02 23:01:56,0,0,8.41322,5.73585,208,1.481,0,,GenCon 2024,2024-08-02,2024-08-02,30,USD,,,,,,,,,,,,,,
266483,70225970,Space Base: The Emergence of Shy Pluto,Space Base: The Emergence of Shy Pluto,2019,https://cf.geekdo-images.com/NsArzZ0HTrcsoYru1eyeMg__original/img/2KYqSb0qYOxHmwS8KGnPCWL_ftM=/0x0/filters:format(jpeg)/pic6456824.jpg,https://cf.geekdo-images.com/NsArzZ0HTrcsoYru1eyeMg__small/img/9VRtrtnnoN2CzFaQo1syOLWU-tE=/fit-in/200x150/filters:strip_icc()/pic6456824.jpg,,2,5,30,75,75,,2.125,7642,"2,3,4,5",4,12+,,1,0,0,0,3,0,0,0,0,1,2023-03-20 20:12:27,0,0,7.69678,6.36103,1527,1.268,0,,Cardhaus,2020-04-06,,20.49,USD,,,,,,,,,,,,,,
356414,95166084,Space Station Phoenix,Space Station Phoenix,2022,https://cf.geekdo-images.com/vzv9pGQvw5qId3GAr3xPfQ__original/img/XBxRPbS657OCXsMzMWo9f5hRFVk=/0x0/filters:format(png)/pic6669791.png,https://cf.geekdo-images.com/vzv9pGQvw5qId3GAr3xPfQ__small/img/eYOzoOyy0JYaYDS3Eb-XY1bGrqk=/fit-in/200x150/filters:strip_icc()/pic6669791.png,,2,4,60,120,120,,3.0476,2191,"2,3,4",3,12+,Some necessary text - easily memorized or small crib sheet,0,0,0,0,3,0,0,0,0,,2025-08-12 19:00:19,0,0,7.36759,6.31729,1839,1.29495,1809,Strategy Game Rank: 919,,,,,,,,,,,,,,,,,,,
214029,76701444,SpaceCorp: 2025-2300AD,SpaceCorp: 2025-2300AD,2018,https://cf.geekdo-images.com/YpkxAeGyRn6smZTjCwy7ew__original/img/XKBGgMU1SQufehaypyUOxkN9X58=/0x0/filters:format(jpeg)/pic4410814.jpg,https://cf.geekdo-images.com/YpkxAeGyRn6smZTjCwy7ew__small/img/KX5JpI9WbjNszg2B2Ab1Z8YY-Nk=/fit-in/200x150/filters:strip_icc()/pic4410814.jpg,,1,4,60,240,240,,2.977,5609,"1,2,3,4",3,10+,Moderate in-game text - needs crib sheet or paste ups,0,0,0,0,3,0,0,0,0,,2023-04-04 13:08:49,0,0,7.66265,6.68697,3069,1.39205,940,Strategy Game Rank: 515,,,,,,,,,,,,,,,,,,,
388476,119763962,Spectral,Spectral,2024,https://cf.geekdo-images.com/m1r9KXSdtK8UDU54InCCYg__original/img/zoQoOVDXScSB211L5UWxrAr48pE=/0x0/filters:format(png)/pic7515218.png,https://cf.geekdo-images.com/m1r9KXSdtK8UDU54InCCYg__small/img/p52K4qUvx2qjChd4kHDLI7Wtytg=/fit-in/200x150/filters:strip_icc()/pic7515218.png,,2,5,30,30,30,,2.2174,1589,"3,4,5",4,,No necessary in-game text,1,0,0,0,2,1,0,0,0,,2026-05-31 21:24:46,1,7,7.22236,5.93582,781,1.20589,3604,,Miniature Market,2024-07-24,2024-07-27,45,USD,,,,,,,,,,,,Monique and Naveen video looks great. Deduction game.,,"[2-Resident]
GenCon 2024 Pre-Purchase"
394699,110584133,Spellbloom,Spellbloom,2024,https://cf.geekdo-images.com/3IrP8EaisbygYSucoPv_OA__original/img/wdwugYamewSY0t7JKK7IFOMZvVk=/0x0/filters:format(png)/pic7617947.png,https://cf.geekdo-images.com/3IrP8EaisbygYSucoPv_OA__small/img/nEGSX4CebaR_xxRsIl6IEICzkxM=/fit-in/200x150/filters:strip_icc()/pic7617947.png,,1,4,45,45,45,,2.75,80,"1,2",2,,,0,0,0,0,3,0,0,0,0,,2024-01-08 21:40:43,0,0,7.09231,5.53452,52,1.19901,15713,,,,,,,,,,,,,,,,,,"Looks simple. Tableau builder
Essen 23",,
351964,112379450,Spirit Fire,Spirit Fire,0,https://cf.geekdo-images.com/uBLgxu2HAu5DOSDdAVgBeQ__original/img/itkApCJYqhgQXJUt9bBczneC_RQ=/0x0/filters:format(png)/pic7803824.png,https://cf.geekdo-images.com/uBLgxu2HAu5DOSDdAVgBeQ__small/img/GhnqL9GgUZbP-yXbQ-vbkbPsAws=/fit-in/200x150/filters:strip_icc()/pic7803824.png,,1,1,0,0,0,,0,78,1,1,,,0,0,0,0,3,0,0,0,0,,2024-01-08 21:41:22,0,0,6.02579,0,19,3.75007,0,,,,,,,,,,,,,,,,,,"KS Nov 2023
Very different. Solo game
Looks cool but would i play a solo game?",,
447575,139557353,Spirits of the Wild: Awakening,Spirits of the Wild: Awakening,2025,https://cf.geekdo-images.com/0s0bK-xBlP_UQBBA5xoLTg__original/img/jm7Lj2HaIlSJ0kJfFHMrMlg43uA=/0x0/filters:format(png)/pic8917073.png,https://cf.geekdo-images.com/0s0bK-xBlP_UQBBA5xoLTg__small/img/MBUWw8ZFdp8gZ5W_2MCQTMNNjBI=/fit-in/200x150/filters:strip_icc()/pic8917073.png,,2,2,20,30,30,,1.5333,1628,2,2,10+,Extensive use of text - massive conversion needed to be playable,1,0,0,0,3,0,0,0,0,,2026-05-31 21:24:52,5,8,7.89992,5.8541,406,1.03095,4246,,Christmas Gift,2025-12-25,2025-12-25,,,,,,,,,,,,,,"Zee  Top 10 Surprises of 2025
2 player only
Looks different",,[2-Resident]
148228,77422887,Splendor,Splendor,2014,https://cf.geekdo-images.com/vNFe4JkhKAERzi4T0Ntwpw__original/img/rqcUdtu_N4v-SpI96XVmpYHnJww=/0x0/filters:format(png)/pic8234167.png,https://cf.geekdo-images.com/vNFe4JkhKAERzi4T0Ntwpw__small/img/KKU_42Uswt4tKCpf1zY5kTzgr-g=/fit-in/200x150/filters:strip_icc()/pic8234167.png,,2,4,30,30,30,,1.7748,138748,"2,3,4",3,8+,No necessary in-game text,1,0,0,0,3,0,0,0,0,,2026-05-31 21:24:57,4,8,7.42053,7.29251,90324,1.28883,243,Family Game Rank: 53,Birthday Gift,2021-07-29,,37.99,USD,,,,,,,,,,,,,,"[2-Resident]
PP Estimate"
364073,116909252,Splendor Duel,Splendor Duel,2022,https://cf.geekdo-images.com/V1PyFDPNFY4bJFgreLPxmQ__original/img/NelFMJToi6WYyDQheBZiwCP7-qE=/0x0/filters:format(jpeg)/pic6929347.jpg,https://cf.geekdo-images.com/V1PyFDPNFY4bJFgreLPxmQ__small/img/E0OuG2X4HsbOdCh1uLyZZcMiapQ=/fit-in/200x150/filters:strip_icc()/pic6929347.jpg,,2,2,30,30,30,,2.0263,38269,2,2,10+,No necessary in-game text,1,0,0,0,2,0,0,0,0,1,2026-05-31 21:25:10,6,8,7.8752,7.55761,19389,1.13411,111,Strategy Game Rank: 98; Family Game Rank: 14,Cardhaus,2024-05-27,2024-05-29,24,USD,,,,,,,,Space Cowboys,English,2022,English edition,,,[1-Permanent]
359878,132290409,Splito,Splito,2022,https://cf.geekdo-images.com/m3P9jXne14Lsw7LKiczeog__original/img/XhvEWeZ02tDVxoxqeOORQbB9meE=/0x0/filters:format(png)/pic7293764.png,https://cf.geekdo-images.com/m3P9jXne14Lsw7LKiczeog__small/img/lgeZ2LA69JKg3EYkfvfFbkxi2ic=/fit-in/200x150/filters:strip_icc()/pic7293764.png,,3,8,15,20,20,,1.3243,2628,"3,4,5,6,7,8","5,6",8+,Moderate in-game text - needs crib sheet or paste ups,1,0,0,0,3,1,0,0,0,,2026-05-31 21:25:29,2,8,6.7161,5.95953,1453,1.1984,3431,Family Game Rank: 1073,Indy Spiel,2025-05-14,2025-05-16,5,USD,,,,,,,,,,,,,,[3-Transient]
386268,107392393,Sports Dice: Hockey,Sports Dice: Hockey,2023,https://cf.geekdo-images.com/0bNhqINcgS9sZAeMGMqDRQ__original/img/I4G0vhB-_NtCuojUQ25jtd6zayM=/0x0/filters:format(jpeg)/pic7479453.jpg,https://cf.geekdo-images.com/0bNhqINcgS9sZAeMGMqDRQ__small/img/-0FRj9yaIrz6oP3Ao-HFhVqQ4Ss=/fit-in/200x150/filters:strip_icc()/pic7479453.jpg,,2,4,10,20,20,,0,118,,,,,0,0,0,0,3,0,0,0,0,,2024-01-08 21:41:28,0,0,6.46087,5.51928,46,1.21342,19603,,,,,,,,,,,,,,,,,,GenCon 2023,,
372559,106260400,Spots,Spots,2022,https://cf.geekdo-images.com/TCBUzmSNUYw_yqJAXGWnNQ__original/img/GklWmrbqMips7ref85Pa-X5eNQQ=/0x0/filters:format(png)/pic7592453.png,https://cf.geekdo-images.com/TCBUzmSNUYw_yqJAXGWnNQ__small/img/BgniZvPRJVenqn7XHd4TQtsSuwI=/fit-in/200x150/filters:strip_icc()/pic7592453.png,,1,4,25,30,30,,1.2745,13906,"2,3,4",2,6+,Moderate in-game text - needs crib sheet or paste ups,0,0,0,0,3,0,0,0,0,,2024-01-08 21:41:36,0,0,7.12663,6.70884,7800,1.30477,898,Family Game Rank: 239,,,,,,,,,,,,,,,,,,,
166384,145395219,Spyfall,Spyfall,2014,https://cf.geekdo-images.com/Ehx72XRdSeQHISVXcZVnHg__original/img/bI3PgKtvAGiD59QYya-pqasF_tk=/0x0/filters:format(jpeg)/pic2453926.jpg,https://cf.geekdo-images.com/Ehx72XRdSeQHISVXcZVnHg__small/img/sPJVWjzGcEpiseZGdoD6HNR9nRI=/fit-in/200x150/filters:strip_icc()/pic2453926.jpg,,3,8,15,15,15,,1.2298,30922,"4,5,6,7,8",6,12+,Some necessary text - easily memorized or small crib sheet,1,0,0,0,3,1,0,0,0,,2026-05-31 20:04:28,0,0,6.73622,6.59651,22445,1.44106,1109,Party Game Rank: 90,Indy Spiel,2026-05-11,2026-05-15,2,USD,,,,,,,,,,,,,,[4-Evaluate]
245222,63570430,Squadro,Squadro,2018,https://cf.geekdo-images.com/WnpSuWccYdjrLDaAqaDCPw__original/img/bpoXK8wXjgfrC5RAHGzJOJTEQCk=/0x0/filters:format(jpeg)/pic4210130.jpg,https://cf.geekdo-images.com/WnpSuWccYdjrLDaAqaDCPw__small/img/eA6wQK1rtkYLUEk_9Viq940QGpM=/fit-in/200x150/filters:strip_icc()/pic4210130.jpg,,2,2,20,20,20,,1.6429,904,2,2,6+,No necessary in-game text,0,0,0,0,3,0,0,0,0,,2024-01-08 21:44:23,0,0,6.39384,5.65033,565,1.44731,7502,Abstract Game Rank: 307,,,,,,,,,,,,,,,,,I think we demoed this at GenCon 2018 and it was cool,,
416232,118807621,Square One,Square One,2025,https://cf.geekdo-images.com/uin0MN7DiCMW3K2X4kah0A__original/img/8jNY9BMLh2H6xB2eswTdn9T5gyc=/0x0/filters:format(png)/pic8172361.png,https://cf.geekdo-images.com/uin0MN7DiCMW3K2X4kah0A__small/img/Z0JZ6SsD0kUVRD4uazmP96T-XVs=/fit-in/200x150/filters:strip_icc()/pic8172361.png,,1,4,30,50,50,,1.9,1343,"1,2,3,4","2,3",8+,No necessary in-game text,0,0,0,0,3,0,0,0,1,,2025-08-10 21:03:55,2,6,7.26135,5.699,332,1.37221,6336,,KS,2024-04-30,2025-07-08,64,USD,,,GenCon Store / Auction 2025,Master pledge plus Ambassador Pack,,,,,,,,,,"Master pledge plus Ambassador Pack
Listed for $50 at Indy Spiel 2025
Listed for $25 in Geekmarket 2025-07-08"
439646,134915240,Squirrel Away,Squirrel Away,2025,https://cf.geekdo-images.com/d25go7pDiUd4VM2EeZrpqQ__original/img/mf0xo3knvZdptBmP0uL8pDqL_SI=/0x0/filters:format(png)/pic9217594.png,https://cf.geekdo-images.com/d25go7pDiUd4VM2EeZrpqQ__small/img/CmtznK1VmD3_0bl21p6Cc4auL2g=/fit-in/200x150/filters:strip_icc()/pic9217594.png,,3,6,20,30,30,,1,193,6,6,8,,1,0,0,0,3,1,0,0,0,,2026-05-31 21:25:51,2,5,6.11406,5.51314,64,1.77675,21650,,GenCon,2025-08-02,2025-08-02,30,USD,,,,,,,,,,,,,,[3-Transient]
147020,55690938,Star Realms,Star Realms,2014,https://cf.geekdo-images.com/EsJqPL5CB_TMt0MYL-lnVg__original/img/QXgamCDRuBoRJyU1PQjeh58Pvr8=/0x0/filters:format(jpeg)/pic1903816.jpg,https://cf.geekdo-images.com/EsJqPL5CB_TMt0MYL-lnVg__small/img/s_CE1b1XXUnYj9auTPhLrvkNsYA=/fit-in/200x150/filters:strip_icc()/pic1903816.jpg,,2,2,20,20,20,,1.9139,71497,2,2,8+,Some necessary text - easily memorized or small crib sheet,1,0,0,0,1,0,0,0,0,,2026-05-31 21:26:19,4,8,7.55107,7.39944,48072,1.27541,176,Strategy Game Rank: 163,Amazon,2018-11-13,,14,USD,,,,,,,,,,,,,,[2-Resident]
231370,56874871,Star Realms: Command Deck – The Coalition,Star Realms: Command Deck – The Coalition,2018,https://cf.geekdo-images.com/uY74QaEG--8K34rOrDr-1w__original/img/jD4lAWeMOKHXkc__72yfYFJmFkI=/0x0/filters:format(jpeg)/pic8615554.jpg,https://cf.geekdo-images.com/uY74QaEG--8K34rOrDr-1w__small/img/74gtNMYBX7SQGJeM__3u3vn6DK4=/fit-in/200x150/filters:strip_icc()/pic8615554.jpg,,2,4,20,0,20,,1.8,3481,2,2,10+,Some necessary text - easily memorized or small crib sheet,1,0,0,0,1,0,0,0,0,,2023-01-08 13:49:57,0,0,7.59315,5.80202,400,1.34227,0,,,,,5,USD,,,,,,,,,,,,,,PP Estimate
231371,56874877,Star Realms: Command Deck – The Pact,Star Realms: Command Deck – The Pact,2018,https://cf.geekdo-images.com/8uYgtRDWwDpj9HYVORK0Qw__original/img/GADuQe1IjcyZVDsgl3YjN-f5n_0=/0x0/filters:format(jpeg)/pic8615547.jpg,https://cf.geekdo-images.com/8uYgtRDWwDpj9HYVORK0Qw__small/img/JAglmpAsvGWb4VToOKvBzxoN_hU=/fit-in/200x150/filters:strip_icc()/pic8615547.jpg,,2,4,20,0,20,,1.8,3503,2,2,12+,Moderate in-game text - needs crib sheet or paste ups,1,0,0,0,1,0,0,0,0,,2023-01-08 13:50:07,0,0,7.65358,5.8061,391,1.30258,0,,,,,5,USD,,,,,,,,,,,,,,PP Estimate
231373,56874868,Star Realms: Command Deck – The Unity,Star Realms: Command Deck – The Unity,2018,https://cf.geekdo-images.com/vqXUZgFCynwMqtQ3A_F_NQ__original/img/tjY8gQ4UP386SFIjAseppg0i28c=/0x0/filters:format(jpeg)/pic8615541.jpg,https://cf.geekdo-images.com/vqXUZgFCynwMqtQ3A_F_NQ__small/img/JtwKq2dNuNHmF6vy5ggJoNiMaRs=/fit-in/200x150/filters:strip_icc()/pic8615541.jpg,,2,4,20,0,20,,1.8571,3531,2,2,12+,Moderate in-game text - needs crib sheet or paste ups,1,0,0,0,1,0,0,0,0,,2023-01-08 13:50:15,0,0,7.63323,5.80704,399,1.29732,0,,,,,5,USD,,,,,,,,,,,,,,PP Estimate
360676,96019270,Star Realms: Rise of Empire,Star Realms: Rise of Empire,2024,https://cf.geekdo-images.com/u0celGIKx7D2lhIGILW6aA__original/img/Ga9StPf_cwBwRVeJBEl5cN5LlSY=/0x0/filters:format(jpeg)/pic6883746.jpg,https://cf.geekdo-images.com/u0celGIKx7D2lhIGILW6aA__small/img/vhC7sXTPG6aXwFryBrjGpsaWnuI=/fit-in/200x150/filters:strip_icc()/pic6883746.jpg,,2,2,20,20,20,,2.1667,1901,2,2,10+,Moderate in-game text - needs crib sheet or paste ups,0,0,0,0,3,0,0,0,1,,2026-02-24 20:55:29,8,7,7.13381,5.71451,352,1.87609,6033,,KS,2022-07-20,2026-02-24,79,USD,45,USD,Sold Geekmarket,Played about halfway through the campaign.  Also includes the Kickstarter Promos and Infinite Replay Deck.,,,,,,,,Legacy version of Star Realms with multiple scenarios,,"Infinite Replay Tier
Sold to creynolds via Geekmarket for $45 on 2026-02-24"
368004,96795502,Star Realms: Rise of Empire – Infinite Replay Deck,Star Realms: Rise of Empire – Infinite Replay Deck,2024,https://cf.geekdo-images.com/SIWjMpEjjdtnBf9-Tf5wzA__original/img/keGudVMGS3-ledvfl-Y0svSR2Dg=/0x0/filters:format(jpeg)/pic6985983.jpg,https://cf.geekdo-images.com/SIWjMpEjjdtnBf9-Tf5wzA__small/img/X3j-KRt6067Z9AY3S10pNOObYC8=/fit-in/200x150/filters:strip_icc()/pic6985983.jpg,,2,6,0,0,0,,0,726,"1,2,3,4,5,6",2,,,1,0,0,0,3,0,0,0,0,,2024-09-30 14:00:09,0,0,7.59032,5.52539,31,2.05761,0,,,2022-07-20,2024-09-30,0.0001,USD,,,,,,,,,,,,,,Included with Infinite Replay Tier
369652,123761707,Star Realms: Rise of Empire – Kickstarter Promo Pack,Star Realms: Rise of Empire – Kickstarter Promo Pack,2024,https://cf.geekdo-images.com/yC8RN1HsQPZDH0O_H68BhQ__original/img/1CWDZXEVhDHeZn-YN3VGuO1uyyM=/0x0/filters:format(jpeg)/pic8503147.jpg,https://cf.geekdo-images.com/yC8RN1HsQPZDH0O_H68BhQ__small/img/dJ5cLc9O2I7yW5XK4Azp3_kLMgM=/fit-in/200x150/filters:strip_icc()/pic8503147.jpg,,2,4,20,0,20,,0,649,,,,,1,0,0,0,3,0,0,0,0,,2024-09-30 14:00:44,0,0,7.55263,0,19,1.03739,0,,,,2024-09-30,,,,,,,,,,,,,,,,
284306,94846967,Star Scrappers: Orbital,Star Scrappers: Orbital,2021,https://cf.geekdo-images.com/YvjcHw6coQ9kTXHpRQxi5Q__original/img/gH-8HNtkrF4KRMjJ8Ca0--_Bih4=/0x0/filters:format(jpeg)/pic5803776.jpg,https://cf.geekdo-images.com/YvjcHw6coQ9kTXHpRQxi5Q__small/img/cxDewAc5hFx4k3TP-SSfwHK_omI=/fit-in/200x150/filters:strip_icc()/pic5803776.jpg,,1,5,30,90,90,,2.2273,1506,"2,3,4,5",2,8+,Unplayable in another language,0,0,0,0,3,0,0,0,0,,2024-01-08 21:44:31,0,0,6.44489,5.65667,546,1.60243,7328,,,,,,,,,,,,,,,,,,Jacob Fryxelius (Terraforming Mars) is the designer,,
422541,121485832,Star Trek: Captain's Chair,Star Trek: Captain's Chair,2025,https://cf.geekdo-images.com/Ft_wPFLBXESSipuF1-t8gQ__original/img/XboqICZYNz4Q0_6vKwAG8K8EN5w=/0x0/filters:format(jpeg)/pic8243925.jpg,https://cf.geekdo-images.com/Ft_wPFLBXESSipuF1-t8gQ__small/img/aHv8xdTra-JXSk0y77H-IXTvClY=/fit-in/200x150/filters:strip_icc()/pic8243925.jpg,,1,2,60,120,120,,4.0471,4678,"1,2","1,2",14+,Moderate in-game text - needs crib sheet or paste ups,0,0,0,0,2,0,0,0,0,,2025-11-17 20:34:59,0,0,8.6626,6.77069,1764,1.34447,802,Strategy Game Rank: 394,,,,,,,,,,,,,,,,,,,
280986,60776918,Star Wars: Dark Side Rising,Star Wars: Dark Side Rising,2019,https://cf.geekdo-images.com/BiY26zzHfiAUtM5eovl9dg__original/img/8ePIFy106qNgD3EMwo7D4nu-zlg=/0x0/filters:format(jpeg)/pic4769723.jpg,https://cf.geekdo-images.com/BiY26zzHfiAUtM5eovl9dg__small/img/vWvCjwtOalwfJkAwU39f4jjeAQ0=/fit-in/200x150/filters:strip_icc()/pic4769723.jpg,,2,4,45,45,45,,2.0625,1312,"1,2,3,4","1,4",6+,Some necessary text - easily memorized or small crib sheet,0,0,0,0,2,0,0,0,0,,2025-11-17 20:29:02,0,0,7.05291,5.77489,579,1.4877,5101,,,,,,,,,,,,,,,,,,"Only available OUS

Cooperative",,
205359,45223220,Star Wars: Destiny,Star Wars: Destiny,2016,https://cf.geekdo-images.com/wXqxBwfHnCCkPA04L6g2Og__original/img/yNtbKiWfXeGy-_MuzMIQeMwI9bQ=/0x0/filters:format(jpeg)/pic3363466.jpg,https://cf.geekdo-images.com/wXqxBwfHnCCkPA04L6g2Og__small/img/mVp0hoQwH5l1Llw8O24DAtVQFiQ=/fit-in/200x150/filters:strip_icc()/pic3363466.jpg,,2,2,30,30,30,,2.4455,8953,2,2,10+,Extensive use of text - massive conversion needed to be playable,1,0,0,0,3,0,0,0,0,,2026-05-31 16:23:50,3,9,7.41126,6.766,5651,1.58659,809,Customizable Rank: 36,,,,,,,,Office,,,,,,,,,,,[1-Permanent]
271896,67515891,Star Wars: Outer Rim,Star Wars: Outer Rim,2019,https://cf.geekdo-images.com/RjwAj6hw5aEMGvosEA12gw__original/img/jQUkqrDd0lOX6IRGq5Cbj1junL4=/0x0/filters:format(jpeg)/pic5879810.jpg,https://cf.geekdo-images.com/RjwAj6hw5aEMGvosEA12gw__small/img/Ri6aOjHVFhgu_xK_xuBoCOCck-A=/fit-in/200x150/filters:strip_icc()/pic5879810.jpg,,1,4,120,180,180,,2.5955,28501,"1,2,3,4",3,12+,Extensive use of text - massive conversion needed to be playable,0,0,0,0,3,0,0,0,0,,2025-11-07 12:08:29,0,0,7.74908,7.37099,15216,1.29941,193,Thematic Rank: 48,,,,,,,,,,,,,,,,,,,
347102,113479728,Star Wars: Outer Rim – Unfinished Business,Star Wars: Outer Rim – Unfinished Business,2022,https://cf.geekdo-images.com/Etx7v8SttOJVgH0isPcF0w__original/img/6WOwC4fBQdKDuJ-mZabwIKOMiYA=/0x0/filters:format(jpeg)/pic6881848.jpg,https://cf.geekdo-images.com/Etx7v8SttOJVgH0isPcF0w__small/img/ZnMAr-UVUizLwg5WvEmhelhIzqw=/fit-in/200x150/filters:strip_icc()/pic6881848.jpg,,1,4,120,180,180,,2.7778,11328,"1,2,3,4",3,12+,Extensive use of text - massive conversion needed to be playable,0,0,0,0,3,0,0,0,0,,2025-11-07 12:08:32,0,0,8.56443,7.08484,2774,1.01699,0,,,,,,,,,,,,,,,,,,,,
187645,100058442,Star Wars: Rebellion,Star Wars: Rebellion,2016,https://cf.geekdo-images.com/7SrPNGBKg9IIsP4UQpOi8g__original/img/GKueTbkCk2Ramf6ai8mDj-BP6cI=/0x0/filters:format(jpeg)/pic4325841.jpg,https://cf.geekdo-images.com/7SrPNGBKg9IIsP4UQpOi8g__small/img/gAxzddRVQiRdjZHYFUZ2xc5Jlbw=/fit-in/200x150/filters:strip_icc()/pic4325841.jpg,,2,4,180,240,240,,3.7529,57504,2,2,12+,Extensive use of text - massive conversion needed to be playable,0,0,0,0,2,0,0,0,0,,2026-05-31 10:20:50,0,0,8.42204,8.16701,36402,1.36111,10,Thematic Rank: 5,,,,,,,,,,,,,,,,,,,
226840,100058583,Star Wars: Rebellion – Rise of the Empire,Star Wars: Rebellion – Rise of the Empire,2017,https://cf.geekdo-images.com/776PfVZJzSr6aMUaQYhKBg__original/img/4eFlANElmYrfb-OC4WcYwZXgQa8=/0x0/filters:format(jpeg)/pic3555413.jpg,https://cf.geekdo-images.com/776PfVZJzSr6aMUaQYhKBg__small/img/OtkVf8611q4XaDRV6RbztNYxAAs=/fit-in/200x150/filters:strip_icc()/pic3555413.jpg,,2,4,180,240,240,,3.6887,20659,2,2,12+,Extensive use of text - massive conversion needed to be playable,0,0,0,0,2,0,0,0,0,,2026-05-31 10:20:54,0,0,8.86183,7.7578,5308,1.13288,0,,,,,,,,,,,,,,,,,,,,
370913,101220853,Star Wars: The Clone Wars,Star Wars: The Clone Wars,2022,https://cf.geekdo-images.com/3d4Yptz2IUC2ZAxtdPidig__original/img/0q0SHD60yNcZHW3eS9rzwrCXQLU=/0x0/filters:format(jpeg)/pic8211893.jpg,https://cf.geekdo-images.com/3d4Yptz2IUC2ZAxtdPidig__small/img/8k4-L_HBKfD7AaNu2OmsrX-vIcs=/fit-in/200x150/filters:strip_icc()/pic8211893.jpg,,1,5,60,60,60,,2.1642,12820,"1,2,3,4","2,3",10+,Moderate in-game text - needs crib sheet or paste ups,1,0,0,0,3,0,0,0,0,,2026-05-31 21:26:33,1,8,7.51676,6.81122,5025,1.16192,743,Strategy Game Rank: 481,Christmas Gift from Mom,2022-12-25,,47.99,USD,,,,,,,,,,,,,,[2-Resident]
374173,104742033,Star Wars: The Deckbuilding Game,Star Wars: The Deckbuilding Game,2023,https://cf.geekdo-images.com/U6scsOGrPtVym4nCLaYjyw__original/img/bPFq87JbA919A2vxks_PFF2DwsY=/0x0/filters:format(png)/pic7387735.png,https://cf.geekdo-images.com/U6scsOGrPtVym4nCLaYjyw__small/img/0kgu-vLB9MQStlEyaR6bgKkemAQ=/fit-in/200x150/filters:strip_icc()/pic7387735.png,,2,2,30,90,90,,2.0442,23577,2,2,10+,Extensive use of text - massive conversion needed to be playable,0,0,0,0,3,0,0,0,0,,2024-01-08 21:44:50,0,0,7.81316,7.33564,10884,1.17381,218,Strategy Game Rank: 154,,,,,,,,,,,,,,,,,Would be interested in trying this if it were less than ~$25,,
424753,141216522,Station to Station,Station to Station,2024,https://cf.geekdo-images.com/SX--W3rCoBqLR0hV5H2lwQ__original/img/l6NqP8t9xo3vV4ob8WnhYopL5NE=/0x0/filters:format(jpeg)/pic8305395.jpg,https://cf.geekdo-images.com/SX--W3rCoBqLR0hV5H2lwQ__small/img/FtBmgtL2zRvpJZUHa0z4Htfl724=/fit-in/200x150/filters:strip_icc()/pic8305395.jpg,,2,4,60,90,90,,2.4,394,"2,3,4","3,4",8+,,0,0,1,0,3,0,0,0,0,,2026-01-13 06:51:40,0,0,6.88447,5.58941,167,1.31071,10002,,,,,,,,,,,,,,,,,,"Zee Garcia - 2026 Top 100 of all time
Sounds simple.  Train game with Splendor-like mechanisms
Almost sounded like simpler Pirates of Maracaibo",,
293678,68211086,Stellar,Stellar,2020,https://cf.geekdo-images.com/5chf-MlqmJzUhRLQYIefOA__original/img/EijvVL0PtXZzLQaudkilefAPbs4=/0x0/filters:format(jpeg)/pic5070023.jpg,https://cf.geekdo-images.com/5chf-MlqmJzUhRLQYIefOA__small/img/MXgA9DF6CF-8EMbDSS9Nh0LON8I=/fit-in/200x150/filters:strip_icc()/pic5070023.jpg,,2,2,30,30,30,,2.1186,4386,2,2,10+,No necessary in-game text,0,0,0,0,3,0,0,0,0,,2025-08-12 18:57:43,0,0,7.30326,6.24666,1738,1.14246,2050,Strategy Game Rank: 1039,,,,,,,,,,,,,,,,,"2 player only
Astronomy based theme
March 2020 Release
TRIAGE",,
281647,96256242,Stellaris: Infinite Legacy,Stellaris: Infinite Legacy,2026,https://cf.geekdo-images.com/gbqCSFmK4iuIFZIE-lJMdQ__original/img/f98FRAmefZvaHzsFZLwgSTV4-pQ=/0x0/filters:format(jpeg)/pic9254923.jpg,https://cf.geekdo-images.com/gbqCSFmK4iuIFZIE-lJMdQ__small/img/Wkdbdx-zHlt5oVH75X5WCIctbEQ=/fit-in/200x150/filters:strip_icc()/pic9254923.jpg,,2,4,90,150,150,,3.8261,171,"2,3,4","2,3",16+,Moderate in-game text - needs crib sheet or paste ups,0,0,0,0,3,0,0,0,0,,2023-04-04 13:10:32,0,0,4.47942,5.45097,152,3.95732,30111,Strategy Game Rank: 3239,,,,,,,,,,,,,,,,,Have played the Steam video game version,,
436219,138050372,Stitch: The Fix for 626,Stitch: The Fix for 626,2025,https://cf.geekdo-images.com/C3Z-e9ZZKOpU9P5CWZWVLQ__original/img/c9vr88mocudd-dLZnZ2_FCFcXec=/0x0/filters:format(png)/pic8822732.png,https://cf.geekdo-images.com/C3Z-e9ZZKOpU9P5CWZWVLQ__small/img/ufWnIfT0MC4u78AH09wrCAZ_oBU=/fit-in/200x150/filters:strip_icc()/pic8822732.png,,2,5,10,10,10,,1.1429,473,"3,4,5",4,6+,Extensive use of text - massive conversion needed to be playable,0,0,1,1,1,0,0,0,0,,2025-10-31 08:17:26,0,0,7.11991,5.57498,117,1.22227,10959,,,,,,,,,,,,,,,,,,"Stitch Love Letter
2-5 Players
Buy for G",,
282391,61369611,Stockpile: Epic Edition,Stockpile: Epic Edition,2019,https://cf.geekdo-images.com/GeswS76PRQQV0TUvNdUGew__original/img/U2DZO2y6vsJPabsjpGID0HeEpAE=/0x0/filters:format(jpeg)/pic4788657.jpg,https://cf.geekdo-images.com/GeswS76PRQQV0TUvNdUGew__small/img/X2FBXwN07e4QkDOgfQXtWRMLTPs=/fit-in/200x150/filters:strip_icc()/pic4788657.jpg,,2,5,45,45,45,,2.2143,2389,"3,4,5","4,5",10+,No necessary in-game text,0,0,0,0,3,0,0,0,1,1,2024-07-14 20:23:21,0,0,7.92306,6.27422,1109,1.12352,0,,KS,2020-01-04,,59,USD,,,Traded,,,,,,,,,"GenCon 2019 - Expansion FOR SALE
Epic Edition also on KS",,Traded to Ankur Gupta for LotR: Return of the King Deck Building Game
269167,61369579,Stockpile: Illicit Investments,Stockpile: Illicit Investments,2019,https://cf.geekdo-images.com/qSNhL7UWoCUpmh-3sP4ztg__original/img/wdVBGgy6j-DjmGAvD774q0mP-bw=/0x0/filters:format(png)/pic4787953.png,https://cf.geekdo-images.com/qSNhL7UWoCUpmh-3sP4ztg__small/img/myuoWt1rI9Pp5aotlrjbDUwkPSc=/fit-in/200x150/filters:strip_icc()/pic4787953.png,,2,5,45,60,60,,2,1511,"1,2,3,4,5","1,2,3,4,5",10+,Some necessary text - easily memorized or small crib sheet,0,0,0,0,3,0,0,0,1,,2024-07-14 20:23:16,0,0,7.51286,5.65983,203,1.32309,0,,,2020-01-04,,,,,,Traded,,,,,,,,,"GenCon 2019 - FOR SALE
Stock Market Game - Expansion Currently on KS Need the Base Game",,Included with the Epic Edition
34635,139781642,Stone Age,Stone Age,2008,https://cf.geekdo-images.com/elmZegVZ6gp4_5izUgxGQQ__original/img/cR92Dm6yQ3Lgxt1yR81zUb0ooqQ=/0x0/filters:format(jpeg)/pic1632539.jpg,https://cf.geekdo-images.com/elmZegVZ6gp4_5izUgxGQQ__small/img/MXq3DEKWIozO-PmB4S64BiE5fd0=/fit-in/200x150/filters:strip_icc()/pic1632539.jpg,,2,4,60,90,90,,2.4558,62376,"2,3,4",4,10+,No necessary in-game text,0,0,0,0,3,0,0,0,0,,2025-12-14 22:41:37,2,7,7.51016,7.37967,55897,1.25148,188,Strategy Game Rank: 166; Family Game Rank: 34,,,,,,,,,,,,,,,,,,,
260678,54683830,Stone Age: Anniversary,Stone Age: Anniversary,2018,https://cf.geekdo-images.com/DYD5pILusNffN5X2gQrpiQ__original/img/SaOAwL5Wrjeb5Xu0jNoeyNs_EHQ=/0x0/filters:format(png)/pic4389753.png,https://cf.geekdo-images.com/DYD5pILusNffN5X2gQrpiQ__small/img/c9xdMzAW7YNmpg7B4xMwPDtTlGk=/fit-in/200x150/filters:strip_icc()/pic4389753.png,,2,4,60,90,90,,2.3158,5274,"2,3,4",4,8+,No necessary in-game text,0,0,0,0,4,0,0,0,0,,2021-09-19 11:06:44,0,0,7.95022,6.67799,2331,1.11189,0,,,,,,,,,,,,,,,,,,,,
387514,119827347,Stonespine Architects,Stonespine Architects,2024,https://cf.geekdo-images.com/reyY-4k4eJ55CPd_2CXCKA__original/img/63t67q02KWS4QXA_0HYymanKuxs=/0x0/filters:format(jpeg)/pic7985356.jpg,https://cf.geekdo-images.com/reyY-4k4eJ55CPd_2CXCKA__small/img/AJOu9-jfFi9twauiJQoI2_u4pPQ=/fit-in/200x150/filters:strip_icc()/pic7985356.jpg,,1,5,45,60,60,,2.1159,5132,"1,2,3,4,5",4,8+,Some necessary text - easily memorized or small crib sheet,1,0,0,0,2,0,0,0,0,,2026-05-31 21:26:41,2,8,7.43684,6.54806,2913,1.13219,1205,Strategy Game Rank: 668,Miniature Market,2024-07-24,2024-07-27,32,USD,,,,,,,,,,,,Origins 2024.  Rodney’s How to Play looks really fun,,"[2-Resident]
GenCon 2024 Pre-Purchase"
215312,43574330,Stop Thief!,Stop Thief!,2017,https://cf.geekdo-images.com/GfAD5PEzWri3m_x_r7a_Ww__original/img/RbiyczdWd_LnWPivHUqsN0GHNKU=/0x0/filters:format(jpeg)/pic4781099.jpg,https://cf.geekdo-images.com/GfAD5PEzWri3m_x_r7a_Ww__small/img/au1oOeKKHVT0GmiM3oYSIrClgvk=/fit-in/200x150/filters:strip_icc()/pic4781099.jpg,,1,5,30,60,60,,1.4783,4121,"2,3,4",3,8+,Some necessary text - easily memorized or small crib sheet,0,0,0,0,4,0,0,0,1,,2024-07-14 20:32:23,0,0,6.94347,6.13526,1987,1.24377,2498,Family Game Rank: 746,Gen Con,2017-08-17,,,,,,Traded,,,,,,,,,Gen Con 2017,,Traded to casinatorcxc on BGG with Quacks for Outlive
38858,123366702,Strada Romana,Strada Romana,2009,https://cf.geekdo-images.com/Zng2ntR2NYcayJ8fcERLpA__original/img/zPnDLXA_oH5cepEY9S2mMsuuaKY=/0x0/filters:format(jpeg)/pic515637.jpg,https://cf.geekdo-images.com/Zng2ntR2NYcayJ8fcERLpA__small/img/R-ii_QU4u_BUGDinSXnmR2Vfy2g=/fit-in/200x150/filters:strip_icc()/pic515637.jpg,,2,5,45,45,45,,2.1053,630,"3,4,5",4,8+,No necessary in-game text,1,0,0,0,3,0,0,1,0,,2026-05-31 21:27:04,0,0,6.14191,5.58352,387,1.26771,10368,Strategy Game Rank: 2691,Indy Spiel,2024-09-18,2024-09-28,1,USD,,,,,,,,,,,,,,[5-Exiting]
123752,18133864,Strategy of War,Strategy of War,2012,https://cf.geekdo-images.com/ikUuaUPwlVN-9XJ4psmiMw__original/img/DEz6FDISCLvwCmTd0br4To7TuzU=/0x0/filters:format(jpeg)/pic1670146.jpg,https://cf.geekdo-images.com/ikUuaUPwlVN-9XJ4psmiMw__small/img/Q8pnerF_f1HG9fHgjgafgFwKN1s=/fit-in/200x150/filters:strip_icc()/pic1670146.jpg,,2,6,20,20,20,,3.5,62,"2,3,4,5,6",2,10+,Moderate in-game text - needs crib sheet or paste ups,0,0,0,0,3,0,0,0,1,,2023-01-15 16:19:18,0,0,7.29412,0,17,1.81545,0,,KS,2012-10-04,,40,USD,,,Egypt with Bub,,,,,,,,,$20 OctoCon (out of print),Bought this via Kickstarter. Have yet to play it!!,
323156,136892970,Stroganov,Stroganov,2022,https://cf.geekdo-images.com/YgBD7m8NlDEJSQy8_b7PRw__original/img/8jsLrahroTuIi-bN9OwODYjt08w=/0x0/filters:format(jpeg)/pic6657487.jpg,https://cf.geekdo-images.com/YgBD7m8NlDEJSQy8_b7PRw__small/img/6wKimjGKX5DrsfxRqcZaKMGCJmY=/fit-in/200x150/filters:strip_icc()/pic6657487.jpg,,1,4,90,90,90,,3.3388,5024,"1,2,3,4",3,12+,No necessary in-game text,0,0,0,0,3,0,0,0,1,,2026-05-03 17:11:49,1,7,7.27601,6.38934,2469,1.35172,1623,Strategy Game Rank: 839,Indy Spiel - Nate Lockhart,2025-09-29,2026-05-03,15,USD,15,USD,Sold - Indy Spiel,Deluxe Edition Like New,,,,Game Brewer,English,2022,English deluxe edition,,,"
Sold to Mike Nastav (grep_beer) Indy Spiel May 2026

Game play feels different than any other game I own.  But not awesome.  Would like to play again to see if it feels any better"
453498,145163857,STYX,STYX,2025,https://cf.geekdo-images.com/ViXSJ9Nxloe-O6wM5rDCeA__original/img/S_q2OXf0LJhrAMmyay-41-LJ6dw=/0x0/filters:format(png)/pic9119162.png,https://cf.geekdo-images.com/ViXSJ9Nxloe-O6wM5rDCeA__small/img/xjDXSb97h7xKfZrUR-ySnoGxrUU=/fit-in/200x150/filters:strip_icc()/pic9119162.png,,2,6,45,45,45,,2,41,"2,4,5,6",5,10,,0,0,1,0,3,0,0,0,0,,2026-05-03 21:19:14,0,0,8.70968,5.50841,31,1.85252,23250,,,,,,,,,,,,,,,,,,"GenCon 2026 Check it Out
BGG Hot Games Room",,
333055,88749888,Subastral,Subastral,2021,https://cf.geekdo-images.com/vMnthLxxHa17J6CC7C4d7Q__original/img/I6k83DiYnd5gxpLTL9q-Qsau2vU=/0x0/filters:format(png)/pic6766397.png,https://cf.geekdo-images.com/vMnthLxxHa17J6CC7C4d7Q__small/img/vUWEDpRT86E5qXC8-CQnz3d7UPI=/fit-in/200x150/filters:strip_icc()/pic6766397.png,,2,5,15,30,30,,1.641,2340,"2,3,4,5",3,10+,No necessary in-game text,0,0,0,0,3,0,0,0,0,,2023-04-04 13:10:59,0,0,7.12443,6.04432,1201,1.19531,2950,Family Game Rank: 883,,,,,,,,,,,,,,,,,Tantrum Too 10 2021 looked interesting,,
267367,58102004,Suburbia: Collector's Edition,Suburbia: Collector's Edition,2019,https://cf.geekdo-images.com/y2OymMOi1QShesm51JwQzA__original/img/9kXp7i47F3pKIt7AUL12mLhdFnM=/0x0/filters:format(jpeg)/pic4502788.jpg,https://cf.geekdo-images.com/y2OymMOi1QShesm51JwQzA__small/img/2ixam1XFzRgIK9G84NWxm8bXIKs=/fit-in/200x150/filters:strip_icc()/pic4502788.jpg,,1,5,90,90,90,,2.7808,8395,"1,2,3,4",3,10+,Some necessary text - easily memorized or small crib sheet,1,0,0,0,3,0,0,0,0,,2026-05-31 20:04:47,2,8,7.97186,6.96323,3523,1.18073,0,,Kickstarter,2019-02-03,,99,USD,,,,,,,,,,,,KS,,[2-Resident]
299372,72299820,Succulent,Succulent,2020,https://cf.geekdo-images.com/zAn4jesugQYDbK1i7CL8_A__original/img/XP_FOHelV4Vz0hGz4k2tmVxH5pE=/0x0/filters:format(jpeg)/pic5187283.jpg,https://cf.geekdo-images.com/zAn4jesugQYDbK1i7CL8_A__small/img/RETPb3P8ybCKQfBtVfCpIjvJC1A=/fit-in/200x150/filters:strip_icc()/pic5187283.jpg,,2,4,45,60,60,,2.2105,1311,"2,3",2,8+,Some necessary text - easily memorized or small crib sheet,0,0,0,0,3,0,0,0,0,,2023-04-04 13:11:04,0,0,6.84652,5.76429,585,1.15917,5245,Family Game Rank: 1564,,,,,,,,,,,,,,,,,"2020 Summe Preview
Zee Garcia Review makes it look fun.
Not sure I MUST have this, but seems like it might be fun",,
395315,109492709,Sudds & Malone,Sudds & Malone,2026,https://cf.geekdo-images.com/qRIkt8C-63pzdiVVQknRMQ__original/img/XDtomi4d_nbbCtJypCcPlTv0M9k=/0x0/filters:format(png)/pic7688626.png,https://cf.geekdo-images.com/qRIkt8C-63pzdiVVQknRMQ__small/img/1lvfqB6VqY5l3kS52hn76BATFOI=/fit-in/200x150/filters:strip_icc()/pic7688626.png,,2,4,60,90,90,,2.5,336,"2,3,4",3,10+,No necessary in-game text,1,0,0,0,1,0,0,0,0,,2026-05-31 16:20:40,6,10,7.84388,5.59379,104,1.01104,9749,,Kickstarter,2025-03-05,2026-01-09,65,USD,,,,,,,,,,,,,,"[1-Permanent]
Kickstarter Deluxe Version"
279996,64884979,Sumo Gnomes,Sumo Gnomes,2019,https://cf.geekdo-images.com/QcoM3VRMIYhozIEw0r7tBw__original/img/zguQfqXGRulQ9RXM0xHcSANtpNs=/0x0/filters:format(jpeg)/pic4742846.jpg,https://cf.geekdo-images.com/QcoM3VRMIYhozIEw0r7tBw__small/img/KRoXVrlajU0b7LDTxHi1MsjNqhc=/fit-in/200x150/filters:strip_icc()/pic4742846.jpg,,2,2,1,5,5,,1,195,2,2,,,1,0,0,0,3,0,0,0,0,,2026-05-31 21:27:25,1,7,6.03165,5.51442,79,1.54515,21208,,KS,2019-10-17,,15,USD,,,Lakehouse,,,,,,,,,,,"[3-Transient]
PM DONE 15 June 2020
Sumo Gnome : Base game
Hide details
Are you the ultimate Sumo wrestler? Well there's only on way to find out, in the forest dohyō!
SHIPPING IS NOT INCLUDED AND WILL BE ADDED IN THE PLEDGE MANAGER FOLLOWING THE END OF THE CAMPAIGN.

INCLUDES:
Sumo Gnomes : Base Game
All applicable Stretch Goals
Access to the pledge manager"
18745,32034787,Sun Tzu,Sun Tzu,2005,https://cf.geekdo-images.com/BGnfM-mym6Mp1aiLubfwdQ__original/img/ozQGwP9MHH6Nu_uu-VDvCRjZf-Q=/0x0/filters:format(jpeg)/pic2210749.jpg,https://cf.geekdo-images.com/BGnfM-mym6Mp1aiLubfwdQ__small/img/NrjN6TfD_Hdb88YiaWkI6onQ_rc=/fit-in/200x150/filters:strip_icc()/pic2210749.jpg,,2,2,30,30,30,,2.0927,4033,2,2,10+,Some necessary text - easily memorized or small crib sheet,1,0,0,0,4,0,0,0,0,1,2026-05-31 21:27:35,2,9,7.03534,6.28304,2515,1.19829,1937,Strategy Game Rank: 1011,BGG Marketplace,2020-05-25,,10,USD,,,,,,,,,,,,,,[2-Resident]
419384,134071422,Suna Valo,Suna Valo,2024,https://cf.geekdo-images.com/69uK_ZOtiHjBwP_WLjbUDQ__original/img/dMth8AT-8cUCWztTmoK41o7odhg=/0x0/filters:format(jpeg)/pic8894923.jpg,https://cf.geekdo-images.com/69uK_ZOtiHjBwP_WLjbUDQ__small/img/nCeJYzz8oMN_a-3U2YU2uA3lcRI=/fit-in/200x150/filters:strip_icc()/pic8894923.jpg,,2,2,45,90,90,,2.8529,1660,2,2,12+,No necessary in-game text,0,0,1,0,3,0,0,0,0,,2025-07-10 09:14:26,0,0,7.72119,5.95899,632,1.14242,3436,,,,,,,,,,,,,,,,,,"GenCon 2025
2 player only tableau builder",,
194517,61569231,Super Fantasy Brawl,Super Fantasy Brawl,2022,https://cf.geekdo-images.com/yT5dXJzCpgvBBmXr_zQDSQ__original/img/7hprTnwyGtV-0FhHfn3m8m3-GmI=/0x0/filters:format(jpeg)/pic4808077.jpg,https://cf.geekdo-images.com/yT5dXJzCpgvBBmXr_zQDSQ__small/img/3lbQnPrCdBORDWCy1XQCHj9nmLc=/fit-in/200x150/filters:strip_icc()/pic4808077.jpg,,2,4,30,40,40,,2.2824,4950,"2,4",2,10+,Some necessary text - easily memorized or small crib sheet,0,0,0,0,4,0,0,0,0,,2023-04-04 13:11:19,0,0,7.53663,6.52736,2863,1.56661,1261,Strategy Game Rank: 732,,,,,,,,,,,,,,,,,"Pased on 2019 KS
GenCon 2019 DEMO
Miniatures brawl in an arena, cards, no dice. Passed on the KS as Mythic Games has had 3 previous huge campaigns, none of which heave delivered yet.  Probably fine, but might as well wait and see on this one!  Looked awesome on the table at GenCon",,
302524,77222587,Super-Skill Pinball: 4-Cade,Super-Skill Pinball: 4-Cade,2020,https://cf.geekdo-images.com/Tmm3TEDHjb4daehm9sgstQ__original/img/_gbOQyUrnpHDaK76RA7Fe3ujsZY=/0x0/filters:format(jpeg)/pic5295593.jpg,https://cf.geekdo-images.com/Tmm3TEDHjb4daehm9sgstQ__small/img/582BiL1sLioLTCZF0_adtz4kYmA=/fit-in/200x150/filters:strip_icc()/pic5295593.jpg,,1,4,30,30,30,,2.1935,7227,"1,2,3",1,10+,Some necessary text - easily memorized or small crib sheet,0,0,0,0,3,0,0,0,0,,2023-04-04 13:11:23,0,0,7.02869,6.39914,3461,1.31598,1588,Family Game Rank: 447,,,,,,,,,,,,,,,,,Roll and Write Pinball,,
394887,128718461,Surfosaurus MAX,Surfosaurus MAX,2023,https://cf.geekdo-images.com/_oIGFfPMAa0gHWNy7kJp7g__original/img/p96DvDrI5EBJNcZ-Wr6Gc95cVl4=/0x0/filters:format(jpeg)/pic7618281.jpg,https://cf.geekdo-images.com/_oIGFfPMAa0gHWNy7kJp7g__small/img/sDjXtzwxUmWreaMwHw8ofJaCaKc=/fit-in/200x150/filters:strip_icc()/pic7618281.jpg,,2,6,20,20,20,,1.1667,2046,"3,4,5,6",3,8,No necessary in-game text,0,0,1,1,2,0,1,0,0,,2025-11-07 12:08:53,0,0,6.92162,6.01262,1317,1.28568,3105,Family Game Rank: 947,,,,,,,,,,,,,,,,,6 player. Poker mechanisms,,
435367,128051031,Survivor: The Tribe Has Spoken,Survivor: The Tribe Has Spoken,2025,https://cf.geekdo-images.com/XWH3r3U9MCrLSvZdDXB-xQ__original/img/WL61eRh9jYDVKumtJwajw3tpcBc=/0x0/filters:format(jpeg)/pic8598872.jpg,https://cf.geekdo-images.com/XWH3r3U9MCrLSvZdDXB-xQ__small/img/tFFe9zJ-FyHsJnKjjph9UNth0l4=/fit-in/200x150/filters:strip_icc()/pic8598872.jpg,,3,6,30,60,60,,1.5,778,"4,5,6","5,6",6+,,0,0,0,0,3,0,0,0,0,,2025-11-07 12:08:58,0,0,6.57584,5.57643,209,1.7072,10841,,,,,,,,,,,,,,,,,,"Co-designed by Jeff Probst
6 players",,
133473,43565107,Sushi Go!,Sushi Go!,2013,https://cf.geekdo-images.com/Fn3PSPZVxa3YurlorITQ1Q__original/img/5vRsn2TT9eJmq27i9HtLWKpB_xs=/0x0/filters:format(jpeg)/pic1900075.jpg,https://cf.geekdo-images.com/Fn3PSPZVxa3YurlorITQ1Q__small/img/6XF493O0tSyLyZP5ArlcZrOTMXQ=/fit-in/200x150/filters:strip_icc()/pic1900075.jpg,,2,5,15,15,15,,1.1643,98254,"3,4,5",4,6+,No necessary in-game text,1,0,0,0,3,0,0,0,0,,2026-05-31 21:27:39,2,7,6.98147,6.86933,52479,1.15862,659,Family Game Rank: 201,,,,12.99,USD,,,,,,,,,,,,,,[2-Resident]PP Estimate
99219,138092954,Swish,Swish,2011,https://cf.geekdo-images.com/zzbOtVGaOfJArqg660wM3g__original/img/qgA1t2FUa-gAv5MP9ZbKprmv938=/0x0/filters:format(jpeg)/pic8782824.jpg,https://cf.geekdo-images.com/zzbOtVGaOfJArqg660wM3g__small/img/1PUK0Jphzw5Sjqa01oDQmKYk2cg=/fit-in/200x150/filters:strip_icc()/pic8782824.jpg,,2,6,10,10,10,,1.2683,1872,"1,2,3,4,5,6","2,3,4",6+,No necessary in-game text,1,0,0,0,3,1,0,0,0,,2026-05-31 21:27:58,1,6,6.10768,5.6402,763,1.37653,7801,Abstract Game Rank: 451; Family Game Rank: 2149,Geekmarket - Casarmom,2025-11-03,2025-11-07,10,USD,,,,,,,,,,,,,,[3-Transient]
349369,132916164,Tabriz,Tabriz,2025,https://cf.geekdo-images.com/6CWLTZyvVl2bG5PLEjFL4g__original/img/58M0rUQE6m-NWmNv29zvoLp6Vm4=/0x0/filters:format(jpeg)/pic6785937.jpg,https://cf.geekdo-images.com/6CWLTZyvVl2bG5PLEjFL4g__small/img/UHna4kCredJdoLYFbY4RBHutl9o=/fit-in/200x150/filters:strip_icc()/pic6785937.jpg,,1,5,30,60,60,,2,1629,"1,2,3,4",3,10+,Some necessary text - easily memorized or small crib sheet,0,0,0,0,2,0,0,0,1,,2026-04-26 20:25:15,2,7,7.23971,5.8448,631,1.32637,4354,,Cardhaus,2025-07-11,2026-05-15,41,USD,30,USD,Sold - Indy Spiel,"Premiere Edition.  Includes Neoprene Playmat, Metal Coins and Bonus Tile and Dice Pool Punchboard.  Only played 2-3 times.",,,,,,,,"GenCon 2025
Istanbul vibes",,"2025 GenCon Pre-Purchase

Includes Metal Coins and Bonus Tile and Dice Pool Punchboard

Sold Indy Spiel 2026 $30 Matthew Swickard"
432,77422869,Take 5,Take 5,1994,https://cf.geekdo-images.com/WuOY1XAIJQ-RGAmT_apW_w__original/img/06TSBC2s-cwbxfPmy_pf7n5p-jM=/0x0/filters:format(jpeg)/pic8632998.jpg,https://cf.geekdo-images.com/WuOY1XAIJQ-RGAmT_apW_w__small/img/dhNHd8Ztln_lUFAdti6WkPnGTGg=/fit-in/200x150/filters:strip_icc()/pic8632998.jpg,,2,10,45,45,45,,1.1888,50408,"3,4,5,6,7,8,9,10","5,6",8+,No necessary in-game text,0,0,0,0,2,0,0,0,0,,2022-08-18 18:13:16,3,7,6.98435,6.85717,32684,1.27782,676,Family Game Rank: 200,,,,,,,,,,,,,,,,,,,
246912,96934041,Take 5 & Take A Number,Take 5 & Take A Number,2018,https://cf.geekdo-images.com/5bTUi6SFumQivs4f2Gumhg__original/img/xtnvM3FpPw-WZW3UdDd5rcTHruU=/0x0/filters:format(jpeg)/pic4399504.jpg,https://cf.geekdo-images.com/5bTUi6SFumQivs4f2Gumhg__small/img/nwNA73ITDTqUbd_WRQU4qfga-Gk=/fit-in/200x150/filters:strip_icc()/pic4399504.jpg,,2,10,25,45,45,,1.4,4057,"4,5,6,7,8,9,10","5,6,7",8+,,1,0,0,0,3,0,0,0,0,,2026-05-31 21:28:06,2,8,7.5015,6.21689,1346,1.12102,0,,Cardhaus,2022-08-18,,7.49,USD,,,Lakehouse,,,,,,,,,,,[2-Resident]
194505,54683780,Tallinn,Tallinn,2016,https://cf.geekdo-images.com/BYNEqbhw64XwQb1QS78gHQ__original/img/A8xrLypd1MHUYboNslkT0JvKo3E=/0x0/filters:format(jpeg)/pic3093785.jpg,https://cf.geekdo-images.com/BYNEqbhw64XwQb1QS78gHQ__small/img/mTYJNF1_SjJ5gVPv4aManannxUo=/fit-in/200x150/filters:strip_icc()/pic3093785.jpg,,2,4,10,20,20,,1.3333,305,"3,4","3,4",8+,No necessary in-game text,0,0,0,0,3,0,0,0,1,,2024-08-07 21:22:41,0,0,5.83069,5.51781,131,1.33969,20074,,Miniature Market,2018-10-02,2024-07-31,9,USD,,,GenCon 2024 Auction / Store,New.  Never played,,,,,,,,,,GenCon 2024 Store - DID NOT SELL
108,60172061,TAMSK,TAMSK,1998,https://cf.geekdo-images.com/_yr3yRZyjdViaUiGCcBgnA__original/img/fLMpO0MgpbC7An3qQPf0joFtUB0=/0x0/filters:format(jpeg)/pic54775.jpg,https://cf.geekdo-images.com/_yr3yRZyjdViaUiGCcBgnA__small/img/Bdd69cx7KU2Ymmb3Q_7ej7rBTno=/fit-in/200x150/filters:strip_icc()/pic54775.jpg,,2,2,20,20,20,,2.2866,2227,2,2,8+,No necessary in-game text,1,0,0,0,3,0,0,0,0,,2026-05-31 16:36:19,2,7,6.7592,5.96827,1431,1.41262,3385,Abstract Game Rank: 115,Geekmarket Auction,2019-05-02,2019-05-06,75,USD,,,,,,,,,,,,,,[1-Permanent]
379241,110846568,Tanis,Tanis,2023,https://cf.geekdo-images.com/DzQiR7cNbnwwABLDzB5KeA__original/img/_CfJFkLKzrWZnFXV5nt6YgksesM=/0x0/filters:format(png)/pic7310105.png,https://cf.geekdo-images.com/DzQiR7cNbnwwABLDzB5KeA__small/img/QhGz_pGXy9S3U7R2BSNVA4DCRQg=/fit-in/200x150/filters:strip_icc()/pic7310105.png,,2,2,20,30,30,,1.25,205,2,2,,No necessary in-game text,0,0,0,0,2,0,0,0,0,,2025-11-07 12:09:03,0,0,6.70145,5.53539,69,1.55307,15548,,,,,,,,,,,,,,,,,,"Phil Walker Harding Tile digging
Essen 23",,
25261,55661215,Tannhäuser,Tannhäuser,2011,https://cf.geekdo-images.com/v4qUOFlg_TtLbdr5Y6O0cw__original/img/zNtACoiLZet2ga2wMC3Rn3_b6Xk=/0x0/filters:format(png)/pic6972335.png,https://cf.geekdo-images.com/v4qUOFlg_TtLbdr5Y6O0cw__small/img/trizA71iJM4as4f5xcDfecZtHGg=/fit-in/200x150/filters:strip_icc()/pic6972335.png,,2,10,60,120,120,,2.7327,6304,2,2,12+,No necessary in-game text,0,0,0,0,3,0,0,0,0,,2022-10-24 16:04:55,0,0,6.48527,6.00119,3288,1.66895,3172,Thematic Rank: 722,,,,,,,,,,,,,Fantasy Flight Games,English,2011,English revised edition,Intrigued by Sam Healey’s ravings on this game.  Looks like a lot of effort!,,
286096,62733096,Tapestry,Tapestry,2019,https://cf.geekdo-images.com/7kqDmkUMGxXHr1wNPA7Gvg__original/img/e6rS0PyrVlPpJjCsWPmCaGg9PXc=/0x0/filters:format(jpeg)/pic4884996.jpg,https://cf.geekdo-images.com/7kqDmkUMGxXHr1wNPA7Gvg__small/img/1najF3Bh3QI7k2c9sJeTXznbvPU=/fit-in/200x150/filters:strip_icc()/pic4884996.jpg,,1,5,90,120,120,,2.9749,31037,"1,2,3,4",3,12+,Moderate in-game text - needs crib sheet or paste ups,1,0,0,0,1,0,0,0,0,,2026-05-31 21:28:12,6,8,7.43754,7.20725,22981,1.60921,297,Strategy Game Rank: 234,Stonemaier,2019-09-11,,75,USD,,,,,,,,,,,,,"Is it just me... why do I like this game so much more at lower player counts?  Most of my plays are 2 player.  One Play at 5 player just felt like so much downtime in between turns.  Still, really love this game!",[2-Resident]
315708,74123518,Tapestry: Plans and Ploys,Tapestry: Plans and Ploys,2020,https://cf.geekdo-images.com/bK6d6GP8kJp8k1jBos3phA__original/img/MF2Uxm1MiSq5PxivEiKllkTs4dQ=/0x0/filters:format(jpeg)/pic5592530.jpg,https://cf.geekdo-images.com/bK6d6GP8kJp8k1jBos3phA__small/img/bmOfG7z9CwPMNTUiAQlbygjXGps=/fit-in/200x150/filters:strip_icc()/pic5592530.jpg,,1,5,90,120,120,,2.9375,10123,"1,2,3,4",3,12+,Some necessary text - easily memorized or small crib sheet,1,0,0,0,3,0,0,0,0,,2020-09-12 18:00:50,0,0,8.11248,6.75654,2307,1.20992,0,,Stonemaier,2020-09-02,,25,USD,,,,,,,,,,,,,,
200114,121743168,Tapple 10,Tapple 10,2016,https://cf.geekdo-images.com/rOywPmXUqRIDD0KTDIzKmw__original/img/ic9HDn4N22zLhKuMRepfX2KDfXo=/0x0/filters:format(jpeg)/pic7527455.jpg,https://cf.geekdo-images.com/rOywPmXUqRIDD0KTDIzKmw__small/img/D3x8TLAg3jHP99hkDLlv5it_ADA=/fit-in/200x150/filters:strip_icc()/pic7527455.jpg,,1,99,5,15,15,,1.25,411,"2,3,4,5,6,7,8,9",4,10+,Extensive use of text - massive conversion needed to be playable,1,0,0,0,3,1,0,0,0,1,2026-05-31 21:28:29,0,0,6.30011,5.52463,88,1.24436,18008,,GenCon 2024,2024-08-01,2024-08-01,,,,,,,,,,,,,,,,"[4-Evaluate]
Free Gift from The Op at GenCon 2024"
118048,53155380,Targi,Targi,2012,https://cf.geekdo-images.com/wHg4fOf48cs1kw1PDOk1tQ__original/img/St4ABQhpauYiq4Mt6-f38JtLOjM=/0x0/filters:format(jpeg)/pic3958793.jpg,https://cf.geekdo-images.com/wHg4fOf48cs1kw1PDOk1tQ__small/img/6l-jqYlfECK1SVSsUs7FXUheKzQ=/fit-in/200x150/filters:strip_icc()/pic3958793.jpg,,2,2,60,60,60,,2.3428,44152,2,2,10+,Moderate in-game text - needs crib sheet or paste ups,1,0,0,0,3,0,0,0,0,,2026-05-31 21:28:41,4,8,7.58762,7.40178,26762,1.11621,175,Strategy Game Rank: 142,Miniature Market,2018-08-20,,13.99,USD,,,,,,,,,,,,Zee Garcia top WP game. Looks fun,,[1-Permanent]
202453,69305078,Targi: The Expansion,Targi: The Expansion,2016,https://cf.geekdo-images.com/LYSW82ufTWZx46icnm_FZg__original/img/8lJFH1OjJBAxWW3YfHM48cs5lrM=/0x0/filters:format(jpeg)/pic5145287.jpg,https://cf.geekdo-images.com/LYSW82ufTWZx46icnm_FZg__small/img/KfQpYNspff3stBu8eC8trujQTII=/fit-in/200x150/filters:strip_icc()/pic5145287.jpg,,2,2,60,60,60,,2.5946,9901,2,2,10+,Moderate in-game text - needs crib sheet or paste ups,1,0,0,0,1,0,0,0,0,1,2023-03-11 15:46:09,1,8,8.08702,6.60445,1807,1.07567,0,,Cardhaus,2020-03-08,,13.99,USD,,,,,,,,,,,,Love Targi!,,
366089,134509368,Tatsumi,Tatsumi,2026,https://cf.geekdo-images.com/YJuvFnIkV-0gLozlJORDRw__original/img/V1Ggq-FFYoTjtU6nokzD67EYEgM=/0x0/filters:format(jpeg)/pic8419811.jpg,https://cf.geekdo-images.com/YJuvFnIkV-0gLozlJORDRw__small/img/jHWJTHue7DSk5Ntqhj2vmRADp4s=/fit-in/200x150/filters:strip_icc()/pic8419811.jpg,,1,4,40,40,40,,2.2222,293,"2,3,4","3,4",10+,Some necessary text - easily memorized or small crib sheet,0,0,0,0,3,0,0,0,0,,2025-11-07 12:09:14,0,0,7.19235,5.58041,127,1.43295,10566,,,,,,,,,,,,,,,,,,"GenCon 2025
Cool looking simple
Move dragon, select ring resources, then place them on your personal board - like polyomino",,
306481,71412853,Tawantinsuyu: The Inca Empire,Tawantinsuyu: The Inca Empire,2020,https://cf.geekdo-images.com/pxqUJZDKEyHAY0Ex5zk66A__original/img/DxhdgQiNz_n8zlg3nuv5nYJhr40=/0x0/filters:format(jpeg)/pic5325153.jpg,https://cf.geekdo-images.com/pxqUJZDKEyHAY0Ex5zk66A__small/img/Vr0kZZ70HW9N-wOBVoEGMks3d6w=/fit-in/200x150/filters:strip_icc()/pic5325153.jpg,,1,4,60,120,120,,4.089,7394,"1,2,3,4",3,14+,No necessary in-game text,1,0,0,0,3,1,0,0,0,,2026-05-31 21:28:53,1,8,7.36884,6.53163,3102,1.41258,1250,Strategy Game Rank: 676,Cardhaus,2020-08-14,,40.99,USD,,,,,,,,,,,,"Brain burner, many many choices.  MvM mentioned this",,[2-Resident]
297030,71446973,Tekhenu: Obelisk of the Sun,Tekhenu: Obelisk of the Sun,2020,https://cf.geekdo-images.com/CBLtzgG8zsqDkUZ_hN5-ew__original/img/jEL4WHl98vZHaZFcw9hDXxsxjSo=/0x0/filters:format(jpeg)/pic5313583.jpg,https://cf.geekdo-images.com/CBLtzgG8zsqDkUZ_hN5-ew__small/img/QaUXxrgmXFrlNADgPeGhY5F538g=/fit-in/200x150/filters:strip_icc()/pic5313583.jpg,,1,4,60,120,120,,4.0681,12401,"1,2,3,4",3,14+,Some necessary text - easily memorized or small crib sheet,0,0,0,0,3,0,0,0,0,,2024-01-13 13:42:06,0,0,7.6587,7.06155,6679,1.33143,435,Strategy Game Rank: 262,,,,,,,,,,,,,,,,,,,
46213,77422904,Telestrations,Telestrations,2009,https://cf.geekdo-images.com/Dd94J37Oi1tgL7HAAaOfAQ__original/img/SAMxnv21q2rwvViEOu2nti4H0Is=/0x0/filters:format(jpeg)/pic8855812.jpg,https://cf.geekdo-images.com/Dd94J37Oi1tgL7HAAaOfAQ__small/img/CcgassIExgVh2dwANVY_Srp6be0=/fit-in/200x150/filters:strip_icc()/pic8855812.jpg,,4,8,30,30,30,,1.0697,32376,"5,6,7,8",8,8+,Extensive use of text - massive conversion needed to be playable,0,0,0,0,3,0,0,0,0,,2020-12-22 00:59:15,1,4,7.37697,7.14635,20748,1.39186,348,Party Game Rank: 20,,,,,,,,,,,,,,,,,,,
335609,85595355,TEN,TEN,2021,https://cf.geekdo-images.com/74OIxWD8fvpVGILu7s5I0g__original/img/nJV7yhQ49Y0AxSoq3Z0ML3ZFg8Y=/0x0/filters:format(png)/pic6109559.png,https://cf.geekdo-images.com/74OIxWD8fvpVGILu7s5I0g__small/img/pDsxBxqBHtML4GYSskmpGJ4qp3o=/fit-in/200x150/filters:strip_icc()/pic6109559.png,,1,5,15,30,30,,1.4405,7479,"2,3,4,5",4,10+,No necessary in-game text,1,0,0,0,3,1,0,0,0,2,2026-05-31 21:29:12,4,7,6.99561,6.39483,3700,1.26414,1603,Family Game Rank: 453,GenCon AEG Big Game Night 2021,2021-09-17,,0.0001,USD,,,,,,,,,,,,,,"[3-Transient]
Included with AEG Big Game Night"
294702,100869184,Tenpenny Parks,Tenpenny Parks,2022,https://cf.geekdo-images.com/-e6f1-cht9Proly7cjsM9g__original/img/Z6OKDCmjl_dzbcheAVi8g87Ys0k=/0x0/filters:format(jpeg)/pic6175532.jpg,https://cf.geekdo-images.com/-e6f1-cht9Proly7cjsM9g__small/img/MwQw3KPh6U-tuZHw4qml9kVfisA=/fit-in/200x150/filters:strip_icc()/pic6175532.jpg,,1,4,45,75,75,,2.1765,3352,"1,2,3,4",3,10+,Some necessary text - easily memorized or small crib sheet,0,0,0,0,3,0,0,0,0,,2024-01-08 21:46:29,0,0,7.41351,6.30305,1851,1.2032,1860,Strategy Game Rank: 959,,,,,,,,,,,,,,,,,Zee Top 10 2022. Game actually looks like a neat theme - building a theme park,,
229853,112706319,Teotihuacan: City of Gods,Teotihuacan: City of Gods,2018,https://cf.geekdo-images.com/wW5xjgBJcFyLaEWZwrYuKA__original/img/72kzn6t41ZxLEr3GFd8ir6hDdH4=/0x0/filters:format(jpeg)/pic4583626.jpg,https://cf.geekdo-images.com/wW5xjgBJcFyLaEWZwrYuKA__small/img/MppmP7GtDAfKiB5LiAl-ZtPxOPE=/fit-in/200x150/filters:strip_icc()/pic4583626.jpg,,1,4,90,120,120,,3.7811,28888,"1,2,3,4",4,14+,No necessary in-game text,0,0,0,0,3,0,0,0,0,,2023-11-22 00:19:20,1,8,7.83353,7.56335,22114,1.30791,110,Strategy Game Rank: 85,,,,,,,,,,,,,,,,,,,
381715,128412203,Teotihuacan: City of Gods – Deluxe Master Set,Teotihuacan: City of Gods – Deluxe Master Set,2024,https://cf.geekdo-images.com/eZoBkdBSEKVHPCC3r3gnIA__original/img/59uBymcqrdARRmy72LVoFVL6NRs=/0x0/filters:format(jpeg)/pic7385351.jpg,https://cf.geekdo-images.com/eZoBkdBSEKVHPCC3r3gnIA__small/img/n_aUSIq-ox4LCkC4Prac6Z8bJOU=/fit-in/200x150/filters:strip_icc()/pic7385351.jpg,,1,4,90,120,120,,3.9062,2707,"1,2,3,4",3,14+,Some necessary text - easily memorized or small crib sheet,0,0,0,0,3,0,0,0,1,,2026-05-08 08:19:16,2,8,8.41481,6.12913,664,1.40256,0,,Gamefound,2025-01-21,2026-05-08,145,USD,150,USD,Sold - Geekmarket,"Deluxe Master Set 2nd Print (Gamefound 2025) and includes the Deluxe Resources Pack 

Shipping will be expensive:  
Shipping Box Dimensions 16 x 14.5 x13
Shipping Weight 16lbs 8 oz ",,,,,,,,,,"Sold to gideb for $150 via Geekmarket 5/8/2026
Shipping Dimensions 16 x 14.5 x13
Shipping Weight 16lbs 8 oz 

Deluxe Master Edition
Added on Extra Resources
Look at Pledge Manager to add on Promo Pack and New Priests if not already included.  Other Add Ons did not appeal to me (no sleeves, playmats, 5th player)"
378135,110844373,Terra Pyramides,Terra Pyramides,2023,https://cf.geekdo-images.com/KVg4PCYaUbinEY_IiWNmtw__original/img/VRFH450KgrtYXXPN68j0U57JzHw=/0x0/filters:format(png)/pic7275657.png,https://cf.geekdo-images.com/KVg4PCYaUbinEY_IiWNmtw__small/img/57l2RcEMiLuQ5lOZQ4JYywacQVo=/fit-in/200x150/filters:strip_icc()/pic7275657.png,,1,4,45,90,90,,2.5455,392,"2,3,4",3,10+,,0,0,0,0,3,0,0,0,0,,2025-08-12 19:00:11,0,0,7.04387,5.63654,235,1.41421,7911,,,,,,,,,,,,,,,,,,"Kiesling and Kramer.  Looks cool
Essen 23",,
167791,73255399,Terraforming Mars,Terraforming Mars,2016,https://cf.geekdo-images.com/wg9oOLcsKvDesSUdZQ4rxw__original/img/thIqWDnH9utKuoKVEUqveDixprI=/0x0/filters:format(jpeg)/pic3536616.jpg,https://cf.geekdo-images.com/wg9oOLcsKvDesSUdZQ4rxw__small/img/BTxqxgYay5tHJfVoJ2NF5g43_gA=/fit-in/200x150/filters:strip_icc()/pic3536616.jpg,,1,5,120,120,120,,3.2718,159887,"1,2,3,4",3,12+,Extensive use of text - massive conversion needed to be playable,1,0,0,0,2,0,0,0,0,,2026-05-31 16:25:18,4,9,8.33566,8.18466,113360,1.43435,9,Strategy Game Rank: 8,,,,60,USD,,,,,,,,,,,,,,"[1-Permanent]
PP Estimate"
328871,78326124,Terraforming Mars: Ares Expedition,Terraforming Mars: Ares Expedition,2021,https://cf.geekdo-images.com/eT_Atcy_vRJvuUMgYakNrQ__original/img/upZwrb6k8zZMNTwB8VfpI372yuo=/0x0/filters:format(jpeg)/pic6260098.jpg,https://cf.geekdo-images.com/eT_Atcy_vRJvuUMgYakNrQ__small/img/YxoNRQg9owsoi68POaMY0Ix31ZI=/fit-in/200x150/filters:strip_icc()/pic6260098.jpg,,1,4,45,60,60,,2.9243,40167,"1,2,3,4",3,12+,Moderate in-game text - needs crib sheet or paste ups,1,0,0,0,3,0,0,0,0,,2026-05-31 21:29:23,2,8,7.6326,7.37109,21153,1.39009,192,Strategy Game Rank: 153,,,,159,USD,,,,,,,,,,,,TM the Card game?  I thought it already was a card game!,,"[2-Resident]
Ares
Metal Resource Cubes
4 Neoprene Playmats
Turmoil Promo Pack
Big Box Promo Pack"
312319,79592795,Terraforming Mars: Big Box Promos,Terraforming Mars: Big Box Promos,2021,https://cf.geekdo-images.com/5tW0F3Y11BH_X6oWhhOlEw__original/img/mcSUUd9u4ezJ3KaBenROaenjVUE=/0x0/filters:format(jpeg)/pic6316454.jpg,https://cf.geekdo-images.com/5tW0F3Y11BH_X6oWhhOlEw__small/img/TbMCDRXxWN1P4kXyC3A7rHgqbfU=/fit-in/200x150/filters:strip_icc()/pic6316454.jpg,,1,5,120,120,120,,2.9091,4728,"1,2,3,4",3,12+,Extensive use of text - massive conversion needed to be playable,1,0,0,0,3,0,0,0,0,,2023-01-08 13:55:59,0,0,8.16698,6.03988,633,1.56161,0,,,,,0.0001,USD,,,,,,,,,,,,,,Part of Ares KS
218127,73590496,Terraforming Mars: Hellas & Elysium,Terraforming Mars: Hellas & Elysium,2017,https://cf.geekdo-images.com/7yS40E2oW3JY5_1HpDkmBw__original/img/zrWa0cefvMsa28k7lFuW87Rea8M=/0x0/filters:format(jpeg)/pic3343205.jpg,https://cf.geekdo-images.com/7yS40E2oW3JY5_1HpDkmBw__small/img/nUbQgZ-hG7C8S1xU01rU-0HmIC0=/fit-in/200x150/filters:strip_icc()/pic3343205.jpg,,1,5,90,120,120,,2.7797,40531,"1,2,3,4,5",3,12+,No necessary in-game text,1,0,0,0,3,0,0,0,0,,2020-10-22 13:38:32,0,0,8.37557,7.85225,11938,1.15924,0,,Cardhaus,2020-08-14,,10.29,USD,,,,,,,,,,,,,,Ordered with Tawantahitsyu pre order. Planned shipping in October 2020
247030,73255474,Terraforming Mars: Prelude,Terraforming Mars: Prelude,2018,https://cf.geekdo-images.com/2qrpbgsKEcvu5RLXpb6fgw__original/img/aJDspE-4X4Qyn9ViaBrXd-P7IJw=/0x0/filters:format(jpeg)/pic4137234.jpg,https://cf.geekdo-images.com/2qrpbgsKEcvu5RLXpb6fgw__small/img/D5ierThzC9UcVe3mYB9n0-j5q5w=/fit-in/200x150/filters:strip_icc()/pic4137234.jpg,,1,5,90,120,120,,2.562,53230,"1,2,3,4,5",3,12+,Moderate in-game text - needs crib sheet or paste ups,1,0,0,0,1,0,0,0,0,,2023-01-08 13:56:37,0,0,8.84801,8.41418,17640,1.089,0,,,,,20,USD,,,,,,,,,,,,,,PP Estimate
387809,110011292,Terraforming Mars: Prelude 2,Terraforming Mars: Prelude 2,2024,https://cf.geekdo-images.com/wdw44b8TUhIbK_k99sLPbQ__original/img/_XmjG-ReSgT0cv1kDeSAkQg74lc=/0x0/filters:format(jpeg)/pic7719173.jpg,https://cf.geekdo-images.com/wdw44b8TUhIbK_k99sLPbQ__small/img/DafOn2j3piL6MzwyPnPwmvBEAi8=/fit-in/200x150/filters:strip_icc()/pic7719173.jpg,,1,5,90,120,120,,2.3846,8591,"1,2,3,4,5",3,10+,Extensive use of text - massive conversion needed to be playable,1,0,0,0,3,0,0,0,0,,2024-07-14 07:55:13,0,0,8.41703,6.49817,1302,1.76496,0,,KS,2023-09-07,2024-07-11,29,USD,,,,,,,,,,,,,,Also includes the Awards and Milestones Pack
296108,77951539,Terraforming Mars: The Dice Game,Terraforming Mars: The Dice Game,2023,https://cf.geekdo-images.com/ZaBpuleG30S1-hAmJnL4RA__original/img/V1kFJ4iZmcH94m7gNYgHvuMny0w=/0x0/filters:format(jpeg)/pic7077185.jpg,https://cf.geekdo-images.com/ZaBpuleG30S1-hAmJnL4RA__small/img/7AM38OD3FPy_I1Z2t8HP2GYz4WU=/fit-in/200x150/filters:strip_icc()/pic7077185.jpg,,1,4,45,45,45,,2.4148,10247,"1,2,3,4",2,12+,Some necessary text - easily memorized or small crib sheet,0,0,0,0,3,0,0,0,0,,2023-04-04 13:11:35,0,0,7.31443,6.63123,4488,1.45715,1044,Strategy Game Rank: 629,,,,,,,,,,,,,,,,,Gotta check this out,,
279345,79592784,Terraforming Mars: Turmoil Promos,Terraforming Mars: Turmoil Promos,2019,https://cf.geekdo-images.com/Rc6mpnxodoB7XJauiWRA-Q__original/img/aWOpyLKuGFdWeBVq1G5FQJu1iNE=/0x0/filters:format(jpeg)/pic5055230.jpg,https://cf.geekdo-images.com/Rc6mpnxodoB7XJauiWRA-Q__small/img/vHqoLyUWC2lCBrujO8-eMZaIGYY=/fit-in/200x150/filters:strip_icc()/pic5055230.jpg,,1,5,120,120,120,,3.5,5561,"1,2,3,4",3,12+,Extensive use of text - massive conversion needed to be playable,1,0,0,0,3,0,0,0,0,,2023-01-08 13:56:13,0,0,8.06177,6.12953,823,1.55527,0,,,,,0.0001,USD,,,,,,,,,,,,,,Part of Ares KS
272427,79623076,Terramara,Terramara,2019,https://cf.geekdo-images.com/GShuHzw0HW7JhjBhbB6sRg__original/img/qZcoe2-I30FfzpUqWuSVlpq4J98=/0x0/filters:format(jpeg)/pic4583975.jpg,https://cf.geekdo-images.com/GShuHzw0HW7JhjBhbB6sRg__small/img/IHqGv8LVGQjPYUFE3Qymx7WeAq8=/fit-in/200x150/filters:strip_icc()/pic4583975.jpg,,2,4,120,120,120,,3.4154,2159,"3,4",4,14+,No necessary in-game text,1,0,0,0,3,1,0,0,0,,2026-05-31 20:04:57,0,0,7.27465,6.19647,1598,1.35112,2250,Strategy Game Rank: 1089,BGG Marketplace orion17,2023-08-09,2023-08-15,50,USD,,,,,,,,,,,,WP with a different twist on how far you place your workers.  Better rewards but your have to wait longer to retrieve,,"[4-Evaluate]
Purchased from BGG Marketplace as NIS"
191958,36079815,Tesla vs. Edison: Powering Up!,Tesla vs. Edison: Powering Up!,2016,https://cf.geekdo-images.com/co1CjL6AVMIiEyUGBrENTQ__original/img/isu38qLERlX49Z4vHiGNBfqTNrI=/0x0/filters:format(png)/pic3290704.png,https://cf.geekdo-images.com/co1CjL6AVMIiEyUGBrENTQ__small/img/8bW1G7lTbdSPqaByqxmM7Prkf6Q=/fit-in/200x150/filters:strip_icc()/pic3290704.png,,1,6,60,120,120,,3.3077,1908,"1,2,3,4,5,6",5,12+,Moderate in-game text - needs crib sheet or paste ups,0,0,0,0,3,0,0,0,1,,2023-08-19 10:17:33,0,0,7.73254,5.83088,418,1.27786,0,,KS,2018-05-25,,25,USD,,,Karl,New in shrink.  Bundled with the base game.,,,,,,,,,Kickstarter with GenCon 2016 pickup,
132544,36233603,Tesla vs. Edison: War of Currents,Tesla vs. Edison: War of Currents,2015,https://cf.geekdo-images.com/mijSCPswTbRlF462A3o3MQ__original/img/zb3U_Ue6hK2gdj4IvvgGtj1_ksw=/0x0/filters:format(jpeg)/pic2555214.jpg,https://cf.geekdo-images.com/mijSCPswTbRlF462A3o3MQ__small/img/0fezfcYW8WPpQw3IAlXEGPEdiJM=/fit-in/200x150/filters:strip_icc()/pic2555214.jpg,,2,5,90,90,90,,3.243,3768,"3,4,5",4,14+,Some necessary text - easily memorized or small crib sheet,0,0,0,0,3,0,0,0,1,,2023-08-19 10:16:50,0,0,6.68165,5.98417,1692,1.48919,3279,Strategy Game Rank: 1517,KS,2016-05-25,,40,USD,,,Karl,New in shrink.,,,,,,,,,Kickstarter with GenCon 2016 pickup,
367385,99658249,Tesseract,Tesseract,2023,https://cf.geekdo-images.com/5l5wizLRAMBFgNUugy3-wQ__original/img/uJAVu9jnjirZpw5b4fNpYr8Fa_g=/0x0/filters:format(jpeg)/pic7017158.jpg,https://cf.geekdo-images.com/5l5wizLRAMBFgNUugy3-wQ__small/img/CmQYuJNIbIi1cDkbX8HLtmbg9Qk=/fit-in/200x150/filters:strip_icc()/pic7017158.jpg,,1,4,60,60,60,,2.6071,2902,"1,2,3,4",2,8+,Moderate in-game text - needs crib sheet or paste ups,0,0,0,0,4,0,0,0,0,,2024-08-20 21:51:49,0,0,7.3925,6.08844,1132,1.14972,2721,Abstract Game Rank: 82,,,,,,,,,,,,,,,,,Nov 2022 KS looks cool.  Keep an eye out after it delivers,,
226322,67245633,That's a Question!,That's a Question!,2017,https://cf.geekdo-images.com/MTGTksYC45yzbOB-UJdBTw__original/img/Mzb1d-T1X992LnjqdeqkMd4ewAc=/0x0/filters:format(jpeg)/pic3643950.jpg,https://cf.geekdo-images.com/MTGTksYC45yzbOB-UJdBTw__small/img/Pe10KxKTwYWeK_Ikgu0YJEsDdkk=/fit-in/200x150/filters:strip_icc()/pic3643950.jpg,,3,6,30,30,30,,1.0435,3327,"4,5,6",6,10+,Extensive use of text - massive conversion needed to be playable,0,0,0,0,3,0,0,0,1,,2024-07-14 20:23:05,1,3,5.67203,5.55708,1489,1.50071,12485,Party Game Rank: 695,,,,,,,,Sold,,,,,,,,,"Listed FREE OctoCon - gave to Jerry Wilkinson at OctoCon 2022
",,Free to Jerry Wilkinson at Octocon 2022
244522,59505554,That's Pretty Clever!,That's Pretty Clever!,2018,https://cf.geekdo-images.com/u1EZSUC5n8k4g4OFPkn3ow__original/img/e4QJiofBkd18ZffIURPyqNWrhxk=/0x0/filters:format(jpeg)/pic8014078.jpg,https://cf.geekdo-images.com/u1EZSUC5n8k4g4OFPkn3ow__small/img/mOfaidSnvnq2gHEQuAsYTLyIQQQ=/fit-in/200x150/filters:strip_icc()/pic8014078.jpg,,1,4,30,30,30,,1.8521,46859,"1,2,3,4",2,8+,No necessary in-game text,1,0,0,0,3,0,0,0,0,,2026-05-31 21:29:34,8,9,7.5495,7.36099,28009,1.13645,204,Family Game Rank: 32,Christmas Gift,2019-12-25,,20,USD,,,Lakehouse,,,,,,,,,,,"[2-Resident]
PP Estimate"
305462,72325242,The Age of Atlantis,The Age of Atlantis,2022,https://cf.geekdo-images.com/ODGutac0B6W_GODnJQYU5A__original/img/z7nmzV_iIHvZfdDO1oSof8jWxmo=/0x0/filters:format(jpeg)/pic5308828.jpg,https://cf.geekdo-images.com/ODGutac0B6W_GODnJQYU5A__small/img/5yTnSOoeMgiqiCmg1Vm4Ue7gy0M=/fit-in/200x150/filters:strip_icc()/pic5308828.jpg,,1,4,90,90,90,,3.3673,1864,"1,2,3,4",3,14+,Unplayable in another language,0,0,0,0,1,0,0,0,1,1,2025-05-14 20:25:29,1,8,7.31785,5.99172,921,1.70764,3225,Strategy Game Rank: 1440,KS,2020-06-28,2025-05-14,59,USD,60,USD,Indy Spiel,,,,,,,,,"June 2020 KS
This game looks amazing!
Love the Designer's 2 player game play video
Can't wait for this one!",,"Sold for $60 at Indy Spiel 2025 (Tim Aberli)

Pledge Manager a complete 2029-08-04

Upgraded to painted minis and large metal statue


The Age of Atlantis
Hide details
One copy of The Age of Atlantis (KS Edition) plus all unlocked stretch goals.

Shipping will be charged after the campaign through the pledge manager. See shipping estimates in Section 10.

INCLUDES:
The Age of Atlantis
All Unlocked Stretch Goals"
307832,99034465,The Alpha,The Alpha,2020,https://cf.geekdo-images.com/28zMO2BO16SvVNSj8f1T7A__original/img/Ymcgkc6CHJ8l_vUxA4be8jnVxjY=/0x0/filters:format(png)/pic5368031.png,https://cf.geekdo-images.com/28zMO2BO16SvVNSj8f1T7A__small/img/nSIYae8P6UJQDN7YyDHmfhe5ez8=/fit-in/200x150/filters:strip_icc()/pic5368031.png,,3,6,20,45,45,,1.4286,1378,"3,4,5,6","4,5,6",6+,Some necessary text - easily memorized or small crib sheet,0,0,0,0,3,0,0,0,1,,2024-09-28 19:45:20,0,0,6.63878,5.70278,590,1.47772,6256,Family Game Rank: 1815,OctoCon,2022-10-22,,0.001,USD,3,USD,Sold - Indy Spiel,,,,,,,,,,,"Sold to Katrina for $3 at Indy Spiel 2024

Won in Raffle"
329128,82797069,The Artemis Odyssey,The Artemis Odyssey,2023,https://cf.geekdo-images.com/9CNbJEF_9hz_8jatgV-bag__original/img/3AknBxy5u8D-T2fRKBJ40Hz0sMA=/0x0/filters:format(jpeg)/pic6211069.jpg,https://cf.geekdo-images.com/9CNbJEF_9hz_8jatgV-bag__small/img/NBvTTaNJs2n81Y-tQhJmGMEevmo=/fit-in/200x150/filters:strip_icc()/pic6211069.jpg,,1,5,60,90,90,,2.8333,972,"1,2,3,4","2,3",,Moderate in-game text - needs crib sheet or paste ups,0,0,0,0,1,0,0,0,1,1,2024-07-14 20:20:22,1,6,7.03566,5.64412,253,1.2364,7689,,KS,2021-09-22,2023-07-17,65,USD,70,USD,Sold,"Like New.  Punched and played once.  Odyssey Kickstarter edition - miniatures, Game Trayz, and spot-coated box",,,,,,,,,,Sold to ToxicTexan via BGG Marketplace for $70 on 2 Aug 2023
254713,52553203,The Artemis Project,The Artemis Project,2019,https://cf.geekdo-images.com/KnXlq6lwaEa64BOdjqc-IA__original/img/Lj7XiU6NLh0xqXlBdD2lS-SiuwM=/0x0/filters:format(jpeg)/pic4226421.jpg,https://cf.geekdo-images.com/KnXlq6lwaEa64BOdjqc-IA__small/img/Z9DmbNex_UWk0PI-gakcpEAAcD0=/fit-in/200x150/filters:strip_icc()/pic4226421.jpg,,1,5,60,75,75,,2.8526,4325,"1,2,3,4,5","3,4",12+,Some necessary text - easily memorized or small crib sheet,1,0,0,0,4,0,0,0,0,,2026-05-31 20:21:21,4,8,7.20244,6.35905,2516,1.24986,1689,Strategy Game Rank: 889,KS,2018-10-05,,65,USD,,,,,,,,Grand Gamers Guild,English,2019,English first edition,"2018 Gen Con DEMO
2019 Gen Con FOR SALE",,[2-Resident]
283059,61538498,The Artemis Project: Directives,The Artemis Project: Directives,2019,https://cf.geekdo-images.com/FE8YiZdXiVvrUHPJp4jztw__original/img/FhxbzX0rg1pDlLZ2hG2YuNT6oHY=/0x0/filters:format(png)/pic4810040.png,https://cf.geekdo-images.com/FE8YiZdXiVvrUHPJp4jztw__small/img/KmEPxGuE9Kc3q6ozNgVgpztSuE4=/fit-in/200x150/filters:strip_icc()/pic4810040.png,,1,5,60,75,75,,3,690,"1,3,4,5",3,,,1,0,0,0,1,0,0,0,0,,2023-03-20 19:36:22,0,0,6.68313,5.54214,83,1.68566,0,,Kickstarter,2019-08-03,,0.0001,USD,,,,,,,,,,,,"2019 Gen Con
Included in the KS version",,Included with Base game
356578,94633820,The Artemis Project: Satellites & Commanders,The Artemis Project: Satellites & Commanders,2023,https://cf.geekdo-images.com/lqxSyQrlF_7nDVqWg6UVmw__original/img/x3BzSOsRpeo0K4j9a49iOtlulbw=/0x0/filters:format(jpeg)/pic6673857.jpg,https://cf.geekdo-images.com/lqxSyQrlF_7nDVqWg6UVmw__small/img/kXc15lIJ54w6Z9db4h0Cd7_MyEI=/fit-in/200x150/filters:strip_icc()/pic6673857.jpg,,1,5,60,75,75,,3,754,"3,4,5",4,14,,1,0,0,0,3,0,0,0,0,,2023-07-17 12:20:30,0,0,7.50738,5.54963,61,1.08431,0,,KS,2022-06-03,2023-07-17,30,USD,,,,,,,,,,,,,,
334012,83207537,The Battle of Armageddon: Deluxe Edition,The Battle of Armageddon: Deluxe Edition,2021,https://cf.geekdo-images.com/iS1ccTDx18acaTY33l8ueA__original/img/0_0VFls-h01lqKcYKoi7LgpHzn0=/0x0/filters:format(jpeg)/pic5397416.jpg,https://cf.geekdo-images.com/iS1ccTDx18acaTY33l8ueA__small/img/x7XuzUAdLR0AdmcIlt2eab5aai4=/fit-in/200x150/filters:strip_icc()/pic5397416.jpg,,2,6,120,240,240,,1.75,183,"3,4,5,6","4,5,6",16+,Extensive use of text - massive conversion needed to be playable,1,0,0,0,3,0,0,0,0,1,2026-05-31 20:24:21,1,7,7.14262,5.53353,61,1.84635,15909,War Game Rank: 2755,KS,2021-06-19,,52,USD,,,Office,,,,,,,,,,,[2-Resident]
299838,85698395,The Belgian Beers Race,The Belgian Beers Race,2021,https://cf.geekdo-images.com/wudNkgISdXuH2xcBqfJ_Fg__original/img/6D1jyw1VMSkhnHw3qms9zg-jiXE=/0x0/filters:format(jpeg)/pic5613521.jpg,https://cf.geekdo-images.com/wudNkgISdXuH2xcBqfJ_Fg__small/img/kTPH93Old1w6H0aCOvbQBK4fxsk=/fit-in/200x150/filters:strip_icc()/pic5613521.jpg,,2,4,60,150,150,,2.7143,958,"2,3,4","3,4",10+,No necessary in-game text,1,0,0,0,3,0,0,0,0,,2026-05-31 20:24:55,2,7,7.10989,5.68233,333,1.43708,6707,,GeekMarket Beta,2022-07-20,,25,USD,,,,,,,,,,,,Game looks great but price seems way too high for what is included,"First play at 2P was fun as we drank a couple beers to enhance the theme.  Reviews made it seem meh, but it was a decent, fun game!  I wonder about replayability so we will see how the rating changes over time","[3-Transient]
Purchased from https://market.boardgamegeek.com/u/mkemp217 On the GeekMarket"
369803,110256576,The Belgian Beers Race Dice,The Belgian Beers Race Dice,2023,https://cf.geekdo-images.com/B8iEIx30ci584J1cmkdHWg__original/img/g3zBVt50uqRtJT-fEzoNiGdGxm0=/0x0/filters:format(jpeg)/pic7616200.jpg,https://cf.geekdo-images.com/B8iEIx30ci584J1cmkdHWg__small/img/u4aQ4uJpRh4Q1z_3Mq54tZ8va3o=/fit-in/200x150/filters:strip_icc()/pic7616200.jpg,,1,4,30,60,60,,1,185,"2,3,4",2,8+,,1,0,0,0,3,1,0,0,0,1,2026-05-31 17:23:09,0,0,6.50262,5.51561,65,2.08835,20791,,Grand Gamer’s Guild - Add On to Tir na Nog Pledge,2024-12-02,2025-12-24,30,USD,,,,,,,,,,,,,,[4-Evaluate]
167669,100262666,The Best of TV and Movies,The Best of TV and Movies,2012,https://cf.geekdo-images.com/iJBOJ0dTQNVeYvX0qqhhlA__original/img/nAZ_EfFyuWQRcARwzra-SzEbg_g=/0x0/filters:format(jpeg)/pic2698849.jpg,https://cf.geekdo-images.com/iJBOJ0dTQNVeYvX0qqhhlA__small/img/fjFpzsjJ010QRUZyW0-Q0AHf13Y=/fit-in/200x150/filters:strip_icc()/pic2698849.jpg,,2,6,60,60,60,,1,600,,,,,0,0,0,0,3,0,0,0,1,,2025-08-10 21:03:16,1,5,5.53109,5.49251,151,1.64973,27493,,,2022-11-27,2025-07-08,,,,,GenCon Store / Auction 2025,Very Good,,,,,,,,,,
84876,70572897,The Castles of Burgundy,The Castles of Burgundy,2011,https://cf.geekdo-images.com/sH2YTQ10dHj1ibfS-KKtGA__original/img/L_gsMsuhbAe0kyq1QLAmyeKOeSs=/0x0/filters:format(jpeg)/pic8745814.jpg,https://cf.geekdo-images.com/sH2YTQ10dHj1ibfS-KKtGA__small/img/f5zFXdTcH9RNY0iMNBppd8D-_r0=/fit-in/200x150/filters:strip_icc()/pic8745814.jpg,,2,4,30,90,90,,2.9709,84305,"2,3,4",2,12+,No necessary in-game text,1,0,0,0,3,0,0,0,0,,2026-05-31 20:30:26,2,9,8.16115,8.03198,69656,1.25418,15,Strategy Game Rank: 16,BGG Trade,2020-04-20,,15,USD,,,,,,,,,,,,,,"[1-Permanent]
Trade with snake05015 for Villainous
Price Paid based on price paid for Disney Villainous"
287658,138771866,The Climbers: Family Edition,The Climbers: Family Edition,2019,https://cf.geekdo-images.com/jvMjYFcHLHEcHxPgueGh1w__original/img/ZceWJjvWBuEVUtfSWzyCz_Iixr0=/0x0/filters:format(jpeg)/pic4923426.jpg,https://cf.geekdo-images.com/jvMjYFcHLHEcHxPgueGh1w__small/img/-krUlQj_dm20kXSRU_kCzOiMtjQ=/fit-in/200x150/filters:strip_icc()/pic4923426.jpg,,2,5,20,30,30,,1,158,,,,,0,0,1,0,3,0,0,0,0,,2025-11-18 19:55:08,0,0,6.4878,5.51357,41,1.50806,21503,,,,,,,,,,,,,,,,,,"Zach Bart recommendation
Cool spatial game",,
192836,115051885,The Colonists,The Colonists,2016,https://cf.geekdo-images.com/Ca6hNgx3vX8dri1yj-3CWg__original/img/hVWz5MTXBBc4RCXAQvQ3pnZ7aFc=/0x0/filters:format(jpeg)/pic3195482.jpg,https://cf.geekdo-images.com/Ca6hNgx3vX8dri1yj-3CWg__small/img/NU1qPi1sLNOfIYLmc4lRyQXgHVo=/fit-in/200x150/filters:strip_icc()/pic3195482.jpg,,1,4,30,360,360,,4.0635,8387,"1,2,3",2,12+,Moderate in-game text - needs crib sheet or paste ups,0,0,0,0,3,0,0,0,1,1,2024-08-07 21:04:48,0,0,7.53073,6.80755,4476,1.45025,747,Strategy Game Rank: 428,Traded from jiggity with The Colonists for Venice and Ragusa,2024-01-14,2024-07-31,35,USD,14,USD,GenCon 2024 Auction / Store,,,,,,,,,,,"Price estimated from trade values
9434636105536137092294

Sold for $14 GenCon 2024 Auction"
324856,88765538,The Crew: Mission Deep Sea,The Crew: Mission Deep Sea,2021,https://cf.geekdo-images.com/VuBqZ1sMaDAVVHF_OEJP4g__original/img/jGWxczXC_VWZofeAmlO_DkB0hCI=/0x0/filters:format(jpeg)/pic5988903.jpg,https://cf.geekdo-images.com/VuBqZ1sMaDAVVHF_OEJP4g__small/img/EdacXlcFZ06YK0-ZKa0oKwL4VCw=/fit-in/200x150/filters:strip_icc()/pic5988903.jpg,,2,5,20,20,20,,2.0499,51640,"3,4,5",4,10+,Moderate in-game text - needs crib sheet or paste ups,0,0,0,0,2,0,0,0,0,,2023-02-25 22:24:57,0,0,8.04624,7.80523,25650,1.31905,45,Family Game Rank: 3,,,,,,,,,,,,,,,,,,,
284083,77422949,The Crew: The Quest for Planet Nine,The Crew: The Quest for Planet Nine,2019,https://cf.geekdo-images.com/98LnQShydr11OBKS46xY-Q__original/img/Q-ZkgnuBu9OTBr7J3qnqPjqamAE=/0x0/filters:format(jpeg)/pic5687013.jpg,https://cf.geekdo-images.com/98LnQShydr11OBKS46xY-Q__small/img/et-fnuozyOdBOVL-5kSS3_7I8fw=/fit-in/200x150/filters:strip_icc()/pic5687013.jpg,,2,5,20,20,20,,1.969,93630,"3,4,5",4,10+,No necessary in-game text,1,0,0,0,3,0,0,0,0,,2026-05-31 20:33:41,10,8,7.75501,7.61615,48677,1.31668,94,Family Game Rank: 12,Trade with Board Game Co,2021-11-05,,10,USD,,,,,,,,,,,,,,"[3-Transient]
Game(s) From BoardGameCo
-----------------------
1. The Crew: The Quest for Planet Nine
2. Five Tribes

Game(s) From Indywiseguy
-----------------------
1. Rise of Tribes
2. The Grimm Forest
3. Planet
4. Paris
5. Dice Forge"
358460,95425715,The Cube: Area 51,The Cube: Area 51,2022,https://cf.geekdo-images.com/AV0zU3OQrhWb0sojn0LUqQ__original/img/JduRQ1K1EMIM1yvWuAeqnmjMu4g=/0x0/filters:format(png)/pic6931186.png,https://cf.geekdo-images.com/AV0zU3OQrhWb0sojn0LUqQ__small/img/_WGXhPY1vjBNfTDd3GHe137BUgo=/fit-in/200x150/filters:strip_icc()/pic6931186.png,,2,4,0,0,0,,0,65,,,,,0,0,0,0,3,0,0,0,0,,2023-02-25 22:27:18,0,0,4.40278,0,18,2.08023,0,,,,,,,,,,,,,,,,,,,,
450923,134961793,The Danes,The Danes,2027,https://cf.geekdo-images.com/o_I9WdSlHQHGzlmbbiSCPw__original/img/407yMuAzXpwvW5qFcVYdUNb0e60=/0x0/filters:format(jpeg)/pic9012269.jpg,https://cf.geekdo-images.com/o_I9WdSlHQHGzlmbbiSCPw__small/img/WLglsT5Gf9GNBGvE9Nbe3onJ0U0=/fit-in/200x150/filters:strip_icc()/pic9012269.jpg,,1,4,90,180,180,,4,9,"1,2,3","1,2",12+,,0,0,1,0,3,0,0,0,0,,2025-11-17 20:51:22,0,0,7.96,0,20,2.81876,0,,,,,,,,,,,,,,,,,,"Crowdfunding in 2026
Feast for Odin Setting

Need more info",,
440007,137353475,The Druids of Edora,The Druids of Edora,2025,https://cf.geekdo-images.com/D15e2kNbfyDHZdjH7jq_iA__original/img/ibjO28gA16a8M_7kmWtMP-dr8n8=/0x0/filters:format(jpeg)/pic8883899.jpg,https://cf.geekdo-images.com/D15e2kNbfyDHZdjH7jq_iA__small/img/QljeEfAB2mle__6Rvi7AaE2M7t4=/fit-in/200x150/filters:strip_icc()/pic8883899.jpg,,2,4,60,90,90,,3.0874,3420,"2,3,4","3,4",12+,No necessary in-game text,1,0,0,0,3,1,0,0,0,,2026-05-31 17:25:29,0,0,7.89004,6.49787,1802,1.12196,1338,Strategy Game Rank: 669,Ravensburger,2025-11-21,2025-11-29,36,USD,,,,,,,,,,,,"Feld
Dice Placement",,[4-Evaluate]
299371,71776622,The Emerald Flame,The Emerald Flame,2021,https://cf.geekdo-images.com/-paEcLVl2Qvhd0U8JYFtwg__original/img/L2hiTrBhgq1otPaGNNVoeG-sUUQ=/0x0/filters:format(jpeg)/pic5239478.jpg,https://cf.geekdo-images.com/-paEcLVl2Qvhd0U8JYFtwg__small/img/_m7149LZzTYkO9LYo-N4efXKv08=/fit-in/200x150/filters:strip_icc()/pic5239478.jpg,,1,4,270,540,540,,3.5385,1693,"1,2,3",2,12+,Unplayable in another language,1,0,0,0,3,1,0,0,0,1,2026-05-31 20:39:16,3,7,8.314,5.95313,500,1.35087,3475,Thematic Rank: 572,KS,2020-06-06,,86,USD,,,,,,,,,,,,"KS June 2020
Clever looking puzzle game.  Puzzles on the KS page pulled me in!",,"[3-Transient]
PM DONE 29 June 2020 and shipping paid on 14 July 2020

Master alchemists can show off their brilliant skills with a copy of The Emerald Flame, an Apprentice pack, and thank you credit on the Koschei Society website.

INCLUDES:
A copy of The Emerald Flame
Illustrated puzzle postcard
Illustrated prequel puzzle
Enamel pin
Thank you credit on the Koschei Society website
All unlocked stretch goals"
220792,52624115,The Expanse Board Game,The Expanse Board Game,2017,https://cf.geekdo-images.com/fy2F4nH0TTGPbsoEx2tQrA__original/img/EdVfLOnLkS_a86LYL503kaayRQI=/0x0/filters:format(jpeg)/pic3536365.jpg,https://cf.geekdo-images.com/fy2F4nH0TTGPbsoEx2tQrA__small/img/RwpM2998RdtWcqUEXFR77dzZGWY=/fit-in/200x150/filters:strip_icc()/pic3536365.jpg,,2,4,60,60,60,,2.8182,3246,"3,4",4,12+,Extensive use of text - massive conversion needed to be playable,1,0,0,0,2,0,0,0,0,,2026-05-31 17:25:49,1,8,7.16129,6.22248,1857,1.30827,2159,Strategy Game Rank: 1074,Amazon,2018-07-05,,41.56,USD,,,,,,,,,,,,,,[2-Resident]
262112,55461379,The Expanse Boardgame: Doors and Corners,The Expanse Boardgame: Doors and Corners,2019,https://cf.geekdo-images.com/K3QY8u1FsdHFD3ttGfHXXw__original/img/9H1rrNCiXDM5yfrrSExiKLhUewA=/0x0/filters:format(jpeg)/pic4409328.jpg,https://cf.geekdo-images.com/K3QY8u1FsdHFD3ttGfHXXw__small/img/DGcx8CLuRR4EKJJ801a_QVOZmqc=/fit-in/200x150/filters:strip_icc()/pic4409328.jpg,,2,4,60,60,60,,3,1164,"3,4",4,12+,Extensive use of text - massive conversion needed to be playable,1,0,0,0,1,0,0,0,0,,2023-01-08 12:16:57,0,0,7.7033,5.66932,200,1.17055,0,,BGG Trade with Scott Srpurgeon,2020-10-12,,35,USD,,,,,,,,,,,,,,"Traded Oceans for this and LotR FotR Deck Builder

PP Estimate"
419086,145754347,The Fall of Kingdoms,The Fall of Kingdoms,2024,https://cf.geekdo-images.com/mwibzc14yLw7U0JmQPErsA__original/img/L_PrACGfBul42Q-Gxfxa_TwwEaE=/0x0/filters:format(jpeg)/pic8141336.jpg,https://cf.geekdo-images.com/mwibzc14yLw7U0JmQPErsA__small/img/vYb1KjHyhjcp3WGYn0xaKjp1zi0=/fit-in/200x150/filters:strip_icc()/pic8141336.jpg,,2,7,20,40,40,,2.1111,187,"2,3,4,5,6,7","4,5,6",10,,0,0,0,0,3,0,0,0,0,,2026-05-22 20:46:36,1,7,6.90062,5.51282,90,3.25888,21757,,,,,,,,,,,,,,,,,,,,
298086,119794875,The Fog: Escape from Paradise,The Fog: Escape from Paradise,2024,https://cf.geekdo-images.com/4ycInRxiRcIQPfaeUpzLxg__original/img/ZPyQ1v5aX7eZiJUXzSjj4tfIB9g=/0x0/filters:format(jpeg)/pic8114762.jpg,https://cf.geekdo-images.com/4ycInRxiRcIQPfaeUpzLxg__small/img/VQv8Fl0cIuApsmjGobLcb1x0l3g=/fit-in/200x150/filters:strip_icc()/pic8114762.jpg,,1,4,45,75,75,,2.2857,560,"1,2,3,4","3,4",10+,No necessary in-game text,1,0,0,0,2,1,0,0,0,,2026-05-31 20:41:54,1,7,7.39026,5.67733,312,1.47041,6833,,GenCon 2024,2024-08-01,2024-08-01,85,USD,,,,,,,,Grand Gamers Guild; XOLLOX Games,English; German,2024,Grand Gamers Guild edition,Looks different and straightforward.  2024 Origins,,[3-Transient]
416831,121742893,The Fog: Escape from Paradise – Uncertainty Expansion,The Fog: Escape from Paradise – Uncertainty Expansion,2024,https://cf.geekdo-images.com/Q1VhscmdQRs1G7R66TqepA__original/img/1au8UxkA5TTjvVM8Sc57_xIgPXg=/0x0/filters:format(jpeg)/pic8089895.jpg,https://cf.geekdo-images.com/Q1VhscmdQRs1G7R66TqepA__small/img/F63o9LNxr4PDZACqbhKFsqX5PAA=/fit-in/200x150/filters:strip_icc()/pic8089895.jpg,,0,0,0,0,0,,0,224,,,,,1,0,0,0,3,0,0,0,0,,2024-08-01 20:44:47,0,0,7.83333,0,18,0.957427,0,,GenCon 2024,2024-08-01,2024-08-01,,,,,,,,,,,,,,,,In Base Game Box
447687,132946600,The Four Doors,The Four Doors,2025,https://cf.geekdo-images.com/zFIEf3IRg7SnCpaWRXv9Rw__original/img/jQ76X7LO96fTven-pA8NLhfJVOQ=/0x0/filters:format(jpeg)/pic8918873.jpg,https://cf.geekdo-images.com/zFIEf3IRg7SnCpaWRXv9Rw__small/img/WH4iw9485x5ciUoQ0QBXLWM7QxM=/fit-in/200x150/filters:strip_icc()/pic8918873.jpg,,1,5,30,30,30,,1.8,605,"2,3,4","1,2",,,0,0,0,0,3,0,0,0,0,,2025-10-07 21:36:17,0,0,6.81553,5.59246,189,1.34442,9829,,,,,,,,,,,,,,,,,,"GenCon 2025
Cooperative, but sounds kinda cool",,
368432,97666105,The Fox Experiment,The Fox Experiment,2023,https://cf.geekdo-images.com/Rs441a-DfPMYtm4x_ShuoQ__original/img/QVb7LuNYN_A2NCjShWSz9xFubbQ=/0x0/filters:format(jpeg)/pic7907951.jpg,https://cf.geekdo-images.com/Rs441a-DfPMYtm4x_ShuoQ__small/img/lberhKutFhgD0q0GKRCCcsI9zKA=/fit-in/200x150/filters:strip_icc()/pic7907951.jpg,,1,4,60,60,60,,2.5784,7399,"1,2,3,4","3,4",10+,Some necessary text - easily memorized or small crib sheet,0,0,0,0,3,0,0,0,1,1,2024-08-25 16:54:55,2,7,7.31859,6.57235,3422,1.47113,1158,Strategy Game Rank: 670,KS,2022-09-11,2024-08-25,100,USD,75,USD,GeekMarket - Sold,"English KS Edition acquired directly from KS with 5/6 Player Expansion, neoprene mats, deluxe components all included in base game box",,,,Pandasaurus Games,English,2023,English Kickstarter edition,,"Rating based on a couple plays at 2-player.  Rating is lower due to clunkiness of the automa required for 2-player.  Note that it got easier after the first play… but would prefer a simpler way to play 2-player.  Also, this game feels like it takes a lot of set up / tear down time for what the game is.  I want to experiment with different ways to store it to make this aspect easier.  It is fun though!","All In Pledge includes 5/6 player expansion, deluxe components, and neoprene playmats.  All stored in base game box

Listed on BGG Marketplace for 2024-08-20 for $75

Sold to Leonard Spadavecchia GeekMarket on 2024-08-25 for $75"
382069,112936094,The Fox Experiment: 5-6 Player Expansion,The Fox Experiment: 5-6 Player Expansion,2023,https://cf.geekdo-images.com/NxioI-s-5tYAzCrLkcI05A__original/img/nbZ9CEINMzqnXnbqnVi9WqQ43kk=/0x0/filters:format(jpeg)/pic7876769.jpg,https://cf.geekdo-images.com/NxioI-s-5tYAzCrLkcI05A__small/img/WG7OUmHpQyI8n1ncyJfO2iEvUpA=/fit-in/200x150/filters:strip_icc()/pic7876769.jpg,,5,6,60,60,60,,2,1380,"2,3,4,5,6",5,,Some necessary text - easily memorized or small crib sheet,0,0,0,0,3,0,0,0,1,,2024-08-25 16:55:48,0,0,7.62523,5.59811,113,1.74609,0,,,2022-09-11,2024-08-25,,,,,GeekMarket - Sold,,,,,Pandasaurus Games,English,2023,English edition,,,"Deluxe KS components packed into base game box

Sold on GeekMarket with Base game"
447776,135097505,The Game Makers,The Game Makers,2026,https://cf.geekdo-images.com/8QHeUwQXYEW9Qr8Al-Dc5Q__original/img/sAloJ7ZaXBI1RMxdhi96iIuQqxM=/0x0/filters:format(jpeg)/pic9338564.jpg,https://cf.geekdo-images.com/8QHeUwQXYEW9Qr8Al-Dc5Q__small/img/sR-ZG2I7iLK_gDp5Y0adBeZtWHo=/fit-in/200x150/filters:strip_icc()/pic9338564.jpg,,1,6,60,90,90,,2.9048,109,"2,3,4,5",3,10+,No necessary in-game text,0,0,1,0,3,0,0,0,0,,2026-05-04 09:31:13,0,0,7.04456,5.69195,348,1.67498,6493,,,,,,,,,,,,,,,,,,"GenCon / Essen 2025
Theme looks cool
Hahn gave a good review after GenCOn Demo",,
411567,120207405,The Gang,The Gang,2024,https://cf.geekdo-images.com/ydwU0FMlRVa6wt8tOu1tgg__original/img/RT9ajRhK-eHlBJgsksL9rJQHIuk=/0x0/filters:format(jpeg)/pic7962719.jpg,https://cf.geekdo-images.com/ydwU0FMlRVa6wt8tOu1tgg__small/img/9hYAUB4S9PHAVvUoPEcaRm7jHIg=/fit-in/200x150/filters:strip_icc()/pic7962719.jpg,,3,6,20,20,20,,1.5924,16895,"4,5,6",5,12+,Some necessary text - easily memorized or small crib sheet,1,0,0,0,2,0,0,0,0,1,2026-05-31 20:47:36,9,7,7.56022,7.10799,9113,1.33107,382,Family Game Rank: 73,Amazon,2025-01-07,2025-01-15,12.95,USD,,,,,,,,,,,,GenCon 2024. Cooperative poker???  Could be interesting.,,[2-Resident]
397099,112378295,The Gilded Realms,The Gilded Realms,2025,https://cf.geekdo-images.com/LKxx14RLvvSoZjBYpaHaXQ__original/img/11Jg_H7hybzaiozDPydmz7S6v-k=/0x0/filters:format(jpeg)/pic8637862.jpg,https://cf.geekdo-images.com/LKxx14RLvvSoZjBYpaHaXQ__small/img/oIuMlgpyYQAYvsgFRi8h_YbM6mY=/fit-in/200x150/filters:strip_icc()/pic8637862.jpg,,1,4,90,120,120,,3.1429,551,"1,2,3,4",1,,,1,0,0,0,3,1,0,0,0,,2026-05-31 17:26:57,0,0,7.37035,5.63498,215,1.92648,7961,,Indy Spiel,2025-10-01,2025-10-03,75,USD,,,,,,,,,,,,"Looks cool.  Not sure what the gameplay is.
First time creator on KS????

Adam owned in previously and sold it.  He gave it a 7 rating.

Look to buy off of Geekmarket",,[4-Evaluate]
195742,54683774,The Godfather: A New Don,The Godfather: A New Don,2016,https://cf.geekdo-images.com/2F0_TYLyV4s1ua74QN3VcQ__original/img/0EkObgoYhkqoeAYT5woIUUQ5h60=/0x0/filters:format(jpeg)/pic2938272.jpg,https://cf.geekdo-images.com/2F0_TYLyV4s1ua74QN3VcQ__small/img/pQR4EvOvNV3Ud67pliisu6yyfJs=/fit-in/200x150/filters:strip_icc()/pic2938272.jpg,,3,6,45,45,45,,2,282,"3,4",3,8+,,0,0,0,0,3,0,0,0,1,,2024-07-14 16:46:11,0,0,6.48364,5.562,164,1.47276,12049,,Miniature Market,2018-10-02,,18,USD,5,USD,Sold at MayCon 2024,"Opened, never played",,,,,,,,$5 OctoCon,,Sold for $5 to bryanspellman at MayCon 2024
175219,52357662,The Godfather: An Offer You Can't Refuse,The Godfather: An Offer You Can't Refuse,2015,https://cf.geekdo-images.com/VFoj50SLFYp0gzYAnk721A__original/img/DdvxzydB5ILevwXjGgxf43H69SU=/0x0/filters:format(jpeg)/pic2524011.jpg,https://cf.geekdo-images.com/VFoj50SLFYp0gzYAnk721A__small/img/ga9Sc9j1ii57HJQ9bMKgHEbow1I=/fit-in/200x150/filters:strip_icc()/pic2524011.jpg,,5,20,60,60,60,,2,187,"3,4,5,6,7,8,9,10,11,12,13,14,15,16,17,18,19,20","7,8,9,10",,,0,0,0,0,3,0,0,0,1,,2024-07-14 16:44:18,0,0,4.4225,0,28,1.6224,0,,Miniature Market,2018-05-28,,8,USD,5,USD,Sold at MayCon 2024,"Opened, never played",,,,,,,,$5 OctoCon,,Sold for $5 to bryanspellman at MayCon 2024
195539,39977716,The Godfather: Corleone's Empire,The Godfather: Corleone's Empire,2017,https://cf.geekdo-images.com/umGE4fOLYylHloIvw5bitA__original/img/aeV8Wk1EtLvu4n-ZXAlOAJGmeJk=/0x0/filters:format(jpeg)/pic3364797.jpg,https://cf.geekdo-images.com/umGE4fOLYylHloIvw5bitA__small/img/Tr9FzWg8Iv76KjnTlZirhAdAfbI=/fit-in/200x150/filters:strip_icc()/pic3364797.jpg,,2,5,60,90,90,,2.6438,12355,"2,3,4,5",4,14+,Moderate in-game text - needs crib sheet or paste ups,1,0,0,0,1,0,0,0,0,,2026-05-31 16:23:21,2,9,7.53115,7.04407,8561,1.33119,456,Strategy Game Rank: 298,,,,50,USD,,,,,,,,,,,,,Love the theme and the game play mechanic!,"[1-Permanent]
PP Estimate"
365634,95400144,The Godfather: Last Family Standing,The Godfather: Last Family Standing,2022,https://cf.geekdo-images.com/EiXwZxsFvRobfIeIUYaP5A__original/img/3besxe9IvyHy9uE0rSunqDW9rRU=/0x0/filters:format(jpeg)/pic6941256.jpg,https://cf.geekdo-images.com/EiXwZxsFvRobfIeIUYaP5A__small/img/EI7gOwfT1rlovpXTEoqUMTvaCnU=/fit-in/200x150/filters:strip_icc()/pic6941256.jpg,,3,6,30,30,30,,1.8,511,"3,4,5,6","5,6",,,1,0,0,0,3,1,0,0,0,,2026-05-31 20:48:21,0,0,5.79726,5.49788,56,2.39742,26344,,Amazon,2023-06-05,,4.99,USD,,,Lakehouse ,,,,,,,,,,,[4-Evaluate]
43144,85035734,The Great Races,The Great Races,1974,https://cf.geekdo-images.com/hfUnsdDzrShVkZDkKeeTpA__original/img/kAsS8O5wvf4cOXdE-5Sctd00wrk=/0x0/filters:format(jpeg)/pic490752.jpg,https://cf.geekdo-images.com/hfUnsdDzrShVkZDkKeeTpA__small/img/JuLKG978GyMRamdcP_rg3Io0ukI=/fit-in/200x150/filters:strip_icc()/pic490752.jpg,,2,4,30,30,30,,1.6667,133,"2,3","2,3",6+,No necessary in-game text,1,0,0,0,3,0,0,0,0,,2026-05-31 20:49:56,1,6,6.68441,5.5151,32,1.46034,20995,,KS,2021-08-25,,5,USD,,,Print n Play,,,,,,,,,,,"[3-Transient]
Price Paid is estamiated from

6 for the Road Bundle was $49 and contains:

The Mother Road, Route 66
America's Main Street -- 2 new Travel-Size Route 66 Family Games
Sixes, The Portable Party Game for 6-106 Players and Ages
Dead Man's Chest, the Pint-Sized party game
The Pink Cadillac Expansion to Route 66, The Mother Road
The Great Races, an original roll and write game by Sid Sackson"
212402,55037716,The Grimm Forest,The Grimm Forest,2018,https://cf.geekdo-images.com/fKsNUAfk4uSR6TWsxhHfmg__original/img/Rd8KVVTiwN-MtOUhoxMVY6pCjAQ=/0x0/filters:format(jpeg)/pic3388680.jpg,https://cf.geekdo-images.com/fKsNUAfk4uSR6TWsxhHfmg__small/img/E4VZGAGR2wXudx3iUw_EsUIKqBk=/fit-in/200x150/filters:strip_icc()/pic3388680.jpg,,2,4,45,60,60,,1.9225,12391,"3,4",4,8+,Moderate in-game text - needs crib sheet or paste ups,0,0,0,0,2,0,0,0,1,,2024-07-14 20:28:21,2,7,7.05757,6.56642,6373,1.39581,1170,Family Game Rank: 346,Christmas Gift,2018-12-25,,,,,,Sold,,,,,,,,,,,
254513,59991413,The Grimm Masquerade,The Grimm Masquerade,2019,https://cf.geekdo-images.com/xCV0HRT0YIvcIugEP-ZtGw__original/img/DZ-G2sJ789HHZp889EHxtVvHYdw=/0x0/filters:format(jpeg)/pic7493762.jpg,https://cf.geekdo-images.com/xCV0HRT0YIvcIugEP-ZtGw__small/img/jrPJFcrUg4cUSOqQQGH1OAtgqu4=/fit-in/200x150/filters:strip_icc()/pic7493762.jpg,,2,5,20,40,40,,1.6923,3438,"3,4,5",4,8+,Some necessary text - easily memorized or small crib sheet,0,0,0,0,4,0,0,0,1,,2024-07-14 20:28:18,2,6,6.87736,6.01342,1476,1.39245,3103,Family Game Rank: 976,GenCon,2019-08-03,,25,USD,,,Sold,,,,,,,,,"Origins / GenCon 2019 - FOR SALE
Check this one out first...  ",,
436215,134363944,The Hobbit: There and Back Again,The Hobbit: There and Back Again,2025,https://cf.geekdo-images.com/KCsAkHzgdx9fL78c15N-dw__original/img/UrwVZtc6UJ9wO1_8lc7G2_NhAGU=/0x0/filters:format(png)/pic8831592.png,https://cf.geekdo-images.com/KCsAkHzgdx9fL78c15N-dw__small/img/Pswt1H_wQIyaaLAtUuRDkmKCCQA=/fit-in/200x150/filters:strip_icc()/pic8831592.png,,1,4,30,30,30,,1.8235,6928,"1,2,3,4",2,8+,Extensive use of text - massive conversion needed to be playable,0,0,0,0,3,0,0,0,0,,2025-11-17 20:50:41,0,0,7.59619,6.50636,2283,1.11182,1314,Family Game Rank: 312,,,,,,,,,,,,,,,,,"GenCon 2025 Demo Only
Knizia and Hobbit",,
417895,133767882,The Last Command,The Last Command,2025,https://cf.geekdo-images.com/wlwiXv7a2Xa7Z3RJ5XOepQ__original/img/p5Zs8EZZUp2sA0CqRr9fkYb2aYQ=/0x0/filters:format(jpeg)/pic8125633.jpg,https://cf.geekdo-images.com/wlwiXv7a2Xa7Z3RJ5XOepQ__small/img/z76qHmR2mSyHV3QmnN5x3inRIdc=/fit-in/200x150/filters:strip_icc()/pic8125633.jpg,,1,2,30,60,60,,2.25,185,"1,2",2,12+,,1,0,0,0,3,1,0,0,0,,2026-05-31 17:29:55,0,0,8.19407,5.55698,59,1.34259,12491,,GenCon,2025-07-31,2025-07-31,50,,,,,,,,,,,,,"GenCon 2025
2 Player Deckbuilder that is NOT Star Realms",,"[4-Evaluate]
Deluxe Edition (KS) plus sleeves and expansion"
423677,132947232,The Lie,The Lie,2025,https://cf.geekdo-images.com/Jndlafz8BVM8CRI7cDIz9w__original/img/IGYY5zNtkkh_wLXwbQHPmcNtP8M=/0x0/filters:format(jpeg)/pic8276404.jpg,https://cf.geekdo-images.com/Jndlafz8BVM8CRI7cDIz9w__small/img/akCe5bhhPEgx_0craX4nM8r-4AU=/fit-in/200x150/filters:strip_icc()/pic8276404.jpg,,2,6,15,25,25,,1.2222,630,"4,5,6",4,6+,No necessary in-game text,0,0,0,0,3,0,0,0,0,,2025-11-17 20:42:18,0,0,6.39529,5.56761,221,1.49099,11568,,,,,,,,,,,,,,,,,,"GenCon 2025
6 player",,
2603,73044944,The Lord of the Rings Trading Card Game,The Lord of the Rings Trading Card Game,2001,https://cf.geekdo-images.com/JB_bseGOJ5t7r9IaME3ncA__original/img/n17UWZ1ImSu12t5SD48OTvK-eHs=/0x0/filters:format(jpeg)/pic212859.jpg,https://cf.geekdo-images.com/JB_bseGOJ5t7r9IaME3ncA__small/img/nnV3PtjTaYFebvhtnsDy1jJMyAU=/fit-in/200x150/filters:strip_icc()/pic212859.jpg,,2,6,45,45,45,,2.9485,2599,"2,3,4",2,10+,Extensive use of text - massive conversion needed to be playable,0,0,0,0,3,0,0,0,0,,2023-04-04 12:55:33,0,0,7.02558,6.06193,1612,1.74946,2861,Customizable Rank: 95,,,,,,,,,,,,,,,,,,,
366278,105961865,The Lord of the Rings: Adventure to Mount Doom,The Lord of the Rings: Adventure to Mount Doom,2023,https://cf.geekdo-images.com/1S59VEltGhqonvUFBLOy2A__original/img/ryw5u6_z9jqTOCwWz-AafOruan8=/0x0/filters:format(jpeg)/pic7233519.jpg,https://cf.geekdo-images.com/1S59VEltGhqonvUFBLOy2A__small/img/be-IuoH6Gua_GgZmwZWBR5D6_AM=/fit-in/200x150/filters:strip_icc()/pic7233519.jpg,,1,4,50,50,50,,1.6923,2002,"1,2,3,4",1,6+,Moderate in-game text - needs crib sheet or paste ups,0,0,0,0,3,0,0,0,0,,2024-01-08 21:19:58,0,0,6.65752,5.74828,743,1.47586,5465,Thematic Rank: 1010; Family Game Rank: 1705,,,,,,,,,,,,,,,,,,,
421006,123412739,The Lord of the Rings: Duel for Middle-earth,The Lord of the Rings: Duel for Middle-earth,2024,https://cf.geekdo-images.com/EybxJlUc9rz7F7HVFLqsdw__original/img/Ts4M5eOW38r2oTvJmkx0uwNodv4=/0x0/filters:format(jpeg)/pic8378939.jpg,https://cf.geekdo-images.com/EybxJlUc9rz7F7HVFLqsdw__small/img/rojFW0-h-bteedVG4aJXG1x7V0o=/fit-in/200x150/filters:strip_icc()/pic8378939.jpg,,2,2,30,30,30,,2.0725,41571,2,2,10+,No necessary in-game text,1,0,0,0,2,0,0,0,0,,2026-05-31 20:57:30,3,8,8.35548,7.98238,20040,1.11626,19,Strategy Game Rank: 20,Christmas Gift from Bub and Rossella,2024-12-25,2024-12-25,,,,,,,,,,,,,,LotR,,[2-Resident]
436217,132902238,The Lord of the Rings: Fate of the Fellowship,The Lord of the Rings: Fate of the Fellowship,2025,https://cf.geekdo-images.com/scw36iBIad7l-rGzxPGcGg__original/img/JZKAg-ETtE7z3YbgSMPd242rCqE=/0x0/filters:format(png)/pic8662670.png,https://cf.geekdo-images.com/scw36iBIad7l-rGzxPGcGg__small/img/dyMBa6SBkPwpWfA4FINqbX8RNDQ=/fit-in/200x150/filters:strip_icc()/pic8662670.png,,1,5,60,150,150,,3.0966,19198,"1,2,3,4",3,12+,Moderate in-game text - needs crib sheet or paste ups,0,0,0,0,3,0,0,0,0,,2025-06-02 13:17:50,0,0,8.33455,7.65005,9309,1.31055,85,Thematic Rank: 21,,,,,,,,,,,,,,,,,Pandemic LoTR,,
269385,61033187,The Lord of the Rings: Journeys in Middle-Earth,The Lord of the Rings: Journeys in Middle-Earth,2019,https://cf.geekdo-images.com/1XA2-niwTBa0HEB7hOz3Dw__original/img/MIJgG_K2IS1QT2mE0dyRFiWLSpg=/0x0/filters:format(jpeg)/pic4530974.jpg,https://cf.geekdo-images.com/1XA2-niwTBa0HEB7hOz3Dw__small/img/iMrsSq7nICZjz1DBXkefq-8E9Js=/fit-in/200x150/filters:strip_icc()/pic4530974.jpg,,1,5,60,120,120,,2.6978,33645,"1,2,3,4",2,10+,Extensive use of text - massive conversion needed to be playable,0,0,0,0,3,0,0,0,0,,2025-11-07 12:04:01,0,0,7.89104,7.48146,18497,1.51387,143,Thematic Rank: 36,,,,,,,,,,,,,,,,,,,
18833,133680958,The Lord of the Rings: The Confrontation,The Lord of the Rings: The Confrontation,2026,https://cf.geekdo-images.com/i5cEvhnKYPzJOXCcKFfMPQ__original/img/Swgaf_llgvkHu4npTa2OUEk95SU=/0x0/filters:format(png)/pic8933169.png,https://cf.geekdo-images.com/i5cEvhnKYPzJOXCcKFfMPQ__small/img/78VSNRD26mtfJ52HaqCjHSWPtR8=/fit-in/200x150/filters:strip_icc()/pic8933169.png,,2,2,30,30,30,,2.1897,8310,2,2,10+,Moderate in-game text - needs crib sheet or paste ups,0,1,0,0,3,0,0,0,0,,2025-06-27 19:46:53,0,0,7.5058,6.95855,6759,1.34466,550,Strategy Game Rank: 349,Gamefound,2025-06-27,,120,USD,,,,,,,,Ghost Galaxy,English,2026,English Ultimate edition,,,
127127,68499438,The Lord of the Rings: The Fellowship of the Ring Deck-Building Game,The Lord of the Rings: The Fellowship of the Ring Deck-Building Game,2013,https://cf.geekdo-images.com/m4iqRaUy_mppQMXaRQYiEg__original/img/uXwlnIx9eUqz5gPjROZbdSDzj2w=/0x0/filters:format(jpeg)/pic1615179.jpg,https://cf.geekdo-images.com/m4iqRaUy_mppQMXaRQYiEg__small/img/3EsYU1cx6MLMHzdiVwSAxZG8twM=/fit-in/200x150/filters:strip_icc()/pic1615179.jpg,,2,5,30,30,30,,2.1467,3000,"2,3,4,5","3,4",10+,Moderate in-game text - needs crib sheet or paste ups,1,0,0,0,3,0,0,0,0,,2026-05-31 16:29:33,4,8,6.84374,6.0039,1622,1.4843,3152,Thematic Rank: 637,BGG TRade with Scott SPurgeon,2020-10-12,,35,USD,,,Art Box,,,,,,,,,,,"[1-Permanent]
Traded Oceans for this plus Expanse Doors and Corners
PP Estimate"
429293,123523320,The Lord of the Rings: The Fellowship of the Ring – Trick-Taking Game,The Lord of the Rings: The Fellowship of the Ring – Trick-Taking Game,2025,https://cf.geekdo-images.com/uC4N_3kQdoHefNPesAHCzQ__original/img/ohKFXmrxtaOPqJyiIMaABIy-WjU=/0x0/filters:format(png)/pic8437787.png,https://cf.geekdo-images.com/uC4N_3kQdoHefNPesAHCzQ__small/img/hLjGKsIwJP43656LEnehjFVRzDE=/fit-in/200x150/filters:strip_icc()/pic8437787.png,,1,4,20,20,20,,1.9487,25520,"1,2,3,4",4,10+,Moderate in-game text - needs crib sheet or paste ups,0,0,0,0,2,0,0,0,0,,2026-05-31 10:20:33,0,0,7.98115,7.46553,9790,1.1504,148,Family Game Rank: 17,,,,,,,,,,,,,,,,,,,
152510,73286707,The Lord of the Rings: The Return of the King Deck-Building Game,The Lord of the Rings: The Return of the King Deck-Building Game,2014,https://cf.geekdo-images.com/yotfQag1rjQxhrKnnw9UxQ__original/img/y0CMaPRHgbgJotDx8M49zbv6qaw=/0x0/filters:format(jpeg)/pic2454386.jpg,https://cf.geekdo-images.com/yotfQag1rjQxhrKnnw9UxQ__small/img/4t9lbvBnouUC5ko935ruP0Xoovg=/fit-in/200x150/filters:strip_icc()/pic2454386.jpg,,2,5,45,45,45,,2.1176,1474,"2,3,4",3,10+,Moderate in-game text - needs crib sheet or paste ups,1,0,0,0,3,0,0,0,0,,2026-05-31 16:40:51,0,0,7.02911,5.75348,523,1.40491,5398,Thematic Rank: 904,BGG Trade,2020-10-26,,59,USD,,,Art Box,,,,,,,,,,,"[1-Permanent]
Traded with Ankur Gupta for Stockpile

PP Estimate based on Trade Value"
142555,73318318,The Lord of the Rings: The Two Towers Deck-Building Game,The Lord of the Rings: The Two Towers Deck-Building Game,2013,https://cf.geekdo-images.com/dh5CBZPHtx1kUBRQXme83Q__original/img/grNsaXEj4mH_tw1NSQPO_no6_n0=/0x0/filters:format(jpeg)/pic1720276.jpg,https://cf.geekdo-images.com/dh5CBZPHtx1kUBRQXme83Q__small/img/68_8klYV1O5hzj686XLoFl6FiHw=/fit-in/200x150/filters:strip_icc()/pic1720276.jpg,,2,5,30,45,45,,2.1786,1696,"2,3,4,5","3,4",10+,Moderate in-game text - needs crib sheet or paste ups,1,0,0,0,3,0,0,0,0,,2026-05-31 16:31:37,1,8,6.88903,5.79218,689,1.43927,4900,Thematic Rank: 861,BGG Market,2020-12-07,,45,USD,,,Art Box,,,,,,,,,,,"[1-Permanent]
Bought for 45 +15 shipping from william4192@yahoo.com"
244992,51179038,The Mind,The Mind,2018,https://cf.geekdo-images.com/q_JGK291hrhnhiRB0667oA__original/img/8VjZEG278faO9JZwzce3v3EKssI=/0x0/filters:format(png)/pic3979766.png,https://cf.geekdo-images.com/q_JGK291hrhnhiRB0667oA__small/img/PUrzEmTo5kOcK5BOb4cbOOcH86I=/fit-in/200x150/filters:strip_icc()/pic3979766.png,,2,4,20,20,20,,1.073,69756,"2,3,4",4,8+,No necessary in-game text,1,0,0,0,4,0,0,1,0,,2026-05-31 21:00:16,5,4,6.71428,6.59187,37408,1.59903,1121,Party Game Rank: 94; Family Game Rank: 389,Christmas Gift,2018-12-25,,12,USD,,,,,,,,,,,,"2018 Gen Con
Party game.  Seems like we can print & play our own version of this...",,"[5-Exiting]
GB’s game
PP Estimate"
399881,109524435,The Mines of Pekari,The Mines of Pekari,2023,https://cf.geekdo-images.com/b7sIgAwcphldMYQKLvQRXg__original/img/2xZkfoAFBUsc2nphRXNFx8ZS2Do=/0x0/filters:format(jpeg)/pic8310612.jpg,https://cf.geekdo-images.com/b7sIgAwcphldMYQKLvQRXg__small/img/SWOP9_XxHr0JxYG0myPEVNzeV78=/fit-in/200x150/filters:strip_icc()/pic8310612.jpg,,3,6,60,90,90,,0,11,,,,,1,0,0,0,3,0,0,0,0,,2026-05-31 16:41:15,1,0,4.66667,0,3,0.471405,0,,Oaken Table Games,2023-08-19,2023-08-22,60,USD,,,,,,,,,,,,,,[1-Permanent]
343741,85701585,The Mirroring of Mary King,The Mirroring of Mary King,2022,https://cf.geekdo-images.com/15-Z1912fu_AUcRcXRwt1w__original/img/VBkBgsNDQyGfiwwqOfTdwazmnrM=/0x0/filters:format(png)/pic6594962.png,https://cf.geekdo-images.com/15-Z1912fu_AUcRcXRwt1w__small/img/NRD_Mjpmbk9w0EvHhs63VKaqJQU=/fit-in/200x150/filters:strip_icc()/pic6594962.png,,2,2,20,45,45,,2.1667,543,2,2,12+,Moderate in-game text - needs crib sheet or paste ups,1,0,0,0,1,0,0,0,0,,2026-05-31 16:25:38,2,9,6.96195,5.63607,246,1.38087,7930,,Gen Con 2022,,,29.99,USD,,,,,,,,,,,,,Playtester for this game,[1-Permanent]
344268,85035634,The Mother Road: Route 66,The Mother Road: Route 66,2022,https://cf.geekdo-images.com/jRuajdKP0mI9D_qRLFStbQ__original/img/Dxcb05KgwGYUFo6swPjR1ju90j8=/0x0/filters:format(jpeg)/pic7081395.jpg,https://cf.geekdo-images.com/jRuajdKP0mI9D_qRLFStbQ__small/img/vFTHaNds7UfxMFVCdmHiA8JGyyw=/fit-in/200x150/filters:strip_icc()/pic7081395.jpg,,2,4,20,40,40,,1.3333,489,"2,3,4","3,4",,,0,0,0,0,3,0,0,0,1,,2025-08-03 20:45:27,1,6,5.89254,5.53833,292,1.55374,15001,,KS,2021-08-25,2025-07-08,25,USD,,,GenCon Store / Auction 2025,,,,,,,,,,,"Price Paid is estamiated from

6 for the Road Bundle was $49 and contains:

The Mother Road, Route 66
America's Main Street -- 2 new Travel-Size Route 66 Family Games
Sixes, The Portable Party Game for 6-106 Players and Ages
Dead Man's Chest, the Pint-Sized party game
The Pink Cadillac Expansion to Route 66, The Mother Road
The Great Races, an original roll and write game by Sid Sackson

$25 Geekmarket 2025-07-08"
189154,77422922,The Ninth World: A Skillbuilding Game for Numenera,The Ninth World: A Skillbuilding Game for Numenera,2018,https://cf.geekdo-images.com/hSqy_ji0mlVGLZDchkdZOQ__original/img/vByHFdcqUd2vBlgAcVdfhNi-Ty8=/0x0/filters:format(jpeg)/pic5370640.jpg,https://cf.geekdo-images.com/hSqy_ji0mlVGLZDchkdZOQ__small/img/BEPb7IuBab9j2YfLsE9VwpXtnxE=/fit-in/200x150/filters:strip_icc()/pic5370640.jpg,,1,5,30,60,60,,2.6667,550,"1,2,3,4",2,10+,Extensive use of text - massive conversion needed to be playable,0,0,0,0,3,0,0,0,0,,2020-12-22 00:59:54,1,4,6.19982,5.54561,159,1.67181,13864,,,,,,,,,,,,,,,,,,,,
357873,112378418,The Old King's Crown,The Old King's Crown,2025,https://cf.geekdo-images.com/q3Qp4L-rU3VOW6fMAFUJnQ__original/img/zICTkM9KNDlQ6wZgIMQ2HavR4PE=/0x0/filters:format(jpeg)/pic8937255.jpg,https://cf.geekdo-images.com/q3Qp4L-rU3VOW6fMAFUJnQ__small/img/wLX_C6w13ebCON4euesUohQE_Ck=/fit-in/200x150/filters:strip_icc()/pic8937255.jpg,,1,4,60,120,120,,3.67,5081,"1,2,3,4",3,14+,Extensive use of text - massive conversion needed to be playable,0,0,0,0,3,0,0,0,0,,2025-11-17 20:27:00,0,0,8.04743,6.76784,2792,1.72781,805,Strategy Game Rank: 437,,,,,,,,,,,,,,,,,"KS Nov 2023
First time creator but components look cool
Before You Play video looks good, but maybe not my kind of game… also not sure about 2P even though it was supposedly first developed as a 2P game",,
129948,82878056,The Palaces of Carrara,The Palaces of Carrara,2012,https://cf.geekdo-images.com/DsMeW1M58khZlWpHEdGOuw__original/img/40juLFRgylorMnbhK0TR6-l8Wu0=/0x0/filters:format(jpeg)/pic4398491.jpg,https://cf.geekdo-images.com/DsMeW1M58khZlWpHEdGOuw__small/img/fUmovwFlp3Ajf5sT0TrzABrBxNs=/fit-in/200x150/filters:strip_icc()/pic4398491.jpg,,2,4,60,60,60,,2.5878,4911,"2,3,4",4,10+,Some necessary text - easily memorized or small crib sheet,0,0,0,0,3,0,0,0,0,,2023-01-20 14:25:58,0,0,7.11297,6.59213,4951,1.18726,1120,Strategy Game Rank: 659,,,,,,,,,,,,,,,,,"Kiesling and Kramer
Lost interest in this one. Paris kinda soured me",,
332614,81626744,The Paradox Initiative,The Paradox Initiative,0,https://cf.geekdo-images.com/mfep0cn3D0Nq7UpLpaUQyQ__original/img/Fi_4cjDkKw8WyVVPW9gIynNTG9A=/0x0/filters:format(png)/pic6607369.png,https://cf.geekdo-images.com/mfep0cn3D0Nq7UpLpaUQyQ__small/img/QEZ2WFruH0HvCo523ATTGMKfdiE=/fit-in/200x150/filters:strip_icc()/pic6607369.png,,1,4,30,90,90,,0,37,,,,,0,0,0,0,3,0,0,0,0,,2023-04-04 12:57:35,0,0,5.39737,0,19,3.39351,0,,,,,,,,,,,,,,,,,,KS 2021 Sounds interesting,,
181687,71768430,The Pursuit of Happiness,The Pursuit of Happiness,2015,https://cf.geekdo-images.com/RpUStaAwneWPT_JQJpAb1Q__original/img/-v7vEfHCJptqJSMPeNOf5ovy5zY=/0x0/filters:format(jpeg)/pic2853682.jpg,https://cf.geekdo-images.com/RpUStaAwneWPT_JQJpAb1Q__small/img/ZCZifuP73R52UhXomQKmGQ9OoCU=/fit-in/200x150/filters:strip_icc()/pic2853682.jpg,,1,4,60,90,90,,2.5875,9783,"1,2,3,4",3,10+,Some necessary text - easily memorized or small crib sheet,0,0,0,0,3,0,0,0,0,,2024-01-08 21:32:37,0,0,7.1497,6.68423,6255,1.33431,947,Thematic Rank: 218; Family Game Rank: 237,,,,,,,,,,,,,,,,,"Jeremy Howard Top 5 WP games on MvM
Sounds really fun",,
217372,108637309,The Quest for El Dorado,The Quest for El Dorado,2017,https://cf.geekdo-images.com/b5VyYjNfAxJ4Z-Dx2UWlqg__original/img/-GqQ0EOfg9e3yFVpKgJbPdlunso=/0x0/filters:format(jpeg)/pic7945692.jpg,https://cf.geekdo-images.com/b5VyYjNfAxJ4Z-Dx2UWlqg__small/img/TB_X7b0PIfykfnI12rm3bt6rnGY=/fit-in/200x150/filters:strip_icc()/pic7945692.jpg,,2,4,30,60,60,,1.9413,53818,"2,3,4","2,4",8+,Some necessary text - easily memorized or small crib sheet,0,0,0,0,3,0,0,0,0,,2024-01-08 21:32:48,0,0,7.7177,7.53669,32797,1.09932,123,Family Game Rank: 18,,,,,,,,,,,,,,,,,GB recommendation,,
201,138737790,The Rose King,The Rose King,1992,https://cf.geekdo-images.com/vfFy_HLiBNLxptwxFDMmDg__original/img/P3_WKEg4RBXmBWIVE4pMhFD35x4=/0x0/filters:format(jpeg)/pic2855891.jpg,https://cf.geekdo-images.com/vfFy_HLiBNLxptwxFDMmDg__small/img/CJ8yTQu3kt8o4ZwF5ZbMJWDj564=/fit-in/200x150/filters:strip_icc()/pic2855891.jpg,,2,2,30,30,30,,1.938,6597,2,2,8+,No necessary in-game text,1,0,0,0,3,1,0,0,0,,2026-05-31 21:15:50,1,6,6.81861,6.32001,4011,1.26687,1804,Abstract Game Rank: 83,Geekmarket - AMERICANBOYBAND,2025-11-17,2025-11-22,5,USD,,,,,,,,,,,,,,[3-Transient]
279537,65249306,The Search for Planet X,The Search for Planet X,2020,https://cf.geekdo-images.com/NItjtztEUAKOpaTWZddu9A__original/img/fr-JmerGdiEj6r9UM7F6laogGF0=/0x0/filters:format(jpeg)/pic5744928.jpg,https://cf.geekdo-images.com/NItjtztEUAKOpaTWZddu9A__small/img/x8YD4cAVOAbSDsZbmKgU0-WQ9wI=/fit-in/200x150/filters:strip_icc()/pic5744928.jpg,,1,4,60,75,75,,2.433,26973,"1,2,3,4","2,3",12+,Extensive use of text - massive conversion needed to be playable,0,0,0,0,3,0,0,0,0,,2023-04-04 13:04:55,0,0,7.89576,7.55038,15713,1.23247,115,Strategy Game Rank: 90,,,,,,,,,,,,,,,,,"KS October 2019.  Deduction game - find Planet X by deduction.  Looks cool, but wouldn't pay much more than about $20 for a game like this.",,
298352,78415614,The Shining,The Shining,2020,https://cf.geekdo-images.com/d4hR6Ftx_Z9COOwcnC54wQ__original/img/0eoj-rGwCg4dpyKQW6avWKxV75g=/0x0/filters:format(jpeg)/pic5167679.jpg,https://cf.geekdo-images.com/d4hR6Ftx_Z9COOwcnC54wQ__small/img/p5vhtz6tPeaFzw0gpcfCwM35_DA=/fit-in/200x150/filters:strip_icc()/pic5167679.jpg,,3,5,45,60,60,,2,1825,"3,4,5",5,12+,Some necessary text - easily memorized or small crib sheet,0,0,0,0,3,0,0,0,0,,2023-02-25 22:39:09,0,0,6.03291,5.57013,464,1.5563,11349,Thematic Rank: 1443,,,,,,,,,,,,,,,,,,,
310408,73855956,The Shining: Escape from the Overlook Hotel,The Shining: Escape from the Overlook Hotel,2020,https://cf.geekdo-images.com/RHEFDdcbmv3i5Iw-lnlfKA__original/img/iDPTYKEgFOZ8NN5vSpyMGe4mCWA=/0x0/filters:format(jpeg)/pic5678162.jpg,https://cf.geekdo-images.com/RHEFDdcbmv3i5Iw-lnlfKA__small/img/nHow9Lz2Sj6Cgpc76bfOy9hIbak=/fit-in/200x150/filters:strip_icc()/pic5678162.jpg,,1,99,120,120,120,,1,350,"1,2,3",2,,,0,0,0,0,3,0,0,0,0,,2023-02-25 22:39:50,0,0,3.9946,5.42232,124,2.35675,30367,,,,,,,,,,,,,,,,,,Die Hard... do I need another movie game to sit on the shelf unplayed?,,
448450,133766124,The Sims Board Game,The Sims Board Game,2025,https://cf.geekdo-images.com/aQsHRxk3kslmt3MPKHFivQ__original/img/jl0qp0cNH_gbkIZmBsIt0WOZ9I8=/0x0/filters:format(png)/pic8942745.png,https://cf.geekdo-images.com/aQsHRxk3kslmt3MPKHFivQ__small/img/T00W8yNm253GVAXO_ka6zmQ3tfs=/fit-in/200x150/filters:strip_icc()/pic8942745.png,,2,5,0,0,0,,1.5,651,"2,3,4,5",4,6+,Some necessary text - easily memorized or small crib sheet,0,0,0,0,3,0,0,0,0,,2025-08-07 19:59:50,1,6,5.23895,5.47608,172,1.97318,29288,,,,,,,,,,,,,,,,,,"GenCon 2025
Want to Check it out",,
401182,127443158,The Sixth Realm,The Sixth Realm,0,https://cf.geekdo-images.com/_39NP2aY8K8VrBv2vg_JTQ__original/img/RqV_h5Y6xR83xcDObJql_MgRAmE=/0x0/filters:format(jpeg)/pic8034704.jpg,https://cf.geekdo-images.com/_39NP2aY8K8VrBv2vg_JTQ__small/img/kJ4NuSQuTY1Un4eFxl45n6xYe_U=/fit-in/200x150/filters:strip_icc()/pic8034704.jpg,,1,4,90,180,180,,4,32,"1,2,3,4","1,2",,No necessary in-game text,0,0,0,0,3,0,0,0,0,,2025-10-19 21:23:51,0,0,4.63568,5.46612,74,3.56997,29737,,,,,,,,,,,,,,,,,,Mike D most anticipated 2025,,
391720,138737753,The String Railway Collection,The String Railway Collection,2025,https://cf.geekdo-images.com/gIGUVamUAZLE-f_sKPeNPw__original/img/d28raN03OU4xddcHv3vQbMADOxY=/0x0/filters:format(png)/pic7565075.png,https://cf.geekdo-images.com/gIGUVamUAZLE-f_sKPeNPw__small/img/fKPNQ3tUXGzv0PAh6v0brrtBvzA=/fit-in/200x150/filters:strip_icc()/pic7565075.png,,2,5,20,45,45,,1.5,615,,,6,,1,0,0,0,3,0,0,0,0,,2026-05-31 21:27:10,2,8,6.66092,5.58061,174,1.44682,0,,Geekmarket - AMERICANBOYBAND,2025-11-17,2025-11-22,15,USD,,,,,,,,,,,,,,[2-Resident]
257987,55072946,The Towers of Arkhanos,The Towers of Arkhanos,2019,https://cf.geekdo-images.com/ScgKv1Wb4BrTTZTZ6pXN6w__original/img/UM2R-3e9XHBSRnXoaCy2shkTRGc=/0x0/filters:format(jpeg)/pic4837957.jpg,https://cf.geekdo-images.com/ScgKv1Wb4BrTTZTZ6pXN6w__small/img/IF-Fp4yu2qaGXxb9dq_Br2d4A7M=/fit-in/200x150/filters:strip_icc()/pic4837957.jpg,,2,4,20,30,30,,1.381,2175,"2,3,4","3,4",8+,Some necessary text - easily memorized or small crib sheet,0,0,0,0,2,0,0,0,1,,2024-07-14 20:22:54,1,6,6.65654,5.76073,837,1.4477,5300,,KS ,2018-11-01,2019-04-30,59,USD,25,USD,Sold,Includes neoprene playmat. Only played twice.,,,,,,,,Listed $25 OctoCon; Sold for $25 to @BigMike85 at OctoCon 2022,,"deluxe edition w/ 5th player exp and mat

Sold for $25 to @BigMike85 at OctoCon 2022"
279125,60266582,The Towers of Arkhanos: Silver Lotus Order Expansion,The Towers of Arkhanos: Silver Lotus Order Expansion,2019,https://cf.geekdo-images.com/vc0GZjLiy41C8NQVFjVZJw__original/img/BVbIcsZOEy_PXbisKVyxuqlNUxg=/0x0/filters:format(jpeg)/pic5156496.jpg,https://cf.geekdo-images.com/vc0GZjLiy41C8NQVFjVZJw__small/img/s63f_MgkFhtKeKMbLQqnrWviM-8=/fit-in/200x150/filters:strip_icc()/pic5156496.jpg,,2,5,20,50,50,,0,361,,,,,0,0,0,0,3,0,0,0,1,,2024-07-14 20:22:38,0,0,7.35986,5.52691,46,1.45727,0,,,,,,,,,Sold,,,,,,,,,,,
385529,120329282,The Vale of Eternity,The Vale of Eternity,2023,https://cf.geekdo-images.com/yWwckUmFXuGXxp41-vFaVQ__original/img/FHotXyNFHc3pC2fcu5i8HjrVis4=/0x0/filters:format(png)/pic7461472.png,https://cf.geekdo-images.com/yWwckUmFXuGXxp41-vFaVQ__small/img/ilHQqYcV-QqEkCF3GZ2XffcusrQ=/fit-in/200x150/filters:strip_icc()/pic7461472.png,,2,4,30,45,45,,2.1423,15543,"2,3,4",3,10+,Moderate in-game text - needs crib sheet or paste ups,0,0,0,0,5,0,0,0,0,,2025-07-18 21:22:45,1,6,7.59012,7.14565,9856,1.17838,349,Strategy Game Rank: 241; Family Game Rank: 65,,,,,,,,,,,,,,,,,GenCon 2024 - has a lot of mechanisms we tend to like,,
171623,110485048,The Voyages of Marco Polo,The Voyages of Marco Polo,2015,https://cf.geekdo-images.com/n1G7_aWToLAAB7Mqt8iwyA__original/img/VQddnfi_QO0r4GmUU3M8_-nuO3Q=/0x0/filters:format(png)/pic2461346.png,https://cf.geekdo-images.com/n1G7_aWToLAAB7Mqt8iwyA__small/img/qfEgrXBN5L1EeMQ91siw6r_OoL4=/fit-in/200x150/filters:strip_icc()/pic2461346.png,,2,4,40,100,100,,3.1779,27954,"2,3,4",4,12+,No necessary in-game text,0,0,0,0,1,0,0,0,0,,2024-01-08 21:49:57,0,0,7.76403,7.54287,26315,1.26378,121,Strategy Game Rank: 96,,,,,,,,,,,,,,,,,,,
283242,71954090,The Whatnot Cabinet,The Whatnot Cabinet,2021,https://cf.geekdo-images.com/Q0BLAIs1KqYN_ooVpX8jVg__original/img/iQAq95pfQWB2LV4KL4sJ1lluLV8=/0x0/filters:format(jpeg)/pic5878481.jpg,https://cf.geekdo-images.com/Q0BLAIs1KqYN_ooVpX8jVg__small/img/ClDJPDksd7PNdHLXVNzIRENq9yc=/fit-in/200x150/filters:strip_icc()/pic5878481.jpg,,1,4,20,30,30,,1.8421,2040,"1,2,3,4","2,3",8+,Some necessary text - easily memorized or small crib sheet,0,0,0,0,4,0,0,0,0,,2024-01-09 19:13:13,0,0,7.12929,5.94507,912,1.14657,3536,Family Game Rank: 1065,,,,,,,,,,,,,,,,,"KS June 2020
Looks like a simple fun game, but $39 is too much! 
No advatage to backing the KS.  Wait for retail or trade",,
371942,127551341,The White Castle,The White Castle,2023,https://cf.geekdo-images.com/qXT1U-nFh9PE8ujfdmI7dA__original/img/jzmifZJ0Sg2Js7hmQjzX7bEHVBY=/0x0/filters:format(jpeg)/pic7754663.jpg,https://cf.geekdo-images.com/qXT1U-nFh9PE8ujfdmI7dA__small/img/ru1l95gdKNXSsByDglE9Xxgu0kE=/fit-in/200x150/filters:strip_icc()/pic7754663.jpg,,1,4,80,80,80,,3.0572,40052,"1,2,3,4",3,12+,No necessary in-game text,0,0,0,0,3,0,0,0,0,,2025-01-03 22:16:46,1,7,7.97913,7.68691,22903,1.21368,71,Strategy Game Rank: 61,,,,,,,,,,,,,,,,,,,
368058,104999789,The Wolves,The Wolves,2022,https://cf.geekdo-images.com/6irYLjUf_o0rK7E_4qI-gw__original/img/Cyll_t91vZxuxt_fBbSb0z70vPA=/0x0/filters:format(png)/pic6990829.png,https://cf.geekdo-images.com/6irYLjUf_o0rK7E_4qI-gw__small/img/adKpLZnYvPO9SiZ6p-1RzgIk-98=/fit-in/200x150/filters:strip_icc()/pic6990829.png,,2,5,75,75,75,,2.8188,8084,"2,3,4",3,12+,Some necessary text - easily memorized or small crib sheet,0,0,0,0,3,0,0,0,1,1,2025-08-03 20:47:20,0,0,7.24924,6.62013,4702,1.24406,1067,Strategy Game Rank: 653,CoolStuffInc,2023-03-27,2025-07-08,25,USD,,,GenCon Store / Auction 2025,"Opened, punched and never played",,,,,,,,,,
415200,137520596,Theocratia,Theocratia,2026,https://cf.geekdo-images.com/DKr0RrQk7MoFQZQGrbXQWA__original/img/2LbhioqWjWo9xI5SgJqkAwcv0-0=/0x0/filters:format(png)/pic8704516.png,https://cf.geekdo-images.com/DKr0RrQk7MoFQZQGrbXQWA__small/img/DcEugAWGFkVUBgs07pVEpSDMkaE=/fit-in/200x150/filters:strip_icc()/pic8704516.png,,1,4,40,80,80,,3.75,118,"1,2,3,4",4,12+,,0,1,0,0,2,0,0,0,0,,2025-10-21 19:57:43,0,0,5.68312,5.49745,77,2.77823,26455,,Gamefound,2025-10-21,,85,USD,,,,,,,,,,,,"Essen 2025 
Tascini
Dice Drafting.  Looks awesome
Pledged $1 early via Mojito Studios to get the 1st Player token",,
426162,132948034,Thing Thing,Thing Thing,2024,https://cf.geekdo-images.com/M-g9vR_WhiLjwhmrnwHC8w__original/img/A7O6SB94HzX8AStemjeJtHdcmPU=/0x0/filters:format(png)/pic8554052.png,https://cf.geekdo-images.com/M-g9vR_WhiLjwhmrnwHC8w__small/img/CW1f6UJKJq4nFGTfm8bPeqaul4w=/fit-in/200x150/filters:strip_icc()/pic8554052.png,,2,10,15,20,20,,0,122,,,,,0,0,1,0,3,0,0,0,0,,2025-06-03 21:24:13,0,0,6.88289,5.51646,38,2.17601,20507,,,,,,,,,,,,,,,,,,"GenCon 2025
High player count party game
Funny",,
408547,127111550,Things in Rings,Things in Rings,2024,https://cf.geekdo-images.com/oNmUB9qyfDYwUlzwrl9hZQ__original/img/7ELk1Jd51l9UMPuv_QC8huhZ_8Q=/0x0/filters:format(jpeg)/pic8037086.jpg,https://cf.geekdo-images.com/oNmUB9qyfDYwUlzwrl9hZQ__small/img/naiGnckqLXJVGJagVY_z8g__ojI=/fit-in/200x150/filters:strip_icc()/pic8037086.jpg,,2,6,20,20,20,,1.3276,7235,"2,3,4,5,6",4,8+,Some necessary text - easily memorized or small crib sheet,0,0,0,0,3,0,0,0,1,1,2025-08-10 21:04:07,1,5,7.0851,6.44243,3515,1.27733,1466,Party Game Rank: 71,B&N,2024-12-27,2025-07-23,14,USD,10,USD,Sold - Geekmarket,,,,,,,,,,,Sold $10 Geekmarket 2025-07-23 to bacantui
421852,132978948,Thingstead,Thingstead,2024,https://cf.geekdo-images.com/9M_ZEEdBwkdT4yfkJ4h-QQ__original/img/kS2Rr_ue_sw3EpQFxOV_w5QA3fI=/0x0/filters:format(jpeg)/pic8228350.jpg,https://cf.geekdo-images.com/9M_ZEEdBwkdT4yfkJ4h-QQ__small/img/ghI-Vl4xVNaBKkPG2No2-035-2o=/fit-in/200x150/filters:strip_icc()/pic8228350.jpg,,2,2,30,45,45,,2,351,2,2,12+,,0,0,0,0,3,0,0,0,0,,2025-11-17 20:43:32,0,0,6.85295,5.55004,105,1.34536,13278,,,,,,,,,,,,,,,,,,"GenCon 2025
2 Player Only
BGG Hot Games Room",,
178038,52357669,Think It Up!,Think It Up!,2015,https://cf.geekdo-images.com/BG_iYCXVIPagfPejbAsBRg__original/img/kxkXQBVooHeu8o_HmSmBUDMg5Vg=/0x0/filters:format(jpeg)/pic2880775.jpg,https://cf.geekdo-images.com/BG_iYCXVIPagfPejbAsBRg__small/img/s5ME4H0BpEUh1Utz0C08roSSTAI=/fit-in/200x150/filters:strip_icc()/pic2880775.jpg,,2,10,10,0,10,,1,495,"4,5,6,7,8,9,10",4,6–16,Unplayable in another language,0,0,0,0,3,0,0,0,1,,2024-07-14 20:21:26,1,4,5.787,5.51418,220,1.43889,21295,,Miniature Market,2018-05-28,,11,USD,7,USD,Katelyn,,,,,,,,,Listed FREE OctoCon,,Gave to Katelyn and Keegan
3566,97023458,Thinking Man's Football,Thinking Man's Football,1969,https://cf.geekdo-images.com/x5g0hpJFkiZCWrN-xvTAhQ__original/img/-YmJBfRtFRQ9IrhAH8Z9R7F0zl4=/0x0/filters:format(jpeg)/pic9294644.jpg,https://cf.geekdo-images.com/x5g0hpJFkiZCWrN-xvTAhQ__small/img/6LtUKqz23Tmxc-i3wrMa3O-zwEQ=/fit-in/200x150/filters:strip_icc()/pic9294644.jpg,,2,2,90,90,90,,2.3,439,2,2,10+,,0,0,0,0,3,0,0,0,1,,2025-08-03 20:52:01,0,0,5.52464,5.49922,69,1.774,26019,,Gift,,,,,,,GenCon Store / Auction 2025,"Contains all components except for the magnetic first down marker.   Box cover is in good condition, especially for the age of the game.  Cardboard box shows some wear but still completely intact.  Pictures on request",,,,3M,English,1969,3M edition 1969,,,$10 Geekmarket
291845,90657920,Three Sisters,Three Sisters,2022,https://cf.geekdo-images.com/Z1ihG_FHEKuf1Et53f2Dzg__original/img/eMBOJ52H8z_POdRRC6_DKRIIp78=/0x0/filters:format(png)/pic6349029.png,https://cf.geekdo-images.com/Z1ihG_FHEKuf1Et53f2Dzg__small/img/3LXpXcuoBQGQACl-Yw4fGqls2GM=/fit-in/200x150/filters:strip_icc()/pic6349029.png,,1,4,30,60,60,,2.6406,10524,"1,2,3,4","2,3",10+,Moderate in-game text - needs crib sheet or paste ups,0,0,0,0,3,0,0,0,0,,2022-01-29 22:37:42,1,7,7.51888,6.81954,4673,1.18543,736,Strategy Game Rank: 445,,,,,,,,,,,,,,,,,,,
280501,60987957,Three-Dragon Ante: Legendary Edition,Three-Dragon Ante: Legendary Edition,2019,https://cf.geekdo-images.com/fuBElJCPkSgj-bk_1rKoKw__original/img/_gQwLnrekjq4xpPJk_H9kS7cfwI=/0x0/filters:format(jpeg)/pic4767254.jpg,https://cf.geekdo-images.com/fuBElJCPkSgj-bk_1rKoKw__small/img/4zBpVufp-3vfs7L-X9lSPh-HDag=/fit-in/200x150/filters:strip_icc()/pic4767254.jpg,,2,6,30,30,30,,2,1699,"2,3,4,5,6","3,4,5",,Extensive use of text - massive conversion needed to be playable,0,0,1,0,3,0,0,0,0,,2024-01-08 21:48:33,0,0,7.0594,5.76926,542,1.36614,5182,,,,,,,,,,,,,,,,,,"Origins / Gencon 2019 - FOR SALE
Dragon poker style game",,
250725,59007411,Thrive,Thrive,2020,https://cf.geekdo-images.com/Cnyvb61bhwBpuPMKIkPRwQ__original/img/IxrBfn-ZvqA_ZhYWahUFSEhFlPI=/0x0/filters:format(png)/pic6957371.png,https://cf.geekdo-images.com/Cnyvb61bhwBpuPMKIkPRwQ__small/img/IBLmJmu9GczP4pO4QnwN7uffFYs=/fit-in/200x150/filters:strip_icc()/pic6957371.png,,2,2,20,30,30,,1.4167,583,2,2,6+,No necessary in-game text,1,0,0,0,3,1,0,0,0,1,2026-05-31 21:30:04,2,8,6.55572,5.63802,363,1.49329,7868,Abstract Game Rank: 308,KS,,,35,USD,,,Lakehouse,,,,,,,,,Kickstarter,,"[3-Transient]
Includes the complete game and all stretch goals. Includes complete expansion (Pond Life - est MSRP $15) which will not be available elsewhere until 2020.

INCLUDES:
Money-back Guarantee
All unlocked Stretch Goals
Free Shipping to US (all countries subsidized)
Thrive Board Game
Pond Life Expansion included free (est MSRP $15)"
182028,99758995,Through the Ages: A New Story of Civilization,Through the Ages: A New Story of Civilization,2015,https://cf.geekdo-images.com/fVwPntkJKgaEo0rIC0RwpA__original/img/1jawNpljTXwnT4km_2CjGwoUPR8=/0x0/filters:format(jpeg)/pic2663291.jpg,https://cf.geekdo-images.com/fVwPntkJKgaEo0rIC0RwpA__small/img/31usGlzlBReEFf60bcgbvDTjwCg=/fit-in/200x150/filters:strip_icc()/pic2663291.jpg,,2,4,120,120,120,,4.4431,40272,"2,3,4",3,14+,Extensive use of text - massive conversion needed to be playable,0,0,0,0,3,0,0,0,0,,2023-01-22 20:02:47,2,8,8.24679,8.01276,34859,1.53313,18,Strategy Game Rank: 15,,,,,,,,,,,,,,,,,,,
447746,136439903,Tianxia,Tianxia,2025,https://cf.geekdo-images.com/t6Z7dmUF2ER_2eLSIS0xCQ__original/img/iEFJqEGqqCA7optiQzbR55YFZVY=/0x0/filters:format(jpeg)/pic8922291.jpg,https://cf.geekdo-images.com/t6Z7dmUF2ER_2eLSIS0xCQ__small/img/IKCR9kVuGWyGfNAvtUG_PadoRaY=/fit-in/200x150/filters:strip_icc()/pic8922291.jpg,,1,4,60,120,120,,3.4103,1362,"1,3,4",3,,No necessary in-game text,1,0,0,0,3,1,0,0,0,,2026-05-31 20:05:03,0,0,7.54124,5.88191,586,1.33379,4024,,Indy Spiel Flea Market Denise Lavely,2025-09-14,2025-10-03,30,USD,,,,,,,,,,,,,,[4-Evaluate]
215,138092945,Tichu,Tichu,1991,https://cf.geekdo-images.com/gz8_8iYP2SSGVAxpp7CwLg__original/img/9ULfNvkyu0k1m0d63-Mk0k5e0MA=/0x0/filters:format(png)/pic5854968.png,https://cf.geekdo-images.com/gz8_8iYP2SSGVAxpp7CwLg__small/img/5jkPnPGk5LWNzuW5GANPDLa4ZRA=/fit-in/200x150/filters:strip_icc()/pic5854968.png,,3,10,30,90,90,,2.3451,27771,4,4,12+,No necessary in-game text,1,0,0,0,3,1,0,0,0,,2026-05-31 21:30:13,0,0,7.57183,7.27426,16864,1.67608,250,Strategy Game Rank: 185,Geekmarket - Casarmom,2025-11-03,2025-11-07,10,USD,,,,,,,,,,,,,,[2-Resident]
9209,96661086,Ticket to Ride,Ticket to Ride,2004,https://cf.geekdo-images.com/kdWYkW-7AqG63HhqPL6ekA__original/img/rWF8r4JXXCQQ7QhiWHhmT-rQ3Pc=/0x0/filters:format(jpeg)/pic8937637.jpg,https://cf.geekdo-images.com/kdWYkW-7AqG63HhqPL6ekA__small/img/5G46jv8MFh_BfX67iMSouTMhKxc=/fit-in/200x150/filters:strip_icc()/pic8937637.jpg,,2,5,30,60,60,,1.8193,149185,"2,3,4,5",4,8+,No necessary in-game text,1,0,0,0,3,0,0,0,0,,2026-05-31 16:33:30,2,8,7.38556,7.26115,98461,1.30243,261,Family Game Rank: 60,Cardhaus,2022-08-09,,44.99,USD,,,,,,,,,,,,,,"[1-Permanent]
Preordered with Twilight Inscription"
390092,106986779,Ticket to Ride Legacy: Legends of the West,Ticket to Ride Legacy: Legends of the West,2023,https://cf.geekdo-images.com/2H0pJddVJA3r6btqRNLG1g__original/img/q8N6sz7FIZkbXe_0d4RiIfM8aNU=/0x0/filters:format(png)/pic7541330.png,https://cf.geekdo-images.com/2H0pJddVJA3r6btqRNLG1g__small/img/scMQ04r1admTpyvH91g9DbZEncg=/fit-in/200x150/filters:strip_icc()/pic7541330.png,,2,5,20,90,90,,2.5625,15844,"2,3,4,5",4,10+,Moderate in-game text - needs crib sheet or paste ups,0,0,0,0,2,0,0,0,0,,2023-11-25 12:10:36,0,0,8.62913,7.7747,6734,1.34547,50,Family Game Rank: 1,,,,,,,,,,,,,,,,,,,
288679,102150259,Ticket to Ride Map Collection 7: Japan & Italy,Ticket to Ride Map Collection 7: Japan & Italy,2019,https://cf.geekdo-images.com/A_cpUVG5VbCU7SgNkFG_1A__original/img/PC40seZB56nS1kh0IVoM5gEE9QI=/0x0/filters:format(png)/pic4943816.png,https://cf.geekdo-images.com/A_cpUVG5VbCU7SgNkFG_1A__small/img/nTM_zQgylkDdtSfUU3e2xC781wc=/fit-in/200x150/filters:strip_icc()/pic4943816.png,,2,5,30,60,60,,2.0179,8934,"2,3,4,5",4,8+,No necessary in-game text,1,0,0,0,3,0,0,0,0,,2025-12-25 16:49:50,0,0,7.86796,6.7243,2730,1.08721,0,,Christmas Gift,2025-12-25,2025-12-25,,,,,,,,,,,,,,Asked for Christmas 2025,,
160069,135244613,Ticket to Ride: 10th Anniversary,Ticket to Ride: 10th Anniversary,2014,https://cf.geekdo-images.com/oXUOPeRynJB1sLEYQiKzTg__original/img/rioxsnue27C86XI-zWTuG_c-GuE=/0x0/filters:format(jpeg)/pic1927856.jpg,https://cf.geekdo-images.com/oXUOPeRynJB1sLEYQiKzTg__small/img/T3kFj9p5pPBLklkFO8ZsIVTehDg=/fit-in/200x150/filters:strip_icc()/pic1927856.jpg,,2,5,30,60,60,,1.8879,11479,"2,3,4,5","4,5",8+,No necessary in-game text,0,0,0,0,3,0,0,0,0,,2025-08-10 21:00:41,1,10,8.24073,7.37343,5661,1.18647,0,,,,,,,,,,,,,,,,,,,,
329841,136563159,Ticket to Ride: Europe – 15th Anniversary,Ticket to Ride: Europe – 15th Anniversary,2021,https://cf.geekdo-images.com/bilOnrR0vksMgjDK1zWPmQ__original/img/fPg2PgpQ4npHW6cW8-16GNDbuRg=/0x0/filters:format(png)/pic5941381.png,https://cf.geekdo-images.com/bilOnrR0vksMgjDK1zWPmQ__small/img/8lPTz5okk0uiW19b6seXaUXh7UE=/fit-in/200x150/filters:strip_icc()/pic5941381.png,,2,5,30,60,60,,1.8687,14748,"2,3,4,5",4,8+,No necessary in-game text,1,0,0,0,3,0,0,0,0,,2026-05-31 16:48:05,0,0,8.17732,7.23569,4838,1.05618,0,,Indy Spiel Flea Market -  Glen Rust,2025-09-18,2025-10-03,60,USD,,,,,,,,,,,,,,[1-Permanent]
31627,102150207,Ticket to Ride: Nordic Countries,Ticket to Ride: Nordic Countries,2007,https://cf.geekdo-images.com/bCdjNIu-O_SzVCfMLZY_KQ__original/img/GhYRV-yJmYEiTaZsZcnEA04YucA=/0x0/filters:format(png)/pic7634498.png,https://cf.geekdo-images.com/bCdjNIu-O_SzVCfMLZY_KQ__small/img/YYhnkc5JxY3qmg-_2w_Tb2rMeXE=/fit-in/200x150/filters:strip_icc()/pic7634498.png,,2,3,30,60,60,,1.9635,24713,"2,3",3,8+,No necessary in-game text,0,0,1,0,3,0,0,0,0,,2026-01-01 15:21:07,0,0,7.61973,7.29832,15159,1.22518,239,Family Game Rank: 38,,,,,,,,,,,,,,,,,Supposed to be good for 2 players,,
233262,52621285,Tidal Blades: Heroes of the Reef,Tidal Blades: Heroes of the Reef,2020,https://cf.geekdo-images.com/bye7wUTrhwpXeUjBGMH1uw__original/img/oac2ADhWzdkeQem5PQEtJT0cCPg=/0x0/filters:format(jpeg)/pic5934920.jpg,https://cf.geekdo-images.com/bye7wUTrhwpXeUjBGMH1uw__small/img/pF_aPq6eop0tWrdvlm0ibtB2-0E=/fit-in/200x150/filters:strip_icc()/pic5934920.jpg,,1,4,60,90,90,,2.9444,7266,"1,2,3,4",3,12+,Moderate in-game text - needs crib sheet or paste ups,0,0,0,0,4,0,0,0,1,,2024-07-14 20:31:03,2,7,7.43011,6.58436,3369,1.46407,1136,Strategy Game Rank: 658,KS ,2018-11-09,,101,USD,75,USD,Sold,"Played twice.  Like New.
Bundled with Angler’s Cove expansion.  Trade interest is somewhat low on this, so it will take a significant trade offer.",,,,Druid City Games; Skybound Tabletop,English,2020,English deluxe edition,Listed $60 OctoCon (includes Angler's Cove),,"PM DONE 25 Apr 2019 (added Angler's Cove expansion)

Deluxe Edition - Kickstarter Exclusive
Hide details
One physical copy of Tidal Blades: Heroes of the Reef Deluxe Edition, which includes 1 copy of the Retail edition and 1 copy of the Deluxe Edition Box. (Kickstarter Exclusive) All unlocked retail & deluxe edition stretch goals included.

Shipping added at the time of pledging.

Want more than one copy? Just add an additional $89 to your current pledge amount plus shipping and handling to your region of the world for each copy. Please refer to our shipping section for the costs of shipping and add that to your pledge.

INCLUDES:
Tidal Blades: Heroes of the Reef - Retail Edition
Tidal Blades: Heroes of the Reef - Deluxe Edition Box
All unlocked Deluxe & Retail Edition Stretch Goals

Sold via GeekMarket on 11/4/2022 for $75"
264415,76065395,Tidal Blades: Heroes of the Reef – Angler's Cove,Tidal Blades: Heroes of the Reef – Angler's Cove,2020,https://cf.geekdo-images.com/X5-YJzJBbdycSjwDsVdVgw__original/img/Wf3NM_SDy8RRg4V7pju44f1Wamc=/0x0/filters:format(jpeg)/pic4428236.jpg,https://cf.geekdo-images.com/X5-YJzJBbdycSjwDsVdVgw__small/img/XXvocnke-AOt9Z6wBlGicN7qJeU=/fit-in/200x150/filters:strip_icc()/pic4428236.jpg,,1,5,60,90,90,,3,2915,"2,3,4,5","3,4",,,0,0,0,0,1,0,0,0,1,,2024-07-14 20:31:09,0,0,7.80441,5.87207,460,1.25776,0,,,,,,,,,Sold,"Played twice.  Like New.
Bundled with Tidal Blades base.  Trade interest is somewhat low on this, so it will take a significant trade offer.",,,,,,,,Included with Base,,
42,71243447,Tigris & Euphrates,Tigris & Euphrates,1997,https://cf.geekdo-images.com/t-cfSQs4Ic3SAzCSxTigLg__original/img/SfOjGBpLyPrnntZjjxrnSXmJWT4=/0x0/filters:format(png)/pic9203204.png,https://cf.geekdo-images.com/t-cfSQs4Ic3SAzCSxTigLg__small/img/S1_WOK5YsEMbw0EHwCFIN026tkM=/fit-in/200x150/filters:strip_icc()/pic9203204.png,,2,4,60,120,120,,3.4781,32401,"2,3,4",4,12+,No necessary in-game text,0,0,0,0,3,0,0,0,0,,2024-01-08 21:48:38,0,0,7.70424,7.50626,29991,1.4941,131,Strategy Game Rank: 109,,,,,,,,,,,,,,,,,,,
54,69798096,Tikal,Tikal,1999,https://cf.geekdo-images.com/ajU3xzGDUKihjNdvjCR1Hw__original/img/6dCgK1EESbk9GNuCiwQ4XiqIW3Y=/0x0/filters:format(jpeg)/pic3328391.jpg,https://cf.geekdo-images.com/ajU3xzGDUKihjNdvjCR1Hw__small/img/pXR57sUMEJ-GJydf-yyAu0ZLgZw=/fit-in/200x150/filters:strip_icc()/pic3328391.jpg,,2,4,90,90,90,,2.7775,29371,"2,3,4",4,10+,No necessary in-game text,0,0,0,0,3,0,0,0,0,,2023-04-04 13:11:56,0,0,7.31707,7.10786,21514,1.19539,383,Strategy Game Rank: 290,,,,,,,,,,,,,,,,,Kiesling and Kramer,,
214910,61639130,Tiki,Tiki,2018,https://cf.geekdo-images.com/9VlGdJ_dOOrC13biHm_SWw__original/img/44VRPae4czp0W2z3VTvD0mQX6fs=/0x0/filters:format(jpeg)/pic3327155.jpg,https://cf.geekdo-images.com/9VlGdJ_dOOrC13biHm_SWw__small/img/mSJITl2xNoONpptFhph7kGSM4OY=/fit-in/200x150/filters:strip_icc()/pic3327155.jpg,,2,2,10,20,20,,1.9,318,2,2,8+,No necessary in-game text,0,0,0,0,3,0,0,0,0,,2023-02-25 22:46:41,0,0,5.96906,5.54961,339,1.66444,13338,Abstract Game Rank: 838,,,,,,,,,,,,,,,,,"Kickstarter that I passed on but seeing the DT video makes me want this game.
2 player abstract with great quality components.",,
351913,96624068,Tiletum,Tiletum,2022,https://cf.geekdo-images.com/DvvSoTrB3-UMEgz2rBraHg__original/img/a70U9DGHGxiyo8WWMOb9Zd4hrxc=/0x0/filters:format(jpeg)/pic7533289.jpg,https://cf.geekdo-images.com/DvvSoTrB3-UMEgz2rBraHg__small/img/TnJONz9KNXPJBQ42sorXuoUTlew=/fit-in/200x150/filters:strip_icc()/pic7533289.jpg,,1,4,60,100,100,,3.3851,10637,"1,2,3","2,3",14+,No necessary in-game text,1,0,0,0,3,0,0,0,0,,2026-05-31 21:30:27,4,9,7.85421,7.22097,6915,1.19591,285,Strategy Game Rank: 169,Cardhaus preorder,2022-08-21,,39,USD,,,,,,,,,,,,Chris Yi GenCon Day 4 VLOG.  Dice placement with clever mechanisms,,[3-Transient]
436561,133767965,Timber Town,Timber Town,2025,https://cf.geekdo-images.com/xrna5wwLrNGxcFGv2TwtGg__original/img/PzwXvPxCF8HTtO83b6jyyM_j72k=/0x0/filters:format(jpeg)/pic8638290.jpg,https://cf.geekdo-images.com/xrna5wwLrNGxcFGv2TwtGg__small/img/TeQYZWsB-9IGTSl5Iks8rVFiAWM=/fit-in/200x150/filters:strip_icc()/pic8638290.jpg,,2,2,30,45,45,,1.875,1391,2,2,8+,,0,0,0,0,3,0,0,0,0,,2025-11-07 12:09:32,0,0,7.37284,5.79337,458,1.0345,4882,,,,,,,,,,,,,,,,,,"GenCon 2025
2 Player Puzzly",,
22245,73855790,Times Square,Royal Visit,2006,https://cf.geekdo-images.com/oHFhWfaskC7j3hqSq0T_3Q__original/img/tqKyIQ6rurNtqB2EI_4Z4sL4dyE=/0x0/filters:format(jpeg)/pic275560.jpg,https://cf.geekdo-images.com/oHFhWfaskC7j3hqSq0T_3Q__small/img/9oHdRo2Tj2q9217wyYUvCf5JBtE=/fit-in/200x150/filters:strip_icc()/pic275560.jpg,,2,2,20,30,30,,1.6687,5832,2,2,8+,No necessary in-game text,1,0,0,0,3,0,0,0,0,,2026-05-31 21:30:44,2,7,6.71122,6.16831,3069,1.36424,2348,Strategy Game Rank: 1232; Family Game Rank: 734,BGG Trade,2020-09-18,,12,USD,,,Lakehouse,Very Good.  Acquired used via BGG Trade.  This is the Kosmos English First Edition sold as Times Square.,,,,KOSMOS; Rio Grande Games,English,2006,English first edition,Reiner Knizia,,"[3-Transient]
Traded Nagaraja for this and Dogs"
265736,100062349,Tiny Towns,Tiny Towns,2019,https://cf.geekdo-images.com/aE1EoOzr530gQin8bj8QDA__original/img/-GDAsvmQ3wkuHaZ8h9G5Gk_nvVA=/0x0/filters:format(jpeg)/pic4460401.jpg,https://cf.geekdo-images.com/aE1EoOzr530gQin8bj8QDA__small/img/AI-Ro3wLJtpyZLmCMNywOlpz0S8=/fit-in/200x150/filters:strip_icc()/pic4460401.jpg,,1,6,45,60,60,,2.0631,36410,"1,2,3,4,5",3,10+,Moderate in-game text - needs crib sheet or paste ups,1,0,0,0,3,0,0,0,0,,2026-05-31 21:30:51,4,6,7.1775,6.98139,22492,1.20611,524,Family Game Rank: 130,,,,9,USD,,,,,,,,,,,,,,[2-Resident]
260923,65769392,Titan,Titan,2022,https://cf.geekdo-images.com/2AFuzGXFxQfKQc689lLuZA__original/img/ua2STbhwr_a0JpF15V-79BZBk1Q=/0x0/filters:format(jpeg)/pic6936988.jpg,https://cf.geekdo-images.com/2AFuzGXFxQfKQc689lLuZA__small/img/0i_pUcOE9OPxcDyPXIf0UwkhnCI=/fit-in/200x150/filters:strip_icc()/pic6936988.jpg,,2,4,60,120,120,,3.5,536,"2,3,4","2,3,4",12+,No necessary in-game text,0,0,0,0,3,0,0,0,0,,2023-02-25 22:46:46,0,0,6.98489,5.59679,204,2.00378,9593,,,,,,,,,,,,,,,,,,"KS November 2019
3D Board",,
277080,61672704,Titans,Titans,2021,https://cf.geekdo-images.com/B4UHClTcbyeB9sO0t7fVIA__original/img/x2hcmyi0LqHeL0qBVQl8XhS0cj8=/0x0/filters:format(jpeg)/pic5006657.jpg,https://cf.geekdo-images.com/B4UHClTcbyeB9sO0t7fVIA__small/img/foYhIusWFaoUMw-PfaPhekLf8VA=/fit-in/200x150/filters:strip_icc()/pic5006657.jpg,,1,4,80,160,160,,2.4839,1054,"1,2,3,4",3,12+,Some necessary text - easily memorized or small crib sheet,0,0,0,0,4,0,0,0,1,,2026-05-03 17:08:41,2,8,7.42165,5.84978,659,1.81849,4293,War Game Rank: 873; Strategy Game Rank: 1805,KS,2019-11-24,2026-05-03,115,USD,60,USD,Sold - Indy Spiel,,,,,Go On Board,English,2021,English edition,From the makers of Valhalla...keep an eye on this one,,"Sold Indy Spiel May 2026 - Tim Aberli $$60

PM DONE 22 Jan 2020
Deluxe Box
Core+Kings Emissaries + Titans Power + Spirit of War + Fields of Blood + Playmat

TITANS Deluxe Box (including all the Deluxe Expansions) with all unlocked Stretch Goals.

INCLUDES:
TITANS Standard box
King’s Emissaries Expansion
Titans Power Expansion
Spirit of War Expansion
All unlocked Stretch Goals"
312555,72237642,TOBITO,TOBITO,2020,https://cf.geekdo-images.com/YuSUEadRStqQ248wbSQ-5Q__original/img/tbPqkMH7eHp8l-xHFD9pRtnKCIM=/0x0/filters:format(jpeg)/pic5485294.jpg,https://cf.geekdo-images.com/YuSUEadRStqQ248wbSQ-5Q__small/img/D77CKaiB7yN5oGL0RARGZ8jlpC8=/fit-in/200x150/filters:strip_icc()/pic5485294.jpg,,2,4,0,0,0,,1,72,"2,3,4",2,8+,,0,0,0,0,3,0,0,0,0,,2023-02-25 22:46:55,0,0,6.51923,0,26,1.3336,0,,,,,,,,,,,,,,,,,,"KS June 2020
Cool looking abstract
Wait for retail",,
434131,137262686,Tolleno,Tolleno,2025,https://cf.geekdo-images.com/IOTOPSwW0bdimraFZLIXLg__original/img/plZ71zgIDWT42miFD1gq9HflSr8=/0x0/filters:format(png)/pic8989432.png,https://cf.geekdo-images.com/IOTOPSwW0bdimraFZLIXLg__small/img/8TUQvQC49FhBmcH5sifYi8A6HG0=/fit-in/200x150/filters:strip_icc()/pic8989432.png,,2,4,24,48,48,,2,216,"2,3,4",2,8+,,1,0,0,0,3,0,0,0,0,,2026-05-31 21:32:17,2,7,6.04808,5.52792,130,1.60226,17197,,Geekmarket -  Shannyn_north@yahoo.com,2025-10-23,2025-10-27,50,USD,,,,,,,,,,,,"Essen 2025
Unique looking tile and token laying
Keep an eye out for it and check it out",,[3-Transient]
273993,137054347,Tonari,Tonari,2019,https://cf.geekdo-images.com/Q8BcmSqmbBm191GgRMd1Cg__original/img/e7QeqwKXlZfHYoVvgjPpPLFY6qs=/0x0/filters:format(jpeg)/pic4629994.jpg,https://cf.geekdo-images.com/Q8BcmSqmbBm191GgRMd1Cg__small/img/UH_9Aki_JetFJGOtyYiavH9BzMs=/fit-in/200x150/filters:strip_icc()/pic4629994.jpg,,2,4,30,45,45,,1.1111,781,"2,3,4",3,6,No necessary in-game text,1,0,0,0,3,0,0,0,0,,2026-05-31 21:32:33,1,6,6.42724,5.60158,313,1.42751,9340,,Indy Spiel Raffle,2025-10-04,2025-10-04,,,,,,,,,,,,,,,,"[3-Transient]
Free"
255297,53369038,Tossed Salad,Tossed Salad,2018,https://cf.geekdo-images.com/0exCx02FllvJI0BqvAam8g__original/img/mpAzx1xyAL60k1fwFECX3gLJCOc=/0x0/filters:format(png)/pic4180479.png,https://cf.geekdo-images.com/0exCx02FllvJI0BqvAam8g__small/img/z5QNbzcrb02kkBmJ01nCqZHq9_8=/fit-in/200x150/filters:strip_icc()/pic4180479.png,,4,99,0,0,0,,0,15,,,,,0,0,0,0,3,0,0,0,1,,2024-09-29 19:12:24,0,0,5.65714,0,7,2.4651,0,,Gen Con,2018-08-05,2024-09-29,10,USD,,,Bub & Rossella,,,,,,,,,,,PP Estimate
372368,105938894,Tournament Fishing: Night Fishing Expansion,Tournament Fishing: Night Fishing Expansion,2020,https://cf.geekdo-images.com/Y5wjRwwcabtvxisuLrLyCw__original/img/XVfrUXiTGavJjex_b08fNgyNah0=/0x0/filters:format(jpeg)/pic7125484.jpg,https://cf.geekdo-images.com/Y5wjRwwcabtvxisuLrLyCw__small/img/-_YuLQxRWXHze6Td9BAU1saOeZI=/fit-in/200x150/filters:strip_icc()/pic7125484.jpg,,1,1,45,90,90,,0,83,,,,,1,0,0,0,3,0,0,0,0,,2026-05-31 21:32:43,1,8,7.00625,0,16,2.47499,0,,,,,,,,,,,,,,,,,,,,[1-Permanent]
240463,63378323,Tournament Fishing: The Deckbuilding Game,Tournament Fishing: The Deckbuilding Game,2017,https://cf.geekdo-images.com/b_CMmWM7yyd_7A3IaKagog__original/img/8NwGQAFUZZe98DTyxVubuH9bvZs=/0x0/filters:format(jpeg)/pic7125344.jpg,https://cf.geekdo-images.com/b_CMmWM7yyd_7A3IaKagog__small/img/0ubCpCFbTXKAitH0YqSjeWHEGPg=/fit-in/200x150/filters:strip_icc()/pic7125344.jpg,,1,4,30,120,120,,2.4,444,"1,2,3",1,8+,Some necessary text - easily memorized or small crib sheet,1,0,0,0,4,0,0,0,0,,2026-05-31 16:29:02,1,8,5.72089,5.49886,410,3.71161,26113,,BGG Marketplace ryankinnaman@me.com,2023-04-23,2023-07-02,99,USD,,,Lakehouse ,KS All In edition includes the wooden case,,,,,,,,,,"[1-Permanent]
KS All In edition includes the wooden case"
278969,105933655,Tournament Fishing: The Deckbuilding Game – Dice,Tournament Fishing: The Deckbuilding Game – Dice,2019,,,,1,4,30,120,120,,0,33,,,,,1,0,0,0,3,0,0,0,0,,2023-04-26 16:15:15,0,0,5.00833,0,12,3.58944,0,,,,,,,,,,,,,,,,,,,,
355615,105933690,Tournament Fishing: The Deckbuilding Game – Dice Tower Boat Promo Card,Tournament Fishing: The Deckbuilding Game – Dice Tower Boat Promo Card,2022,https://cf.geekdo-images.com/9kwZHLGM8XJiu25t9-i8Rg__original/img/LsIUAJB5xFK1Ygkvvc6Mdv8ZGJk=/0x0/filters:format(jpeg)/pic6646096.jpg,https://cf.geekdo-images.com/9kwZHLGM8XJiu25t9-i8Rg__small/img/wWw4J_Ie-pcK03AXUEQjJoKTttc=/fit-in/200x150/filters:strip_icc()/pic6646096.jpg,,1,4,0,0,0,,0,59,,,,,0,0,1,1,2,0,0,0,0,,2025-08-12 19:00:03,0,0,6.66667,0,3,4.02768,0,,,,,,,,,,,,,,,,,,,,
275718,105933657,Tournament Fishing: The Deckbuilding Game – Fish and Tackle,Tournament Fishing: The Deckbuilding Game – Fish and Tackle,2019,,,,1,4,30,120,120,,0,59,,,,,1,0,0,0,3,0,0,0,0,,2023-04-26 16:15:18,0,0,6.75,0,12,3.44299,0,,,,,,,,,,,,,,,,,,,,
278967,105933658,Tournament Fishing: The Deckbuilding Game – Locations,Tournament Fishing: The Deckbuilding Game – Locations,2019,,,,1,4,30,120,120,,0,50,,,,,1,0,0,0,3,0,0,0,0,,2023-04-26 16:15:21,0,0,6.74375,0,16,3.44746,0,,,,,,,,,,,,,,,,,,,,
274443,105933660,Tournament Fishing: The Deckbuilding Game – Rods and Boats,Tournament Fishing: The Deckbuilding Game – Rods and Boats,2019,,,,1,4,30,120,120,,0,68,,,,,1,0,0,0,3,0,0,0,0,,2023-04-26 16:15:24,0,0,6.6375,0,16,3.35724,0,,,,,,,,,,,,,,,,,,,,
278968,105933663,Tournament Fishing: The Deckbuilding Game – Weather,Tournament Fishing: The Deckbuilding Game – Weather,2019,,,,1,4,30,120,120,,0,50,,,,,1,0,0,0,3,0,0,0,0,,2023-04-26 16:15:29,0,0,6.27143,0,14,3.48987,0,,,,,,,,,,,,,,,,,,,,
393307,123668334,Tower Up,Tower Up,2024,https://cf.geekdo-images.com/3GBPmFILs8upxBhdQIvwTA__original/img/Htgk-wtMFcr6_8n2DAvur_y1TdA=/0x0/filters:format(jpeg)/pic8143457.jpg,https://cf.geekdo-images.com/3GBPmFILs8upxBhdQIvwTA__small/img/1jM40AdYqOdA76UK6nghT_19emk=/fit-in/200x150/filters:strip_icc()/pic8143457.jpg,,2,4,30,45,45,,1.8481,3674,"2,3,4","3,4",8+,No necessary in-game text,1,0,0,0,3,0,0,0,0,,2026-05-31 21:32:48,4,8,7.33366,6.43402,2489,1.14703,1498,Family Game Rank: 386,Amazon,2024-10-07,2024-10-08,35,USD,,,,,,,,,,,,,,[2-Resident]
402310,110643890,Town 77,Town 77,2023,https://cf.geekdo-images.com/VSwx3gqV9zvsXqbA8ryAlA__original/img/EvoJmJ5VqY0QMpPcKHQZeUo6VJk=/0x0/filters:format(png)/pic7758175.png,https://cf.geekdo-images.com/VSwx3gqV9zvsXqbA8ryAlA__small/img/KiRfEDnYN8GhT-vwT9pSve6LGNY=/fit-in/200x150/filters:strip_icc()/pic7758175.png,,1,5,15,15,15,,1.8182,1746,"1,2,3,4",3,6+,No necessary in-game text,1,0,0,0,3,1,0,0,0,,2026-05-31 21:33:04,1,7,6.68562,5.72717,579,1.13334,5803,,GenCon,2025-08-01,2025-08-01,20,USD,,,,,,,,,,,,"Oink
Essen 23",,[3-Transient]
352454,106733457,Trailblazers,Trailblazers,2023,https://cf.geekdo-images.com/jjLaKzZiy432J-5uKg_c5w__original/img/SwCZ8m5qMzMm9rN7mxLuIojhbc8=/0x0/filters:format(jpeg)/pic6772212.jpg,https://cf.geekdo-images.com/jjLaKzZiy432J-5uKg_c5w__small/img/jSleThjpY7UYLNKD7AugwGOY_MM=/fit-in/200x150/filters:strip_icc()/pic6772212.jpg,,1,8,30,30,30,,1.8,4104,"1,2,3,4,5,6,7,8","1,2,3",8+,Some necessary text - easily memorized or small crib sheet,0,0,0,0,3,0,0,0,0,,2023-05-23 22:38:44,1,6,6.99354,6.24624,2440,1.35687,2052,Family Game Rank: 610,,,,,,,,,,,,,,,,,,,
102680,72362216,Trajan,Trajan,2011,https://cf.geekdo-images.com/djdeCr__iNV5rMnGnxNiaQ__original/img/-pxFp0FHDLLZK_hMT5kHG7IAQ7M=/0x0/filters:format(png)/pic4336095.png,https://cf.geekdo-images.com/djdeCr__iNV5rMnGnxNiaQ__small/img/jULoayRVuV3c8cRqKOPsf7oMO5w=/fit-in/200x150/filters:strip_icc()/pic4336095.png,,2,4,60,120,120,,3.6255,22360,"2,3,4",4,12+,No necessary in-game text,1,0,0,0,3,0,0,0,0,,2026-05-31 21:33:18,1,8,7.74233,7.46398,18899,1.33842,149,Strategy Game Rank: 114,Christmas Gift,2021-12-25,,48,USD,,,,,,,,,,,,,,"[3-Transient]
PP Estimate"
25628,55068112,Tranquility Base,Tranquility Base,2018,https://cf.geekdo-images.com/HfFAXR68OcytZUrYnWF_0Q__original/img/moCey_HY02Su_mPH1aq95zskZGw=/0x0/filters:format(jpeg)/pic4884683.jpg,https://cf.geekdo-images.com/HfFAXR68OcytZUrYnWF_0Q__small/img/_6SyKAc9C9ozKZcpY4ULVLG3wes=/fit-in/200x150/filters:strip_icc()/pic4884683.jpg,,1,4,90,90,90,,2,232,"1,2,3,4",3,,,1,0,0,0,3,0,0,1,0,,2026-05-31 20:13:40,1,5,6.84746,5.52678,59,1.8714,17444,War Game Rank: 3371; Thematic Rank: 1597,KS ,2018-10-20,2025-07-08,67,USD,,,Office,Includes metal landers.  Not sure I want to trade this.  Would like to donate to a HS gaming club for the educational history.,,,,"History In Action Game (The Galactic Attic); Worthington Publishing, LLC",English,2018,Second edition,,"Love the theme of this game and the historical accuracy.  It's great to see the mission information, patches, and pictures.  Although, the picture quality is not great. I really wanted to like this a lot, but the game play falls flat too. Realisticaly, I probably give it a 10 on theme, a 7 on artwork and a 2 on game play, which somehow makes it a 5 overall...","[5-Exiting]
includes the Soviet Moon expansion"
261143,55068117,Tranquility Base: SovietMoon,Tranquility Base: SovietMoon,2018,https://cf.geekdo-images.com/TDLj2vE4geoLjRQawa17wg__original/img/4eFHjCPa8isjT6Rj-0L2GSHyWU4=/0x0/filters:format(jpeg)/pic4336417.jpg,https://cf.geekdo-images.com/TDLj2vE4geoLjRQawa17wg__small/img/R2PDQkkj_YVFbJ6m9GMH1wY_vl0=/fit-in/200x150/filters:strip_icc()/pic4336417.jpg,,1,4,45,90,90,,0,134,,,,,1,0,0,0,3,0,0,1,0,,2026-05-31 20:13:45,0,0,6.63158,0,19,2.27597,0,,KS,2018-10-20,2025-07-08,0.0001,USD,,,Office,Bundled with base game,,,,,,,,,,"[5-Exiting]
with Core Game"
429860,132947951,Transgalactica,Transgalactica,2025,https://cf.geekdo-images.com/SKtFuXqMWU-k2kvjS0DRfQ__original/img/6yjkFVfRsr6yQ87PcpKXhq_e8nQ=/0x0/filters:format(jpeg)/pic8453831.jpg,https://cf.geekdo-images.com/SKtFuXqMWU-k2kvjS0DRfQ__small/img/6WFrBoRhVAQKSZC3qcjF_nX4vsw=/fit-in/200x150/filters:strip_icc()/pic8453831.jpg,,2,5,100,100,100,,3.619,1150,"2,3,4",4,14+,No necessary in-game text,0,0,0,0,3,0,0,0,0,,2025-10-18 21:22:02,0,0,6.38944,5.65571,554,2.07828,7357,,,,,,,,,,,,,,,,,,"GenCon 2025
Stickers on every piece
Check out game play",,
313065,94933591,Transmissions,Transmissions,2022,https://cf.geekdo-images.com/mQ5iuKUNKDdorpkJvGwVPA__original/img/gV_GopktLHS26X7mwa16J9Th5aw=/0x0/filters:format(jpeg)/pic5663973.jpg,https://cf.geekdo-images.com/mQ5iuKUNKDdorpkJvGwVPA__small/img/o2w0ObWmXEy35zkVxBSAXtHGY8M=/fit-in/200x150/filters:strip_icc()/pic5663973.jpg,,1,4,45,60,60,,2.0312,2777,"1,2,3,4",3,8+,No necessary in-game text,1,0,0,0,3,0,0,0,0,,2026-05-31 16:19:49,5,10,7.25949,6.06469,1164,1.19169,2843,,KS,2021-04-13,2024-08-24,54,USD,,,,,,,,,,,,,"Beautiful, welcoming game with some clever mechanisms.  Have truly enjoyed every play of this game!","[1-Permanent]
Extra set of plastic robots
Added a set of metal robots
Second edition upgrade (pipe tiles and new rulebook)"
392099,133980892,Treasure of the Dwarves,Treasure of the Dwarves,2025,https://cf.geekdo-images.com/23adYWRCLuwJd56EzyK6uA__original/img/IN5LtQv1FqBvUpEIFU1_GnRzCTE=/0x0/filters:format(jpeg)/pic7570465.jpg,https://cf.geekdo-images.com/23adYWRCLuwJd56EzyK6uA__small/img/LRmvVA86awoRN1219dzDNCpcUKs=/fit-in/200x150/filters:strip_icc()/pic7570465.jpg,,3,8,45,60,60,,2,80,"4,5,6,7,8",5,12+,,1,0,0,0,3,0,0,1,0,,2026-05-31 20:13:51,1,7,7.15966,5.53344,59,1.71011,15930,,Cardhaus,2025-07-11,2025-07-15,48,USD,,,,,,,,,,,,"GenCon2025
Hidden bidding plays up to 8 players",,"[5-Exiting]
2025 GenCon Pre-Purchase"
429333,132979002,"Treat, Please!","Treat, Please!",2026,https://cf.geekdo-images.com/EXi6hMrNSEzWYcpik-VtKg__original/img/EQ012bdJ06de_97xIBKRAvlt76Y=/0x0/filters:format(png)/pic8441115.png,https://cf.geekdo-images.com/EXi6hMrNSEzWYcpik-VtKg__small/img/1oigjGtLc7huK6Ayri7YS3DStVA=/fit-in/200x150/filters:strip_icc()/pic8441115.png,,2,4,30,60,60,,1.5,37,,,,,0,0,0,0,3,0,0,0,0,,2025-08-12 18:56:36,0,0,7.80278,0,18,1.57766,0,,,,,,,,,,,,,,,,,,"GenCon 2025
Dog Theme looks Cute
Angie Game",,
1962,135244597,Tribond,Tribond,1989,https://cf.geekdo-images.com/t3jUkl3ZjurkZJSzfDvTXg__original/img/ZfKibcKv8JN23gmf5azFA2CnD0A=/0x0/filters:format(png)/pic4991956.png,https://cf.geekdo-images.com/t3jUkl3ZjurkZJSzfDvTXg__small/img/Y1fcXokJ1_6i-ZuMKRRfoGKHXlk=/fit-in/200x150/filters:strip_icc()/pic4991956.png,,2,15,60,60,60,,1.3614,3497,"3,4,5,6,7,8","4,5,6",10+,Unplayable in another language,0,0,0,0,3,0,0,0,0,,2025-08-10 21:00:24,1,7,5.29467,5.40517,1339,1.53458,30442,Party Game Rank: 929,,,,,,,,,,,,,,,,,,,
256707,60879850,Trick Shot,Trick Shot,2021,https://cf.geekdo-images.com/_9o0_YRgzvXvmd68N1KDDQ__original/img/mmD_3p8oRDuVttUwtqv-rek4oJQ=/0x0/filters:format(png)/pic4722646.png,https://cf.geekdo-images.com/_9o0_YRgzvXvmd68N1KDDQ__small/img/GwsGrNn4nirx1PA1EXM8ZxDSchQ=/fit-in/200x150/filters:strip_icc()/pic4722646.png,,2,4,30,60,60,,2.3684,1031,2,2,8+,Some necessary text - easily memorized or small crib sheet,1,0,0,0,4,0,0,0,0,,2026-05-31 16:24:58,1,9,7.80529,5.88012,517,1.4524,4033,Strategy Game Rank: 1711; Family Game Rank: 1262,BGG Trade,2021-07-14,,49,USD,,,,,,,,,,,,KS,,"[1-Permanent]
Upgraded to Second Version and put all content in Base Game Box
New content includes 
Second Edition Cards
Extra Dice Set
Painted Referee

BGG Trade
Game(s) From U is for Unicron
-----------------------
1. Labyrinth: The Awakening, 2010 – ?
2. Labyrinth: The War on Terror, 2001 – ?
3. Trick Shot

Game(s) From Indywiseguy
-----------------------
1. Claustrophobia 1643

PP Estimate (using Trade value)"
359612,99034747,Trick Shot: Second Edition,Trick Shot: Second Edition,2024,https://cf.geekdo-images.com/YSBU4aqkttABRVuFa_OLqQ__original/img/ZyiTS-fk--csYKTsT9SPz8RgU00=/0x0/filters:format(png)/pic7031309.png,https://cf.geekdo-images.com/YSBU4aqkttABRVuFa_OLqQ__small/img/q2ZxEpzh7xLB3RPNn3Am_sG72hs=/fit-in/200x150/filters:strip_icc()/pic7031309.png,,2,4,30,60,60,,2.5,1379,"2,4",2,12+,Some necessary text - easily memorized or small crib sheet,1,0,0,0,3,0,0,0,0,,2026-05-31 16:20:11,2,10,8.03474,5.94945,525,1.2505,3503,,Gamefound,2022-10-22,2023-12-27,40,USD,,,In Base Game Box,,,,,,,,,,,"[1-Permanent]
Stored in Base Game Box
New Line Cards
Referee Mini
Extra dice set
Rulebook"
365594,108597027,Trickdraw,Trickdraw,2022,https://cf.geekdo-images.com/sHl-H_HVIje6kTrWhqg5GA__original/img/EqXpljnZ_edX1dBb1JkatLgQhHY=/0x0/filters:format(jpeg)/pic7628010.jpg,https://cf.geekdo-images.com/sHl-H_HVIje6kTrWhqg5GA__small/img/9fU57gIKTlv4pxNBX1NBymCUNvM=/fit-in/200x150/filters:strip_icc()/pic7628010.jpg,,2,5,5,20,20,,1.8571,476,"2,3,4,5","3,4",12+,Moderate in-game text - needs crib sheet or paste ups,1,0,0,0,3,1,0,0,0,,2026-05-31 21:33:45,1,7,6.56273,5.56211,211,1.71525,12040,,Indy Spiel,2026-05-01,2026-05-15,5,USD,,,,,,,,,,,,"GenCon 23 
Multi-use cards sound interesting",,"[3-Transient]
Indy Spiel May 2026 $5 Carter Evans"
447378,133398252,Tricky Kids,Tricky Kids,2025,https://cf.geekdo-images.com/yOzFQh3nzX6SvBe5zZlq7g__original/img/SHWb4MhRyWzCXORpp39AZjc2ss0=/0x0/filters:format(png)/pic8941290.png,https://cf.geekdo-images.com/yOzFQh3nzX6SvBe5zZlq7g__small/img/_yZnz4SRzqqzwExSuXh9ikmhppc=/fit-in/200x150/filters:strip_icc()/pic8941290.png,,2,6,20,30,30,,1.5,238,"2,3,4,5,6","3,4",8,Some necessary text - easily memorized or small crib sheet,1,0,0,0,3,0,0,1,0,,2026-05-31 20:13:56,2,8,6.62252,5.54985,131,1.52855,13297,,GenCon,2025-08-01,2025-08-01,25,USD,,,,,,,,,,,,"GenCon 2025
Trick Taking
6 Players",,"[5-Exiting]
"
234776,66719053,Tricky Tides,Tricky Tides,2019,https://cf.geekdo-images.com/7n8PWo28kUpUuJR_fLRd4w__original/img/QziGwZlGRJM66kMkzLbVdefvVII=/0x0/filters:format(png)/pic4738177.png,https://cf.geekdo-images.com/7n8PWo28kUpUuJR_fLRd4w__small/img/48-r0LhFkgLoz0nxYcm85EKQw24=/fit-in/200x150/filters:strip_icc()/pic4738177.png,,2,4,30,45,45,,1.8,896,"2,3,4",3,8+,Some necessary text - easily memorized or small crib sheet,0,0,0,0,3,0,0,0,0,,2024-01-08 21:49:01,0,0,6.83207,5.68807,394,1.2354,6585,,,,,,,,,,,,,,,,,,Z Garcia recommended - Trick taking with p/u & deliver,,
352515,120080268,Trio,Trio,2021,https://cf.geekdo-images.com/d9F0ZDqcN3J7J92WckyraQ__original/img/3OAIArHm3Z_j5bAJeJlU5LKQie0=/0x0/filters:format(jpeg)/pic7605785.jpg,https://cf.geekdo-images.com/d9F0ZDqcN3J7J92WckyraQ__small/img/8d663Cj-RQy8pA8gZOcO80xYI5I=/fit-in/200x150/filters:strip_icc()/pic7605785.jpg,,3,6,15,15,15,,1.0769,24847,"3,4,5,6","4,5",6+,No necessary in-game text,1,0,0,0,3,0,0,0,0,,2026-05-31 21:33:59,17,7,7.38593,7.01139,11627,1.32208,491,Family Game Rank: 109,Miniature Market,2024-07-24,2024-07-27,15,USD,,,,,,,,,,,,2024 GenCon Looks like a fun family game night card game,,"[2-Resident]
GenCon 2024 Pre-Purchase"
229791,44680840,Triplock,Triplock,2017,https://cf.geekdo-images.com/q259xLLBTxBE1gNcC1TJUQ__original/img/Z2v4QkYpfeTEyO46O6BvzvEfDDM=/0x0/filters:format(jpeg)/pic3684813.jpg,https://cf.geekdo-images.com/q259xLLBTxBE1gNcC1TJUQ__small/img/nGcxmgQnFnWbP3QZuQgJkc96ii0=/fit-in/200x150/filters:strip_icc()/pic3684813.jpg,,1,2,15,30,30,,2.1515,3140,"1,2",2,12+,Moderate in-game text - needs crib sheet or paste ups,0,0,0,0,3,0,0,0,1,,2024-07-14 20:22:27,1,3,6.29088,5.71588,1065,1.58339,6009,Thematic Rank: 1045; Strategy Game Rank: 2222,Gen Con,2017-08-19,,,,25,USD,Sold,,,,,,,,,,Includes Factory Solo Pack,"Currently for Sale on IndyCon Flea Market $25

Sold for $12 at IndyCon 2020 to BGG user Erik Angelotti
(airsocgoxcoun)"
231294,44680854,Triplock: The Factory Solo Pack,Triplock: The Factory Solo Pack,2017,https://cf.geekdo-images.com/DEOlGvgqrsZAVsVL7bqvoQ__original/img/Q1ffpgzd_JOgjxH6gCfY1w8ED-g=/0x0/filters:format(jpeg)/pic3635693.jpg,https://cf.geekdo-images.com/DEOlGvgqrsZAVsVL7bqvoQ__small/img/V51cq5mZyoDkm4l-0kGD7Hlzy2U=/fit-in/200x150/filters:strip_icc()/pic3635693.jpg,,1,2,15,30,30,,2,1176,1,1,12+,Moderate in-game text - needs crib sheet or paste ups,0,0,0,0,3,0,0,0,1,,2024-07-14 20:22:13,0,0,6.94423,5.54058,78,1.31134,0,,Gen Con,2017-08-19,,,,,,Sold,,,,,,,,,,,
73439,113735048,Troyes,Troyes,2010,https://cf.geekdo-images.com/fBIe-aEPtJKC-ceNlspK6A__original/img/otcIVdG4ebZmK1SjUtzma18JtJ4=/0x0/filters:format(jpeg)/pic750583.jpg,https://cf.geekdo-images.com/fBIe-aEPtJKC-ceNlspK6A__small/img/Npv5mrWBkjnlKjl_8hGLNk9CCwc=/fit-in/200x150/filters:strip_icc()/pic750583.jpg,,1,4,90,90,90,,3.3737,28968,"2,3,4",3,12+,No necessary in-game text,0,0,0,0,3,0,0,0,0,,2023-12-19 23:04:07,1,6,7.70267,7.48854,25100,1.32391,142,Strategy Game Rank: 110,,,,,,,,,,,,,,,,,,,
266064,62222407,Trudvang Legends,Trudvang Legends,2022,https://cf.geekdo-images.com/M9jtWLtj5lpSbQEhCNIbDw__original/img/HUSWiCnh3drXue50bFvaSXnR3Go=/0x0/filters:format(jpeg)/pic6107847.jpg,https://cf.geekdo-images.com/M9jtWLtj5lpSbQEhCNIbDw__small/img/MKU_1ZhLNuS59Ib8aMVeRBvCyXk=/fit-in/200x150/filters:strip_icc()/pic6107847.jpg,,1,4,60,60,60,,2.4667,3152,"1,2,3,4",2,10+,Unplayable in another language,0,0,0,0,3,0,0,0,0,,2023-01-23 19:49:41,0,0,7.02116,5.81196,862,2.12802,4672,Thematic Rank: 851,,,,,,,,,,,,,,,,,"Originally backed the KS (Aug 2019) but ultimately decided to cancel.  Too many addons that would have made me contemplate spending ~$300. Decided to back Sleeping Gods instead.  Will see how this one shapes up after launch, etc.  Stll think it looks cool.",,
266177,60966211,Tsuro: Phoenix Rising,Tsuro: Phoenix Rising,2019,https://cf.geekdo-images.com/CZYYv2N4L2r_CLVtlsz3Wg__original/img/OeiKXrITX4E0gcbu86u3110wkbs=/0x0/filters:format(png)/pic4434739.png,https://cf.geekdo-images.com/CZYYv2N4L2r_CLVtlsz3Wg__small/img/EWrbTkizwJ322a_5zviiLrRcf6M=/fit-in/200x150/filters:strip_icc()/pic4434739.png,,2,8,20,50,50,,2.3333,2672,"2,3,4,5,6","3,4",,No necessary in-game text,0,0,0,0,4,0,0,0,0,,2023-04-04 13:12:05,0,0,6.32908,5.65637,633,1.51913,7338,Family Game Rank: 2039,,,,,,,,,,,,,,,,,Origins / Gencon 2019,,
270168,60978393,Tuki,Tuki,2019,https://cf.geekdo-images.com/0EyVVg8yGWbjolg56MD1tQ__original/img/-jWTqUMe7cSVvgjWUBPMkU8joXo=/0x0/filters:format(jpeg)/pic4531003.jpg,https://cf.geekdo-images.com/0EyVVg8yGWbjolg56MD1tQ__small/img/unujmS4rVrZ2a4IyyuciQKdX2es=/fit-in/200x150/filters:strip_icc()/pic4531003.jpg,,2,4,30,45,45,,1.1,2140,"1,2,3","2,3",8+,No necessary in-game text,0,0,0,0,1,0,0,0,1,,2024-07-14 16:38:54,4,7,6.8236,5.88558,1068,1.27714,3993,Family Game Rank: 1241,Cardhaus,2019-08-06,2024-06-19,27.49,USD,25,USD,Sold to Dustin Robb (SleepyHead85) via Geekmarket for $25 on 2024-06-19,,,,,,,,,"Origins / Gencon 2019 - FOR SALE
Dexterity Building Tetris like structures",,Sold to Dustin Robb (SleepyHead85) via Geekmarket for $25 on 2024-06-19
279198,73824269,Tungaru,Tungaru,2020,https://cf.geekdo-images.com/0VRzgxAjPZVrFGN_0OfxSg__original/img/hGk4TVGIJaEK-fXFMaEXKsiW1Xw=/0x0/filters:format(jpeg)/pic6165704.jpg,https://cf.geekdo-images.com/0VRzgxAjPZVrFGN_0OfxSg__small/img/hFkLQhqFtLNVDnJs2HrysyK0_CA=/fit-in/200x150/filters:strip_icc()/pic6165704.jpg,,2,5,45,90,90,,3.0263,1716,"2,3,4,5",3,12+,No necessary in-game text,1,0,0,0,3,0,0,1,0,,2026-05-31 20:14:13,1,7,6.91881,5.77726,585,1.33496,5073,Strategy Game Rank: 1975,Cardhaus,2023-08-19,2025-07-08,32,USD,,,Geekmarket,"Like New, only played once",,,,,,,,Same designers as Valpo,,"[5-Exiting]
Added to Sea Salt and paper Preorder
$15 Geekmarket 2025-07-08"
383,84340281,Turf Horse Racing,Turf Horse Racing,1995,https://cf.geekdo-images.com/jddKraLJ0h40DvSTaoH_EA__original/img/JOTiszG-QpkdHn2oQOVp3p309ew=/0x0/filters:format(jpeg)/pic5238648.jpg,https://cf.geekdo-images.com/jddKraLJ0h40DvSTaoH_EA__small/img/PEumwMq9RlP3h6I-yvggJfJzBFM=/fit-in/200x150/filters:strip_icc()/pic5238648.jpg,,3,6,60,60,60,,1.8,158,"3,4,5,6","5,6",8+,No necessary in-game text,0,0,0,0,3,0,0,0,0,,2023-02-25 22:47:47,0,0,6.46424,5.54692,118,1.32242,13695,Family Game Rank: 2711,,,,,,,,,,,,,,,,,,,
384,62897291,TurfMaster,TurfMaster,1998,https://cf.geekdo-images.com/CFHt1QjC5wrqgUbGkALSlg__original/img/LQExn-kA3uxS6ujqHolG0z5nVpo=/0x0/filters:format(jpeg)/pic289677.jpg,https://cf.geekdo-images.com/CFHt1QjC5wrqgUbGkALSlg__small/img/4KxqJ6A8IyNwpIDl87lohBYwf_U=/fit-in/200x150/filters:strip_icc()/pic289677.jpg,,2,8,75,75,75,,1.94,964,"3,4,5,6,7,8","6,7,8",10+,No necessary in-game text,0,0,0,0,3,0,0,0,0,,2023-02-25 22:47:51,0,0,7.24899,6.03058,1073,1.50898,3022,Thematic Rank: 552; Family Game Rank: 918,,,,,,,,,,,,,,,,,,,
356123,96358931,Turing Machine,Turing Machine,2022,https://cf.geekdo-images.com/un5yundwtC6q1U9gWTY8Yw__original/img/wFqPVYmL1i9rc426afzYana7ZnE=/0x0/filters:format(png)/pic6883492.png,https://cf.geekdo-images.com/un5yundwtC6q1U9gWTY8Yw__small/img/I4QR01ZS6TTIHgW3UpdOYvePRxQ=/fit-in/200x150/filters:strip_icc()/pic6883492.png,,1,4,20,20,20,,2.5385,19749,"1,2,3,4",1,12+,Some necessary text - easily memorized or small crib sheet,1,0,0,0,2,0,0,0,0,,2026-05-31 21:34:10,6,8,7.60493,7.1799,10563,1.40783,321,Strategy Game Rank: 236,Preordered from both MM and Cardhaus,2022-09-06,,39.99,USD,,,,,,,,,,,,,Awesome code deduction game that uses an analog computer based on punchcards.  Great daily brain exercise!,[2-Resident]
257614,60879716,Tussie Mussie,Tussie Mussie,2019,https://cf.geekdo-images.com/bOTxzLrmwptfbAre3JnS3w__original/img/jLs695KU9eJ9iZHiILRMty52Upk=/0x0/filters:format(png)/pic5456717.png,https://cf.geekdo-images.com/bOTxzLrmwptfbAre3JnS3w__small/img/IrDl-OdPhX04kz6oNGcl-FzRivw=/fit-in/200x150/filters:strip_icc()/pic5456717.png,,2,4,20,30,30,,1.1507,12564,"1,2,3,4",2,8+,Moderate in-game text - needs crib sheet or paste ups,1,0,0,0,3,0,0,0,0,1,2026-05-31 21:34:29,3,8,6.89311,6.44549,5264,1.22518,1458,Family Game Rank: 436,KS,2019-10-04,,13,USD,,,Lakehouse,,,,,,,,,,,[3-Transient]
286667,72649134,Tutankhamun,Tutankhamun,2021,https://cf.geekdo-images.com/Bm6aTvIb_HyesB5ZuBAwyQ__original/img/myuEkJg3vgGzobsRcxB6RDcZ5as=/0x0/filters:format(png)/pic6336986.png,https://cf.geekdo-images.com/Bm6aTvIb_HyesB5ZuBAwyQ__small/img/visi_JITDt6I_wirOeCSwAc2nDY=/fit-in/200x150/filters:strip_icc()/pic6336986.png,,2,6,30,30,30,,1.6364,1367,"3,4,5,6",4,6+,No necessary in-game text,0,0,0,0,2,0,0,0,1,,2026-05-03 17:09:38,2,7,6.52663,5.68814,546,1.2469,6582,Family Game Rank: 1844,KS,2020-08-02,2026-05-03,49,USD,15,USD,Sold - Indy Spiel,Pharoah’s edition with deluxe wooden components and mini expansions,,,,25th Century Games,English,2021,English deluxe edition,"Reiner Knizia
Looks like a cool reprint",,"Sold Indy Spiel Damon Barnum ($15)

Pharoah’s edition
Deluxe Wooden stuff
Mini Expansions
Does not include playmat, but don;t really want it"
269210,60978827,Twice as Clever!,Twice as Clever!,2019,https://cf.geekdo-images.com/5F4jkBIAbtkLJXOtvBjh3g__original/img/wnrJkPHJDbaT5nDbpjCxGIN5ZZE=/0x0/filters:format(jpeg)/pic8014068.jpg,https://cf.geekdo-images.com/5F4jkBIAbtkLJXOtvBjh3g__small/img/1wKiUIxUBZpJaDRiRwHPCUrGZdk=/fit-in/200x150/filters:strip_icc()/pic8014068.jpg,,1,4,30,30,30,,2.2718,19639,"1,2,3,4",2,10+,No necessary in-game text,1,0,0,0,4,0,0,0,0,1,2026-05-31 21:34:46,4,6,7.41307,7.03183,10234,1.16763,466,Family Game Rank: 99,Cardhaus,2020-04-06,,13.49,USD,,,,,,,,,,,,,,[3-Transient]
233078,77004344,Twilight Imperium: Fourth Edition,Twilight Imperium: Fourth Edition,2017,https://cf.geekdo-images.com/_Ppn5lssO5OaildSE-FgFA__original/img/kVpZ0Maa_LeQGWxOqsYKP3N4KUY=/0x0/filters:format(jpeg)/pic3727516.jpg,https://cf.geekdo-images.com/_Ppn5lssO5OaildSE-FgFA__small/img/lfEukJE0JsoZZObaF9K9YnFp62E=/fit-in/200x150/filters:strip_icc()/pic3727516.jpg,,3,6,240,480,480,,4.3534,33840,"3,4,5,6",6,14+,Extensive use of text - massive conversion needed to be playable,0,0,0,0,3,0,0,0,0,,2020-12-22 00:58:57,1,8,8.56293,8.21847,28431,1.64853,7,Thematic Rank: 4; Strategy Game Rank: 6,,,,,,,,,,,,,,,,,,,
361545,96092463,Twilight Inscription,Twilight Inscription,2022,https://cf.geekdo-images.com/g36va6ofPCzNZXF-9GEpCg__original/img/W-Goi5-dQP19Nj-MXa8xdEtpnVs=/0x0/filters:format(png)/pic7132023.png,https://cf.geekdo-images.com/g36va6ofPCzNZXF-9GEpCg__small/img/F8SHn9giBPmooUkmJDz9kXAamS0=/fit-in/200x150/filters:strip_icc()/pic7132023.png,,1,8,90,120,120,,3.2155,11861,"1,2,3,4,5,6","3,4",12+,Moderate in-game text - needs crib sheet or paste ups,1,0,0,0,3,0,0,0,0,,2026-05-31 21:34:54,2,8,7.4041,6.77761,5222,1.35935,787,Strategy Game Rank: 483,Cardhaus Preorder,2022-08-09,,45.99,USD,,,,,,,,,,,,TI Roll n write,,[2-Resident]
12333,43085304,Twilight Struggle,Twilight Struggle,2005,https://cf.geekdo-images.com/pNCiUUphnoeWOYfsWq0kng__original/img/Iae47UtAd_RXVd5tJ3YzbDHOv4E=/0x0/filters:format(jpeg)/pic3530661.jpg,https://cf.geekdo-images.com/pNCiUUphnoeWOYfsWq0kng__small/img/p7alNkNy8Avm8UISmhYHCiMz5bE=/fit-in/200x150/filters:strip_icc()/pic3530661.jpg,,2,2,120,180,180,,3.6153,73613,2,2,14+,Extensive use of text - massive conversion needed to be playable,1,0,0,0,2,0,0,0,0,,2026-05-31 21:35:06,1,9,8.22909,8.04026,52086,1.57504,14,War Game Rank: 2; Strategy Game Rank: 17,Miniature Market,2017-06-09,,30,USD,,,Office,,,,,,,,,,,[1-Permanent]
31999,53158401,TZAAR,TZAAR,2007,https://cf.geekdo-images.com/83RmBw8qTkDJo7qC-YY8og__original/img/b5t4-4APxLqV0PeOSa6FGib-OL8=/0x0/filters:format(jpeg)/pic3607816.jpg,https://cf.geekdo-images.com/83RmBw8qTkDJo7qC-YY8og__small/img/E1zUB2Jka041LV1zypcMCZAh6eU=/fit-in/200x150/filters:strip_icc()/pic3607816.jpg,,2,2,30,60,60,,2.4805,6481,2,2,8+,No necessary in-game text,1,0,0,0,1,0,0,0,0,,2026-05-31 16:24:09,4,9,7.66329,6.8742,4161,1.31443,649,Abstract Game Rank: 5,Christmas Gift,2018-12-25,,28,USD,,,,,,,,,,,,,,"[1-Permanent]
PP Estimate"
126163,110485046,Tzolk'in: The Mayan Calendar,Tzolk'in: The Mayan Calendar,2012,https://cf.geekdo-images.com/kXf7mDyDYuHg6oe8yTUIEA__original/img/f6-Au0KTnNR4nugSu2U-wPNbZCU=/0x0/filters:format(jpeg)/pic4604439.jpg,https://cf.geekdo-images.com/kXf7mDyDYuHg6oe8yTUIEA__small/img/or9mAn4ClljY_wO_zvsLJDqs9tU=/fit-in/200x150/filters:strip_icc()/pic4604439.jpg,,2,4,90,90,90,,3.6648,50511,"2,3,4",4,12+,No necessary in-game text,0,0,0,0,1,0,0,0,0,,2024-01-13 13:42:13,0,0,7.84553,7.68232,42507,1.26971,74,Strategy Game Rank: 66,,,,,,,,,,,,,,,,,,,
343433,121448385,Tír na nÓg,Tír na nÓg,2024,https://cf.geekdo-images.com/v-0Obti5dihfZUTJvsoRLw__original/img/ikExzdcz6CviYlpGDDTskOSqZoA=/0x0/filters:format(png)/pic8402314.png,https://cf.geekdo-images.com/v-0Obti5dihfZUTJvsoRLw__small/img/ZDyDoBVOjjjlPYtL11zAu1Ws1tw=/fit-in/200x150/filters:strip_icc()/pic8402314.png,,1,5,30,45,45,,2.2,1996,"1,2,3,4,5","1,3",8+,Moderate in-game text - needs crib sheet or paste ups,1,0,0,0,2,1,0,0,0,,2026-05-31 21:31:03,2,7,7.34848,6.05508,1028,1.14527,2895,,Miniature Market,2024-07-24,2024-07-27,28,USD,,,,,,,,,,,,GenCon 2024 Gameplay sounds really fun,,"[2-Resident]
GenCon 2024 Pre-Purchase"
428544,133766218,Tír na nÓg: Blessings & Burdens,Tír na nÓg: Blessings & Burdens,2025,https://cf.geekdo-images.com/yNkr4dUrweE3BPq59lIlOw__original/img/XnRGFAtwp4d1EMXH_TK5g7h5Mew=/0x0/filters:format(png)/pic8757338.png,https://cf.geekdo-images.com/yNkr4dUrweE3BPq59lIlOw__small/img/MEFsvcqEjk4Pm85nb0SmEv8NgpE=/fit-in/200x150/filters:strip_icc()/pic8757338.png,,1,5,20,45,45,,0,556,,,,,1,0,0,0,3,0,0,0,0,,2025-12-24 13:30:26,0,0,8.25769,0,26,1.03336,0,,KS,2024-08-20,2025-12-24,19,USD,,,,,,,,,,,,,,Blessings & Burdens plus Journey to Tir na Nog game
46396,80177742,Ubongo 3D,Ubongo 3D,2009,https://cf.geekdo-images.com/WDzyiNLC4jxbxVLvovGp8w__original/img/p4_7s9oSB64a7nZe05RSR6KDi8k=/0x0/filters:format(jpeg)/pic6220818.jpg,https://cf.geekdo-images.com/WDzyiNLC4jxbxVLvovGp8w__small/img/o4vHm08llai9hSCmGhj_Ui2Z_So=/fit-in/200x150/filters:strip_icc()/pic6220818.jpg,,2,4,30,30,30,,1.9118,3182,"1,2,3,4",4,8+,No necessary in-game text,0,0,0,0,3,0,0,0,0,,2023-04-04 13:12:11,0,0,7.05603,6.23785,2199,1.42016,2091,Family Game Rank: 600,,,,,,,,,,,,,,,,,,,
41291,61466244,Ubongo Extreme: Fun-Size Edition,Ubongo Extreme: Fun-Size Edition,2009,https://cf.geekdo-images.com/UiCui-9_VXBPIhB9Tfx4nQ__original/img/kQe3810u_GIyy1NVIxBpzvWceyQ=/0x0/filters:format(jpeg)/pic4597117.jpg,https://cf.geekdo-images.com/UiCui-9_VXBPIhB9Tfx4nQ__small/img/X4oB23NrimSTTq5XtikTZ2PdfwU=/fit-in/200x150/filters:strip_icc()/pic4597117.jpg,,1,4,15,30,30,,1.5,1073,"2,3,4","3,4",8+,No necessary in-game text,1,0,0,0,4,0,0,0,0,,2026-05-31 21:36:03,5,7,6.20292,5.60561,428,1.26574,9157,Abstract Game Rank: 398; Family Game Rank: 2313,GenCon,2019-08-02,,12,USD,,,,,,,,,,,,"2019 GenCon FOR SALE
GB Game.  Try it in BGG Hot Games Rooms",,"[1-Permanent]
"
402125,120081194,Umbrella,Umbrella,2024,https://cf.geekdo-images.com/uEnZ06kIFGPMx0oeMIrEFQ__original/img/LmE9iNGS0ZajzVs6E6VgWUhbhCY=/0x0/filters:format(png)/pic7975800.png,https://cf.geekdo-images.com/uEnZ06kIFGPMx0oeMIrEFQ__small/img/DW-xT5zWVDQbPzzLd-pAf0YhyOA=/fit-in/200x150/filters:strip_icc()/pic7975800.png,,1,4,30,30,30,,1.6,800,"2,3,4",3,8+,No necessary in-game text,0,0,0,0,3,0,0,0,0,,2024-07-05 22:33:34,0,0,6.41865,5.65512,517,1.32583,7371,,,,,,,,,,,,,,,,,,2024 GenCon - looks like a simple filler game that has a Bejeweled feel to it,,
329500,80532598,Unconscious Mind,Unconscious Mind,2024,https://cf.geekdo-images.com/ufkAbhulnKJ7uDpi09TXOQ__original/img/hhBc0bcNj9U3t-4trByrjrO8-ro=/0x0/filters:format(jpeg)/pic7127448.jpg,https://cf.geekdo-images.com/ufkAbhulnKJ7uDpi09TXOQ__small/img/XBP7p0D1bkzDXkoOuXSiavW26Ig=/fit-in/200x150/filters:strip_icc()/pic7127448.jpg,,1,4,60,120,120,,4.0176,14530,"1,2,3","2,3",14+,No necessary in-game text,0,0,0,0,3,0,0,0,1,,2026-05-03 17:10:42,1,9,7.88107,7.19095,6645,1.39672,309,Strategy Game Rank: 193,Gamefound Late Pledge,2023-02-27,2026-05-15,136,USD,75,USD,Sold  - Indy Spiel,,,,,,,,,Lots of good people involved here,,"Sold Indy Spiel May 2026
Patrick and Julia Olmstead ($75)

All In ID Level

Includes Playmat"
424443,124394618,Unconscious Mind: Free Association,Unconscious Mind: Free Association,2024,https://cf.geekdo-images.com/5TnLMfpxFR3JR7Z1gmWZsA__original/img/p1dHyn0u8zz4DZ36hFPxD-teVw4=/0x0/filters:format(png)/pic8296029.png,https://cf.geekdo-images.com/5TnLMfpxFR3JR7Z1gmWZsA__small/img/HqzLNuKHzHHyA4OuA5DTXwycSZU=/fit-in/200x150/filters:strip_icc()/pic8296029.png,,1,4,60,120,120,,3.3333,2931,"1,2,3",2,14+,,1,0,0,0,3,0,0,0,0,,2024-10-15 18:38:28,0,0,8.04291,5.69056,203,1.38896,0,,,,2024-10-15,,,,,,,,,,,,,,,,
379330,124394621,Unconscious Mind: Nightmares,Unconscious Mind: Nightmares,2024,https://cf.geekdo-images.com/InbhWpR2poX7RFs2izOpTg__original/img/fkJect1WImjA70P2rj_kcU2iVZ4=/0x0/filters:format(png)/pic8014729.png,https://cf.geekdo-images.com/InbhWpR2poX7RFs2izOpTg__small/img/4aV72wYgCV6FQ4k_iozQe0IJZl4=/fit-in/200x150/filters:strip_icc()/pic8014729.png,,1,4,0,0,0,,4.1111,4839,"2,3",2,14+,,1,0,0,0,3,0,0,0,0,,2024-10-15 18:38:46,0,0,8.15628,5.85551,384,1.25147,0,,,,2024-10-15,,,,,,,,,,,,,,,,
268864,61845026,Undaunted: Normandy,Undaunted: Normandy,2019,https://cf.geekdo-images.com/iCd6hMGDzsQ_UXh00iKsJA__original/img/QhbQ2AMud-_H0fliiSIvc0dowOU=/0x0/filters:format(jpeg)/pic4602347.jpg,https://cf.geekdo-images.com/iCd6hMGDzsQ_UXh00iKsJA__small/img/QbOlBm7DZGP2ZBnGZ-YaD-py-UQ=/fit-in/200x150/filters:strip_icc()/pic4602347.jpg,,2,2,45,60,60,,2.2693,26747,2,2,12+,Some necessary text - easily memorized or small crib sheet,0,0,0,0,2,0,0,0,1,,2026-04-26 20:26:41,1,8,7.76459,7.39069,14260,1.23363,182,War Game Rank: 31,GenCon,2019-08-01,2026-05-15,38,USD,15,USD,Sold - Indy Spiel,,,,,,,,,"2019 Gen Con - FOR SALE
Bub game",,"PP Estimate
Sold Indy Spiel 2026 $15 Sheamus Parkes"
290359,72446997,Undaunted: North Africa,Undaunted: North Africa,2020,https://cf.geekdo-images.com/Zp0x_lURkRrHcLyyYv2aSw__original/img/xk-EPbXMZ8ut9LAMobKNsro6cSw=/0x0/filters:format(jpeg)/pic5536142.jpg,https://cf.geekdo-images.com/Zp0x_lURkRrHcLyyYv2aSw__small/img/d9luLahO6n0itCfqpjpLexz24OE=/fit-in/200x150/filters:strip_icc()/pic5536142.jpg,,2,2,45,60,60,,2.3333,13933,2,2,10+,Some necessary text - easily memorized or small crib sheet,0,0,0,0,3,0,0,0,0,,2023-02-25 22:52:19,0,0,7.7511,6.94136,4622,1.27647,568,War Game Rank: 52,,,,,,,,,,,,,,,,,,,
306735,77526108,Under Falling Skies,Under Falling Skies,2020,https://cf.geekdo-images.com/ecO5eAd3RkctQ0-Tbqv37Q__original/img/eVUBGX1Hjp91YAlj3XJtRQ3y444=/0x0/filters:format(jpeg)/pic5428723.jpg,https://cf.geekdo-images.com/ecO5eAd3RkctQ0-Tbqv37Q__small/img/uxrJLWxvi-f8CGbDpxQBStzvGes=/fit-in/200x150/filters:strip_icc()/pic5428723.jpg,,1,1,20,40,40,,2.3914,30375,1,1,10+,Moderate in-game text - needs crib sheet or paste ups,0,0,0,0,3,0,0,0,1,,2024-06-17 21:05:29,1,7,7.59759,7.25246,13979,1.17891,264,Strategy Game Rank: 199,Christmas Gift,2020-12-25,2024-06-17,24,USD,15,USD,Sold to soysauce_stunts via Geekmarket on 2024-06-17 for $15,,,,,,,,,,,"Sold to soysauce_stunts via Geekmarket on 2024-06-17 for $15
PP Estimate"
217085,43565523,Unearth,Unearth,2017,https://cf.geekdo-images.com/0olGvNCDk-VmFW2LDOnI_Q__original/img/sugvsPhhLdQrUxD5SH970FN-Fuc=/0x0/filters:format(jpeg)/pic3579391.jpg,https://cf.geekdo-images.com/0olGvNCDk-VmFW2LDOnI_Q__small/img/3J2ogaftEzBzwUO3kyJ7DXH-3HE=/fit-in/200x150/filters:strip_icc()/pic3579391.jpg,,2,4,30,60,60,,1.935,10541,"2,3,4",3,8+,Some necessary text - easily memorized or small crib sheet,1,0,0,0,4,0,0,0,0,,2026-05-31 21:36:13,5,9,6.81052,6.36218,5496,1.32844,1682,Family Game Rank: 549,Gen Con,2017-08-18,,30,USD,,,,,,,,,,,,Gen Con 2017,Easy to learn with good strategy and tactics. Oh yeah and the luck of the die!,"[1-Permanent]
PP Estimate"
276821,60954046,Unearth: The Lost Tribe,Unearth: The Lost Tribe,2019,https://cf.geekdo-images.com/8ez4keVHQ2CnmLgbELc_WA__original/img/n_rLpfrxCHa5JQIVvDuNRkCFajg=/0x0/filters:format(png)/pic4732335.png,https://cf.geekdo-images.com/8ez4keVHQ2CnmLgbELc_WA__small/img/lwD91bbaJbW9g2OvGDfNcOwcqzc=/fit-in/200x150/filters:strip_icc()/pic4732335.png,,1,5,30,60,60,,2.2857,1897,"1,2,3,4,5",4,8,Some necessary text - easily memorized or small crib sheet,1,0,0,0,1,0,0,0,0,,2023-03-20 20:16:26,0,0,7.45607,5.74466,371,1.20056,0,,GenCon,2019-08-01,,18,USD,,,,,,,,,,,,Origins DEMO / Genon 2019 - FOR SALE (July 10 Release),,"In Base Game

PP Estimate"
2223,21292726,UNO,UNO,1971,https://cf.geekdo-images.com/-DHiHBBSnvaLu0Do8CIykQ__original/img/fRfoyWezpQsumExNKVxf1cwtJfg=/0x0/filters:format(jpeg)/pic8204165.jpg,https://cf.geekdo-images.com/-DHiHBBSnvaLu0Do8CIykQ__small/img/AUkAjClJAk3BX1vEpk7EasSh_44=/fit-in/200x150/filters:strip_icc()/pic8204165.jpg,,2,10,30,30,30,,1.1001,73792,"3,4,5,6,7,8","4,5,6",5+,No necessary in-game text,1,0,0,0,1,0,0,0,0,,2026-05-31 21:36:30,1,9,5.48145,5.35257,33945,1.6884,30548,Family Game Rank: 3569,,,,,,,,,,,,,,,,,,,[1-Permanent]
2818,57267447,UNO Attack!,UNO Attack!,1999,https://cf.geekdo-images.com/DzN1JWNbrIEn7V9Wx20ooA__original/img/J_k3VjUIjk5GrHB0597VdJk-9iY=/0x0/filters:format(jpeg)/pic894192.jpg,https://cf.geekdo-images.com/DzN1JWNbrIEn7V9Wx20ooA__small/img/BRHi4YbZCDnMVl_TmkPcP6PIh8E=/fit-in/200x150/filters:strip_icc()/pic894192.jpg,,2,10,30,30,30,,1.2105,4517,"3,4,5,6,7,8","4,5",6+,No necessary in-game text,0,0,0,0,3,0,0,0,1,,2024-09-29 19:15:32,2,5,5.52659,5.45725,1929,1.71448,29994,Family Game Rank: 3504,,,2024-09-29,,,,,Gianna & Mikey,,,,,,,,,,,
18291,135316115,Unpublished Prototype,Unpublished Prototype,0,https://cf.geekdo-images.com/hSJ5e5rrA3xar3I5QAvQWw__original/img/jG057MQdmfv1pKmSA8HnH2yKXX4=/0x0/filters:format(jpeg)/pic116113.jpg,https://cf.geekdo-images.com/hSJ5e5rrA3xar3I5QAvQWw__small/img/WW_zVT4tzUpo72P2sN3LvpoDEE8=/fit-in/200x150/filters:strip_icc()/pic116113.jpg,,0,0,0,0,0,,2.5949,2362,,,8+,Unplayable in another language,0,0,0,0,3,0,0,0,0,,2025-08-12 19:29:37,6,7,6.71655,5.86986,1343,2.56798,4124,War Game Rank: 978; Customizable Rank: 139,,,,,,,,,,,,,,,,,,,
178570,36095537,Unusual Suspects,Unusual Suspects,2016,https://cf.geekdo-images.com/GSV9m1Yhm7dGGp9BfkUONw__original/img/hhrhSPvohXSd-M1viPx8kZ7ntAQ=/0x0/filters:format(jpeg)/pic3090549.jpg,https://cf.geekdo-images.com/GSV9m1Yhm7dGGp9BfkUONw__small/img/HIwRv_RZVvn6CkIE3Kd43JdQPjY=/fit-in/200x150/filters:strip_icc()/pic3090549.jpg,,3,16,20,20,20,,1.0886,4489,"2,3,4,5,6,7,8","4,5,6",10+,Moderate in-game text - needs crib sheet or paste ups,0,0,0,0,3,0,0,0,1,,2024-07-14 20:20:15,0,6,6.38634,5.98903,3084,1.5134,3251,Party Game Rank: 225,Gen Con,,,20,USD,30,USD,Sold,Very good.  Only played a couple times,,,,Cool Mini Or Not; Cranio Creations,English,2016,English second edition,Listed on BGG Geekmarket for $30 on July 30 2023.,,Sold via BGG Marketplace (tonysix00) for $30 on 6 Aug 2023
428058,132899324,Up or Down?,Up or Down?,2024,https://cf.geekdo-images.com/mDFmyVgBDbBISW60o5-u6A__original/img/yVJShSwlJPaAYCMWZwolAU_Gzog=/0x0/filters:format(png)/pic8794193.png,https://cf.geekdo-images.com/mDFmyVgBDbBISW60o5-u6A__small/img/Izz6ZCTW_qEPqlx6gJ5gNku0PEA=/fit-in/200x150/filters:strip_icc()/pic8794193.png,,2,6,30,30,30,,1.4333,1897,"2,3,4",2,8+,No necessary in-game text,1,0,0,0,3,0,0,0,0,,2026-05-31 21:37:32,4,7,6.7279,5.95437,1379,1.20053,3468,Family Game Rank: 1077,GenCon,2025-07-31,2025-07-31,17,USD,,,,,,,,,,,,"GenCon 2025
6 Player Card Game",,[3-Transient]
361241,106908632,Vaalbara,Vaalbara,2022,https://cf.geekdo-images.com/gj5MfNZhfF9ucAiA2GcKQg__original/img/4P6GhY5-90zoD9OZ71Q9Qtuj5fI=/0x0/filters:format(jpeg)/pic7561038.jpg,https://cf.geekdo-images.com/gj5MfNZhfF9ucAiA2GcKQg__small/img/NZz-JM9qrnCpYtLzuCk170Mxuc8=/fit-in/200x150/filters:strip_icc()/pic7561038.jpg,,2,5,20,20,20,,1.7123,4458,"2,3,4,5",4,10+,Moderate in-game text - needs crib sheet or paste ups,1,0,0,0,3,0,0,0,0,,2026-05-31 21:37:44,6,9,7.15931,6.39069,2876,1.10462,1617,Family Game Rank: 439,Hachette USA,2023-06-15,,20,USD,,,,,,,,,,,,Description sounds very interesting and fun,,[3-Transient]
237211,55769988,Valhalla,Valhalla,2018,https://cf.geekdo-images.com/3CGgrR3sPj17KPJ7bAdvCA__original/img/0x2BJcjOeKLQr17kWPDD9ocRQt4=/0x0/filters:format(jpeg)/pic7870972.jpg,https://cf.geekdo-images.com/3CGgrR3sPj17KPJ7bAdvCA__small/img/dKKlcnujEuGqLcspRMdbaA6Ckzo=/fit-in/200x150/filters:strip_icc()/pic7870972.jpg,,1,6,30,60,60,,2.1273,2505,"1,2,3,4,5,6","3,4",8+,Some necessary text - easily memorized or small crib sheet,1,0,0,0,2,0,0,0,0,,2026-05-31 20:05:44,2,9,7.10443,5.99205,1566,1.6957,3223,Strategy Game Rank: 1550,KS ,2018-11-18,,110,USD,,,,,,,,,,,,Kickstarter,,"[2-Resident]
All in box incl Warriors of Asgard and Riders of War"
274466,59608509,Valley of the Kings: Premium Edition,Valley of the Kings: Premium Edition,2019,https://cf.geekdo-images.com/D3vm7HQyBCrR4rJQe_iMfg__original/img/3VLIK6d9zQ_VYiZXS0jeoJBKYME=/0x0/filters:format(png)/pic4609502.png,https://cf.geekdo-images.com/D3vm7HQyBCrR4rJQe_iMfg__small/img/CCtp5ZMAQqj5MFKFeTVXbxyTbn8=/fit-in/200x150/filters:strip_icc()/pic4609502.png,,1,6,45,60,60,,2.3611,3080,"1,2,3,4","2,3",10+,Extensive use of text - massive conversion needed to be playable,0,0,0,0,4,0,0,0,0,,2023-04-04 13:12:15,0,0,7.38721,6.19841,1419,1.28253,0,,,,,,,,,,,,,,,,,,Kickstarter (KS seems over priced at $50),,
257058,66502677,Valparaíso,Valparaíso,2018,https://cf.geekdo-images.com/QOFP7ALPuvszFQ1S62WY-Q__original/img/qXppz3o-mTpjIr4Pfg_syY37dHk=/0x0/filters:format(jpeg)/pic4731236.jpg,https://cf.geekdo-images.com/QOFP7ALPuvszFQ1S62WY-Q__small/img/rZMek1s1ogx590qZprLVCOZBkgM=/fit-in/200x150/filters:strip_icc()/pic4731236.jpg,,2,5,45,90,90,,2.814,1912,"2,3,4,5","4,5",10+,No necessary in-game text,1,0,0,0,2,0,0,0,0,1,2026-05-31 21:37:53,3,8,6.86429,5.90793,1016,1.14799,3811,Strategy Game Rank: 1638,Cardhaus,2020-03-08,,40,USD,,,,,,,,,,,,,,[2-Resident]
420033,128050937,Vantage,Vantage,2025,https://cf.geekdo-images.com/M0e9l-SHH2H4RMSAcnsDgg__original/img/nT1NtVviWxSBgVv5lvM4RmemITs=/0x0/filters:format(jpeg)/pic8658546.jpg,https://cf.geekdo-images.com/M0e9l-SHH2H4RMSAcnsDgg__small/img/TL_OB6SKLJpCM1u1MD4ddEAp9ic=/fit-in/200x150/filters:strip_icc()/pic8658546.jpg,,1,6,120,180,180,,2.3346,13476,"1,2,3","1,2",8+,Extensive use of text - massive conversion needed to be playable,0,0,0,0,3,0,0,0,0,,2025-05-27 20:22:59,0,0,8.22315,7.35022,6558,1.64249,213,Thematic Rank: 46,,,,,,,,,,,,,,,,,"Cooperative… no

Stonemaier
6 Player
Need to check it out when more info is available",,
15364,122927907,Vegas Showdown,Vegas Showdown,2005,https://cf.geekdo-images.com/QVAqFbBNxgvXPUKgIXhKUg__original/img/3PFkCGeEb6AAbQKeBBUvzxYXxek=/0x0/filters:format(jpeg)/pic8325263.jpg,https://cf.geekdo-images.com/QVAqFbBNxgvXPUKgIXhKUg__small/img/K6RCLGoGRoqhvLaYy3eSMCgNyik=/fit-in/200x150/filters:strip_icc()/pic8325263.jpg,,3,5,75,75,75,,2.3613,8008,"3,4,5",5,10+,Moderate in-game text - needs crib sheet or paste ups,1,0,0,0,3,1,0,0,0,,2026-05-31 21:38:25,1,7,7.13386,6.68998,6541,1.19159,936,Strategy Game Rank: 574,Indy Spiel Flea Market,2024-09-27,2024-09-28,5,USD,,,,,,,,,,,,,,[3-Transient]
428638,134072423,Vegas Strip,Vegas Strip,2025,https://cf.geekdo-images.com/bBhkr53AapZR_gSkt-lf5Q__original/img/XtHUAI6vjWAnEEniPz_4GGLK7OA=/0x0/filters:format(jpeg)/pic8439856.jpg,https://cf.geekdo-images.com/bBhkr53AapZR_gSkt-lf5Q__small/img/E2_eIsJAyhVTVW8OSNzpr4XUodo=/fit-in/200x150/filters:strip_icc()/pic8439856.jpg,,2,6,40,40,40,,2.1818,1558,"3,4,5,6",4,10+,Some necessary text - easily memorized or small crib sheet,1,0,0,0,3,1,0,0,0,,2026-05-31 20:05:49,0,0,6.68006,5.67091,394,1.18793,6983,,GenCon,2025-07-31,2025-07-31,17,USD,,,,,,,,,,,,"GenCon2025
6 Player - bluffing",,[4-Evaluate]
132326,54683790,Venetia,Venetia,2013,https://cf.geekdo-images.com/2FOL2fcnMRS4ahzdfa-h5w__original/img/6uZt6pPNjnpvLk41F8sNWI76EzY=/0x0/filters:format(jpeg)/pic1771177.jpg,https://cf.geekdo-images.com/2FOL2fcnMRS4ahzdfa-h5w__small/img/mu0fy6ynO0OFEOYimjbgtmj5PWI=/fit-in/200x150/filters:strip_icc()/pic1771177.jpg,,2,4,75,90,90,,3.1667,1273,"3,4",4,12+,Moderate in-game text - needs crib sheet or paste ups,0,0,0,0,3,0,0,0,1,,2024-06-23 12:36:07,0,0,6.99835,5.74848,503,1.44445,5461,Strategy Game Rank: 2063,Miniature Market,2018-10-02,2024-06-23,15,USD,10,USD,Sold via BGG Markplace to samwat for $10 2024-06-23,NIS,,,,,,,,Listed $10 OctoCon,,
274861,66656642,Venice,Venice,2021,https://cf.geekdo-images.com/Q3Vv_jPCImE59zDOKEAXXw__original/img/p_ah2ZpeXx9IwTQYZICqLTIG0-k=/0x0/filters:format(jpeg)/pic4674351.jpg,https://cf.geekdo-images.com/Q3Vv_jPCImE59zDOKEAXXw__small/img/RDEbrP8vQij_f-0z2jkTtU3aBGk=/fit-in/200x150/filters:strip_icc()/pic4674351.jpg,,1,5,60,90,90,,3.0625,1950,"1,2,3",3,12+,Some necessary text - easily memorized or small crib sheet,0,0,0,0,3,0,0,0,1,1,2024-07-14 20:17:46,1,6,6.41168,5.69739,681,1.67027,6366,Strategy Game Rank: 2194,KS,2019-12-12,2024-01-14,57,USD,,,Traded,Like New.  Played once.  Kickstarter edition with metal coins,,,,,,,,KS Dec 2019,,"Traded to jiggity with Ragusa for The Colonists and Kinghill 

PM DONE 9 April 2020 (aded metal coins) Includes all Kicktarter exclusives, stretch goals, and a free metal coin.

Language will be selected post-campaign. See language options at the bottom of the Kickstarter page.

INCLUDES:
Venice"
157526,29532910,Viceroy,Viceroy,2014,https://cf.geekdo-images.com/24x3IUxdpizAPxXPOJsypQ__original/img/g18f-g1MS4ZcpElCGQz4W4HfS_U=/0x0/filters:format(jpeg)/pic2254354.jpg,https://cf.geekdo-images.com/24x3IUxdpizAPxXPOJsypQ__small/img/XFKd1GrAgke9M5wwDilZvyGBfDk=/fit-in/200x150/filters:strip_icc()/pic2254354.jpg,,1,4,45,60,60,,2.6398,9998,"2,3,4",3,10+,Moderate in-game text - needs crib sheet or paste ups,0,0,0,0,3,0,0,0,1,,2024-08-07 21:23:07,1,8,6.77863,6.3961,5816,1.2898,1600,Strategy Game Rank: 928,Miniature Market,2016-10-06,2024-07-31,15,USD,,,GenCon 2024 Auction / Store,Like New.  Only played once,,,,,,,,$10 OctoCon,,Gen Con 2024 Store - DID NOT SELL
234432,109245558,Video Game Champion,Video Game Champion,2024,https://cf.geekdo-images.com/5U5YSXwmce9Vyre0iIsIbw__original/img/91rQwm3vFl58n8jN88NOPWmFgQU=/0x0/filters:format(jpeg)/pic8271661.jpg,https://cf.geekdo-images.com/5U5YSXwmce9Vyre0iIsIbw__small/img/yuBmmRYeThc9jJTZd-4YMXhOS-E=/fit-in/200x150/filters:strip_icc()/pic8271661.jpg,,2,5,50,90,90,,2.9375,1463,"2,3,4",3,12+,No necessary in-game text,1,0,0,0,1,0,0,0,0,1,2026-05-31 16:20:31,2,10,7.34934,5.88647,678,1.32252,3986,Strategy Game Rank: 1689; Family Game Rank: 1215,GenCon 2024,2024-08-01,2024-08-01,60,USD,,,,,,,,Arcane Wonders,English,2024,English edition,DT Review. This looks awesome.,,[1-Permanent]
224783,58125588,Vindication,Vindication,2018,https://cf.geekdo-images.com/8kEIlWY3rg27NgmVBZkFyg__original/img/LgCwqEKxO2mpOzXf5_6z_pt6vz0=/0x0/filters:format(jpeg)/pic4101638.jpg,https://cf.geekdo-images.com/8kEIlWY3rg27NgmVBZkFyg__small/img/NYzya2nOQJaZolgQGxKXiBd_O6g=/fit-in/200x150/filters:strip_icc()/pic4101638.jpg,,2,5,45,150,150,,3.0977,11825,"2,3,4,5","3,4",12+,Moderate in-game text - needs crib sheet or paste ups,1,0,0,0,3,1,0,0,0,,2026-05-31 21:38:35,2,8,7.76387,7.20728,8311,1.41126,296,Strategy Game Rank: 192,Kickstarter,2019-02-07,,99,USD,,,,,,,,,,,,KS,"Didn’t particularly care for this game the first time we played.  Re-read some rules and realized we were playing a few rules incorrectly.  Really enjoyed the game second time we played!  Just beware the rulebook still feels confusing to me and with so many expansions, choose wisely what to include.","[2-Resident]
Purchased with Leaders and Alliances expansion via KSp"
286426,115566366,Vindication: Board Game Spotlight Promo Cards,Vindication: Board Game Spotlight Promo Cards,2019,https://cf.geekdo-images.com/sf0kWDSmpSeaYVdO9zY6rw__original/img/GajgvQKUpE7aaNggcqtDm4fCi1A=/0x0/filters:format(jpeg)/pic4894286.jpg,https://cf.geekdo-images.com/sf0kWDSmpSeaYVdO9zY6rw__small/img/0zW0eej9HYpMjmef8ITIn7Na7Ig=/fit-in/200x150/filters:strip_icc()/pic4894286.jpg,,2,5,45,150,150,,3,1553,,,,,1,0,0,0,3,0,0,0,0,,2024-01-26 18:45:23,0,0,7.94631,5.61428,122,1.42565,0,,,,,,,,,,,,,,,,,,,,
279821,115566331,Vindication: Community Promo Pack,Vindication: Community Promo Pack,2019,https://cf.geekdo-images.com/3YJnADn6fdtBeSudaxJfrw__original/img/_jLuVHP7iicg1ppHjHcfLoEJFWo=/0x0/filters:format(jpeg)/pic4892973.jpg,https://cf.geekdo-images.com/3YJnADn6fdtBeSudaxJfrw__small/img/TUFSh4q4E8cEpNqNJKp3enSJTac=/fit-in/200x150/filters:strip_icc()/pic4892973.jpg,,2,5,45,150,150,,3,2876,"2,3,4,5","3,4",14+,,1,0,0,0,3,0,0,0,0,,2024-01-26 18:43:05,0,0,7.81958,5.71073,240,1.35172,0,,,,,,,,,,,,,,,,,,,,
286427,115566289,Vindication: Dice Tower 2019 Promo Cards,Vindication: Dice Tower 2019 Promo Cards,2019,https://cf.geekdo-images.com/e2dUg7YVKav1Y8RTPAeHdg__original/img/Sk7VWj8Wxolb-FuKDXB5gZQAX2I=/0x0/filters:format(jpeg)/pic4894283.jpg,https://cf.geekdo-images.com/e2dUg7YVKav1Y8RTPAeHdg__small/img/wv-GlfNT_L5TbtqwpYkk5zsMJ5I=/fit-in/200x150/filters:strip_icc()/pic4894283.jpg,,2,5,45,150,150,,3,1595,,,,,1,0,0,0,3,0,0,0,0,,2024-01-26 18:40:00,0,0,7.78299,5.6123,127,1.54683,0,,,,,,,,,,,,,,,,,,,,
268819,61664235,Vindication: Leaders & Alliances,Vindication: Leaders & Alliances,2019,https://cf.geekdo-images.com/ZXKe6Zl8LEycRpaMycXsDQ__original/img/gaOBXNyBF-8x9xxTsBZni-GwxtE=/0x0/filters:format(jpeg)/pic4792756.jpg,https://cf.geekdo-images.com/ZXKe6Zl8LEycRpaMycXsDQ__small/img/KhaiU_mKTZRQkWmAWbxUWIvXta4=/fit-in/200x150/filters:strip_icc()/pic4792756.jpg,,1,5,45,150,150,,3.25,5469,"1,2,3",1,12+,Extensive use of text - massive conversion needed to be playable,1,0,0,0,3,0,0,0,0,,2023-01-08 14:02:39,0,0,7.87434,5.98607,623,1.31815,0,,Kickstarter with base game,2019-08-08,,0.0001,USD,,,,,,,,,,,,,,Included with Base Game
440042,137729921,Virtus!,Virtus!,2025,https://cf.geekdo-images.com/ROkRxNMvT8r659zTS-0gNQ__original/img/GB6Y4TjYMgWqTcquaVXPYQWv5Cc=/0x0/filters:format(png)/pic8732855.png,https://cf.geekdo-images.com/ROkRxNMvT8r659zTS-0gNQ__small/img/Bexrw2dV9nKU95PJS-B0ljV5KXw=/fit-in/200x150/filters:strip_icc()/pic8732855.png,,2,7,20,40,40,,1,60,"3,4,5,6,7","3,5",,,0,0,1,0,3,0,0,0,0,,2025-10-24 11:42:39,0,0,6.3,5.4985,32,2.55392,26189,,,,,,,,,,,,,,,,,,"2025 Essen
Set collection 6players+",,
345377,96103008,Virtù,Virtù,2022,https://cf.geekdo-images.com/ZqGfQaTftSc6QOd1jSMp8A__original/img/YMxrjvFqK7TmHlfszY-HBoluCEs=/0x0/filters:format(jpeg)/pic6352574.jpg,https://cf.geekdo-images.com/ZqGfQaTftSc6QOd1jSMp8A__small/img/mUvug7Ti36-2L7kITVapZy8GlKc=/fit-in/200x150/filters:strip_icc()/pic6352574.jpg,,2,5,60,150,150,,3.977,2692,"2,3,4,5",4,14+,No necessary in-game text,0,0,0,0,3,0,0,0,0,,2026-05-31 10:21:01,0,0,7.32375,5.99417,1168,1.61616,3218,Strategy Game Rank: 1455,,,,,,,,,,,,,,,,,"Create a wheel of actions that helps you build a great state in Italy

Not good at 2P",,
183394,70020718,Viticulture Essential Edition,Viticulture Essential Edition,2015,https://cf.geekdo-images.com/l_PRU2lVlX9seScRFcvFlA__original/img/gDL7OZFlzoOFgU0VYlREs8P5hCQ=/0x0/filters:format(jpeg)/pic6500949.jpg,https://cf.geekdo-images.com/l_PRU2lVlX9seScRFcvFlA__small/img/pULDtVd75QZgGfvSMhr6Rs07vK8=/fit-in/200x150/filters:strip_icc()/pic6500949.jpg,,1,6,45,90,90,,2.9034,78027,"1,2,3,4,5","3,4",12+,Moderate in-game text - needs crib sheet or paste ups,1,0,0,0,3,0,0,0,0,1,2026-05-31 21:38:47,3,9,7.95711,7.80529,55278,1.27772,44,Strategy Game Rank: 46,Cardhaus,2020-04-16,2020-04-16,41,USD,,,,,,,,,,,,Love Stonemaier games.  Theme?,,[1-Permanent]
360226,96168423,Viticulture World: Cooperative Expansion,Viticulture World: Cooperative Expansion,2022,https://cf.geekdo-images.com/dPjso_7GLXiW0uO7oe6-xw__original/img/fYDLonzs_sZtMvsrUEtjeMjRDL0=/0x0/filters:format(jpeg)/pic6809375.jpg,https://cf.geekdo-images.com/dPjso_7GLXiW0uO7oe6-xw__small/img/4w-Pex6mZvONuT4tQeyBdeOUCeo=/fit-in/200x150/filters:strip_icc()/pic6809375.jpg,,1,6,60,120,120,,3.2708,9693,"1,2,3,4",2,12+,Moderate in-game text - needs crib sheet or paste ups,0,0,0,0,3,0,0,0,0,,2023-04-04 13:13:28,0,0,7.63027,6.44654,1931,1.5589,0,,,,,,,,,,,,,,,,,,,,
316090,85485496,Vivid Memories,Vivid Memories,2022,https://cf.geekdo-images.com/-KMXyStWyla5jh_BRO803w__original/img/8aU1fwVWDMrBGVBJCq3t8mLLPOA=/0x0/filters:format(png)/pic6074555.png,https://cf.geekdo-images.com/-KMXyStWyla5jh_BRO803w__small/img/3j7TG-J5bxigP1RaTbNnHcHnr6A=/fit-in/200x150/filters:strip_icc()/pic6074555.png,,2,4,30,45,45,,2.9535,2262,"2,3,4",2,12+,No necessary in-game text,1,0,0,0,3,1,0,0,0,,2026-05-31 21:39:00,1,7,6.49006,5.74511,836,1.52446,5517,Abstract Game Rank: 256; Family Game Rank: 1681,Indy Spiel Flea Market -  Andrew Garrison,2025-09-22,2025-10-03,2,USD,,,,,,,,,,,,,,[3-Transient]
420242,123668312,VIVO,VIVO,2024,https://cf.geekdo-images.com/a4fv53JLtFlpo7XjDsItPQ__original/img/CoApWVrOOb8WYv-RzLlIjmtnCtM=/0x0/filters:format(jpeg)/pic8896480.jpg,https://cf.geekdo-images.com/a4fv53JLtFlpo7XjDsItPQ__small/img/urtarfT1n-8LsDXd22wkGLrkc0o=/fit-in/200x150/filters:strip_icc()/pic8896480.jpg,,3,4,20,30,30,,1.3636,1698,"3,4",4,8+,No necessary in-game text,1,0,0,0,3,0,0,0,0,,2026-05-31 21:39:06,3,7,7.16455,5.85014,617,1.13903,4289,Family Game Rank: 1291,GenCon,2025-07-31,2025-07-31,9,,,,,,,,,,,,,"GenCon 2025
Played this with Brian C at Indy Spiel 2024",,[2-Resident]
423987,132914997,VNTYPL8S,VNTYPL8S,2026,https://cf.geekdo-images.com/uBUC4YDeD3U9d2Q8NSqgiQ__original/img/2F5ZhFV1XyrspjuPA4v12fyu5r8=/0x0/filters:format(png)/pic8284500.png,https://cf.geekdo-images.com/uBUC4YDeD3U9d2Q8NSqgiQ__small/img/a4jIand4OXctczBzEZI7RQrXQKs=/fit-in/200x150/filters:strip_icc()/pic8284500.png,,3,8,20,20,20,,1,62,,,,,0,0,0,0,3,0,0,0,0,,2025-08-12 18:57:25,0,0,6.73642,0,21,1.09435,0,,,,,,,,,,,,,,,,,,,,
350736,88424947,Voyages,Voyages,2021,https://cf.geekdo-images.com/wWfxgHVyho1j4OcVRf7B0g__original/img/UzQ_mG6KBd68XNMzvUGSJRKI09o=/0x0/filters:format(png)/pic6665090.png,https://cf.geekdo-images.com/wWfxgHVyho1j4OcVRf7B0g__small/img/_uSSmxK_aSCiRsSjQLt-4GpY9ng=/fit-in/200x150/filters:strip_icc()/pic6665090.png,,1,100,20,30,30,,1.7812,4774,"1,2,3,4,5,6,7,8","1,2,3",10+,No necessary in-game text,1,0,0,0,3,0,0,0,0,1,2026-05-31 21:39:26,12,9,7.37628,6.31753,1938,1.11063,1807,Family Game Rank: 496,KS,2021-12-09,,6,USD,,,Print n Play,,,,,,,,,,"Such a fun game and great concept of selling it as a PnP!

Gets more fun with each new map and is not wearing out its welcome at our table!","[2-Resident]
 KS

https://www.dropbox.com/sh/7a6i9ulpab2czdv/AAB8a7XxDWsBGj02TEcZ8qy6a?dl=0"
351540,136892956,Walkie Talkie,Walkie Talkie,2022,https://cf.geekdo-images.com/3EKIBf583dBeFVMyy5b_Pw__original/img/cZfJQiguMek-1eV1ol62NLuuIGU=/0x0/filters:format(jpeg)/pic6774096.jpg,https://cf.geekdo-images.com/3EKIBf583dBeFVMyy5b_Pw__small/img/cPLzVmLaNAK82DspRQjqYh-oYH0=/fit-in/200x150/filters:strip_icc()/pic6774096.jpg,,2,8,1,4,4,,1.0833,1720,"2,3,4,5,6",4,8+,No necessary in-game text,1,0,0,0,3,0,0,1,0,,2026-05-31 21:39:48,1,5,5.84837,5.55963,631,1.51462,12256,,Indy Spiel - Nate Lockhart,2025-09-29,2025-10-03,,,,,,,,,,,,,,,,"[5-Exiting]
Free from Nate Lockhart"
355483,134842395,Wandering Towers,Wandering Towers,2022,https://cf.geekdo-images.com/602eY-xlgkaL3gtyZ7QVVQ__original/img/0pBr7ImqUOKLPUb12_r0_R0MD1M=/0x0/filters:format(jpeg)/pic7347437.jpg,https://cf.geekdo-images.com/602eY-xlgkaL3gtyZ7QVVQ__small/img/6u9GKTBVH0wRAhhpOi1kn3sSNeo=/fit-in/200x150/filters:strip_icc()/pic7347437.jpg,,1,6,30,30,30,,1.5816,12603,"3,4,5,6","4,5",6+,No necessary in-game text,1,0,0,0,3,0,0,0,0,,2026-05-31 21:40:01,3,8,7.32679,6.82401,6691,1.21351,726,Family Game Rank: 168,GenCon,2025-07-31,2025-07-31,45,USD,,,,,,,,,,,,,,"[1-Permanent]
Includes Expansions and Neoprene playmat"
115746,78417101,War of the Ring: Second Edition,War of the Ring: Second Edition,2011,https://cf.geekdo-images.com/ImPgGag98W6gpV1KV812aA__original/img/38jB7fN07DwlrGKYAf-J0vsNdgs=/0x0/filters:format(jpeg)/pic1215633.jpg,https://cf.geekdo-images.com/ImPgGag98W6gpV1KV812aA__small/img/X-lBBdG4uO6LT0y1vXxCN4jdR4M=/fit-in/200x150/filters:strip_icc()/pic1215633.jpg,,2,4,150,240,240,,4.2256,41607,2,2,14+,Extensive use of text - massive conversion needed to be playable,0,0,0,0,3,0,0,0,0,,2024-01-09 19:22:39,0,0,8.55385,8.19956,25153,1.47922,8,War Game Rank: 1; Thematic Rank: 3,,,,,,,,,,,,,,,,,,,
362944,96226980,War of the Ring: The Card Game,War of the Ring: The Card Game,2022,https://cf.geekdo-images.com/ScrF673pQhrx27WoVdG81g__original/img/z_hysF8luYEnwfloVsSlUK5r0V4=/0x0/filters:format(png)/pic6982333.png,https://cf.geekdo-images.com/ScrF673pQhrx27WoVdG81g__small/img/mmBKUwRhbgVV4CJOFdWSaJiYcTY=/fit-in/200x150/filters:strip_icc()/pic6982333.png,,2,4,90,120,120,,2.9813,11144,"2,4",4,12+,Extensive use of text - massive conversion needed to be playable,0,0,0,0,3,0,0,0,0,,2025-11-07 12:10:14,0,0,7.60193,6.85294,4862,1.4601,687,Thematic Rank: 137; Strategy Game Rank: 409,,,,,,,,,,,,,,,,,,,
306643,100676548,Warsaken,Warsaken,2021,https://cf.geekdo-images.com/qaq6LrHFhVMHhFTM8LjIGA__original/img/j78F6iSgr5XaJ6f4ep720og-iJE=/0x0/filters:format(png)/pic7049915.png,https://cf.geekdo-images.com/qaq6LrHFhVMHhFTM8LjIGA__small/img/pIvGn2xzNb54oYP3YuPn4d5OjfE=/fit-in/200x150/filters:strip_icc()/pic7049915.png,,1,4,10,60,60,,2.4,26,"2,3",2,2–12,,0,0,0,0,3,0,1,0,0,,2026-05-31 10:21:10,0,0,8.02381,0,21,3.0879,0,,,,,,,,,,,,,,,,,,"KS Dec 2022.  Military card game with a TON of cards, but really expensive and a first time creator.  Cool backstory of war gaming with his father in the military.",,
388329,107529572,Waypoints,Waypoints,2023,https://cf.geekdo-images.com/gFm3KK8yK80RcOtDPmlpOQ__original/img/gCiuRU0QJDyiXc3VQTpUFbR4LEo=/0x0/filters:format(jpeg)/pic7510664.jpg,https://cf.geekdo-images.com/gFm3KK8yK80RcOtDPmlpOQ__small/img/fAyShU5YtDCWgwoz4hxqERbKh-U=/fit-in/200x150/filters:strip_icc()/pic7510664.jpg,,1,100,20,40,40,,2.2917,2298,"1,2,3,4,5","1,2",8+,Some necessary text - easily memorized or small crib sheet,1,0,0,0,3,0,0,0,0,,2026-05-31 21:40:15,2,8,7.64022,6.02305,778,1.13646,3062,Thematic Rank: 607; Family Game Rank: 900,KS,2023-06-20,,6,USD,,,Print n Play,,,,,,,,,,,"[2-Resident]
https://www.dropbox.com/sh/n8id331bfwzmxqn/AACoDSue2uXvIsNz-lpayTGCa?dl=0"
237179,84780706,Weather Machine,Weather Machine,2022,https://cf.geekdo-images.com/E8qBDKe39KEFMo-LhTNDQQ__original/img/vDkGNR7MpOCxeuJFKs201FpybRU=/0x0/filters:format(jpeg)/pic6333980.jpg,https://cf.geekdo-images.com/E8qBDKe39KEFMo-LhTNDQQ__small/img/jFQaWbcjoUzxS7p76LsGzg4piQk=/fit-in/200x150/filters:strip_icc()/pic6333980.jpg,,2,4,60,150,150,,4.5617,9152,"1,2,3,4",3,14+,No necessary in-game text,1,0,0,0,2,1,0,0,0,,2026-05-31 21:40:24,1,8,7.68565,6.83618,4158,1.62104,709,Strategy Game Rank: 403,Eagle Gryphon Website,2025-08-29,2025-09-04,143,USD,,,,,,,,,,,,The theme is grabbing me here.  Have always wanted to try a Lacerda game… maybe this will be the one,,"[2-Resident]
Deluxe edition with upgrade pack (metal gears, etc."
369931,135914780,Weather Machine: Upgrade Pack,Weather Machine: Upgrade Pack,2022,https://cf.geekdo-images.com/DbWyV2buscV-o3TtnYciwQ__original/img/GewBFgQWTxRG0Sn6STvnPcYk0p0=/0x0/filters:format(jpeg)/pic7159494.jpg,https://cf.geekdo-images.com/DbWyV2buscV-o3TtnYciwQ__small/img/Q-uPiSonipvx0vAZu4cjMkWCjI0=/fit-in/200x150/filters:strip_icc()/pic7159494.jpg,,1,4,0,0,0,,4.3333,1952,1,1,12+,No necessary in-game text,1,0,0,0,3,0,0,0,0,,2025-09-04 21:16:08,0,0,7.98678,5.65762,171,1.47882,0,,Eagle Gryphon,2025-08-29,2025-09-04,,,,,,,,,,,,,,,,In Base Game box
150312,73883712,Welcome to the Dungeon,Welcome to the Dungeon,2013,https://cf.geekdo-images.com/6eQXDEMIWldaut9w7jXihg__original/img/E_d5wpS2jEaH7mdO6humOGULycA=/0x0/filters:format(jpeg)/pic6771265.jpg,https://cf.geekdo-images.com/6eQXDEMIWldaut9w7jXihg__small/img/CpRGL9nRUlwYERQzds6WyXRvJ4Y=/fit-in/200x150/filters:strip_icc()/pic6771265.jpg,,2,4,30,30,30,,1.2351,27567,"2,3,4",3,8+,Some necessary text - easily memorized or small crib sheet,0,0,0,0,3,0,0,0,0,,2020-08-24 22:20:21,1,5,6.5248,6.36994,15092,1.21684,1669,Party Game Rank: 143; Family Game Rank: 581,,,,,,,,,,,,,,,,,,,
233867,59505559,Welcome To...,Welcome To...,2018,https://cf.geekdo-images.com/g4XmxyKhNVdhC3QPd1purQ__original/img/pb6XFQZFUNOr6OPysOHB3usVDFk=/0x0/filters:format(jpeg)/pic3761012.jpg,https://cf.geekdo-images.com/g4XmxyKhNVdhC3QPd1purQ__small/img/e3bCyIvM1IOGFYnKGj2jIn5mbKY=/fit-in/200x150/filters:strip_icc()/pic3761012.jpg,,1,100,25,25,25,,1.8424,54739,"1,2,3,4,5,6,7,8,9,10","3,4",10+,No necessary in-game text,1,0,0,0,3,0,0,0,0,1,2026-05-31 21:40:31,1,8,7.50612,7.34995,34831,1.14436,214,Family Game Rank: 36,Deepwater Games Store,2020-02-14,,25,USD,,,Lakehouse ,,,,,,,,,,,[2-Resident]
305761,72726906,Whale Riders,Whale Riders,2021,https://cf.geekdo-images.com/iDGVc4JaZ3Q8JBR7J4A9Ng__original/img/gkd3WOykVbUkt6fy8Hu22uAc39k=/0x0/filters:format(png)/pic8615764.png,https://cf.geekdo-images.com/iDGVc4JaZ3Q8JBR7J4A9Ng__small/img/On_jQCoP-KeC-GWHvufNwYy7nUA=/fit-in/200x150/filters:strip_icc()/pic8615764.png,,2,6,45,45,45,,1.8837,2618,"2,3,4,5",4,8+,No necessary in-game text,0,0,0,0,3,0,0,0,1,1,2024-07-14 20:20:54,1,7,6.97646,6.09487,1594,1.24881,2685,Family Game Rank: 797,KS,2020-07-14,,13,USD,,,Traded,Like New.  Only played once.  Purchased new via Kickstarter,,,,,,,,,,"All Aboard Level
Whale Riders + Whale Riders Card Game

2/23/23 - BGG Trade to secondofthenew for Plutocracy"
310031,72726922,Whale Riders: The Card Game,Whale Riders: The Card Game,2021,https://cf.geekdo-images.com/FtA6UK27S7PvO2y8PbpRyg__original/img/UhFyN2KrX6ZFlFRvif9LiNgRiYY=/0x0/filters:format(png)/pic8615755.png,https://cf.geekdo-images.com/FtA6UK27S7PvO2y8PbpRyg__small/img/tRzMfR8Fc17Edstw0MxkGjBe1Ow=/fit-in/200x150/filters:strip_icc()/pic8615755.png,,2,5,20,20,20,,1.1667,1216,"2,3,4,5",4,6+,Some necessary text - easily memorized or small crib sheet,1,0,0,0,3,0,0,1,0,1,2026-05-31 21:41:30,3,6,6.40752,5.66084,510,1.36452,7222,Family Game Rank: 1987,KS,2020-07-14,,13,USD,,,,,,,,,,,,,,"[5-Exiting]
Included with Whale Riders KS (All Aboard Level)"
388413,108598182,Whale to Look,Whale to Look,2023,https://cf.geekdo-images.com/xxU1HKdkf1HIotFGyYO2bQ__original/img/cnGPfeD1TqnhWPlcAN0P0gzKzdc=/0x0/filters:format(jpeg)/pic7837610.jpg,https://cf.geekdo-images.com/xxU1HKdkf1HIotFGyYO2bQ__small/img/RjsKXDsc3Tb7iNdnvUARYyY7dJY=/fit-in/200x150/filters:strip_icc()/pic7837610.jpg,,2,5,30,30,30,,1.8333,2745,"2,3,4,5",4,8+,No necessary in-game text,0,0,0,0,3,0,0,0,0,,2025-11-17 20:34:00,0,0,6.53697,5.79507,986,1.25983,4865,Family Game Rank: 1514,,,,,,,,,,,,,,,,,"2023 GenCon
Mike Delisio Review looks good
Oink",,
226610,43562129,What Do You Meme?,What Do You Meme?,2016,https://cf.geekdo-images.com/5Pmk8PrpMHPMg0hG8fJz9w__original/img/8X_WdT1i5IqsdwaOa4J7_u9OAo4=/0x0/filters:format(png)/pic3749720.png,https://cf.geekdo-images.com/5Pmk8PrpMHPMg0hG8fJz9w__small/img/T830JjOnAOSjlcYZVlJRSowyx5I=/fit-in/200x150/filters:strip_icc()/pic3749720.png,,3,20,30,90,90,,1.0533,10086,"4,5,6,7,8,9",6,16+,Extensive use of text - massive conversion needed to be playable,0,0,0,0,3,0,0,0,1,,2024-09-29 19:13:43,1,6,5.06327,5.18346,3816,1.82089,30640,Party Game Rank: 965,,,2024-09-29,15,USD,,,Bub & Rossella,,,,,,,,,,Fun alternative to Cards Against Humanity,PP Estimate
389198,108661541,What the Cup!?,What the Cup!?,2023,https://cf.geekdo-images.com/Nz2W0q8qx9ckjMIutHP7xA__original/img/c_ogxe9hHEcE2OGHKJRFkxWgGKE=/0x0/filters:format(jpeg)/pic7547749.jpg,https://cf.geekdo-images.com/Nz2W0q8qx9ckjMIutHP7xA__small/img/2HdO33M6h1CiIDhYu9tty_TWiOY=/fit-in/200x150/filters:strip_icc()/pic7547749.jpg,,3,6,10,20,20,,1,183,"3,4,5,6",4,8,Some necessary text - easily memorized or small crib sheet,1,0,0,0,3,0,0,0,0,,2026-05-31 21:41:47,1,6,5.53813,5.49591,91,1.7494,26792,,Birthday gift,2023-07-28,2023-07-28,,,,,Lakehouse,,,,,,,,,"GenCon2023
GamboyGeek review 
Liars dice but different.  Looks really fun and simple",,[3-Transient]
335275,85595379,Whirling Witchcraft,Whirling Witchcraft,2021,https://cf.geekdo-images.com/Vghbon6jnyUg6oPQju7DyQ__original/img/mXoGk0Cpiww8k1OpjyCkC3M6FAM=/0x0/filters:format(jpeg)/pic6088814.jpg,https://cf.geekdo-images.com/Vghbon6jnyUg6oPQju7DyQ__small/img/f_RJWJWlwfOWdRGBqcy-32QAZ8c=/fit-in/200x150/filters:strip_icc()/pic6088814.jpg,,2,5,15,30,30,,1.8148,3852,"2,3,4,5",3,8+,Some necessary text - easily memorized or small crib sheet,0,0,0,0,3,0,0,0,1,,2024-07-14 20:19:16,3,6,7.17075,6.25855,2104,1.29683,2013,Family Game Rank: 582,GenCon AEG Big Game Night 2021,,,0.0001,USD,,,Traded,Very Good.  Only played a couple times,,,,,,,,Listed $10 OctoCon,,"Included with AEG Big Game Night

Trade with UnderSaturn_Games For Imhotep plus expansions (2023-09-20)"
428586,132394955,Wild Side,Wild Side,2025,https://cf.geekdo-images.com/riEv0tGgoj7RVHc98kUEqg__original/img/kbHisPAlv9buMNf02PLF-u4f_ms=/0x0/filters:format(jpeg)/pic8846855.jpg,https://cf.geekdo-images.com/riEv0tGgoj7RVHc98kUEqg__small/img/9Qjx4xdXBng1HbD-npZWXt76qNg=/fit-in/200x150/filters:strip_icc()/pic8846855.jpg,,2,8,20,45,45,,0,39,,,,,0,0,0,0,3,0,0,0,0,,2025-11-07 12:10:39,0,0,7.21,0,20,1.94882,0,,,,,,,,,,,,,,,,,,"GenCon 2025
Plays up to 8",,
342032,107200991,Wild Tiled West,Wild Tiled West,2023,https://cf.geekdo-images.com/GGIrwKsyRa_ciMe2WPkvIw__original/img/o021l3oTNONs_nD7xq4XoKjXu9g=/0x0/filters:format(jpeg)/pic7454921.jpg,https://cf.geekdo-images.com/GGIrwKsyRa_ciMe2WPkvIw__small/img/TB-aA9yW5A7diQWSH3aQPm0nYuo=/fit-in/200x150/filters:strip_icc()/pic7454921.jpg,,1,5,45,90,90,,2.7143,2769,"1,2,3,4,5","3,4",12+,Some necessary text - easily memorized or small crib sheet,0,0,0,0,3,0,0,0,0,,2024-01-08 21:52:36,0,0,7.63796,6.32953,1517,1.10275,1775,Strategy Game Rank: 877,,,,,,,,,,,,,,,,,"Paul Dennen.  Components look cool.

However, not sure I would pick this over Planet Unknown. Want to Play but don’t necessarily need to own it.",,
782,62897284,"Win, Place & Show","Win, Place & Show",1977,https://cf.geekdo-images.com/LeiDIqEHznjKK14GZEhN2Q__original/img/90idMeqrHHMa-PK4L0bu2kRGGEk=/0x0/filters:format(jpeg)/pic260494.jpg,https://cf.geekdo-images.com/LeiDIqEHznjKK14GZEhN2Q__small/img/msG-0EADlFrnyKMoZWJem8iQBtA=/fit-in/200x150/filters:strip_icc()/pic260494.jpg,,3,6,120,120,120,,2.0833,1956,"3,4,5,6",6,12+,Moderate in-game text - needs crib sheet or paste ups,0,0,0,0,3,0,0,0,1,,2024-08-18 21:24:12,0,0,6.74664,5.81194,883,1.44902,4673,Strategy Game Rank: 1927; Family Game Rank: 1509,BGG Trade,2020-01-09,2024-08-06,17.79,USD,10,USD,GeekMarket,Good.  Box has some wear. Recevied via BGG trade and have never played it myself.,,,,The Avalon Hill Game Co,English,1977,AH Sports Illustrated Edition,,,"Traded Amun Re:  Card Game for this

PP Estimate basd on Trade Value

Sold for $10 to Octavian1224 on Geekmarket"
282922,63701588,Windward,Windward,2020,https://cf.geekdo-images.com/63M83VSO5nApobnjl9mxfg__original/img/QOxUqh0p_I3yAoTHBLIiyBGxaAA=/0x0/filters:format(jpeg)/pic4821604.jpg,https://cf.geekdo-images.com/63M83VSO5nApobnjl9mxfg__small/img/WWKS1taGxoG4xQA_TfclgBF5S58=/fit-in/200x150/filters:strip_icc()/pic4821604.jpg,,1,5,30,90,90,,2.3818,3645,"2,3,4",3,12+,Some necessary text - easily memorized or small crib sheet,0,0,0,0,3,0,0,0,1,1,2024-07-14 20:21:59,1,6,6.901,5.90629,1220,1.64661,3829,Thematic Rank: 838; Strategy Game Rank: 1751,KS,,,54,USD,35,USD,Sold,"2020 KS Edition,  Only played once",,,,,,,,"Listed $20 OctoCon, reduced to $15","Initial rating of 6 based on single play with 2 players.  I think this will play better on the bigger map with more players.  So, rating may increase.  It was OK at 2 players...  not bad, not great... OK","Sold to knykk75@gmail.com for $15 via Geekmarket

PM DONE 8 Jan 2020
Windward
Hide details
One copy of Windward (KS Edition) plus all unlocked stretch goals.

Shipping will be charged after the campaign through the pledge manager. See shipping estimates on the campaign page [Section 07].

INCLUDES:
Windward (KS Edition)
All unlocked stretch goals"
411033,132394767,Wine Cellar,Wine Cellar,2025,https://cf.geekdo-images.com/HityIrb4MkR5GgwQjVTuvQ__original/img/cjTNmJsnSSGqlYo3uGdhVFv2DMI=/0x0/filters:format(png)/pic7960466.png,https://cf.geekdo-images.com/HityIrb4MkR5GgwQjVTuvQ__small/img/_YSRvl_D3stW6J08Smor3mJxs6s=/fit-in/200x150/filters:strip_icc()/pic7960466.png,,1,8,20,20,20,,1.6562,2393,"1,3,4,5,6,7,8","4,5",8+,No necessary in-game text,0,0,0,0,3,0,0,0,1,,2026-04-26 20:27:30,1,6,7.05881,6.00661,1172,1.22304,3139,,Geekmarket - Brian Kirchhoff,2025-10-25,2026-05-15,10,USD,5,USD,Sold - Indy Spiel,,,,,,,,,"Check out at GenCon 2025
8 Players",,"Shipping delayed due to travel

Sold Indy Spiel $5 Brad Rider"
266192,56321722,Wingspan,Wingspan,2019,https://cf.geekdo-images.com/yLZJCVLlIx4c7eJEWUNJ7w__original/img/cI782Zis9cT66j2MjSHKJGnFPNw=/0x0/filters:format(jpeg)/pic4458123.jpg,https://cf.geekdo-images.com/yLZJCVLlIx4c7eJEWUNJ7w__small/img/VNToqgS2-pOGU6MuvIkMPKn_y-s=/fit-in/200x150/filters:strip_icc()/pic4458123.jpg,,1,5,40,70,70,,2.481,181011,"1,2,3,4",3,10+,Extensive use of text - massive conversion needed to be playable,1,0,0,0,1,0,0,0,0,,2026-05-31 21:41:52,10,9,7.99835,7.84535,113102,1.37506,38,Strategy Game Rank: 48; Family Game Rank: 4,Amazon,2019-04-15,,55,USD,,,,,,,,,,,,,,"[2-Resident]
"
300580,75714528,Wingspan: Oceania Expansion,Wingspan: Oceania Expansion,2020,https://cf.geekdo-images.com/Nl_5PvrmI6aS-1qqiJ6JAw__original/img/Y4F8LD6FKN82ERsoe92o25oAF2E=/0x0/filters:format(png)/pic5685481.png,https://cf.geekdo-images.com/Nl_5PvrmI6aS-1qqiJ6JAw__small/img/ohztPasKZz5F71HTb7YrPasy_xM=/fit-in/200x150/filters:strip_icc()/pic5685481.png,,1,5,40,70,70,,2.6684,50838,"1,2,3,4,5",3,10+,Extensive use of text - massive conversion needed to be playable,1,0,0,0,3,0,0,0,0,,2023-01-08 14:06:28,0,0,8.4482,7.92054,13082,1.18488,0,,Stonemaier Games,2020-10-28,,20,USD,,,,,,,,,,,,,,
1382,84340277,Winner's Circle,Winner's Circle,2001,https://cf.geekdo-images.com/oS9H9GsVkOuS0B40bT5V8g__original/img/tKMXXehPoVnH0QGldWdtUlsoNgk=/0x0/filters:format(jpeg)/pic7745780.jpg,https://cf.geekdo-images.com/oS9H9GsVkOuS0B40bT5V8g__small/img/Fa-16jnJ8nLVVtT19JBefYZ0Tzg=/fit-in/200x150/filters:strip_icc()/pic7745780.jpg,,2,6,45,60,60,,1.6038,6288,"3,4,5,6","5,6",8+,No necessary in-game text,0,0,0,0,3,0,0,0,0,,2023-02-25 22:52:50,0,0,6.98126,6.54756,6015,1.24204,1207,Family Game Rank: 340,,,,,,,,,,,,,,,,,,,
403601,135739751,Winter Court,Winter Court,2024,https://cf.geekdo-images.com/WKNPNoJzUwZ3trjfcTNO2Q__original/img/Tj3k9dbJLK0tIfmJddhOmVOqsSo=/0x0/filters:format(png)/pic7812056.png,https://cf.geekdo-images.com/WKNPNoJzUwZ3trjfcTNO2Q__small/img/c5lpkkFzchLKl1cDnjN8rbT51RE=/fit-in/200x150/filters:strip_icc()/pic7812056.png,,2,2,30,60,60,,1.8333,504,2,2,12+,No necessary in-game text,1,0,0,0,3,0,0,0,0,,2026-05-31 21:42:00,2,7,6.63922,5.59374,204,1.24273,9751,,Geekmarket - Casarmom,2025-11-03,2025-11-07,10,USD,,,,,,,,,,,,"Sean Johnson Review
2 Plyer Only
Tom Lehmann",,"[2-Resident]
"
265917,58747471,Winterborne,Winterborne,2019,https://cf.geekdo-images.com/6GXzoQQiwemwReyEz1sYvA__original/img/2ZbxLMWzR8xpFlxAnpzowgI8Wuw=/0x0/filters:format(png)/pic6490990.png,https://cf.geekdo-images.com/6GXzoQQiwemwReyEz1sYvA__small/img/vqE-iu2zYhu6KUobeJMc8nqVn1g=/fit-in/200x150/filters:strip_icc()/pic6490990.png,,1,4,45,90,90,,3,584,"1,2,3,4",3,,Some necessary text - easily memorized or small crib sheet,0,0,0,0,4,0,0,0,0,,2024-01-08 21:52:49,0,0,6.92327,5.61104,205,1.47015,8900,,,,,,,,,,,,,,,,,,"Kickstarter
TRIAGE",,
445044,137519700,Wispwood,Wispwood,2025,https://cf.geekdo-images.com/OymEgib8Sh3Mhup64pJX-A__original/img/pIvle5n77Ysb9_9Bzjwtguq1QHE=/0x0/filters:format(jpeg)/pic8857307.jpg,https://cf.geekdo-images.com/OymEgib8Sh3Mhup64pJX-A__small/img/wXH1XB5k_jQ8-oZdkcaSbdVzcjo=/fit-in/200x150/filters:strip_icc()/pic8857307.jpg,,1,4,30,45,45,,2,2226,"1,2,3,4",3,10+,Some necessary text - easily memorized or small crib sheet,0,0,1,1,3,0,0,0,0,,2025-10-18 20:43:06,0,0,7.38226,6.08099,1089,1.17983,2756,Abstract Game Rank: 65; Family Game Rank: 810,,,,,,,,,,,,,,,,,"Cardboard hi no overview looks cool
Cascadia like… quick 2-4 player tile layer",,
381083,110584152,WitchDraft,WitchDraft,2023,https://cf.geekdo-images.com/PpCHT1unlbh7VGsD_VCwIQ__original/img/MDlsMWkp1PyIY9GdzOM3YuLJVPU=/0x0/filters:format(jpeg)/pic7571635.jpg,https://cf.geekdo-images.com/PpCHT1unlbh7VGsD_VCwIQ__small/img/sj2AFHcg5SXO9fk-906u9IbWD3Y=/fit-in/200x150/filters:strip_icc()/pic7571635.jpg,,2,5,5,10,10,,1.8,481,"2,3,4,5","2,3,4",8+,No necessary in-game text,0,0,0,0,3,0,0,0,0,,2023-11-12 18:33:32,0,0,6.69224,5.59997,226,1.52047,9417,,,,,,,,,,,,,,,,,,"Artwork. Game looks different
Essen 23


Vasel review made me rethink… does not look good",,
318560,85594940,Witchstone,Witchstone,2021,https://cf.geekdo-images.com/zi0KYvDC394VpxF3b5bpzA__original/img/0590ov78X8pInSRF7YNdVHDecTQ=/0x0/filters:format(jpeg)/pic6034602.jpg,https://cf.geekdo-images.com/zi0KYvDC394VpxF3b5bpzA__small/img/QbsDI5akgmmv0rxve3UdttEYn6M=/fit-in/200x150/filters:strip_icc()/pic6034602.jpg,,2,4,60,90,90,,2.7692,7606,"2,3,4",3,12+,No necessary in-game text,0,0,0,0,3,0,0,0,1,,2024-09-28 19:46:06,3,8,7.49031,6.74247,4067,1.11176,841,Strategy Game Rank: 487,Cardhaus,2022-02-11,2024-09-27,38.99,USD,10,USD,Sold - Indy Spiel,Very Good to Like New condition.  Only played 3 times,,,,,,,,Reiner Knizia that plays like a Feld,,"Sold for $10 Indy Spiele 2024 to Andrew Garrison

Listed BGG Marketplace 2024-08-20 $25"
166988,73159948,Wizards of the Wild,Wizards of the Wild,2015,https://cf.geekdo-images.com/UCWymzp5i5eACeRxedYS8A__original/img/qvkjwEDz3DGiE1HtjmNUJHW1y6w=/0x0/filters:format(png)/pic3098828.png,https://cf.geekdo-images.com/UCWymzp5i5eACeRxedYS8A__small/img/_ErurkFkgICHzJqsu12GS9kkwn4=/fit-in/200x150/filters:strip_icc()/pic3098828.png,,1,4,30,30,30,,2,578,"1,2,3,4",3,10+,Some necessary text - easily memorized or small crib sheet,1,0,0,0,3,0,0,0,0,,2026-05-31 16:30:09,2,8,6.64887,5.63952,324,1.27184,7824,,Adam West,,,0.0001,USD,,,Lakehouse ,,,,,,,,,,,"[1-Permanent]
GenCon 2020 Gift from Adam!"
227935,68797124,Wonderland's War,Wonderland's War,2022,https://cf.geekdo-images.com/bUbrvlY6Dw1cdb-sNrnkew__original/img/KcU-Srht_4xyLQ69ZjFcFKEOfMc=/0x0/filters:format(jpeg)/pic5188761.jpg,https://cf.geekdo-images.com/bUbrvlY6Dw1cdb-sNrnkew__small/img/Uy_FkD9PPC4Z_0a00fQHPrZPyno=/fit-in/200x150/filters:strip_icc()/pic5188761.jpg,,2,5,45,125,125,,3.035,17009,"3,4,5",4,12+,Moderate in-game text - needs crib sheet or paste ups,0,0,0,0,3,0,0,0,0,,2023-04-04 13:13:53,0,0,8.03649,7.50276,10599,1.41837,132,Strategy Game Rank: 93,,,,,,,,,,,,,,,,,Game play looks interesting but the theme is not really grabbing me.  Try to play it to see if I like it.,,
179217,145060132,Wonky,Wonky,2015,https://cf.geekdo-images.com/69XxHTUVrlf35jBq-_3h0g__original/img/QENa2du5tMjHBYyHs-2DqaUCVkE=/0x0/filters:format(jpeg)/pic8172774.jpg,https://cf.geekdo-images.com/69XxHTUVrlf35jBq-_3h0g__small/img/KDWQJmbLDIJ6v1UjnOvBhXfKwPY=/fit-in/200x150/filters:strip_icc()/pic8172774.jpg,,2,99,15,30,30,,1,730,"3,4,5,6","3,4",6+,No necessary in-game text,1,0,0,0,3,1,0,0,0,,2026-05-31 20:07:00,0,0,6.49303,5.59478,408,1.56866,9699,,Indy Spiel,2026-04-30,2026-05-15,5,USD,,,Lakehouse,,,,,,,,,,,"[4-Evaluate]
Indy Spiel May 2026 from Tim Aberli $5"
25729,73971359,World at War: Eisenbach Gap,World at War: Eisenbach Gap,2007,https://cf.geekdo-images.com/jkOTmDwdgKcsnM1hMDGbgQ__original/img/ghGTG7wptRl_Z57e1CuzRCFxSVU=/0x0/filters:format(jpeg)/pic272032.jpg,https://cf.geekdo-images.com/jkOTmDwdgKcsnM1hMDGbgQ__small/img/WBPUlvAkD7yBP1M_5WnIz81OCgE=/fit-in/200x150/filters:strip_icc()/pic272032.jpg,,2,2,90,90,90,,2.5847,1242,"1,2",2,12+,Moderate in-game text - needs crib sheet or paste ups,0,0,0,0,3,0,0,0,0,,2023-04-04 13:13:59,0,0,7.43613,5.88235,659,1.42704,4022,War Game Rank: 285,,,,,,,,,,,,,,,,,,,
270635,61033132,World Shapers,World Shapers,2019,https://cf.geekdo-images.com/2XjiVi-JwS_qIbluNje6uA__original/img/gWYdbDU8Ko7oaif8RuqthuripTA=/0x0/filters:format(jpeg)/pic4583624.jpg,https://cf.geekdo-images.com/2XjiVi-JwS_qIbluNje6uA__small/img/c1uswqu0ezgU0EGAKlx2YJUzZaA=/fit-in/200x150/filters:strip_icc()/pic4583624.jpg,,1,4,30,30,30,,1.75,491,"2,3,4",2,10+,Moderate in-game text - needs crib sheet or paste ups,1,0,0,0,2,0,0,0,0,,2026-05-31 21:42:09,2,6,5.71095,5.51165,178,1.34008,22152,,GenCon,2019-08-01,,22,USD,,,,,,,,,,,,"Origins 2019 FOR SALE
Card drafting / tableau building - great artwork",,[2-Resident]
365258,135244631,World Wonders,World Wonders,2023,https://cf.geekdo-images.com/GGi5aUL1dVQIrytxgXow4g__original/img/ZpVBZXZhs1plAi5s4M7Db3YwBLc=/0x0/filters:format(png)/pic7604558.png,https://cf.geekdo-images.com/GGi5aUL1dVQIrytxgXow4g__small/img/90wLgUROk-IetKyXz2Fa7zNBCVs=/fit-in/200x150/filters:strip_icc()/pic7604558.png,,1,5,50,70,70,,2.2606,11864,"1,2,3,4",3,10+,No necessary in-game text,0,0,0,0,3,0,0,0,0,,2025-08-10 21:01:30,1,7,7.60493,7.02391,6935,1.16935,478,Strategy Game Rank: 304; Family Game Rank: 88,,,,,,,,,,,,,,,,,,,
421208,120207207,Wrath of Fire Mountain,Wrath of Fire Mountain,2024,https://cf.geekdo-images.com/LffPmFlIy5fBiq_k1kK3Cw__original/img/keXefnl9dGAIRctQvWygUHVsVt8=/0x0/filters:format(png)/pic8237082.png,https://cf.geekdo-images.com/LffPmFlIy5fBiq_k1kK3Cw__small/img/tY3QEiNJZ8PN55qT6-z0a-Rq8-8=/fit-in/200x150/filters:strip_icc()/pic8237082.png,,2,4,30,45,45,,1.7333,1349,"2,3,4",3,6+,Some necessary text - easily memorized or small crib sheet,0,0,0,0,3,0,0,0,0,,2024-07-05 11:58:58,0,0,7.06289,5.78214,524,1.26282,5013,,,,,,,,,,,,,,,,,,GenCon 2024. Phil Walker Harding and Eric Lang.  Oros-like?  Will check it out,,
443829,133803037,Wriggle Roulette,Wriggle Roulette,2025,https://cf.geekdo-images.com/skXRM_7Bmo1EUyhASUejhw__original/img/GAWo7V2w_a4ENdga_2uKf4yMv94=/0x0/filters:format(png)/pic8821050.png,https://cf.geekdo-images.com/skXRM_7Bmo1EUyhASUejhw__small/img/NEGk94CExEduy9xslMnlZAXH2tA=/fit-in/200x150/filters:strip_icc()/pic8821050.png,,2,8,20,20,20,,1,734,"3,4,5,6,7","4,5",6+,No necessary in-game text,1,0,0,0,3,0,0,0,0,,2026-05-31 21:42:16,4,8,6.36348,5.60439,324,1.2373,9212,,GenCon,2025-07-31,2025-07-31,23,,,,,,,,,,,,,"GenCon 2025
Looks like a simple fun party game plays up to 8",,[2-Resident]
276997,61370030,X-ODUS: Rise of the Corruption,X-ODUS: Rise of the Corruption,2020,https://cf.geekdo-images.com/Lq3uyXLAkCD56UMxuAtqgg__original/img/IOv5eZYkwewEBIazUujigSXCiYk=/0x0/filters:format(jpeg)/pic4718566.jpg,https://cf.geekdo-images.com/Lq3uyXLAkCD56UMxuAtqgg__small/img/JhH7DWvgnR9WPJAX_hFEMjgf5m8=/fit-in/200x150/filters:strip_icc()/pic4718566.jpg,,1,4,90,150,150,,3.3269,1418,"1,2,3,4",4,12+,Extensive use of text - massive conversion needed to be playable,0,0,0,0,4,0,0,0,0,,2023-04-04 13:14:25,0,0,7.67955,5.88429,653,1.48227,4006,Strategy Game Rank: 1729,,,,,,,,,,,,,,,,,"Kickstarter
Great artwork, looks like a BIG beast of a game!",,
82222,72628397,Xia: Legends of a Drift System,Xia: Legends of a Drift System,2014,https://cf.geekdo-images.com/6uEBiPxMH8gfGJ6f3HLNGg__original/img/p-g0LziOt6tE90cVJUvLZF0exfI=/0x0/filters:format(png)/pic1807124.png,https://cf.geekdo-images.com/6uEBiPxMH8gfGJ6f3HLNGg__small/img/F_7LgdP3BKQVdrYHfIAoMu12G8c=/fit-in/200x150/filters:strip_icc()/pic1807124.png,,3,5,60,180,180,,3.2015,17058,"2,3,4",3,10+,Moderate in-game text - needs crib sheet or paste ups,0,0,0,0,3,0,0,0,0,,2025-11-02 10:02:35,0,0,7.85599,7.36815,11146,1.55947,196,Thematic Rank: 39; Strategy Game Rank: 140,,,,,,,,,,,,,,,,,,,
414302,121968553,Xylotar,Xylotar,2024,https://cf.geekdo-images.com/DKogHX6KFxKCQSzZkRvxRw__original/img/_xmJoRHj3q8vkWrrs7wLmcwFGlQ=/0x0/filters:format(png)/pic8044453.png,https://cf.geekdo-images.com/DKogHX6KFxKCQSzZkRvxRw__small/img/VOGuWjiFaqBEh4z_oqTvc_lhHbw=/fit-in/200x150/filters:strip_icc()/pic8044453.png,,2,5,30,30,30,,1.875,1445,"2,3,4,5",4,10+,No necessary in-game text,1,0,0,0,3,0,0,0,0,1,2026-05-31 20:07:40,0,0,6.89576,5.82758,701,1.27935,4514,,Cardhaus,2024-08-07,2024-08-30,11,USD,,,,,,,,,,,,,,"[2-Resident]
X game for the Alphabet collection"
247191,77422901,Ya Blew It!,Ya Blew It!,2018,https://cf.geekdo-images.com/s3YZNAIxYJd37YBnXnzDFA__original/img/E2kZeGJu6z5ifs1nMg2Rqc5RMYU=/0x0/filters:format(png)/pic4192150.png,https://cf.geekdo-images.com/s3YZNAIxYJd37YBnXnzDFA__small/img/Kzf9O2_SSUMKvmbKrKfAcRfidkM=/fit-in/200x150/filters:strip_icc()/pic4192150.png,,3,6,20,20,20,,1.5556,954,"3,4,5,6","4,5",8+,No necessary in-game text,0,0,0,0,3,0,0,0,0,,2020-12-22 00:59:08,1,4,6.24568,5.58451,340,1.45008,10310,,,,,,,,,,,,,,,,,,,,
2243,135244600,Yahtzee,Yahtzee,1956,https://cf.geekdo-images.com/dp-pJkUemCjhrwi9QItrPA__original/img/eeYPdva8ti4Hi2PYxkTLRPrtfKk=/0x0/filters:format(jpeg)/pic378237.jpg,https://cf.geekdo-images.com/dp-pJkUemCjhrwi9QItrPA__small/img/jzdzVAjd75yiZkIoJ4JsindSmCs=/fit-in/200x150/filters:strip_icc()/pic378237.jpg,,2,10,30,30,30,,1.1731,35375,"2,3,4,5,6","3,4",6+,No necessary in-game text,0,0,0,0,3,0,0,0,0,,2025-08-10 21:00:27,2,5,5.55855,5.49715,17679,1.56816,26520,Family Game Rank: 3403,,,,,,,,,,,,,,,,,,,
244114,53036938,Yellow & Yangtze,Yellow & Yangtze,2018,https://cf.geekdo-images.com/BxHQLD5nnVltDWXt4OKsgQ__original/img/py1wiNlyhiBknLyhNDd5zsu2zFg=/0x0/filters:format(jpeg)/pic3938502.jpg,https://cf.geekdo-images.com/BxHQLD5nnVltDWXt4OKsgQ__small/img/Xf9hEf74SZfcOi0ZbNhdUW6BTt0=/fit-in/200x150/filters:strip_icc()/pic3938502.jpg,,2,4,90,90,90,,3.0661,4359,"2,3,4",4,12+,No necessary in-game text,0,0,0,0,4,0,0,0,0,,2024-01-08 21:53:10,0,0,7.79407,6.80479,3166,1.30414,750,Strategy Game Rank: 397,,,,,,,,,,,,,,,,,2018 Gen Con,,
7854,44636191,YINSH,YINSH,2003,https://cf.geekdo-images.com/a9Dco_g83IUWxrpxsw8ibw__original/img/Ho4DXQbjk8ze91242SC_L14toxs=/0x0/filters:format(png)/pic2844830.png,https://cf.geekdo-images.com/a9Dco_g83IUWxrpxsw8ibw__small/img/2JsnDtb5luvivTuwyHdEkGkxyNs=/fit-in/200x150/filters:strip_icc()/pic2844830.png,,2,2,30,60,60,,2.6232,13138,2,2,8+,No necessary in-game text,1,0,0,0,2,0,0,0,0,,2026-05-31 16:23:43,9,9,7.70012,7.26218,10035,1.30785,260,Abstract Game Rank: 3,,,,32,USD,,,,,,,,,,,,,,"[1-Permanent]
PP Estimate"
360056,106171647,Zero to 100,Zero to 100,2022,https://cf.geekdo-images.com/V-lEo5n_gnloJhOiJ1J7uw__original/img/KOikfw7rcxKixZMnSrphnDa6q4I=/0x0/filters:format(png)/pic7089763.png,https://cf.geekdo-images.com/V-lEo5n_gnloJhOiJ1J7uw__small/img/V-ESvse92D8cq1FZDCXC4r7zMC8=/fit-in/200x150/filters:strip_icc()/pic7089763.png,,2,12,15,20,20,,1.25,600,"3,4,6,8,9",6,10+,Extensive use of text - massive conversion needed to be playable,0,0,0,0,3,0,0,0,1,,2025-08-10 21:03:40,2,5,6.39597,5.59368,279,1.18206,9756,,Hachette,2023-07-23,2025-07-08,14.99,USD,,,GenCon Store / Auction 2025,,,,,,,,,,,$7 Geekmarket 2025-07-08
186435,32333295,Zimby Mojo,Zimby Mojo,2016,https://cf.geekdo-images.com/G2b_AxaG8JTmpdykGAGSSA__original/img/gHFYjxX9FC297REQ3cs7FBcAbu8=/0x0/filters:format(png)/pic2861933.png,https://cf.geekdo-images.com/G2b_AxaG8JTmpdykGAGSSA__small/img/ZVpR2PSxbPPf-A4R-bMcCM_aUsw=/fit-in/200x150/filters:strip_icc()/pic2861933.png,,1,8,20,150,150,,2.8889,554,"1,2,3,4,5",4,12+,Extensive use of text - massive conversion needed to be playable,1,0,0,0,3,0,0,0,0,,2026-05-31 21:42:56,0,0,6.47765,5.54052,183,2.17753,14621,,Gen Con,,,40,USD,,,,,,,,,,,,,,"[2-Resident]
PP Estimate"
368061,123698914,Zoo Vadis,Zoo Vadis,2023,https://cf.geekdo-images.com/Kl3NjtNKpuJNPjdBQtdsow__original/img/3ABkMQwQ-85hqaBO7gHP5ekBAQ0=/0x0/filters:format(jpeg)/pic6988937.jpg,https://cf.geekdo-images.com/Kl3NjtNKpuJNPjdBQtdsow__small/img/Or2YcwIFnCP84aWJ_63HMwRJDis=/fit-in/200x150/filters:strip_icc()/pic6988937.jpg,,3,7,20,40,40,,2.0952,7979,"4,5,6,7",5,10+,Some necessary text - easily memorized or small crib sheet,0,0,0,0,3,0,0,0,0,,2024-09-28 19:50:10,1,6,7.45303,6.78818,4754,1.47831,770,Strategy Game Rank: 472,,,,,,,,,,,,,,,,,,,
421283,120848676,Zoomies,Zoomies,2024,https://cf.geekdo-images.com/yR2ChnGXt0UGMUVKwoovNQ__original/img/DtB-N8iTfXk56fbcDF_3EzKY3qk=/0x0/filters:format(jpeg)/pic8259402.jpg,https://cf.geekdo-images.com/yR2ChnGXt0UGMUVKwoovNQ__small/img/gv7FPV19xWF9C757lIa0U2clJKo=/fit-in/200x150/filters:strip_icc()/pic8259402.jpg,,2,4,30,30,30,,1.6667,215,"2,3,4",3,10+,No necessary in-game text,1,0,0,0,3,0,0,0,0,1,2026-05-31 21:43:39,1,6,6.61275,5.54351,102,1.25211,14179,,GenCon 2024,2024-08-01,2024-08-01,25,USD,,,Angie Game,,,,,,,,,Angie game,,[2-Resident]
528,44636171,ZÈRTZ,ZÈRTZ,1999,https://cf.geekdo-images.com/3aBBkCyv1H8nt84n7eGoAw__original/img/yB4pzxo1JfqEycYD6FBt3ym4eFQ=/0x0/filters:format(jpeg)/pic3140639.jpg,https://cf.geekdo-images.com/3aBBkCyv1H8nt84n7eGoAw__small/img/3S1CTtxI6p-WGai7xvCAS-cdJOM=/fit-in/200x150/filters:strip_icc()/pic3140639.jpg,,2,2,30,60,60,,2.7347,6862,2,2,8+,No necessary in-game text,1,0,0,0,2,0,0,0,0,,2026-05-31 16:23:37,3,9,7.26308,6.63234,4548,1.37403,1042,Abstract Game Rank: 25,,,,25,USD,,,,,,,,,,,,,,"[1-Permanent]
PP Estimate"
317515,120702616,Águeda: City of Umbrellas,Águeda: City of Umbrellas,2024,https://cf.geekdo-images.com/pZ7NIPZmEDu5_kXoVPJ0qA__original/img/mxFaipYueqQP65Ji93oDnogsAtQ=/0x0/filters:format(png)/pic7116351.png,https://cf.geekdo-images.com/pZ7NIPZmEDu5_kXoVPJ0qA__small/img/nvKTgL7SNIGnpdfdeYlfOuiWuRQ=/fit-in/200x150/filters:strip_icc()/pic7116351.png,,1,5,20,40,40,,1.6875,1382,"2,3,4,5","2,3,4",,Some necessary text - easily memorized or small crib sheet,0,0,0,0,3,0,0,0,0,,2024-07-08 16:03:03,0,0,6.87276,5.73558,498,1.31842,5660,,,,,,,,,,,,,,,,,,,,
